{
  "type": "FeatureCollection",
  "features": [
    {
      "type": "Feature",
      "geometry": {
        "type": "Polygon",
        "coordinates": [
          [
            [
              19.471549987792972,
              40.48722721419891
            ],
            [
              19.43618774414063,
              40.544363453841996
            ],
            [
              19.46537017822266,
              40.59702128631869
            ],
            [
              19.46365356445313,
              40.60744869099678
            ],
            [
              19.43962097167969,
              40.62854902759348
            ],
            [
              19.444084167480472,
              40.66057753463606
            ],
            [
              19.464683532714847,
              40.664482398619604
            ],
            [
              19.44717407226563,
              40.7009167713128
            ],
            [
              19.42691802978516,
              40.7329105334684
            ],
            [
              19.46365356445313,
              40.74565173302843
            ],
            [
              19.488029479980472,
              40.74669172320934
            ],
            [
              19.482192993164066,
              40.733950722869
            ],
            [
              19.45060729980469,
              40.725628752326266
            ],
            [
              19.484252929687504,
              40.69259067058576
            ],
            [
              19.481163024902347,
              40.65042381844067
            ],
            [
              19.455757141113285,
              40.64157059993873
            ],
            [
              19.489402770996097,
              40.60536434552931
            ],
            [
              19.47635650634766,
              40.56131735734309
            ],
            [
              19.471549987792972,
              40.50680493565108
            ],
            [
              19.478073120117188,
              40.49297416274314
            ],
            [
              19.471549987792972,
              40.48722721419891
            ]
          ]
        ]
      },
      "properties": {
        "id": "0xYV",
        "status": "validé",
        "pieces": [
          {
            "kind": "polygon",
            "ring": [
              [
                19.471549987792972,
                40.48722721419891
              ],
              [
                19.43618774414063,
                40.544363453841996
              ],
              [
                19.46537017822266,
                40.59702128631869
              ],
              [
                19.46365356445313,
                40.60744869099678
              ],
              [
                19.43962097167969,
                40.62854902759348
              ],
              [
                19.444084167480472,
                40.66057753463606
              ],
              [
                19.464683532714847,
                40.664482398619604
              ],
              [
                19.44717407226563,
                40.7009167713128
              ],
              [
                19.42691802978516,
                40.7329105334684
              ],
              [
                19.46365356445313,
                40.74565173302843
              ],
              [
                19.488029479980472,
                40.74669172320934
              ],
              [
                19.482192993164066,
                40.733950722869
              ],
              [
                19.45060729980469,
                40.725628752326266
              ],
              [
                19.484252929687504,
                40.69259067058576
              ],
              [
                19.481163024902347,
                40.65042381844067
              ],
              [
                19.455757141113285,
                40.64157059993873
              ],
              [
                19.489402770996097,
                40.60536434552931
              ],
              [
                19.47635650634766,
                40.56131735734309
              ],
              [
                19.471549987792972,
                40.50680493565108
              ],
              [
                19.478073120117188,
                40.49297416274314
              ]
            ]
          }
        ]
      }
    },
    {
      "type": "Feature",
      "geometry": {
        "type": "Polygon",
        "coordinates": [
          [
            [
              20.567147,
              41.873182
            ],
            [
              20.541722,
              41.86158
            ],
            [
              20.540786,
              41.844865
            ],
            [
              20.540482,
              41.839437
            ],
            [
              20.54844,
              41.814193
            ],
            [
              20.550136,
              41.80006
            ],
            [
              20.550921,
              41.793522
            ],
            [
              20.54441,
              41.784763
            ],
            [
              20.521155,
              41.767658
            ],
            [
              20.511337,
              41.757943
            ],
            [
              20.503275,
              41.744637
            ],
            [
              20.500381,
              41.734095
            ],
            [
              20.508339,
              41.661748
            ],
            [
              20.513404,
              41.640405
            ],
            [
              20.534591,
              41.594026
            ],
            [
              20.53467,
              41.587324
            ],
            [
              20.534694,
              41.585266
            ],
            [
              20.52932,
              41.574879
            ],
            [
              20.520845,
              41.568368
            ],
            [
              20.507409,
              41.56227
            ],
            [
              20.49294,
              41.557671
            ],
            [
              20.444157,
              41.549661
            ],
            [
              20.447878,
              41.53545
            ],
            [
              20.444984,
              41.508475
            ],
            [
              20.452012,
              41.493592
            ],
            [
              20.463174,
              41.489768
            ],
            [
              20.470822,
              41.483774
            ],
            [
              20.481597,
              41.468269
            ],
            [
              20.483535,
              41.46548
            ],
            [
              20.486842,
              41.457781
            ],
            [
              20.488909,
              41.441451
            ],
            [
              20.490873,
              41.436025
            ],
            [
              20.498004,
              41.431477
            ],
            [
              20.514644,
              41.429462
            ],
            [
              20.522189,
              41.42569
            ],
            [
              20.534074,
              41.412977
            ],
            [
              20.539049,
              41.402944
            ],
            [
              20.540172,
              41.400678
            ],
            [
              20.539965,
              41.387139
            ],
            [
              20.532937,
              41.370447
            ],
            [
              20.523429,
              41.356805
            ],
            [
              20.510407,
              41.344403
            ],
            [
              20.49604,
              41.337788
            ],
            [
              20.481674,
              41.341199
            ],
            [
              20.478108,
              41.321585
            ],
            [
              20.477747,
              41.319598
            ],
            [
              20.483121,
              41.289471
            ],
            [
              20.500071,
              41.23552
            ],
            [
              20.51268,
              41.210147
            ],
            [
              20.549681,
              41.170615
            ],
            [
              20.565494,
              41.147412
            ],
            [
              20.570558,
              41.124829
            ],
            [
              20.569938,
              41.107104
            ],
            [
              20.576966,
              41.093513
            ],
            [
              20.597419,
              41.086273
            ],
            [
              20.605284,
              41.083488
            ],
            [
              20.618927,
              41.082403
            ],
            [
              20.631536,
              41.082868
            ],
            [
              20.634129,
              41.082576
            ],
            [
              20.643008,
              41.081576
            ],
            [
              20.65386,
              41.075272
            ],
            [
              20.664092,
              41.059149
            ],
            [
              20.683419,
              40.99383
            ],
            [
              20.702746,
              40.936314
            ],
            [
              20.717216,
              40.913214
            ],
            [
              20.730573,
              40.904611
            ],
            [
              20.740883,
              40.89797
            ],
            [
              20.766102,
              40.893732
            ],
            [
              20.783672,
              40.899055
            ],
            [
              20.816951,
              40.920242
            ],
            [
              20.836544,
              40.923904
            ],
            [
              20.837415,
              40.924066
            ],
            [
              20.890228,
              40.918279
            ],
            [
              20.939941,
              40.907065
            ],
            [
              20.956684,
              40.894766
            ],
            [
              20.964849,
              40.875956
            ],
            [
              20.965262,
              40.849394
            ],
            [
              20.967019,
              40.802007
            ],
            [
              20.960922,
              40.780768
            ],
            [
              20.943662,
              40.765265
            ],
            [
              20.95348,
              40.759167
            ],
            [
              20.957201,
              40.751622
            ],
            [
              20.959165,
              40.743561
            ],
            [
              20.963505,
              40.736068
            ],
            [
              20.992031,
              40.7155
            ],
            [
              21.018593,
              40.690902
            ],
            [
              21.028825,
              40.676846
            ],
            [
              21.035336,
              40.65938
            ],
            [
              21.036679,
              40.639743
            ],
            [
              21.033165,
              40.621398
            ],
            [
              21.02252,
              40.586619
            ],
            [
              21.020763,
              40.575096
            ],
            [
              21.02035,
              40.566776
            ],
            [
              21.018799,
              40.558972
            ],
            [
              21.013528,
              40.548896
            ],
            [
              21.006707,
              40.543211
            ],
            [
              20.997509,
              40.53918
            ],
            [
              20.98831,
              40.533496
            ],
            [
              20.981489,
              40.523264
            ],
            [
              20.96857,
              40.520577
            ],
            [
              20.957924,
              40.514944
            ],
            [
              20.95193,
              40.506056
            ],
            [
              20.952653,
              40.493653
            ],
            [
              20.94976,
              40.487866
            ],
            [
              20.946452,
              40.482905
            ],
            [
              20.93684,
              40.472518
            ],
            [
              20.911932,
              40.459547
            ],
            [
              20.889608,
              40.463733
            ],
            [
              20.866767,
              40.472053
            ],
            [
              20.839999,
              40.471639
            ],
            [
              20.826666,
              40.464818
            ],
            [
              20.821292,
              40.456395
            ],
            [
              20.817365,
              40.446835
            ],
            [
              20.8092,
              40.436603
            ],
            [
              20.800311,
              40.432779
            ],
            [
              20.779537,
              40.429006
            ],
            [
              20.770649,
              40.421978
            ],
            [
              20.768995,
              40.412573
            ],
            [
              20.773336,
              40.38534
            ],
            [
              20.773853,
              40.374901
            ],
            [
              20.770442,
              40.36255
            ],
            [
              20.765998,
              40.354282
            ],
            [
              20.755043,
              40.338624
            ],
            [
              20.739552,
              40.309166
            ],
            [
              20.736646,
              40.303639
            ],
            [
              20.728791,
              40.298265
            ],
            [
              20.717836,
              40.293924
            ],
            [
              20.706984,
              40.288085
            ],
            [
              20.699129,
              40.278369
            ],
            [
              20.694581,
              40.25558
            ],
            [
              20.696648,
              40.235581
            ],
            [
              20.696442,
              40.215066
            ],
            [
              20.68528,
              40.191191
            ],
            [
              20.679802,
              40.187832
            ],
            [
              20.665022,
              40.18437
            ],
            [
              20.660372,
              40.178892
            ],
            [
              20.659855,
              40.172743
            ],
            [
              20.663162,
              40.161684
            ],
            [
              20.663472,
              40.15662
            ],
            [
              20.668226,
              40.138068
            ],
            [
              20.666779,
              40.13352
            ],
            [
              20.651793,
              40.101016
            ],
            [
              20.647556,
              40.09404
            ],
            [
              20.640218,
              40.090112
            ],
            [
              20.615361,
              40.081017
            ],
            [
              20.577793,
              40.067271
            ],
            [
              20.552885,
              40.065411
            ],
            [
              20.499865,
              40.071457
            ],
            [
              20.481674,
              40.067788
            ],
            [
              20.465965,
              40.060812
            ],
            [
              20.432789,
              40.063809
            ],
            [
              20.413772,
              40.057194
            ],
            [
              20.400439,
              40.045257
            ],
            [
              20.38907,
              40.029444
            ],
            [
              20.380699,
              40.011667
            ],
            [
              20.376461,
              39.993736
            ],
            [
              20.359925,
              39.991048
            ],
            [
              20.310005,
              39.98986
            ],
            [
              20.297913,
              39.986914
            ],
            [
              20.302977,
              39.979111
            ],
            [
              20.317964,
              39.918391
            ],
            [
              20.323131,
              39.912397
            ],
            [
              20.346902,
              39.894259
            ],
            [
              20.392998,
              39.835451
            ],
            [
              20.397028,
              39.818087
            ],
            [
              20.388967,
              39.79814
            ],
            [
              20.371604,
              39.784291
            ],
            [
              20.35455,
              39.78579
            ],
            [
              20.336877,
              39.794006
            ],
            [
              20.299577,
              39.805056
            ],
            [
              20.298326,
              39.805427
            ],
            [
              20.288405,
              39.806615
            ],
            [
              20.280033,
              39.80398
            ],
            [
              20.273005,
              39.796487
            ],
            [
              20.275485,
              39.792404
            ],
            [
              20.281377,
              39.788167
            ],
            [
              20.284684,
              39.780312
            ],
            [
              20.283134,
              39.775144
            ],
            [
              20.276829,
              39.763155
            ],
            [
              20.275692,
              39.760055
            ],
            [
              20.278173,
              39.756748
            ],
            [
              20.285511,
              39.749668
            ],
            [
              20.287268,
              39.746671
            ],
            [
              20.291092,
              39.737937
            ],
            [
              20.296466,
              39.733493
            ],
            [
              20.299463,
              39.728222
            ],
            [
              20.296466,
              39.71737
            ],
            [
              20.28272,
              39.704399
            ],
            [
              20.264117,
              39.696079
            ],
            [
              20.249027,
              39.684814
            ],
            [
              20.24603,
              39.662903
            ],
            [
              20.237245,
              39.667037
            ],
            [
              20.228563,
              39.669156
            ],
            [
              20.220088,
              39.669156
            ],
            [
              20.212027,
              39.667037
            ],
            [
              20.204172,
              39.660319
            ],
            [
              20.203035,
              39.65262
            ],
            [
              20.203449,
              39.645333
            ],
            [
              20.199935,
              39.640062
            ],
            [
              20.184122,
              39.637013
            ],
            [
              20.163761,
              39.6443
            ],
            [
              20.135236,
              39.664195
            ],
            [
              20.089347,
              39.682799
            ],
            [
              20.049556,
              39.69272
            ],
            [
              20.01607,
              39.701402
            ],
            [
              19.999848,
              39.693508
            ],
            [
              19.996837,
              39.692572
            ],
            [
              19.99586,
              39.686713
            ],
            [
              19.989024,
              39.686713
            ],
            [
              19.983572,
              39.701361
            ],
            [
              19.98699,
              39.717963
            ],
            [
              20.002696,
              39.748236
            ],
            [
              19.985606,
              39.75373
            ],
            [
              19.980642,
              39.75731
            ],
            [
              19.99586,
              39.782945
            ],
            [
              20.014171,
              39.832953
            ],
            [
              20.016287,
              39.845038
            ],
            [
              20.009776,
              39.865668
            ],
            [
              19.999278,
              39.871405
            ],
            [
              19.983735,
              39.872382
            ],
            [
              19.961681,
              39.878567
            ],
            [
              19.960216,
              39.881049
            ],
            [
              19.959972,
              39.885077
            ],
            [
              19.958832,
              39.88935
            ],
            [
              19.954845,
              39.892808
            ],
            [
              19.941173,
              39.898993
            ],
            [
              19.931163,
              39.901923
            ],
            [
              19.914073,
              39.902411
            ],
            [
              19.906423,
              39.90644
            ],
            [
              19.906423,
              39.912665
            ],
            [
              19.921235,
              39.926947
            ],
            [
              19.931,
              39.934516
            ],
            [
              19.941173,
              39.940009
            ],
            [
              19.923839,
              39.952826
            ],
            [
              19.876801,
              40.022366
            ],
            [
              19.870453,
              40.034735
            ],
            [
              19.863455,
              40.045356
            ],
            [
              19.855235,
              40.049872
            ],
            [
              19.823253,
              40.050605
            ],
            [
              19.807384,
              40.052883
            ],
            [
              19.79656,
              40.057318
            ],
            [
              19.804535,
              40.063463
            ],
            [
              19.777354,
              40.077786
            ],
            [
              19.773123,
              40.071234
            ],
            [
              19.771658,
              40.068305
            ],
            [
              19.770518,
              40.063463
            ],
            [
              19.767263,
              40.072455
            ],
            [
              19.762462,
              40.07685
            ],
            [
              19.756358,
              40.079901
            ],
            [
              19.74936,
              40.084621
            ],
            [
              19.748057,
              40.088609
            ],
            [
              19.740896,
              40.100409
            ],
            [
              19.732677,
              40.110256
            ],
            [
              19.729015,
              40.108222
            ],
            [
              19.719086,
              40.116034
            ],
            [
              19.653168,
              40.132392
            ],
            [
              19.59783,
              40.157701
            ],
            [
              19.565766,
              40.179836
            ],
            [
              19.509288,
              40.194485
            ],
            [
              19.476248,
              40.21369
            ],
            [
              19.381114,
              40.295233
            ],
            [
              19.369965,
              40.309027
            ],
            [
              19.365082,
              40.317369
            ],
            [
              19.351573,
              40.362047
            ],
            [
              19.344249,
              40.374335
            ],
            [
              19.309255,
              40.400824
            ],
            [
              19.296886,
              40.41356
            ],
            [
              19.295177,
              40.417548
            ],
            [
              19.295177,
              40.418687
            ],
            [
              19.289561,
              40.420396
            ],
            [
              19.289561,
              40.427232
            ],
            [
              19.316173,
              40.437812
            ],
            [
              19.33253,
              40.43891
            ],
            [
              19.348155,
              40.43065
            ],
            [
              19.3838,
              40.397406
            ],
            [
              19.39324,
              40.386298
            ],
            [
              19.406505,
              40.362616
            ],
            [
              19.411957,
              40.34809
            ],
            [
              19.414236,
              40.334418
            ],
            [
              19.423595,
              40.330024
            ],
            [
              19.444591,
              40.333808
            ],
            [
              19.465587,
              40.341498
            ],
            [
              19.474946,
              40.348375
            ],
            [
              19.481619,
              40.439114
            ],
            [
              19.47877,
              40.453925
            ],
            [
              19.453136,
              40.465318
            ],
            [
              19.418793,
              40.491889
            ],
            [
              19.391368,
              40.521796
            ],
            [
              19.386404,
              40.54328
            ],
            [
              19.39324,
              40.537055
            ],
            [
              19.396007,
              40.529608
            ],
            [
              19.398611,
              40.520941
            ],
            [
              19.406749,
              40.522773
            ],
            [
              19.414236,
              40.522773
            ],
            [
              19.433604,
              40.505927
            ],
            [
              19.446056,
              40.511135
            ],
            [
              19.452647,
              40.529853
            ],
            [
              19.4546,
              40.55386
            ],
            [
              19.442149,
              40.573065
            ],
            [
              19.415701,
              40.583482
            ],
            [
              19.391612,
              40.578315
            ],
            [
              19.386404,
              40.550727
            ],
            [
              19.379242,
              40.566148
            ],
            [
              19.309825,
              40.644355
            ],
            [
              19.304373,
              40.653144
            ],
            [
              19.309337,
              40.665025
            ],
            [
              19.322927,
              40.674872
            ],
            [
              19.339041,
              40.684068
            ],
            [
              19.351573,
              40.694159
            ],
            [
              19.360525,
              40.709784
            ],
            [
              19.364513,
              40.726508
            ],
            [
              19.365571,
              40.785956
            ],
            [
              19.368826,
              40.802151
            ],
            [
              19.377778,
              40.812974
            ],
            [
              19.396251,
              40.817043
            ],
            [
              19.406749,
              40.820746
            ],
            [
              19.404063,
              40.829291
            ],
            [
              19.396739,
              40.83869
            ],
            [
              19.39324,
              40.844916
            ],
            [
              19.397634,
              40.852973
            ],
            [
              19.404796,
              40.86107
            ],
            [
              19.411388,
              40.867092
            ],
            [
              19.414236,
              40.868842
            ],
            [
              19.406261,
              40.880316
            ],
            [
              19.391124,
              40.89525
            ],
            [
              19.381196,
              40.908271
            ],
            [
              19.389822,
              40.913804
            ],
            [
              19.404959,
              40.918158
            ],
            [
              19.424571,
              40.939643
            ],
            [
              19.440929,
              40.948635
            ],
            [
              19.427013,
              40.936835
            ],
            [
              19.435395,
              40.913398
            ],
            [
              19.427257,
              40.893378
            ],
            [
              19.427257,
              40.87226
            ],
            [
              19.434744,
              40.87226
            ],
            [
              19.437836,
              40.886542
            ],
            [
              19.437673,
              40.88345
            ],
            [
              19.439138,
              40.880072
            ],
            [
              19.440929,
              40.87226
            ],
            [
              19.454112,
              40.88581
            ],
            [
              19.506602,
              40.905097
            ],
            [
              19.523448,
              40.92064
            ],
            [
              19.525157,
              40.945258
            ],
            [
              19.514659,
              40.964911
            ],
            [
              19.501475,
              40.982978
            ],
            [
              19.495453,
              41.002631
            ],
            [
              19.492035,
              40.976955
            ],
            [
              19.479666,
              40.953925
            ],
            [
              19.453868,
              40.923977
            ],
            [
              19.453461,
              40.928371
            ],
            [
              19.447765,
              40.934312
            ],
            [
              19.458507,
              40.942613
            ],
            [
              19.469981,
              40.956732
            ],
            [
              19.477224,
              40.975002
            ],
            [
              19.474946,
              40.995795
            ],
            [
              19.469981,
              41.000718
            ],
            [
              19.453787,
              41.005845
            ],
            [
              19.447765,
              41.009467
            ],
            [
              19.440603,
              41.020657
            ],
            [
              19.441254,
              41.026028
            ],
            [
              19.445486,
              41.030707
            ],
            [
              19.456391,
              41.106676
            ],
            [
              19.451182,
              41.122707
            ],
            [
              19.445486,
              41.129462
            ],
            [
              19.441173,
              41.137356
            ],
            [
              19.441905,
              41.143866
            ],
            [
              19.463715,
              41.151313
            ],
            [
              19.467133,
              41.162665
            ],
            [
              19.467133,
              41.176174
            ],
            [
              19.468761,
              41.187567
            ],
            [
              19.509532,
              41.237291
            ],
            [
              19.516612,
              41.256415
            ],
            [
              19.513357,
              41.276679
            ],
            [
              19.50294,
              41.294135
            ],
            [
              19.488048,
              41.306464
            ],
            [
              19.471934,
              41.311103
            ],
            [
              19.450043,
              41.311103
            ],
            [
              19.431651,
              41.313707
            ],
            [
              19.418956,
              41.322577
            ],
            [
              19.414236,
              41.341498
            ],
            [
              19.414236,
              41.382799
            ],
            [
              19.410818,
              41.391669
            ],
            [
              19.396007,
              41.402045
            ],
            [
              19.39324,
              41.41352
            ],
            [
              19.406423,
              41.400377
            ],
            [
              19.428722,
              41.401313
            ],
            [
              19.44516,
              41.415188
            ],
            [
              19.440929,
              41.440863
            ],
            [
              19.46461,
              41.450873
            ],
            [
              19.489268,
              41.466132
            ],
            [
              19.508637,
              41.486884
            ],
            [
              19.516612,
              41.513414
            ],
            [
              19.514171,
              41.529975
            ],
            [
              19.507172,
              41.536282
            ],
            [
              19.496349,
              41.538764
            ],
            [
              19.482432,
              41.54385
            ],
            [
              19.468028,
              41.554267
            ],
            [
              19.451996,
              41.574774
            ],
            [
              19.440929,
              41.585395
            ],
            [
              19.528087,
              41.576565
            ],
            [
              19.556407,
              41.583075
            ],
            [
              19.565196,
              41.58511
            ],
            [
              19.584809,
              41.619574
            ],
            [
              19.591645,
              41.619574
            ],
            [
              19.592296,
              41.608588
            ],
            [
              19.596039,
              41.602729
            ],
            [
              19.603038,
              41.601752
            ],
            [
              19.612966,
              41.605292
            ],
            [
              19.604991,
              41.632148
            ],
            [
              19.600108,
              41.639106
            ],
            [
              19.591645,
              41.632636
            ],
            [
              19.587087,
              41.640692
            ],
            [
              19.557628,
              41.660549
            ],
            [
              19.578136,
              41.687649
            ],
            [
              19.576345,
              41.71894
            ],
            [
              19.571137,
              41.752387
            ],
            [
              19.5713,
              41.770413
            ],
            [
              19.589529,
              41.765692
            ],
            [
              19.598969,
              41.778713
            ],
            [
              19.599783,
              41.79975
            ],
            [
              19.591645,
              41.818793
            ],
            [
              19.585216,
              41.818549
            ],
            [
              19.465505,
              41.855455
            ],
            [
              19.451182,
              41.862535
            ],
            [
              19.432953,
              41.868598
            ],
            [
              19.365082,
              41.852362
            ],
            [
              19.364223,
              41.862846
            ],
            [
              19.364947,
              41.888995
            ],
            [
              19.356989,
              41.89964
            ],
            [
              19.347687,
              41.906358
            ],
            [
              19.34531,
              41.910337
            ],
            [
              19.34593,
              41.914471
            ],
            [
              19.345413,
              41.921189
            ],
            [
              19.346653,
              41.926176
            ],
            [
              19.350477,
              41.931369
            ],
            [
              19.352854,
              41.938501
            ],
            [
              19.346447,
              41.961548
            ],
            [
              19.351614,
              41.965166
            ],
            [
              19.359779,
              41.965993
            ],
            [
              19.365774,
              41.969713
            ],
            [
              19.371045,
              41.98656
            ],
            [
              19.363707,
              41.993484
            ],
            [
              19.363396,
              41.993639
            ],
            [
              19.354198,
              42.008703
            ],
            [
              19.350581,
              42.027823
            ],
            [
              19.351718,
              42.047615
            ],
            [
              19.356575,
              42.064798
            ],
            [
              19.374869,
              42.094667
            ],
            [
              19.372491,
              42.104253
            ],
            [
              19.369998,
              42.106507
            ],
            [
              19.355025,
              42.12004
            ],
            [
              19.297767,
              42.151666
            ],
            [
              19.282058,
              42.164559
            ],
            [
              19.281956,
              42.164723
            ],
            [
              19.272033,
              42.180682
            ],
            [
              19.274926,
              42.191276
            ],
            [
              19.304589,
              42.215099
            ],
            [
              19.400397,
              42.325893
            ],
            [
              19.401327,
              42.331061
            ],
            [
              19.400707,
              42.344755
            ],
            [
              19.402671,
              42.352015
            ],
            [
              19.412076,
              42.368397
            ],
            [
              19.417243,
              42.374107
            ],
            [
              19.468403,
              42.41811
            ],
            [
              19.481735,
              42.434491
            ],
            [
              19.501476,
              42.444129
            ],
            [
              19.517806,
              42.45803
            ],
            [
              19.531655,
              42.474773
            ],
            [
              19.543747,
              42.493402
            ],
            [
              19.543747,
              42.493557
            ],
            [
              19.549328,
              42.508595
            ],
            [
              19.561317,
              42.516243
            ],
            [
              19.575683,
              42.522341
            ],
            [
              19.588086,
              42.532857
            ],
            [
              19.593667,
              42.54482
            ],
            [
              19.599248,
              42.571046
            ],
            [
              19.605035,
              42.584844
            ],
            [
              19.621779,
              42.604997
            ],
            [
              19.647927,
              42.627838
            ],
            [
              19.658037,
              42.634613
            ],
            [
              19.676039,
              42.646675
            ],
            [
              19.699293,
              42.654814
            ],
            [
              19.722134,
              42.64608
            ],
            [
              19.737534,
              42.624402
            ],
            [
              19.746009,
              42.5989
            ],
            [
              19.746885,
              42.58893
            ],
            [
              19.747766,
              42.578901
            ],
            [
              19.746009,
              42.579934
            ],
            [
              19.741358,
              42.574405
            ],
            [
              19.733916,
              42.562597
            ],
            [
              19.732159,
              42.555543
            ],
            [
              19.730299,
              42.540428
            ],
            [
              19.730919,
              42.533658
            ],
            [
              19.73433,
              42.524382
            ],
            [
              19.75159,
              42.493402
            ],
            [
              19.784456,
              42.474566
            ],
            [
              19.801406,
              42.468132
            ],
            [
              19.819596,
              42.466479
            ],
            [
              19.829063,
              42.468723
            ],
            [
              19.835512,
              42.470251
            ],
            [
              19.873339,
              42.486839
            ],
            [
              19.882538,
              42.493402
            ],
            [
              19.882745,
              42.493609
            ],
            [
              19.907549,
              42.506399
            ],
            [
              19.956332,
              42.505314
            ],
            [
              19.981757,
              42.510765
            ],
            [
              20.017723,
              42.546241
            ],
            [
              20.039221,
              42.557765
            ],
            [
              20.064956,
              42.546758
            ],
            [
              20.085626,
              42.530015
            ],
            [
              20.135546,
              42.509629
            ],
            [
              20.152392,
              42.493712
            ],
            [
              20.152599,
              42.493712
            ],
            [
              20.152599,
              42.493609
            ],
            [
              20.152702,
              42.493402
            ],
            [
              20.180814,
              42.443095
            ],
            [
              20.186292,
              42.437437
            ],
            [
              20.199728,
              42.427799
            ],
            [
              20.204689,
              42.420099
            ],
            [
              20.204379,
              42.411831
            ],
            [
              20.194043,
              42.4001
            ],
            [
              20.192803,
              42.393693
            ],
            [
              20.197454,
              42.38744
            ],
            [
              20.21306,
              42.377518
            ],
            [
              20.218848,
              42.371446
            ],
            [
              20.221225,
              42.36372
            ],
            [
              20.219468,
              42.350207
            ],
            [
              20.220915,
              42.343101
            ],
            [
              20.229597,
              42.32672
            ],
            [
              20.237762,
              42.319924
            ],
            [
              20.249647,
              42.318607
            ],
            [
              20.317964,
              42.319821
            ],
            [
              20.333363,
              42.317883
            ],
            [
              20.456973,
              42.250497
            ],
            [
              20.473665,
              42.237123
            ],
            [
              20.481674,
              42.230705
            ],
            [
              20.500795,
              42.211223
            ],
            [
              20.538622,
              42.150116
            ],
            [
              20.549371,
              42.123476
            ],
            [
              20.551954,
              42.105803
            ],
            [
              20.552161,
              42.07379
            ],
            [
              20.558259,
              42.055109
            ],
            [
              20.589678,
              41.993639
            ],
            [
              20.594329,
              41.973718
            ],
            [
              20.59929,
              41.960567
            ],
            [
              20.59929,
              41.94788
            ],
            [
              20.588748,
              41.929586
            ],
            [
              20.580583,
              41.921732
            ],
            [
              20.573348,
              41.917675
            ],
            [
              20.567251,
              41.912172
            ],
            [
              20.562496,
              41.900105
            ],
            [
              20.562703,
              41.892845
            ],
            [
              20.567767,
              41.88052
            ],
            [
              20.567147,
              41.873182
            ]
          ]
        ]
      },
      "properties": {
        "id": "2MxO",
        "status": "validé",
        "pieces": [
          {
            "kind": "country"
          }
        ]
      }
    },
    {
      "type": "Feature",
      "geometry": {
        "type": "Polygon",
        "coordinates": [
          [
            [
              19.45610046386719,
              40.52476826840001
            ],
            [
              19.45610046386719,
              40.46879019180251
            ],
            [
              19.448648194382088,
              40.46879019180251
            ],
            [
              19.418793,
              40.491889
            ],
            [
              19.40717697143555,
              40.50455629503289
            ],
            [
              19.40717697143555,
              40.522773
            ],
            [
              19.414236,
              40.522773
            ],
            [
              19.433604,
              40.505927
            ],
            [
              19.446056,
              40.511135
            ],
            [
              19.450856559462785,
              40.52476826840001
            ],
            [
              19.45610046386719,
              40.52476826840001
            ]
          ]
        ]
      },
      "properties": {
        "id": "3Ve1",
        "status": "validé",
        "pieces": [
          {
            "kind": "rect",
            "bounds": [
              19.40717697143555,
              40.46879019180251,
              19.45610046386719,
              40.52476826840001
            ]
          },
          {
            "kind": "clip"
          }
        ]
      }
    },
    {
      "type": "Feature",
      "geometry": {
        "type": "Polygon",
        "coordinates": [
          [
            [
              20.567147,
              41.873182
            ],
            [
              20.541722,
              41.86158
            ],
            [
              20.540786,
              41.844865
            ],
            [
              20.540482,
              41.839437
            ],
            [
              20.54844,
              41.814193
            ],
            [
              20.550136,
              41.80006
            ],
            [
              20.550921,
              41.793522
            ],
            [
              20.54441,
              41.784763
            ],
            [
              20.521155,
              41.767658
            ],
            [
              20.511337,
              41.757943
            ],
            [
              20.503275,
              41.744637
            ],
            [
              20.500381,
              41.734095
            ],
            [
              20.508339,
              41.661748
            ],
            [
              20.513404,
              41.640405
            ],
            [
              20.534591,
              41.594026
            ],
            [
              20.53467,
              41.587324
            ],
            [
              20.534694,
              41.585266
            ],
            [
              20.52932,
              41.574879
            ],
            [
              20.520845,
              41.568368
            ],
            [
              20.507409,
              41.56227
            ],
            [
              20.49294,
              41.557671
            ],
            [
              20.444157,
              41.549661
            ],
            [
              20.447878,
              41.53545
            ],
            [
              20.444984,
              41.508475
            ],
            [
              20.452012,
              41.493592
            ],
            [
              20.463174,
              41.489768
            ],
            [
              20.470822,
              41.483774
            ],
            [
              20.481597,
              41.468269
            ],
            [
              20.483535,
              41.46548
            ],
            [
              20.486842,
              41.457781
            ],
            [
              20.488909,
              41.441451
            ],
            [
              20.490873,
              41.436025
            ],
            [
              20.498004,
              41.431477
            ],
            [
              20.514644,
              41.429462
            ],
            [
              20.522189,
              41.42569
            ],
            [
              20.534074,
              41.412977
            ],
            [
              20.539049,
              41.402944
            ],
            [
              20.540172,
              41.400678
            ],
            [
              20.539965,
              41.387139
            ],
            [
              20.532937,
              41.370447
            ],
            [
              20.523429,
              41.356805
            ],
            [
              20.510407,
              41.344403
            ],
            [
              20.49604,
              41.337788
            ],
            [
              20.481674,
              41.341199
            ],
            [
              20.478108,
              41.321585
            ],
            [
              20.477747,
              41.319598
            ],
            [
              20.483121,
              41.289471
            ],
            [
              20.500071,
              41.23552
            ],
            [
              20.51268,
              41.210147
            ],
            [
              20.549681,
              41.170615
            ],
            [
              20.565494,
              41.147412
            ],
            [
              20.570558,
              41.124829
            ],
            [
              20.569938,
              41.107104
            ],
            [
              20.576966,
              41.093513
            ],
            [
              20.597419,
              41.086273
            ],
            [
              20.605284,
              41.083488
            ],
            [
              20.618927,
              41.082403
            ],
            [
              20.631536,
              41.082868
            ],
            [
              20.634129,
              41.082576
            ],
            [
              20.643008,
              41.081576
            ],
            [
              20.65386,
              41.075272
            ],
            [
              20.664092,
              41.059149
            ],
            [
              20.683419,
              40.99383
            ],
            [
              20.702746,
              40.936314
            ],
            [
              20.717216,
              40.913214
            ],
            [
              20.730573,
              40.904611
            ],
            [
              20.740883,
              40.89797
            ],
            [
              20.766102,
              40.893732
            ],
            [
              20.783672,
              40.899055
            ],
            [
              20.816951,
              40.920242
            ],
            [
              20.836544,
              40.923904
            ],
            [
              20.837415,
              40.924066
            ],
            [
              20.890228,
              40.918279
            ],
            [
              20.939941,
              40.907065
            ],
            [
              20.956684,
              40.894766
            ],
            [
              20.964849,
              40.875956
            ],
            [
              20.965262,
              40.849394
            ],
            [
              20.967019,
              40.802007
            ],
            [
              20.960922,
              40.780768
            ],
            [
              20.943662,
              40.765265
            ],
            [
              20.95348,
              40.759167
            ],
            [
              20.957201,
              40.751622
            ],
            [
              20.959165,
              40.743561
            ],
            [
              20.963505,
              40.736068
            ],
            [
              20.992031,
              40.7155
            ],
            [
              21.018593,
              40.690902
            ],
            [
              21.028825,
              40.676846
            ],
            [
              21.035336,
              40.65938
            ],
            [
              21.036679,
              40.639743
            ],
            [
              21.033165,
              40.621398
            ],
            [
              21.02252,
              40.586619
            ],
            [
              21.020763,
              40.575096
            ],
            [
              21.02035,
              40.566776
            ],
            [
              21.018799,
              40.558972
            ],
            [
              21.013528,
              40.548896
            ],
            [
              21.006707,
              40.543211
            ],
            [
              20.997509,
              40.53918
            ],
            [
              20.98831,
              40.533496
            ],
            [
              20.981489,
              40.523264
            ],
            [
              20.96857,
              40.520577
            ],
            [
              20.957924,
              40.514944
            ],
            [
              20.95193,
              40.506056
            ],
            [
              20.952653,
              40.493653
            ],
            [
              20.94976,
              40.487866
            ],
            [
              20.946452,
              40.482905
            ],
            [
              20.93684,
              40.472518
            ],
            [
              20.911932,
              40.459547
            ],
            [
              20.889608,
              40.463733
            ],
            [
              20.866767,
              40.472053
            ],
            [
              20.839999,
              40.471639
            ],
            [
              20.826666,
              40.464818
            ],
            [
              20.821292,
              40.456395
            ],
            [
              20.817365,
              40.446835
            ],
            [
              20.8092,
              40.436603
            ],
            [
              20.800311,
              40.432779
            ],
            [
              20.779537,
              40.429006
            ],
            [
              20.770649,
              40.421978
            ],
            [
              20.768995,
              40.412573
            ],
            [
              20.773336,
              40.38534
            ],
            [
              20.773853,
              40.374901
            ],
            [
              20.770442,
              40.36255
            ],
            [
              20.765998,
              40.354282
            ],
            [
              20.755043,
              40.338624
            ],
            [
              20.739552,
              40.309166
            ],
            [
              20.736646,
              40.303639
            ],
            [
              20.728791,
              40.298265
            ],
            [
              20.717836,
              40.293924
            ],
            [
              20.706984,
              40.288085
            ],
            [
              20.699129,
              40.278369
            ],
            [
              20.694581,
              40.25558
            ],
            [
              20.696648,
              40.235581
            ],
            [
              20.696442,
              40.215066
            ],
            [
              20.68528,
              40.191191
            ],
            [
              20.679802,
              40.187832
            ],
            [
              20.665022,
              40.18437
            ],
            [
              20.660372,
              40.178892
            ],
            [
              20.659855,
              40.172743
            ],
            [
              20.663162,
              40.161684
            ],
            [
              20.663472,
              40.15662
            ],
            [
              20.668226,
              40.138068
            ],
            [
              20.666779,
              40.13352
            ],
            [
              20.651793,
              40.101016
            ],
            [
              20.647556,
              40.09404
            ],
            [
              20.640218,
              40.090112
            ],
            [
              20.615361,
              40.081017
            ],
            [
              20.577793,
              40.067271
            ],
            [
              20.552885,
              40.065411
            ],
            [
              20.499865,
              40.071457
            ],
            [
              20.481674,
              40.067788
            ],
            [
              20.465965,
              40.060812
            ],
            [
              20.432789,
              40.063809
            ],
            [
              20.413772,
              40.057194
            ],
            [
              20.400439,
              40.045257
            ],
            [
              20.38907,
              40.029444
            ],
            [
              20.380699,
              40.011667
            ],
            [
              20.376461,
              39.993736
            ],
            [
              20.359925,
              39.991048
            ],
            [
              20.310005,
              39.98986
            ],
            [
              20.297913,
              39.986914
            ],
            [
              20.302977,
              39.979111
            ],
            [
              20.317964,
              39.918391
            ],
            [
              20.323131,
              39.912397
            ],
            [
              20.346902,
              39.894259
            ],
            [
              20.392998,
              39.835451
            ],
            [
              20.397028,
              39.818087
            ],
            [
              20.388967,
              39.79814
            ],
            [
              20.371604,
              39.784291
            ],
            [
              20.35455,
              39.78579
            ],
            [
              20.336877,
              39.794006
            ],
            [
              20.299577,
              39.805056
            ],
            [
              20.298326,
              39.805427
            ],
            [
              20.288405,
              39.806615
            ],
            [
              20.280033,
              39.80398
            ],
            [
              20.273005,
              39.796487
            ],
            [
              20.275485,
              39.792404
            ],
            [
              20.281377,
              39.788167
            ],
            [
              20.284684,
              39.780312
            ],
            [
              20.283134,
              39.775144
            ],
            [
              20.276829,
              39.763155
            ],
            [
              20.275692,
              39.760055
            ],
            [
              20.278173,
              39.756748
            ],
            [
              20.285511,
              39.749668
            ],
            [
              20.287268,
              39.746671
            ],
            [
              20.291092,
              39.737937
            ],
            [
              20.296466,
              39.733493
            ],
            [
              20.299463,
              39.728222
            ],
            [
              20.296466,
              39.71737
            ],
            [
              20.28272,
              39.704399
            ],
            [
              20.264117,
              39.696079
            ],
            [
              20.249027,
              39.684814
            ],
            [
              20.24603,
              39.662903
            ],
            [
              20.237245,
              39.667037
            ],
            [
              20.228563,
              39.669156
            ],
            [
              20.220088,
              39.669156
            ],
            [
              20.212027,
              39.667037
            ],
            [
              20.204172,
              39.660319
            ],
            [
              20.203035,
              39.65262
            ],
            [
              20.203449,
              39.645333
            ],
            [
              20.199935,
              39.640062
            ],
            [
              20.184122,
              39.637013
            ],
            [
              20.163761,
              39.6443
            ],
            [
              20.135236,
              39.664195
            ],
            [
              20.089347,
              39.682799
            ],
            [
              20.049556,
              39.69272
            ],
            [
              20.01607,
              39.701402
            ],
            [
              19.999848,
              39.693508
            ],
            [
              19.996837,
              39.692572
            ],
            [
              19.99586,
              39.686713
            ],
            [
              19.989024,
              39.686713
            ],
            [
              19.983572,
              39.701361
            ],
            [
              19.98699,
              39.717963
            ],
            [
              20.002696,
              39.748236
            ],
            [
              19.985606,
              39.75373
            ],
            [
              19.980642,
              39.75731
            ],
            [
              19.99586,
              39.782945
            ],
            [
              20.014171,
              39.832953
            ],
            [
              20.016287,
              39.845038
            ],
            [
              20.009776,
              39.865668
            ],
            [
              19.999278,
              39.871405
            ],
            [
              19.983735,
              39.872382
            ],
            [
              19.961681,
              39.878567
            ],
            [
              19.960216,
              39.881049
            ],
            [
              19.959972,
              39.885077
            ],
            [
              19.958832,
              39.88935
            ],
            [
              19.954845,
              39.892808
            ],
            [
              19.941173,
              39.898993
            ],
            [
              19.931163,
              39.901923
            ],
            [
              19.914073,
              39.902411
            ],
            [
              19.906423,
              39.90644
            ],
            [
              19.906423,
              39.912665
            ],
            [
              19.921235,
              39.926947
            ],
            [
              19.931,
              39.934516
            ],
            [
              19.941173,
              39.940009
            ],
            [
              19.923839,
              39.952826
            ],
            [
              19.876801,
              40.022366
            ],
            [
              19.870453,
              40.034735
            ],
            [
              19.863455,
              40.045356
            ],
            [
              19.855235,
              40.049872
            ],
            [
              19.823253,
              40.050605
            ],
            [
              19.807384,
              40.052883
            ],
            [
              19.79656,
              40.057318
            ],
            [
              19.804535,
              40.063463
            ],
            [
              19.777354,
              40.077786
            ],
            [
              19.773123,
              40.071234
            ],
            [
              19.771658,
              40.068305
            ],
            [
              19.770518,
              40.063463
            ],
            [
              19.767263,
              40.072455
            ],
            [
              19.762462,
              40.07685
            ],
            [
              19.756358,
              40.079901
            ],
            [
              19.74936,
              40.084621
            ],
            [
              19.748057,
              40.088609
            ],
            [
              19.740896,
              40.100409
            ],
            [
              19.732677,
              40.110256
            ],
            [
              19.729015,
              40.108222
            ],
            [
              19.719086,
              40.116034
            ],
            [
              19.653168,
              40.132392
            ],
            [
              19.59783,
              40.157701
            ],
            [
              19.565766,
              40.179836
            ],
            [
              19.509288,
              40.194485
            ],
            [
              19.476248,
              40.21369
            ],
            [
              19.381114,
              40.295233
            ],
            [
              19.369965,
              40.309027
            ],
            [
              19.365082,
              40.317369
            ],
            [
              19.351573,
              40.362047
            ],
            [
              19.344249,
              40.374335
            ],
            [
              19.309255,
              40.400824
            ],
            [
              19.296886,
              40.41356
            ],
            [
              19.295177,
              40.417548
            ],
            [
              19.295177,
              40.418687
            ],
            [
              19.289561,
              40.420396
            ],
            [
              19.289561,
              40.427232
            ],
            [
              19.316173,
              40.437812
            ],
            [
              19.33253,
              40.43891
            ],
            [
              19.348155,
              40.43065
            ],
            [
              19.3838,
              40.397406
            ],
            [
              19.39324,
              40.386298
            ],
            [
              19.406505,
              40.362616
            ],
            [
              19.411957,
              40.34809
            ],
            [
              19.414236,
              40.334418
            ],
            [
              19.423595,
              40.330024
            ],
            [
              19.444591,
              40.333808
            ],
            [
              19.465587,
              40.341498
            ],
            [
              19.474946,
              40.348375
            ],
            [
              19.481619,
              40.439114
            ],
            [
              19.47877,
              40.453925
            ],
            [
              19.453136,
              40.465318
            ],
            [
              19.418793,
              40.491889
            ],
            [
              19.391368,
              40.521796
            ],
            [
              19.386404,
              40.54328
            ],
            [
              19.39324,
              40.537055
            ],
            [
              19.396007,
              40.529608
            ],
            [
              19.398611,
              40.520941
            ],
            [
              19.406749,
              40.522773
            ],
            [
              19.414236,
              40.522773
            ],
            [
              19.433604,
              40.505927
            ],
            [
              19.446056,
              40.511135
            ],
            [
              19.452647,
              40.529853
            ],
            [
              19.4546,
              40.55386
            ],
            [
              19.442149,
              40.573065
            ],
            [
              19.415701,
              40.583482
            ],
            [
              19.391612,
              40.578315
            ],
            [
              19.386404,
              40.550727
            ],
            [
              19.379242,
              40.566148
            ],
            [
              19.309825,
              40.644355
            ],
            [
              19.304373,
              40.653144
            ],
            [
              19.309337,
              40.665025
            ],
            [
              19.322927,
              40.674872
            ],
            [
              19.339041,
              40.684068
            ],
            [
              19.351573,
              40.694159
            ],
            [
              19.360525,
              40.709784
            ],
            [
              19.364513,
              40.726508
            ],
            [
              19.365571,
              40.785956
            ],
            [
              19.368826,
              40.802151
            ],
            [
              19.377778,
              40.812974
            ],
            [
              19.396251,
              40.817043
            ],
            [
              19.406749,
              40.820746
            ],
            [
              19.404063,
              40.829291
            ],
            [
              19.396739,
              40.83869
            ],
            [
              19.39324,
              40.844916
            ],
            [
              19.397634,
              40.852973
            ],
            [
              19.404796,
              40.86107
            ],
            [
              19.411388,
              40.867092
            ],
            [
              19.414236,
              40.868842
            ],
            [
              19.406261,
              40.880316
            ],
            [
              19.391124,
              40.89525
            ],
            [
              19.381196,
              40.908271
            ],
            [
              19.389822,
              40.913804
            ],
            [
              19.404959,
              40.918158
            ],
            [
              19.424571,
              40.939643
            ],
            [
              19.440929,
              40.948635
            ],
            [
              19.427013,
              40.936835
            ],
            [
              19.435395,
              40.913398
            ],
            [
              19.427257,
              40.893378
            ],
            [
              19.427257,
              40.87226
            ],
            [
              19.434744,
              40.87226
            ],
            [
              19.437836,
              40.886542
            ],
            [
              19.437673,
              40.88345
            ],
            [
              19.439138,
              40.880072
            ],
            [
              19.440929,
              40.87226
            ],
            [
              19.454112,
              40.88581
            ],
            [
              19.506602,
              40.905097
            ],
            [
              19.523448,
              40.92064
            ],
            [
              19.525157,
              40.945258
            ],
            [
              19.514659,
              40.964911
            ],
            [
              19.501475,
              40.982978
            ],
            [
              19.495453,
              41.002631
            ],
            [
              19.492035,
              40.976955
            ],
            [
              19.479666,
              40.953925
            ],
            [
              19.453868,
              40.923977
            ],
            [
              19.453461,
              40.928371
            ],
            [
              19.447765,
              40.934312
            ],
            [
              19.458507,
              40.942613
            ],
            [
              19.469981,
              40.956732
            ],
            [
              19.477224,
              40.975002
            ],
            [
              19.474946,
              40.995795
            ],
            [
              19.469981,
              41.000718
            ],
            [
              19.453787,
              41.005845
            ],
            [
              19.447765,
              41.009467
            ],
            [
              19.440603,
              41.020657
            ],
            [
              19.441254,
              41.026028
            ],
            [
              19.445486,
              41.030707
            ],
            [
              19.456391,
              41.106676
            ],
            [
              19.451182,
              41.122707
            ],
            [
              19.445486,
              41.129462
            ],
            [
              19.441173,
              41.137356
            ],
            [
              19.441905,
              41.143866
            ],
            [
              19.463715,
              41.151313
            ],
            [
              19.467133,
              41.162665
            ],
            [
              19.467133,
              41.176174
            ],
            [
              19.468761,
              41.187567
            ],
            [
              19.509532,
              41.237291
            ],
            [
              19.516612,
              41.256415
            ],
            [
              19.513357,
              41.276679
            ],
            [
              19.50294,
              41.294135
            ],
            [
              19.488048,
              41.306464
            ],
            [
              19.471934,
              41.311103
            ],
            [
              19.450043,
              41.311103
            ],
            [
              19.431651,
              41.313707
            ],
            [
              19.418956,
              41.322577
            ],
            [
              19.414236,
              41.341498
            ],
            [
              19.414236,
              41.382799
            ],
            [
              19.410818,
              41.391669
            ],
            [
              19.396007,
              41.402045
            ],
            [
              19.39324,
              41.41352
            ],
            [
              19.406423,
              41.400377
            ],
            [
              19.428722,
              41.401313
            ],
            [
              19.44516,
              41.415188
            ],
            [
              19.440929,
              41.440863
            ],
            [
              19.46461,
              41.450873
            ],
            [
              19.489268,
              41.466132
            ],
            [
              19.508637,
              41.486884
            ],
            [
              19.516612,
              41.513414
            ],
            [
              19.514171,
              41.529975
            ],
            [
              19.507172,
              41.536282
            ],
            [
              19.496349,
              41.538764
            ],
            [
              19.482432,
              41.54385
            ],
            [
              19.468028,
              41.554267
            ],
            [
              19.451996,
              41.574774
            ],
            [
              19.440929,
              41.585395
            ],
            [
              19.528087,
              41.576565
            ],
            [
              19.556407,
              41.583075
            ],
            [
              19.565196,
              41.58511
            ],
            [
              19.584809,
              41.619574
            ],
            [
              19.591645,
              41.619574
            ],
            [
              19.592296,
              41.608588
            ],
            [
              19.596039,
              41.602729
            ],
            [
              19.603038,
              41.601752
            ],
            [
              19.612966,
              41.605292
            ],
            [
              19.604991,
              41.632148
            ],
            [
              19.600108,
              41.639106
            ],
            [
              19.591645,
              41.632636
            ],
            [
              19.587087,
              41.640692
            ],
            [
              19.557628,
              41.660549
            ],
            [
              19.578136,
              41.687649
            ],
            [
              19.576345,
              41.71894
            ],
            [
              19.571137,
              41.752387
            ],
            [
              19.5713,
              41.770413
            ],
            [
              19.589529,
              41.765692
            ],
            [
              19.598969,
              41.778713
            ],
            [
              19.599783,
              41.79975
            ],
            [
              19.591645,
              41.818793
            ],
            [
              19.585216,
              41.818549
            ],
            [
              19.465505,
              41.855455
            ],
            [
              19.451182,
              41.862535
            ],
            [
              19.432953,
              41.868598
            ],
            [
              19.365082,
              41.852362
            ],
            [
              19.364223,
              41.862846
            ],
            [
              19.364947,
              41.888995
            ],
            [
              19.356989,
              41.89964
            ],
            [
              19.347687,
              41.906358
            ],
            [
              19.34531,
              41.910337
            ],
            [
              19.34593,
              41.914471
            ],
            [
              19.345413,
              41.921189
            ],
            [
              19.346653,
              41.926176
            ],
            [
              19.350477,
              41.931369
            ],
            [
              19.352854,
              41.938501
            ],
            [
              19.346447,
              41.961548
            ],
            [
              19.351614,
              41.965166
            ],
            [
              19.359779,
              41.965993
            ],
            [
              19.365774,
              41.969713
            ],
            [
              19.371045,
              41.98656
            ],
            [
              19.363707,
              41.993484
            ],
            [
              19.363396,
              41.993639
            ],
            [
              19.354198,
              42.008703
            ],
            [
              19.350581,
              42.027823
            ],
            [
              19.351718,
              42.047615
            ],
            [
              19.356575,
              42.064798
            ],
            [
              19.374869,
              42.094667
            ],
            [
              19.372491,
              42.104253
            ],
            [
              19.369998,
              42.106507
            ],
            [
              19.355025,
              42.12004
            ],
            [
              19.297767,
              42.151666
            ],
            [
              19.282058,
              42.164559
            ],
            [
              19.281956,
              42.164723
            ],
            [
              19.272033,
              42.180682
            ],
            [
              19.274926,
              42.191276
            ],
            [
              19.304589,
              42.215099
            ],
            [
              19.400397,
              42.325893
            ],
            [
              19.401327,
              42.331061
            ],
            [
              19.400707,
              42.344755
            ],
            [
              19.402671,
              42.352015
            ],
            [
              19.412076,
              42.368397
            ],
            [
              19.417243,
              42.374107
            ],
            [
              19.468403,
              42.41811
            ],
            [
              19.481735,
              42.434491
            ],
            [
              19.501476,
              42.444129
            ],
            [
              19.517806,
              42.45803
            ],
            [
              19.531655,
              42.474773
            ],
            [
              19.543747,
              42.493402
            ],
            [
              19.543747,
              42.493557
            ],
            [
              19.549328,
              42.508595
            ],
            [
              19.561317,
              42.516243
            ],
            [
              19.575683,
              42.522341
            ],
            [
              19.588086,
              42.532857
            ],
            [
              19.593667,
              42.54482
            ],
            [
              19.599248,
              42.571046
            ],
            [
              19.605035,
              42.584844
            ],
            [
              19.621779,
              42.604997
            ],
            [
              19.647927,
              42.627838
            ],
            [
              19.658037,
              42.634613
            ],
            [
              19.676039,
              42.646675
            ],
            [
              19.699293,
              42.654814
            ],
            [
              19.722134,
              42.64608
            ],
            [
              19.737534,
              42.624402
            ],
            [
              19.746009,
              42.5989
            ],
            [
              19.746885,
              42.58893
            ],
            [
              19.747766,
              42.578901
            ],
            [
              19.746009,
              42.579934
            ],
            [
              19.741358,
              42.574405
            ],
            [
              19.733916,
              42.562597
            ],
            [
              19.732159,
              42.555543
            ],
            [
              19.730299,
              42.540428
            ],
            [
              19.730919,
              42.533658
            ],
            [
              19.73433,
              42.524382
            ],
            [
              19.75159,
              42.493402
            ],
            [
              19.784456,
              42.474566
            ],
            [
              19.801406,
              42.468132
            ],
            [
              19.819596,
              42.466479
            ],
            [
              19.829063,
              42.468723
            ],
            [
              19.835512,
              42.470251
            ],
            [
              19.873339,
              42.486839
            ],
            [
              19.882538,
              42.493402
            ],
            [
              19.882745,
              42.493609
            ],
            [
              19.907549,
              42.506399
            ],
            [
              19.956332,
              42.505314
            ],
            [
              19.981757,
              42.510765
            ],
            [
              20.017723,
              42.546241
            ],
            [
              20.039221,
              42.557765
            ],
            [
              20.064956,
              42.546758
            ],
            [
              20.085626,
              42.530015
            ],
            [
              20.135546,
              42.509629
            ],
            [
              20.152392,
              42.493712
            ],
            [
              20.152599,
              42.493712
            ],
            [
              20.152599,
              42.493609
            ],
            [
              20.152702,
              42.493402
            ],
            [
              20.180814,
              42.443095
            ],
            [
              20.186292,
              42.437437
            ],
            [
              20.199728,
              42.427799
            ],
            [
              20.204689,
              42.420099
            ],
            [
              20.204379,
              42.411831
            ],
            [
              20.194043,
              42.4001
            ],
            [
              20.192803,
              42.393693
            ],
            [
              20.197454,
              42.38744
            ],
            [
              20.21306,
              42.377518
            ],
            [
              20.218848,
              42.371446
            ],
            [
              20.221225,
              42.36372
            ],
            [
              20.219468,
              42.350207
            ],
            [
              20.220915,
              42.343101
            ],
            [
              20.229597,
              42.32672
            ],
            [
              20.237762,
              42.319924
            ],
            [
              20.249647,
              42.318607
            ],
            [
              20.317964,
              42.319821
            ],
            [
              20.333363,
              42.317883
            ],
            [
              20.456973,
              42.250497
            ],
            [
              20.473665,
              42.237123
            ],
            [
              20.481674,
              42.230705
            ],
            [
              20.500795,
              42.211223
            ],
            [
              20.538622,
              42.150116
            ],
            [
              20.549371,
              42.123476
            ],
            [
              20.551954,
              42.105803
            ],
            [
              20.552161,
              42.07379
            ],
            [
              20.558259,
              42.055109
            ],
            [
              20.589678,
              41.993639
            ],
            [
              20.594329,
              41.973718
            ],
            [
              20.59929,
              41.960567
            ],
            [
              20.59929,
              41.94788
            ],
            [
              20.588748,
              41.929586
            ],
            [
              20.580583,
              41.921732
            ],
            [
              20.573348,
              41.917675
            ],
            [
              20.567251,
              41.912172
            ],
            [
              20.562496,
              41.900105
            ],
            [
              20.562703,
              41.892845
            ],
            [
              20.567767,
              41.88052
            ],
            [
              20.567147,
              41.873182
            ]
          ]
        ]
      },
      "properties": {
        "id": "83ib",
        "status": "validé",
        "pieces": [
          {
            "kind": "country"
          }
        ]
      }
    },
    {
      "type": "Feature",
      "geometry": {
        "type": "Polygon",
        "coordinates": [
          [
            [
              20.567147,
              41.873182
            ],
            [
              20.541722,
              41.86158
            ],
            [
              20.540786,
              41.844865
            ],
            [
              20.540482,
              41.839437
            ],
            [
              20.54844,
              41.814193
            ],
            [
              20.550136,
              41.80006
            ],
            [
              20.550921,
              41.793522
            ],
            [
              20.54441,
              41.784763
            ],
            [
              20.521155,
              41.767658
            ],
            [
              20.511337,
              41.757943
            ],
            [
              20.503275,
              41.744637
            ],
            [
              20.500381,
              41.734095
            ],
            [
              20.508339,
              41.661748
            ],
            [
              20.513404,
              41.640405
            ],
            [
              20.534591,
              41.594026
            ],
            [
              20.53467,
              41.587324
            ],
            [
              20.534694,
              41.585266
            ],
            [
              20.52932,
              41.574879
            ],
            [
              20.520845,
              41.568368
            ],
            [
              20.507409,
              41.56227
            ],
            [
              20.49294,
              41.557671
            ],
            [
              20.444157,
              41.549661
            ],
            [
              20.447878,
              41.53545
            ],
            [
              20.444984,
              41.508475
            ],
            [
              20.452012,
              41.493592
            ],
            [
              20.463174,
              41.489768
            ],
            [
              20.470822,
              41.483774
            ],
            [
              20.481597,
              41.468269
            ],
            [
              20.483535,
              41.46548
            ],
            [
              20.486842,
              41.457781
            ],
            [
              20.488909,
              41.441451
            ],
            [
              20.490873,
              41.436025
            ],
            [
              20.498004,
              41.431477
            ],
            [
              20.514644,
              41.429462
            ],
            [
              20.522189,
              41.42569
            ],
            [
              20.534074,
              41.412977
            ],
            [
              20.539049,
              41.402944
            ],
            [
              20.540172,
              41.400678
            ],
            [
              20.539965,
              41.387139
            ],
            [
              20.532937,
              41.370447
            ],
            [
              20.523429,
              41.356805
            ],
            [
              20.510407,
              41.344403
            ],
            [
              20.49604,
              41.337788
            ],
            [
              20.481674,
              41.341199
            ],
            [
              20.478108,
              41.321585
            ],
            [
              20.477747,
              41.319598
            ],
            [
              20.483121,
              41.289471
            ],
            [
              20.500071,
              41.23552
            ],
            [
              20.51268,
              41.210147
            ],
            [
              20.549681,
              41.170615
            ],
            [
              20.565494,
              41.147412
            ],
            [
              20.570558,
              41.124829
            ],
            [
              20.569938,
              41.107104
            ],
            [
              20.576966,
              41.093513
            ],
            [
              20.597419,
              41.086273
            ],
            [
              20.605284,
              41.083488
            ],
            [
              20.618927,
              41.082403
            ],
            [
              20.631536,
              41.082868
            ],
            [
              20.634129,
              41.082576
            ],
            [
              20.643008,
              41.081576
            ],
            [
              20.65386,
              41.075272
            ],
            [
              20.664092,
              41.059149
            ],
            [
              20.683419,
              40.99383
            ],
            [
              20.702746,
              40.936314
            ],
            [
              20.717216,
              40.913214
            ],
            [
              20.730573,
              40.904611
            ],
            [
              20.740883,
              40.89797
            ],
            [
              20.766102,
              40.893732
            ],
            [
              20.783672,
              40.899055
            ],
            [
              20.816951,
              40.920242
            ],
            [
              20.836544,
              40.923904
            ],
            [
              20.837415,
              40.924066
            ],
            [
              20.890228,
              40.918279
            ],
            [
              20.939941,
              40.907065
            ],
            [
              20.956684,
              40.894766
            ],
            [
              20.964849,
              40.875956
            ],
            [
              20.965262,
              40.849394
            ],
            [
              20.967019,
              40.802007
            ],
            [
              20.960922,
              40.780768
            ],
            [
              20.943662,
              40.765265
            ],
            [
              20.95348,
              40.759167
            ],
            [
              20.957201,
              40.751622
            ],
            [
              20.959165,
              40.743561
            ],
            [
              20.963505,
              40.736068
            ],
            [
              20.992031,
              40.7155
            ],
            [
              21.018593,
              40.690902
            ],
            [
              21.028825,
              40.676846
            ],
            [
              21.035336,
              40.65938
            ],
            [
              21.036679,
              40.639743
            ],
            [
              21.033165,
              40.621398
            ],
            [
              21.02252,
              40.586619
            ],
            [
              21.020763,
              40.575096
            ],
            [
              21.02035,
              40.566776
            ],
            [
              21.018799,
              40.558972
            ],
            [
              21.013528,
              40.548896
            ],
            [
              21.006707,
              40.543211
            ],
            [
              20.997509,
              40.53918
            ],
            [
              20.98831,
              40.533496
            ],
            [
              20.981489,
              40.523264
            ],
            [
              20.96857,
              40.520577
            ],
            [
              20.957924,
              40.514944
            ],
            [
              20.95193,
              40.506056
            ],
            [
              20.952653,
              40.493653
            ],
            [
              20.94976,
              40.487866
            ],
            [
              20.946452,
              40.482905
            ],
            [
              20.93684,
              40.472518
            ],
            [
              20.911932,
              40.459547
            ],
            [
              20.889608,
              40.463733
            ],
            [
              20.866767,
              40.472053
            ],
            [
              20.839999,
              40.471639
            ],
            [
              20.826666,
              40.464818
            ],
            [
              20.821292,
              40.456395
            ],
            [
              20.817365,
              40.446835
            ],
            [
              20.8092,
              40.436603
            ],
            [
              20.800311,
              40.432779
            ],
            [
              20.779537,
              40.429006
            ],
            [
              20.770649,
              40.421978
            ],
            [
              20.768995,
              40.412573
            ],
            [
              20.773336,
              40.38534
            ],
            [
              20.773853,
              40.374901
            ],
            [
              20.770442,
              40.36255
            ],
            [
              20.765998,
              40.354282
            ],
            [
              20.755043,
              40.338624
            ],
            [
              20.739552,
              40.309166
            ],
            [
              20.736646,
              40.303639
            ],
            [
              20.728791,
              40.298265
            ],
            [
              20.717836,
              40.293924
            ],
            [
              20.706984,
              40.288085
            ],
            [
              20.699129,
              40.278369
            ],
            [
              20.694581,
              40.25558
            ],
            [
              20.696648,
              40.235581
            ],
            [
              20.696442,
              40.215066
            ],
            [
              20.68528,
              40.191191
            ],
            [
              20.679802,
              40.187832
            ],
            [
              20.665022,
              40.18437
            ],
            [
              20.660372,
              40.178892
            ],
            [
              20.659855,
              40.172743
            ],
            [
              20.663162,
              40.161684
            ],
            [
              20.663472,
              40.15662
            ],
            [
              20.668226,
              40.138068
            ],
            [
              20.666779,
              40.13352
            ],
            [
              20.651793,
              40.101016
            ],
            [
              20.647556,
              40.09404
            ],
            [
              20.640218,
              40.090112
            ],
            [
              20.615361,
              40.081017
            ],
            [
              20.577793,
              40.067271
            ],
            [
              20.552885,
              40.065411
            ],
            [
              20.499865,
              40.071457
            ],
            [
              20.481674,
              40.067788
            ],
            [
              20.465965,
              40.060812
            ],
            [
              20.432789,
              40.063809
            ],
            [
              20.413772,
              40.057194
            ],
            [
              20.400439,
              40.045257
            ],
            [
              20.38907,
              40.029444
            ],
            [
              20.380699,
              40.011667
            ],
            [
              20.376461,
              39.993736
            ],
            [
              20.359925,
              39.991048
            ],
            [
              20.310005,
              39.98986
            ],
            [
              20.297913,
              39.986914
            ],
            [
              20.302977,
              39.979111
            ],
            [
              20.317964,
              39.918391
            ],
            [
              20.323131,
              39.912397
            ],
            [
              20.346902,
              39.894259
            ],
            [
              20.392998,
              39.835451
            ],
            [
              20.397028,
              39.818087
            ],
            [
              20.388967,
              39.79814
            ],
            [
              20.371604,
              39.784291
            ],
            [
              20.35455,
              39.78579
            ],
            [
              20.336877,
              39.794006
            ],
            [
              20.299577,
              39.805056
            ],
            [
              20.298326,
              39.805427
            ],
            [
              20.288405,
              39.806615
            ],
            [
              20.280033,
              39.80398
            ],
            [
              20.273005,
              39.796487
            ],
            [
              20.275485,
              39.792404
            ],
            [
              20.281377,
              39.788167
            ],
            [
              20.284684,
              39.780312
            ],
            [
              20.283134,
              39.775144
            ],
            [
              20.276829,
              39.763155
            ],
            [
              20.275692,
              39.760055
            ],
            [
              20.278173,
              39.756748
            ],
            [
              20.285511,
              39.749668
            ],
            [
              20.287268,
              39.746671
            ],
            [
              20.291092,
              39.737937
            ],
            [
              20.296466,
              39.733493
            ],
            [
              20.299463,
              39.728222
            ],
            [
              20.296466,
              39.71737
            ],
            [
              20.28272,
              39.704399
            ],
            [
              20.264117,
              39.696079
            ],
            [
              20.249027,
              39.684814
            ],
            [
              20.24603,
              39.662903
            ],
            [
              20.237245,
              39.667037
            ],
            [
              20.228563,
              39.669156
            ],
            [
              20.220088,
              39.669156
            ],
            [
              20.212027,
              39.667037
            ],
            [
              20.204172,
              39.660319
            ],
            [
              20.203035,
              39.65262
            ],
            [
              20.203449,
              39.645333
            ],
            [
              20.199935,
              39.640062
            ],
            [
              20.184122,
              39.637013
            ],
            [
              20.163761,
              39.6443
            ],
            [
              20.135236,
              39.664195
            ],
            [
              20.089347,
              39.682799
            ],
            [
              20.049556,
              39.69272
            ],
            [
              20.01607,
              39.701402
            ],
            [
              19.999848,
              39.693508
            ],
            [
              19.996837,
              39.692572
            ],
            [
              19.99586,
              39.686713
            ],
            [
              19.989024,
              39.686713
            ],
            [
              19.983572,
              39.701361
            ],
            [
              19.98699,
              39.717963
            ],
            [
              20.002696,
              39.748236
            ],
            [
              19.985606,
              39.75373
            ],
            [
              19.980642,
              39.75731
            ],
            [
              19.99586,
              39.782945
            ],
            [
              20.014171,
              39.832953
            ],
            [
              20.016287,
              39.845038
            ],
            [
              20.009776,
              39.865668
            ],
            [
              19.999278,
              39.871405
            ],
            [
              19.983735,
              39.872382
            ],
            [
              19.961681,
              39.878567
            ],
            [
              19.960216,
              39.881049
            ],
            [
              19.959972,
              39.885077
            ],
            [
              19.958832,
              39.88935
            ],
            [
              19.954845,
              39.892808
            ],
            [
              19.941173,
              39.898993
            ],
            [
              19.931163,
              39.901923
            ],
            [
              19.914073,
              39.902411
            ],
            [
              19.906423,
              39.90644
            ],
            [
              19.906423,
              39.912665
            ],
            [
              19.921235,
              39.926947
            ],
            [
              19.931,
              39.934516
            ],
            [
              19.941173,
              39.940009
            ],
            [
              19.923839,
              39.952826
            ],
            [
              19.876801,
              40.022366
            ],
            [
              19.870453,
              40.034735
            ],
            [
              19.863455,
              40.045356
            ],
            [
              19.855235,
              40.049872
            ],
            [
              19.823253,
              40.050605
            ],
            [
              19.807384,
              40.052883
            ],
            [
              19.79656,
              40.057318
            ],
            [
              19.804535,
              40.063463
            ],
            [
              19.777354,
              40.077786
            ],
            [
              19.773123,
              40.071234
            ],
            [
              19.771658,
              40.068305
            ],
            [
              19.770518,
              40.063463
            ],
            [
              19.767263,
              40.072455
            ],
            [
              19.762462,
              40.07685
            ],
            [
              19.756358,
              40.079901
            ],
            [
              19.74936,
              40.084621
            ],
            [
              19.748057,
              40.088609
            ],
            [
              19.740896,
              40.100409
            ],
            [
              19.732677,
              40.110256
            ],
            [
              19.729015,
              40.108222
            ],
            [
              19.719086,
              40.116034
            ],
            [
              19.653168,
              40.132392
            ],
            [
              19.59783,
              40.157701
            ],
            [
              19.565766,
              40.179836
            ],
            [
              19.509288,
              40.194485
            ],
            [
              19.476248,
              40.21369
            ],
            [
              19.381114,
              40.295233
            ],
            [
              19.369965,
              40.309027
            ],
            [
              19.365082,
              40.317369
            ],
            [
              19.351573,
              40.362047
            ],
            [
              19.344249,
              40.374335
            ],
            [
              19.309255,
              40.400824
            ],
            [
              19.296886,
              40.41356
            ],
            [
              19.295177,
              40.417548
            ],
            [
              19.295177,
              40.418687
            ],
            [
              19.289561,
              40.420396
            ],
            [
              19.289561,
              40.427232
            ],
            [
              19.316173,
              40.437812
            ],
            [
              19.33253,
              40.43891
            ],
            [
              19.348155,
              40.43065
            ],
            [
              19.3838,
              40.397406
            ],
            [
              19.39324,
              40.386298
            ],
            [
              19.406505,
              40.362616
            ],
            [
              19.411957,
              40.34809
            ],
            [
              19.414236,
              40.334418
            ],
            [
              19.423595,
              40.330024
            ],
            [
              19.444591,
              40.333808
            ],
            [
              19.465587,
              40.341498
            ],
            [
              19.474946,
              40.348375
            ],
            [
              19.481619,
              40.439114
            ],
            [
              19.47877,
              40.453925
            ],
            [
              19.453136,
              40.465318
            ],
            [
              19.418793,
              40.491889
            ],
            [
              19.391368,
              40.521796
            ],
            [
              19.386404,
              40.54328
            ],
            [
              19.39324,
              40.537055
            ],
            [
              19.396007,
              40.529608
            ],
            [
              19.398611,
              40.520941
            ],
            [
              19.406749,
              40.522773
            ],
            [
              19.414236,
              40.522773
            ],
            [
              19.433604,
              40.505927
            ],
            [
              19.446056,
              40.511135
            ],
            [
              19.452647,
              40.529853
            ],
            [
              19.4546,
              40.55386
            ],
            [
              19.442149,
              40.573065
            ],
            [
              19.415701,
              40.583482
            ],
            [
              19.391612,
              40.578315
            ],
            [
              19.386404,
              40.550727
            ],
            [
              19.379242,
              40.566148
            ],
            [
              19.309825,
              40.644355
            ],
            [
              19.304373,
              40.653144
            ],
            [
              19.309337,
              40.665025
            ],
            [
              19.322927,
              40.674872
            ],
            [
              19.339041,
              40.684068
            ],
            [
              19.351573,
              40.694159
            ],
            [
              19.360525,
              40.709784
            ],
            [
              19.364513,
              40.726508
            ],
            [
              19.365571,
              40.785956
            ],
            [
              19.368826,
              40.802151
            ],
            [
              19.377778,
              40.812974
            ],
            [
              19.396251,
              40.817043
            ],
            [
              19.406749,
              40.820746
            ],
            [
              19.404063,
              40.829291
            ],
            [
              19.396739,
              40.83869
            ],
            [
              19.39324,
              40.844916
            ],
            [
              19.397634,
              40.852973
            ],
            [
              19.404796,
              40.86107
            ],
            [
              19.411388,
              40.867092
            ],
            [
              19.414236,
              40.868842
            ],
            [
              19.406261,
              40.880316
            ],
            [
              19.391124,
              40.89525
            ],
            [
              19.381196,
              40.908271
            ],
            [
              19.389822,
              40.913804
            ],
            [
              19.404959,
              40.918158
            ],
            [
              19.424571,
              40.939643
            ],
            [
              19.440929,
              40.948635
            ],
            [
              19.427013,
              40.936835
            ],
            [
              19.435395,
              40.913398
            ],
            [
              19.427257,
              40.893378
            ],
            [
              19.427257,
              40.87226
            ],
            [
              19.434744,
              40.87226
            ],
            [
              19.437836,
              40.886542
            ],
            [
              19.437673,
              40.88345
            ],
            [
              19.439138,
              40.880072
            ],
            [
              19.440929,
              40.87226
            ],
            [
              19.454112,
              40.88581
            ],
            [
              19.506602,
              40.905097
            ],
            [
              19.523448,
              40.92064
            ],
            [
              19.525157,
              40.945258
            ],
            [
              19.514659,
              40.964911
            ],
            [
              19.501475,
              40.982978
            ],
            [
              19.495453,
              41.002631
            ],
            [
              19.492035,
              40.976955
            ],
            [
              19.479666,
              40.953925
            ],
            [
              19.453868,
              40.923977
            ],
            [
              19.453461,
              40.928371
            ],
            [
              19.447765,
              40.934312
            ],
            [
              19.458507,
              40.942613
            ],
            [
              19.469981,
              40.956732
            ],
            [
              19.477224,
              40.975002
            ],
            [
              19.474946,
              40.995795
            ],
            [
              19.469981,
              41.000718
            ],
            [
              19.453787,
              41.005845
            ],
            [
              19.447765,
              41.009467
            ],
            [
              19.440603,
              41.020657
            ],
            [
              19.441254,
              41.026028
            ],
            [
              19.445486,
              41.030707
            ],
            [
              19.456391,
              41.106676
            ],
            [
              19.451182,
              41.122707
            ],
            [
              19.445486,
              41.129462
            ],
            [
              19.441173,
              41.137356
            ],
            [
              19.441905,
              41.143866
            ],
            [
              19.463715,
              41.151313
            ],
            [
              19.467133,
              41.162665
            ],
            [
              19.467133,
              41.176174
            ],
            [
              19.468761,
              41.187567
            ],
            [
              19.509532,
              41.237291
            ],
            [
              19.516612,
              41.256415
            ],
            [
              19.513357,
              41.276679
            ],
            [
              19.50294,
              41.294135
            ],
            [
              19.488048,
              41.306464
            ],
            [
              19.471934,
              41.311103
            ],
            [
              19.450043,
              41.311103
            ],
            [
              19.431651,
              41.313707
            ],
            [
              19.418956,
              41.322577
            ],
            [
              19.414236,
              41.341498
            ],
            [
              19.414236,
              41.382799
            ],
            [
              19.410818,
              41.391669
            ],
            [
              19.396007,
              41.402045
            ],
            [
              19.39324,
              41.41352
            ],
            [
              19.406423,
              41.400377
            ],
            [
              19.428722,
              41.401313
            ],
            [
              19.44516,
              41.415188
            ],
            [
              19.440929,
              41.440863
            ],
            [
              19.46461,
              41.450873
            ],
            [
              19.489268,
              41.466132
            ],
            [
              19.508637,
              41.486884
            ],
            [
              19.516612,
              41.513414
            ],
            [
              19.514171,
              41.529975
            ],
            [
              19.507172,
              41.536282
            ],
            [
              19.496349,
              41.538764
            ],
            [
              19.482432,
              41.54385
            ],
            [
              19.468028,
              41.554267
            ],
            [
              19.451996,
              41.574774
            ],
            [
              19.440929,
              41.585395
            ],
            [
              19.528087,
              41.576565
            ],
            [
              19.556407,
              41.583075
            ],
            [
              19.565196,
              41.58511
            ],
            [
              19.584809,
              41.619574
            ],
            [
              19.591645,
              41.619574
            ],
            [
              19.592296,
              41.608588
            ],
            [
              19.596039,
              41.602729
            ],
            [
              19.603038,
              41.601752
            ],
            [
              19.612966,
              41.605292
            ],
            [
              19.604991,
              41.632148
            ],
            [
              19.600108,
              41.639106
            ],
            [
              19.591645,
              41.632636
            ],
            [
              19.587087,
              41.640692
            ],
            [
              19.557628,
              41.660549
            ],
            [
              19.578136,
              41.687649
            ],
            [
              19.576345,
              41.71894
            ],
            [
              19.571137,
              41.752387
            ],
            [
              19.5713,
              41.770413
            ],
            [
              19.589529,
              41.765692
            ],
            [
              19.598969,
              41.778713
            ],
            [
              19.599783,
              41.79975
            ],
            [
              19.591645,
              41.818793
            ],
            [
              19.585216,
              41.818549
            ],
            [
              19.465505,
              41.855455
            ],
            [
              19.451182,
              41.862535
            ],
            [
              19.432953,
              41.868598
            ],
            [
              19.365082,
              41.852362
            ],
            [
              19.364223,
              41.862846
            ],
            [
              19.364947,
              41.888995
            ],
            [
              19.356989,
              41.89964
            ],
            [
              19.347687,
              41.906358
            ],
            [
              19.34531,
              41.910337
            ],
            [
              19.34593,
              41.914471
            ],
            [
              19.345413,
              41.921189
            ],
            [
              19.346653,
              41.926176
            ],
            [
              19.350477,
              41.931369
            ],
            [
              19.352854,
              41.938501
            ],
            [
              19.346447,
              41.961548
            ],
            [
              19.351614,
              41.965166
            ],
            [
              19.359779,
              41.965993
            ],
            [
              19.365774,
              41.969713
            ],
            [
              19.371045,
              41.98656
            ],
            [
              19.363707,
              41.993484
            ],
            [
              19.363396,
              41.993639
            ],
            [
              19.354198,
              42.008703
            ],
            [
              19.350581,
              42.027823
            ],
            [
              19.351718,
              42.047615
            ],
            [
              19.356575,
              42.064798
            ],
            [
              19.374869,
              42.094667
            ],
            [
              19.372491,
              42.104253
            ],
            [
              19.369998,
              42.106507
            ],
            [
              19.355025,
              42.12004
            ],
            [
              19.297767,
              42.151666
            ],
            [
              19.282058,
              42.164559
            ],
            [
              19.281956,
              42.164723
            ],
            [
              19.272033,
              42.180682
            ],
            [
              19.274926,
              42.191276
            ],
            [
              19.304589,
              42.215099
            ],
            [
              19.400397,
              42.325893
            ],
            [
              19.401327,
              42.331061
            ],
            [
              19.400707,
              42.344755
            ],
            [
              19.402671,
              42.352015
            ],
            [
              19.412076,
              42.368397
            ],
            [
              19.417243,
              42.374107
            ],
            [
              19.468403,
              42.41811
            ],
            [
              19.481735,
              42.434491
            ],
            [
              19.501476,
              42.444129
            ],
            [
              19.517806,
              42.45803
            ],
            [
              19.531655,
              42.474773
            ],
            [
              19.543747,
              42.493402
            ],
            [
              19.543747,
              42.493557
            ],
            [
              19.549328,
              42.508595
            ],
            [
              19.561317,
              42.516243
            ],
            [
              19.575683,
              42.522341
            ],
            [
              19.588086,
              42.532857
            ],
            [
              19.593667,
              42.54482
            ],
            [
              19.599248,
              42.571046
            ],
            [
              19.605035,
              42.584844
            ],
            [
              19.621779,
              42.604997
            ],
            [
              19.647927,
              42.627838
            ],
            [
              19.658037,
              42.634613
            ],
            [
              19.676039,
              42.646675
            ],
            [
              19.699293,
              42.654814
            ],
            [
              19.722134,
              42.64608
            ],
            [
              19.737534,
              42.624402
            ],
            [
              19.746009,
              42.5989
            ],
            [
              19.746885,
              42.58893
            ],
            [
              19.747766,
              42.578901
            ],
            [
              19.746009,
              42.579934
            ],
            [
              19.741358,
              42.574405
            ],
            [
              19.733916,
              42.562597
            ],
            [
              19.732159,
              42.555543
            ],
            [
              19.730299,
              42.540428
            ],
            [
              19.730919,
              42.533658
            ],
            [
              19.73433,
              42.524382
            ],
            [
              19.75159,
              42.493402
            ],
            [
              19.784456,
              42.474566
            ],
            [
              19.801406,
              42.468132
            ],
            [
              19.819596,
              42.466479
            ],
            [
              19.829063,
              42.468723
            ],
            [
              19.835512,
              42.470251
            ],
            [
              19.873339,
              42.486839
            ],
            [
              19.882538,
              42.493402
            ],
            [
              19.882745,
              42.493609
            ],
            [
              19.907549,
              42.506399
            ],
            [
              19.956332,
              42.505314
            ],
            [
              19.981757,
              42.510765
            ],
            [
              20.017723,
              42.546241
            ],
            [
              20.039221,
              42.557765
            ],
            [
              20.064956,
              42.546758
            ],
            [
              20.085626,
              42.530015
            ],
            [
              20.135546,
              42.509629
            ],
            [
              20.152392,
              42.493712
            ],
            [
              20.152599,
              42.493712
            ],
            [
              20.152599,
              42.493609
            ],
            [
              20.152702,
              42.493402
            ],
            [
              20.180814,
              42.443095
            ],
            [
              20.186292,
              42.437437
            ],
            [
              20.199728,
              42.427799
            ],
            [
              20.204689,
              42.420099
            ],
            [
              20.204379,
              42.411831
            ],
            [
              20.194043,
              42.4001
            ],
            [
              20.192803,
              42.393693
            ],
            [
              20.197454,
              42.38744
            ],
            [
              20.21306,
              42.377518
            ],
            [
              20.218848,
              42.371446
            ],
            [
              20.221225,
              42.36372
            ],
            [
              20.219468,
              42.350207
            ],
            [
              20.220915,
              42.343101
            ],
            [
              20.229597,
              42.32672
            ],
            [
              20.237762,
              42.319924
            ],
            [
              20.249647,
              42.318607
            ],
            [
              20.317964,
              42.319821
            ],
            [
              20.333363,
              42.317883
            ],
            [
              20.456973,
              42.250497
            ],
            [
              20.473665,
              42.237123
            ],
            [
              20.481674,
              42.230705
            ],
            [
              20.500795,
              42.211223
            ],
            [
              20.538622,
              42.150116
            ],
            [
              20.549371,
              42.123476
            ],
            [
              20.551954,
              42.105803
            ],
            [
              20.552161,
              42.07379
            ],
            [
              20.558259,
              42.055109
            ],
            [
              20.589678,
              41.993639
            ],
            [
              20.594329,
              41.973718
            ],
            [
              20.59929,
              41.960567
            ],
            [
              20.59929,
              41.94788
            ],
            [
              20.588748,
              41.929586
            ],
            [
              20.580583,
              41.921732
            ],
            [
              20.573348,
              41.917675
            ],
            [
              20.567251,
              41.912172
            ],
            [
              20.562496,
              41.900105
            ],
            [
              20.562703,
              41.892845
            ],
            [
              20.567767,
              41.88052
            ],
            [
              20.567147,
              41.873182
            ]
          ]
        ]
      },
      "properties": {
        "id": "92gY",
        "status": "validé",
        "pieces": [
          {
            "kind": "country"
          }
        ]
      }
    },
    {
      "type": "Feature",
      "geometry": {
        "type": "Polygon",
        "coordinates": [
          [
            [
              19.471549987792972,
              40.34371464216263
            ],
            [
              19.47910308837891,
              40.34868418506721
            ],
            [
              19.468460083007816,
              40.39182534438572
            ],
            [
              19.478759765625004,
              40.422399612418474
            ],
            [
              19.489402770996097,
              40.44616999588103
            ],
            [
              19.498672485351566,
              40.44773697861325
            ],
            [
              19.49558258056641,
              40.4297144715585
            ],
            [
              19.487686157226566,
              40.41220973294726
            ],
            [
              19.484939575195316,
              40.40985800313906
            ],
            [
              19.483909606933597,
              40.39417770423624
            ],
            [
              19.48837280273438,
              40.378493753076114
            ],
            [
              19.48562622070313,
              40.36332912891983
            ],
            [
              19.48871612548828,
              40.34580712590683
            ],
            [
              19.48322296142578,
              40.33848314882097
            ],
            [
              19.471549987792972,
              40.34371464216263
            ]
          ]
        ]
      },
      "properties": {
        "id": "A9yo",
        "status": "validé",
        "pieces": [
          {
            "kind": "polygon",
            "ring": [
              [
                19.471549987792972,
                40.34371464216263
              ],
              [
                19.47910308837891,
                40.34868418506721
              ],
              [
                19.468460083007816,
                40.39182534438572
              ],
              [
                19.478759765625004,
                40.422399612418474
              ],
              [
                19.489402770996097,
                40.44616999588103
              ],
              [
                19.498672485351566,
                40.44773697861325
              ],
              [
                19.49558258056641,
                40.4297144715585
              ],
              [
                19.487686157226566,
                40.41220973294726
              ],
              [
                19.484939575195316,
                40.40985800313906
              ],
              [
                19.483909606933597,
                40.39417770423624
              ],
              [
                19.48837280273438,
                40.378493753076114
              ],
              [
                19.48562622070313,
                40.36332912891983
              ],
              [
                19.48871612548828,
                40.34580712590683
              ],
              [
                19.48322296142578,
                40.33848314882097
              ]
            ]
          }
        ]
      }
    },
    {
      "type": "Feature",
      "geometry": {
        "type": "MultiPolygon",
        "coordinates": [
          [
            [
              [
                20.328140258789066,
                39.900082127410734
              ],
              [
                20.31097412109375,
                39.916929775154486
              ],
              [
                20.30754089355469,
                39.93561528609374
              ],
              [
                20.340156555175785,
                39.92061464576122
              ],
              [
                20.363159179687504,
                39.9064004808714
              ],
              [
                20.328140258789066,
                39.900082127410734
              ]
            ]
          ],
          [
            [
              [
                19.493865966796875,
                40.6681363485818
              ],
              [
                19.52476501464844,
                40.62699589067639
              ],
              [
                19.56871032714844,
                40.600683956771555
              ],
              [
                19.599266052246097,
                40.60094452175482
              ],
              [
                19.63565826416016,
                40.57801091537696
              ],
              [
                19.672050476074222,
                40.553765715819324
              ],
              [
                19.729728698730472,
                40.534989207107216
              ],
              [
                19.758567810058597,
                40.51464204977556
              ],
              [
                19.80766296386719,
                40.51881632919975
              ],
              [
                19.859504699707035,
                40.48489278660902
              ],
              [
                19.86087799072266,
                40.438677001342995
              ],
              [
                19.885253906250004,
                40.40105426467062
              ],
              [
                19.936408996582035,
                40.361057055855845
              ],
              [
                19.96524810791016,
                40.36236452951278
              ],
              [
                20.00095367431641,
                40.33751819397439
              ],
              [
                20.029106140136722,
                40.30533513092691
              ],
              [
                20.013999938964844,
                40.30271794738719
              ],
              [
                19.96524810791016,
                40.346150063900474
              ],
              [
                19.947395324707035,
                40.34824247209495
              ],
              [
                19.903450012207035,
                40.36497940075157
              ],
              [
                19.89109039306641,
                40.3777908035536
              ],
              [
                19.85092163085938,
                40.40706486364772
              ],
              [
                19.84336853027344,
                40.43763220943946
              ],
              [
                19.847831726074222,
                40.47079642605476
              ],
              [
                19.826545715332035,
                40.490112909777146
              ],
              [
                19.798393249511722,
                40.51098934208745
              ],
              [
                19.74929809570313,
                40.50394427250552
              ],
              [
                19.715652465820316,
                40.526381548219454
              ],
              [
                19.65831756591797,
                40.54724669126857
              ],
              [
                19.639091491699222,
                40.56263057074101
              ],
              [
                19.621238708496094,
                40.56810533588241
              ],
              [
                19.600296020507812,
                40.59052113021068
              ],
              [
                19.559440612792972,
                40.59208474253776
              ],
              [
                19.516868591308597,
                40.60589506345695
              ],
              [
                19.49111938476563,
                40.6428822376277
              ],
              [
                19.482536315917972,
                40.66735543685925
              ],
              [
                19.493865966796875,
                40.6681363485818
              ]
            ]
          ]
        ]
      },
      "properties": {
        "id": "CS4O",
        "status": "validé",
        "pieces": [
          {
            "kind": "polygon",
            "ring": [
              [
                19.482536315917972,
                40.66735543685925
              ],
              [
                19.49111938476563,
                40.6428822376277
              ],
              [
                19.516868591308597,
                40.60589506345695
              ],
              [
                19.559440612792972,
                40.59208474253776
              ],
              [
                19.600296020507812,
                40.59052113021068
              ],
              [
                19.621238708496094,
                40.56810533588241
              ],
              [
                19.639091491699222,
                40.56263057074101
              ],
              [
                19.65831756591797,
                40.54724669126857
              ],
              [
                19.715652465820316,
                40.526381548219454
              ],
              [
                19.74929809570313,
                40.50394427250552
              ],
              [
                19.798393249511722,
                40.51098934208745
              ],
              [
                19.826545715332035,
                40.490112909777146
              ],
              [
                19.847831726074222,
                40.47079642605476
              ],
              [
                19.84336853027344,
                40.43763220943946
              ],
              [
                19.85092163085938,
                40.40706486364772
              ],
              [
                19.89109039306641,
                40.3777908035536
              ],
              [
                19.903450012207035,
                40.36497940075157
              ],
              [
                19.947395324707035,
                40.34824247209495
              ],
              [
                19.96524810791016,
                40.346150063900474
              ],
              [
                20.013999938964844,
                40.30271794738719
              ],
              [
                20.029106140136722,
                40.30533513092691
              ],
              [
                20.00095367431641,
                40.33751819397439
              ],
              [
                19.96524810791016,
                40.36236452951278
              ],
              [
                19.936408996582035,
                40.361057055855845
              ],
              [
                19.885253906250004,
                40.40105426467062
              ],
              [
                19.86087799072266,
                40.438677001342995
              ],
              [
                19.859504699707035,
                40.48489278660902
              ],
              [
                19.80766296386719,
                40.51881632919975
              ],
              [
                19.758567810058597,
                40.51464204977556
              ],
              [
                19.729728698730472,
                40.534989207107216
              ],
              [
                19.672050476074222,
                40.553765715819324
              ],
              [
                19.63565826416016,
                40.57801091537696
              ],
              [
                19.599266052246097,
                40.60094452175482
              ],
              [
                19.56871032714844,
                40.600683956771555
              ],
              [
                19.52476501464844,
                40.62699589067639
              ],
              [
                19.493865966796875,
                40.6681363485818
              ]
            ]
          },
          {
            "kind": "polygon",
            "ring": [
              [
                20.363159179687504,
                39.9064004808714
              ],
              [
                20.328140258789066,
                39.900082127410734
              ],
              [
                20.31097412109375,
                39.916929775154486
              ],
              [
                20.30754089355469,
                39.93561528609374
              ],
              [
                20.340156555175785,
                39.92061464576122
              ]
            ]
          }
        ]
      }
    },
    {
      "type": "Feature",
      "geometry": {
        "type": "Polygon",
        "coordinates": [
          [
            [
              19.594802856445312,
              42.30944535018205
            ],
            [
              19.569396972656254,
              42.331774900472794
            ],
            [
              19.63462829589844,
              42.40429120698333
            ],
            [
              19.691963195800785,
              42.40449655676386
            ],
            [
              19.757194519042972,
              42.41539208278852
            ],
            [
              19.791870117187504,
              42.40226641348189
            ],
            [
              19.775390625,
              42.385031803921
            ],
            [
              19.715995788574222,
              42.38016139842492
            ],
            [
              19.65660095214844,
              42.38928690095701
            ],
            [
              19.649047851562504,
              42.3284251638695
            ],
            [
              19.594802856445312,
              42.30944535018205
            ]
          ]
        ]
      },
      "properties": {
        "id": "F6zP",
        "status": "validé",
        "pieces": [
          {
            "kind": "polygon",
            "ring": [
              [
                19.594802856445312,
                42.30944535018205
              ],
              [
                19.569396972656254,
                42.331774900472794
              ],
              [
                19.63462829589844,
                42.40429120698333
              ],
              [
                19.691963195800785,
                42.40449655676386
              ],
              [
                19.757194519042972,
                42.41539208278852
              ],
              [
                19.791870117187504,
                42.40226641348189
              ],
              [
                19.775390625,
                42.385031803921
              ],
              [
                19.715995788574222,
                42.38016139842492
              ],
              [
                19.65660095214844,
                42.38928690095701
              ],
              [
                19.649047851562504,
                42.3284251638695
              ]
            ]
          }
        ]
      }
    },
    {
      "type": "Feature",
      "geometry": {
        "type": "Polygon",
        "coordinates": [
          [
            [
              19.68132019042969,
              42.524308437611616
            ],
            [
              19.67239379882813,
              42.54150475513578
            ],
            [
              19.608535766601566,
              42.52532011676737
            ],
            [
              19.56527709960938,
              42.489212380966094
            ],
            [
              19.53231811523438,
              42.44389754624904
            ],
            [
              19.508972167968754,
              42.429628364966725
            ],
            [
              19.519958496093754,
              42.41645513161444
            ],
            [
              19.53781127929688,
              42.420508728984714
            ],
            [
              19.598579406738285,
              42.48330597737384
            ],
            [
              19.63462829589844,
              42.509368586487106
            ],
            [
              19.68132019042969,
              42.524308437611616
            ]
          ]
        ]
      },
      "properties": {
        "id": "F8jb",
        "status": "validé",
        "pieces": [
          {
            "kind": "polygon",
            "ring": [
              [
                19.68132019042969,
                42.524308437611616
              ],
              [
                19.67239379882813,
                42.54150475513578
              ],
              [
                19.608535766601566,
                42.52532011676737
              ],
              [
                19.56527709960938,
                42.489212380966094
              ],
              [
                19.53231811523438,
                42.44389754624904
              ],
              [
                19.508972167968754,
                42.429628364966725
              ],
              [
                19.519958496093754,
                42.41645513161444
              ],
              [
                19.53781127929688,
                42.420508728984714
              ],
              [
                19.598579406738285,
                42.48330597737384
              ],
              [
                19.63462829589844,
                42.509368586487106
              ]
            ]
          }
        ]
      }
    },
    {
      "type": "Feature",
      "geometry": {
        "type": "Polygon",
        "coordinates": [
          [
            [
              19.825515747070316,
              41.77251133693586
            ],
            [
              19.825515747070316,
              41.791960098871904
            ],
            [
              19.986877441406254,
              41.86918503706613
            ],
            [
              20.10429382324219,
              41.91925467506234
            ],
            [
              20.190124511718754,
              42.00193676943944
            ],
            [
              20.29998779296875,
              42.05750816459686
            ],
            [
              20.344619750976566,
              42.084002171202364
            ],
            [
              20.38993835449219,
              42.094189229142046
            ],
            [
              20.440063476562504,
              42.076360804171074
            ],
            [
              20.544433593750004,
              42.15833007240048
            ],
            [
              20.550613403320316,
              42.15171537084864
            ],
            [
              20.495681762695316,
              42.09979141367604
            ],
            [
              20.459976196289066,
              42.051392592698924
            ],
            [
              20.401611328125004,
              42.053940819220344
            ],
            [
              20.383071899414066,
              42.071775542264014
            ],
            [
              20.27114868164063,
              42.003466907510436
            ],
            [
              20.15098571777344,
              41.89933370485987
            ],
            [
              20.034255981445316,
              41.842090206545414
            ],
            [
              19.875640869140625,
              41.773535103049774
            ],
            [
              19.825515747070316,
              41.77251133693586
            ]
          ]
        ]
      },
      "properties": {
        "id": "FWHl",
        "status": "validé",
        "pieces": [
          {
            "kind": "polygon",
            "ring": [
              [
                19.825515747070316,
                41.77251133693586
              ],
              [
                19.825515747070316,
                41.791960098871904
              ],
              [
                19.986877441406254,
                41.86918503706613
              ],
              [
                20.10429382324219,
                41.91925467506234
              ],
              [
                20.190124511718754,
                42.00193676943944
              ],
              [
                20.29998779296875,
                42.05750816459686
              ],
              [
                20.344619750976566,
                42.084002171202364
              ],
              [
                20.38993835449219,
                42.094189229142046
              ],
              [
                20.440063476562504,
                42.076360804171074
              ],
              [
                20.544433593750004,
                42.15833007240048
              ],
              [
                20.550613403320316,
                42.15171537084864
              ],
              [
                20.495681762695316,
                42.09979141367604
              ],
              [
                20.459976196289066,
                42.051392592698924
              ],
              [
                20.401611328125004,
                42.053940819220344
              ],
              [
                20.383071899414066,
                42.071775542264014
              ],
              [
                20.27114868164063,
                42.003466907510436
              ],
              [
                20.15098571777344,
                41.89933370485987
              ],
              [
                20.034255981445316,
                41.842090206545414
              ],
              [
                19.875640869140625,
                41.773535103049774
              ]
            ]
          }
        ]
      }
    },
    {
      "type": "Feature",
      "geometry": {
        "type": "Polygon",
        "coordinates": [
          [
            [
              20.567147,
              41.873182
            ],
            [
              20.541722,
              41.86158
            ],
            [
              20.540786,
              41.844865
            ],
            [
              20.540482,
              41.839437
            ],
            [
              20.54844,
              41.814193
            ],
            [
              20.550136,
              41.80006
            ],
            [
              20.550921,
              41.793522
            ],
            [
              20.54441,
              41.784763
            ],
            [
              20.521155,
              41.767658
            ],
            [
              20.511337,
              41.757943
            ],
            [
              20.503275,
              41.744637
            ],
            [
              20.500381,
              41.734095
            ],
            [
              20.508339,
              41.661748
            ],
            [
              20.513404,
              41.640405
            ],
            [
              20.534591,
              41.594026
            ],
            [
              20.53467,
              41.587324
            ],
            [
              20.534694,
              41.585266
            ],
            [
              20.52932,
              41.574879
            ],
            [
              20.520845,
              41.568368
            ],
            [
              20.507409,
              41.56227
            ],
            [
              20.49294,
              41.557671
            ],
            [
              20.444157,
              41.549661
            ],
            [
              20.447878,
              41.53545
            ],
            [
              20.444984,
              41.508475
            ],
            [
              20.452012,
              41.493592
            ],
            [
              20.463174,
              41.489768
            ],
            [
              20.470822,
              41.483774
            ],
            [
              20.481597,
              41.468269
            ],
            [
              20.483535,
              41.46548
            ],
            [
              20.486842,
              41.457781
            ],
            [
              20.488909,
              41.441451
            ],
            [
              20.490873,
              41.436025
            ],
            [
              20.498004,
              41.431477
            ],
            [
              20.514644,
              41.429462
            ],
            [
              20.522189,
              41.42569
            ],
            [
              20.534074,
              41.412977
            ],
            [
              20.539049,
              41.402944
            ],
            [
              20.540172,
              41.400678
            ],
            [
              20.539965,
              41.387139
            ],
            [
              20.532937,
              41.370447
            ],
            [
              20.523429,
              41.356805
            ],
            [
              20.510407,
              41.344403
            ],
            [
              20.49604,
              41.337788
            ],
            [
              20.481674,
              41.341199
            ],
            [
              20.478108,
              41.321585
            ],
            [
              20.477747,
              41.319598
            ],
            [
              20.483121,
              41.289471
            ],
            [
              20.500071,
              41.23552
            ],
            [
              20.51268,
              41.210147
            ],
            [
              20.549681,
              41.170615
            ],
            [
              20.565494,
              41.147412
            ],
            [
              20.570558,
              41.124829
            ],
            [
              20.569938,
              41.107104
            ],
            [
              20.576966,
              41.093513
            ],
            [
              20.597419,
              41.086273
            ],
            [
              20.605284,
              41.083488
            ],
            [
              20.618927,
              41.082403
            ],
            [
              20.631536,
              41.082868
            ],
            [
              20.634129,
              41.082576
            ],
            [
              20.643008,
              41.081576
            ],
            [
              20.65386,
              41.075272
            ],
            [
              20.664092,
              41.059149
            ],
            [
              20.683419,
              40.99383
            ],
            [
              20.702746,
              40.936314
            ],
            [
              20.717216,
              40.913214
            ],
            [
              20.730573,
              40.904611
            ],
            [
              20.740883,
              40.89797
            ],
            [
              20.766102,
              40.893732
            ],
            [
              20.783672,
              40.899055
            ],
            [
              20.816951,
              40.920242
            ],
            [
              20.836544,
              40.923904
            ],
            [
              20.837415,
              40.924066
            ],
            [
              20.890228,
              40.918279
            ],
            [
              20.939941,
              40.907065
            ],
            [
              20.956684,
              40.894766
            ],
            [
              20.964849,
              40.875956
            ],
            [
              20.965262,
              40.849394
            ],
            [
              20.967019,
              40.802007
            ],
            [
              20.960922,
              40.780768
            ],
            [
              20.943662,
              40.765265
            ],
            [
              20.95348,
              40.759167
            ],
            [
              20.957201,
              40.751622
            ],
            [
              20.959165,
              40.743561
            ],
            [
              20.963505,
              40.736068
            ],
            [
              20.992031,
              40.7155
            ],
            [
              21.018593,
              40.690902
            ],
            [
              21.028825,
              40.676846
            ],
            [
              21.035336,
              40.65938
            ],
            [
              21.036679,
              40.639743
            ],
            [
              21.033165,
              40.621398
            ],
            [
              21.02252,
              40.586619
            ],
            [
              21.020763,
              40.575096
            ],
            [
              21.02035,
              40.566776
            ],
            [
              21.018799,
              40.558972
            ],
            [
              21.013528,
              40.548896
            ],
            [
              21.006707,
              40.543211
            ],
            [
              20.997509,
              40.53918
            ],
            [
              20.98831,
              40.533496
            ],
            [
              20.981489,
              40.523264
            ],
            [
              20.96857,
              40.520577
            ],
            [
              20.957924,
              40.514944
            ],
            [
              20.95193,
              40.506056
            ],
            [
              20.952653,
              40.493653
            ],
            [
              20.94976,
              40.487866
            ],
            [
              20.946452,
              40.482905
            ],
            [
              20.93684,
              40.472518
            ],
            [
              20.911932,
              40.459547
            ],
            [
              20.889608,
              40.463733
            ],
            [
              20.866767,
              40.472053
            ],
            [
              20.839999,
              40.471639
            ],
            [
              20.826666,
              40.464818
            ],
            [
              20.821292,
              40.456395
            ],
            [
              20.817365,
              40.446835
            ],
            [
              20.8092,
              40.436603
            ],
            [
              20.800311,
              40.432779
            ],
            [
              20.779537,
              40.429006
            ],
            [
              20.770649,
              40.421978
            ],
            [
              20.768995,
              40.412573
            ],
            [
              20.773336,
              40.38534
            ],
            [
              20.773853,
              40.374901
            ],
            [
              20.770442,
              40.36255
            ],
            [
              20.765998,
              40.354282
            ],
            [
              20.755043,
              40.338624
            ],
            [
              20.739552,
              40.309166
            ],
            [
              20.736646,
              40.303639
            ],
            [
              20.728791,
              40.298265
            ],
            [
              20.717836,
              40.293924
            ],
            [
              20.706984,
              40.288085
            ],
            [
              20.699129,
              40.278369
            ],
            [
              20.694581,
              40.25558
            ],
            [
              20.696648,
              40.235581
            ],
            [
              20.696442,
              40.215066
            ],
            [
              20.68528,
              40.191191
            ],
            [
              20.679802,
              40.187832
            ],
            [
              20.665022,
              40.18437
            ],
            [
              20.660372,
              40.178892
            ],
            [
              20.659855,
              40.172743
            ],
            [
              20.663162,
              40.161684
            ],
            [
              20.663472,
              40.15662
            ],
            [
              20.668226,
              40.138068
            ],
            [
              20.666779,
              40.13352
            ],
            [
              20.651793,
              40.101016
            ],
            [
              20.647556,
              40.09404
            ],
            [
              20.640218,
              40.090112
            ],
            [
              20.615361,
              40.081017
            ],
            [
              20.577793,
              40.067271
            ],
            [
              20.552885,
              40.065411
            ],
            [
              20.499865,
              40.071457
            ],
            [
              20.481674,
              40.067788
            ],
            [
              20.465965,
              40.060812
            ],
            [
              20.432789,
              40.063809
            ],
            [
              20.413772,
              40.057194
            ],
            [
              20.400439,
              40.045257
            ],
            [
              20.38907,
              40.029444
            ],
            [
              20.380699,
              40.011667
            ],
            [
              20.376461,
              39.993736
            ],
            [
              20.359925,
              39.991048
            ],
            [
              20.310005,
              39.98986
            ],
            [
              20.297913,
              39.986914
            ],
            [
              20.302977,
              39.979111
            ],
            [
              20.317964,
              39.918391
            ],
            [
              20.323131,
              39.912397
            ],
            [
              20.346902,
              39.894259
            ],
            [
              20.392998,
              39.835451
            ],
            [
              20.397028,
              39.818087
            ],
            [
              20.388967,
              39.79814
            ],
            [
              20.371604,
              39.784291
            ],
            [
              20.35455,
              39.78579
            ],
            [
              20.336877,
              39.794006
            ],
            [
              20.299577,
              39.805056
            ],
            [
              20.298326,
              39.805427
            ],
            [
              20.288405,
              39.806615
            ],
            [
              20.280033,
              39.80398
            ],
            [
              20.273005,
              39.796487
            ],
            [
              20.275485,
              39.792404
            ],
            [
              20.281377,
              39.788167
            ],
            [
              20.284684,
              39.780312
            ],
            [
              20.283134,
              39.775144
            ],
            [
              20.276829,
              39.763155
            ],
            [
              20.275692,
              39.760055
            ],
            [
              20.278173,
              39.756748
            ],
            [
              20.285511,
              39.749668
            ],
            [
              20.287268,
              39.746671
            ],
            [
              20.291092,
              39.737937
            ],
            [
              20.296466,
              39.733493
            ],
            [
              20.299463,
              39.728222
            ],
            [
              20.296466,
              39.71737
            ],
            [
              20.28272,
              39.704399
            ],
            [
              20.264117,
              39.696079
            ],
            [
              20.249027,
              39.684814
            ],
            [
              20.24603,
              39.662903
            ],
            [
              20.237245,
              39.667037
            ],
            [
              20.228563,
              39.669156
            ],
            [
              20.220088,
              39.669156
            ],
            [
              20.212027,
              39.667037
            ],
            [
              20.204172,
              39.660319
            ],
            [
              20.203035,
              39.65262
            ],
            [
              20.203449,
              39.645333
            ],
            [
              20.199935,
              39.640062
            ],
            [
              20.184122,
              39.637013
            ],
            [
              20.163761,
              39.6443
            ],
            [
              20.135236,
              39.664195
            ],
            [
              20.089347,
              39.682799
            ],
            [
              20.049556,
              39.69272
            ],
            [
              20.01607,
              39.701402
            ],
            [
              19.999848,
              39.693508
            ],
            [
              19.996837,
              39.692572
            ],
            [
              19.99586,
              39.686713
            ],
            [
              19.989024,
              39.686713
            ],
            [
              19.983572,
              39.701361
            ],
            [
              19.98699,
              39.717963
            ],
            [
              20.002696,
              39.748236
            ],
            [
              19.985606,
              39.75373
            ],
            [
              19.980642,
              39.75731
            ],
            [
              19.99586,
              39.782945
            ],
            [
              20.014171,
              39.832953
            ],
            [
              20.016287,
              39.845038
            ],
            [
              20.009776,
              39.865668
            ],
            [
              19.999278,
              39.871405
            ],
            [
              19.983735,
              39.872382
            ],
            [
              19.961681,
              39.878567
            ],
            [
              19.960216,
              39.881049
            ],
            [
              19.959972,
              39.885077
            ],
            [
              19.958832,
              39.88935
            ],
            [
              19.954845,
              39.892808
            ],
            [
              19.941173,
              39.898993
            ],
            [
              19.931163,
              39.901923
            ],
            [
              19.914073,
              39.902411
            ],
            [
              19.906423,
              39.90644
            ],
            [
              19.906423,
              39.912665
            ],
            [
              19.921235,
              39.926947
            ],
            [
              19.931,
              39.934516
            ],
            [
              19.941173,
              39.940009
            ],
            [
              19.923839,
              39.952826
            ],
            [
              19.876801,
              40.022366
            ],
            [
              19.870453,
              40.034735
            ],
            [
              19.863455,
              40.045356
            ],
            [
              19.855235,
              40.049872
            ],
            [
              19.823253,
              40.050605
            ],
            [
              19.807384,
              40.052883
            ],
            [
              19.79656,
              40.057318
            ],
            [
              19.804535,
              40.063463
            ],
            [
              19.777354,
              40.077786
            ],
            [
              19.773123,
              40.071234
            ],
            [
              19.771658,
              40.068305
            ],
            [
              19.770518,
              40.063463
            ],
            [
              19.767263,
              40.072455
            ],
            [
              19.762462,
              40.07685
            ],
            [
              19.756358,
              40.079901
            ],
            [
              19.74936,
              40.084621
            ],
            [
              19.748057,
              40.088609
            ],
            [
              19.740896,
              40.100409
            ],
            [
              19.732677,
              40.110256
            ],
            [
              19.729015,
              40.108222
            ],
            [
              19.719086,
              40.116034
            ],
            [
              19.653168,
              40.132392
            ],
            [
              19.59783,
              40.157701
            ],
            [
              19.565766,
              40.179836
            ],
            [
              19.509288,
              40.194485
            ],
            [
              19.476248,
              40.21369
            ],
            [
              19.381114,
              40.295233
            ],
            [
              19.369965,
              40.309027
            ],
            [
              19.365082,
              40.317369
            ],
            [
              19.351573,
              40.362047
            ],
            [
              19.344249,
              40.374335
            ],
            [
              19.309255,
              40.400824
            ],
            [
              19.296886,
              40.41356
            ],
            [
              19.295177,
              40.417548
            ],
            [
              19.295177,
              40.418687
            ],
            [
              19.289561,
              40.420396
            ],
            [
              19.289561,
              40.427232
            ],
            [
              19.316173,
              40.437812
            ],
            [
              19.33253,
              40.43891
            ],
            [
              19.348155,
              40.43065
            ],
            [
              19.3838,
              40.397406
            ],
            [
              19.39324,
              40.386298
            ],
            [
              19.406505,
              40.362616
            ],
            [
              19.411957,
              40.34809
            ],
            [
              19.414236,
              40.334418
            ],
            [
              19.423595,
              40.330024
            ],
            [
              19.444591,
              40.333808
            ],
            [
              19.465587,
              40.341498
            ],
            [
              19.474946,
              40.348375
            ],
            [
              19.481619,
              40.439114
            ],
            [
              19.47877,
              40.453925
            ],
            [
              19.453136,
              40.465318
            ],
            [
              19.418793,
              40.491889
            ],
            [
              19.391368,
              40.521796
            ],
            [
              19.386404,
              40.54328
            ],
            [
              19.39324,
              40.537055
            ],
            [
              19.396007,
              40.529608
            ],
            [
              19.398611,
              40.520941
            ],
            [
              19.406749,
              40.522773
            ],
            [
              19.414236,
              40.522773
            ],
            [
              19.433604,
              40.505927
            ],
            [
              19.446056,
              40.511135
            ],
            [
              19.452647,
              40.529853
            ],
            [
              19.4546,
              40.55386
            ],
            [
              19.442149,
              40.573065
            ],
            [
              19.415701,
              40.583482
            ],
            [
              19.391612,
              40.578315
            ],
            [
              19.386404,
              40.550727
            ],
            [
              19.379242,
              40.566148
            ],
            [
              19.309825,
              40.644355
            ],
            [
              19.304373,
              40.653144
            ],
            [
              19.309337,
              40.665025
            ],
            [
              19.322927,
              40.674872
            ],
            [
              19.339041,
              40.684068
            ],
            [
              19.351573,
              40.694159
            ],
            [
              19.360525,
              40.709784
            ],
            [
              19.364513,
              40.726508
            ],
            [
              19.365571,
              40.785956
            ],
            [
              19.368826,
              40.802151
            ],
            [
              19.377778,
              40.812974
            ],
            [
              19.396251,
              40.817043
            ],
            [
              19.406749,
              40.820746
            ],
            [
              19.404063,
              40.829291
            ],
            [
              19.396739,
              40.83869
            ],
            [
              19.39324,
              40.844916
            ],
            [
              19.397634,
              40.852973
            ],
            [
              19.404796,
              40.86107
            ],
            [
              19.411388,
              40.867092
            ],
            [
              19.414236,
              40.868842
            ],
            [
              19.406261,
              40.880316
            ],
            [
              19.391124,
              40.89525
            ],
            [
              19.381196,
              40.908271
            ],
            [
              19.389822,
              40.913804
            ],
            [
              19.404959,
              40.918158
            ],
            [
              19.424571,
              40.939643
            ],
            [
              19.440929,
              40.948635
            ],
            [
              19.427013,
              40.936835
            ],
            [
              19.435395,
              40.913398
            ],
            [
              19.427257,
              40.893378
            ],
            [
              19.427257,
              40.87226
            ],
            [
              19.434744,
              40.87226
            ],
            [
              19.437836,
              40.886542
            ],
            [
              19.437673,
              40.88345
            ],
            [
              19.439138,
              40.880072
            ],
            [
              19.440929,
              40.87226
            ],
            [
              19.454112,
              40.88581
            ],
            [
              19.506602,
              40.905097
            ],
            [
              19.523448,
              40.92064
            ],
            [
              19.525157,
              40.945258
            ],
            [
              19.514659,
              40.964911
            ],
            [
              19.501475,
              40.982978
            ],
            [
              19.495453,
              41.002631
            ],
            [
              19.492035,
              40.976955
            ],
            [
              19.479666,
              40.953925
            ],
            [
              19.453868,
              40.923977
            ],
            [
              19.453461,
              40.928371
            ],
            [
              19.447765,
              40.934312
            ],
            [
              19.458507,
              40.942613
            ],
            [
              19.469981,
              40.956732
            ],
            [
              19.477224,
              40.975002
            ],
            [
              19.474946,
              40.995795
            ],
            [
              19.469981,
              41.000718
            ],
            [
              19.453787,
              41.005845
            ],
            [
              19.447765,
              41.009467
            ],
            [
              19.440603,
              41.020657
            ],
            [
              19.441254,
              41.026028
            ],
            [
              19.445486,
              41.030707
            ],
            [
              19.456391,
              41.106676
            ],
            [
              19.451182,
              41.122707
            ],
            [
              19.445486,
              41.129462
            ],
            [
              19.441173,
              41.137356
            ],
            [
              19.441905,
              41.143866
            ],
            [
              19.463715,
              41.151313
            ],
            [
              19.467133,
              41.162665
            ],
            [
              19.467133,
              41.176174
            ],
            [
              19.468761,
              41.187567
            ],
            [
              19.509532,
              41.237291
            ],
            [
              19.516612,
              41.256415
            ],
            [
              19.513357,
              41.276679
            ],
            [
              19.50294,
              41.294135
            ],
            [
              19.488048,
              41.306464
            ],
            [
              19.471934,
              41.311103
            ],
            [
              19.450043,
              41.311103
            ],
            [
              19.431651,
              41.313707
            ],
            [
              19.418956,
              41.322577
            ],
            [
              19.414236,
              41.341498
            ],
            [
              19.414236,
              41.382799
            ],
            [
              19.410818,
              41.391669
            ],
            [
              19.396007,
              41.402045
            ],
            [
              19.39324,
              41.41352
            ],
            [
              19.406423,
              41.400377
            ],
            [
              19.428722,
              41.401313
            ],
            [
              19.44516,
              41.415188
            ],
            [
              19.440929,
              41.440863
            ],
            [
              19.46461,
              41.450873
            ],
            [
              19.489268,
              41.466132
            ],
            [
              19.508637,
              41.486884
            ],
            [
              19.516612,
              41.513414
            ],
            [
              19.514171,
              41.529975
            ],
            [
              19.507172,
              41.536282
            ],
            [
              19.496349,
              41.538764
            ],
            [
              19.482432,
              41.54385
            ],
            [
              19.468028,
              41.554267
            ],
            [
              19.451996,
              41.574774
            ],
            [
              19.440929,
              41.585395
            ],
            [
              19.528087,
              41.576565
            ],
            [
              19.556407,
              41.583075
            ],
            [
              19.565196,
              41.58511
            ],
            [
              19.584809,
              41.619574
            ],
            [
              19.591645,
              41.619574
            ],
            [
              19.592296,
              41.608588
            ],
            [
              19.596039,
              41.602729
            ],
            [
              19.603038,
              41.601752
            ],
            [
              19.612966,
              41.605292
            ],
            [
              19.604991,
              41.632148
            ],
            [
              19.600108,
              41.639106
            ],
            [
              19.591645,
              41.632636
            ],
            [
              19.587087,
              41.640692
            ],
            [
              19.557628,
              41.660549
            ],
            [
              19.578136,
              41.687649
            ],
            [
              19.576345,
              41.71894
            ],
            [
              19.571137,
              41.752387
            ],
            [
              19.5713,
              41.770413
            ],
            [
              19.589529,
              41.765692
            ],
            [
              19.598969,
              41.778713
            ],
            [
              19.599783,
              41.79975
            ],
            [
              19.591645,
              41.818793
            ],
            [
              19.585216,
              41.818549
            ],
            [
              19.465505,
              41.855455
            ],
            [
              19.451182,
              41.862535
            ],
            [
              19.432953,
              41.868598
            ],
            [
              19.365082,
              41.852362
            ],
            [
              19.364223,
              41.862846
            ],
            [
              19.364947,
              41.888995
            ],
            [
              19.356989,
              41.89964
            ],
            [
              19.347687,
              41.906358
            ],
            [
              19.34531,
              41.910337
            ],
            [
              19.34593,
              41.914471
            ],
            [
              19.345413,
              41.921189
            ],
            [
              19.346653,
              41.926176
            ],
            [
              19.350477,
              41.931369
            ],
            [
              19.352854,
              41.938501
            ],
            [
              19.346447,
              41.961548
            ],
            [
              19.351614,
              41.965166
            ],
            [
              19.359779,
              41.965993
            ],
            [
              19.365774,
              41.969713
            ],
            [
              19.371045,
              41.98656
            ],
            [
              19.363707,
              41.993484
            ],
            [
              19.363396,
              41.993639
            ],
            [
              19.354198,
              42.008703
            ],
            [
              19.350581,
              42.027823
            ],
            [
              19.351718,
              42.047615
            ],
            [
              19.356575,
              42.064798
            ],
            [
              19.374869,
              42.094667
            ],
            [
              19.372491,
              42.104253
            ],
            [
              19.369998,
              42.106507
            ],
            [
              19.355025,
              42.12004
            ],
            [
              19.297767,
              42.151666
            ],
            [
              19.282058,
              42.164559
            ],
            [
              19.281956,
              42.164723
            ],
            [
              19.272033,
              42.180682
            ],
            [
              19.274926,
              42.191276
            ],
            [
              19.304589,
              42.215099
            ],
            [
              19.400397,
              42.325893
            ],
            [
              19.401327,
              42.331061
            ],
            [
              19.400707,
              42.344755
            ],
            [
              19.402671,
              42.352015
            ],
            [
              19.412076,
              42.368397
            ],
            [
              19.417243,
              42.374107
            ],
            [
              19.468403,
              42.41811
            ],
            [
              19.481735,
              42.434491
            ],
            [
              19.501476,
              42.444129
            ],
            [
              19.517806,
              42.45803
            ],
            [
              19.531655,
              42.474773
            ],
            [
              19.543747,
              42.493402
            ],
            [
              19.543747,
              42.493557
            ],
            [
              19.549328,
              42.508595
            ],
            [
              19.561317,
              42.516243
            ],
            [
              19.575683,
              42.522341
            ],
            [
              19.588086,
              42.532857
            ],
            [
              19.593667,
              42.54482
            ],
            [
              19.599248,
              42.571046
            ],
            [
              19.605035,
              42.584844
            ],
            [
              19.621779,
              42.604997
            ],
            [
              19.647927,
              42.627838
            ],
            [
              19.658037,
              42.634613
            ],
            [
              19.676039,
              42.646675
            ],
            [
              19.699293,
              42.654814
            ],
            [
              19.722134,
              42.64608
            ],
            [
              19.737534,
              42.624402
            ],
            [
              19.746009,
              42.5989
            ],
            [
              19.746885,
              42.58893
            ],
            [
              19.747766,
              42.578901
            ],
            [
              19.746009,
              42.579934
            ],
            [
              19.741358,
              42.574405
            ],
            [
              19.733916,
              42.562597
            ],
            [
              19.732159,
              42.555543
            ],
            [
              19.730299,
              42.540428
            ],
            [
              19.730919,
              42.533658
            ],
            [
              19.73433,
              42.524382
            ],
            [
              19.75159,
              42.493402
            ],
            [
              19.784456,
              42.474566
            ],
            [
              19.801406,
              42.468132
            ],
            [
              19.819596,
              42.466479
            ],
            [
              19.829063,
              42.468723
            ],
            [
              19.835512,
              42.470251
            ],
            [
              19.873339,
              42.486839
            ],
            [
              19.882538,
              42.493402
            ],
            [
              19.882745,
              42.493609
            ],
            [
              19.907549,
              42.506399
            ],
            [
              19.956332,
              42.505314
            ],
            [
              19.981757,
              42.510765
            ],
            [
              20.017723,
              42.546241
            ],
            [
              20.039221,
              42.557765
            ],
            [
              20.064956,
              42.546758
            ],
            [
              20.085626,
              42.530015
            ],
            [
              20.135546,
              42.509629
            ],
            [
              20.152392,
              42.493712
            ],
            [
              20.152599,
              42.493712
            ],
            [
              20.152599,
              42.493609
            ],
            [
              20.152702,
              42.493402
            ],
            [
              20.180814,
              42.443095
            ],
            [
              20.186292,
              42.437437
            ],
            [
              20.199728,
              42.427799
            ],
            [
              20.204689,
              42.420099
            ],
            [
              20.204379,
              42.411831
            ],
            [
              20.194043,
              42.4001
            ],
            [
              20.192803,
              42.393693
            ],
            [
              20.197454,
              42.38744
            ],
            [
              20.21306,
              42.377518
            ],
            [
              20.218848,
              42.371446
            ],
            [
              20.221225,
              42.36372
            ],
            [
              20.219468,
              42.350207
            ],
            [
              20.220915,
              42.343101
            ],
            [
              20.229597,
              42.32672
            ],
            [
              20.237762,
              42.319924
            ],
            [
              20.249647,
              42.318607
            ],
            [
              20.317964,
              42.319821
            ],
            [
              20.333363,
              42.317883
            ],
            [
              20.456973,
              42.250497
            ],
            [
              20.473665,
              42.237123
            ],
            [
              20.481674,
              42.230705
            ],
            [
              20.500795,
              42.211223
            ],
            [
              20.538622,
              42.150116
            ],
            [
              20.549371,
              42.123476
            ],
            [
              20.551954,
              42.105803
            ],
            [
              20.552161,
              42.07379
            ],
            [
              20.558259,
              42.055109
            ],
            [
              20.589678,
              41.993639
            ],
            [
              20.594329,
              41.973718
            ],
            [
              20.59929,
              41.960567
            ],
            [
              20.59929,
              41.94788
            ],
            [
              20.588748,
              41.929586
            ],
            [
              20.580583,
              41.921732
            ],
            [
              20.573348,
              41.917675
            ],
            [
              20.567251,
              41.912172
            ],
            [
              20.562496,
              41.900105
            ],
            [
              20.562703,
              41.892845
            ],
            [
              20.567767,
              41.88052
            ],
            [
              20.567147,
              41.873182
            ]
          ]
        ]
      },
      "properties": {
        "id": "IKcR",
        "status": "validé",
        "pieces": [
          {
            "kind": "country"
          }
        ]
      }
    },
    {
      "type": "Feature",
      "geometry": null,
      "properties": {
        "id": "LCAs",
        "status": "rejeté",
        "pieces": []
      }
    },
    {
      "type": "Feature",
      "geometry": {
        "type": "MultiPolygon",
        "coordinates": [
          [
            [
              [
                19.654541015625004,
                41.0597727002165
              ],
              [
                19.663467407226562,
                41.04579776371134
              ],
              [
                19.67788696289063,
                41.00074722080853
              ],
              [
                19.690933227539066,
                40.96447728660962
              ],
              [
                19.679260253906254,
                40.95359241695843
              ],
              [
                19.65591430664063,
                40.96752139651697
              ],
              [
                19.64801788330078,
                41.034860860119004
              ],
              [
                19.64115142822266,
                41.05530806743197
              ],
              [
                19.654541015625004,
                41.0597727002165
              ]
            ]
          ],
          [
            [
              [
                19.47738647460938,
                41.34234383095869
              ],
              [
                19.537124633789066,
                41.36655868809509
              ],
              [
                19.613342285156254,
                41.38098027853105
              ],
              [
                19.632568359375004,
                41.40826953471655
              ],
              [
                19.668273925781254,
                41.39230928509293
              ],
              [
                19.692993164062504,
                41.37273976121621
              ],
              [
                19.73350524902344,
                41.36552845214829
              ],
              [
                19.78294372558594,
                41.3480119453526
              ],
              [
                19.775390625,
                41.33822125604517
              ],
              [
                19.69711303710938,
                41.359861862862964
              ],
              [
                19.66209411621094,
                41.37170962314398
              ],
              [
                19.64492797851563,
                41.39488378401458
              ],
              [
                19.62844848632813,
                41.36707379995141
              ],
              [
                19.57077026367188,
                41.36501332805783
              ],
              [
                19.523391723632816,
                41.34543559088407
              ],
              [
                19.490432739257816,
                41.332036904371215
              ],
              [
                19.47738647460938,
                41.34234383095869
              ]
            ]
          ]
        ]
      },
      "properties": {
        "id": "LNw7",
        "status": "validé",
        "pieces": [
          {
            "kind": "polygon",
            "ring": [
              [
                19.64115142822266,
                41.05530806743197
              ],
              [
                19.64801788330078,
                41.034860860119004
              ],
              [
                19.65591430664063,
                40.96752139651697
              ],
              [
                19.679260253906254,
                40.95359241695843
              ],
              [
                19.690933227539066,
                40.96447728660962
              ],
              [
                19.67788696289063,
                41.00074722080853
              ],
              [
                19.663467407226562,
                41.04579776371134
              ],
              [
                19.654541015625004,
                41.0597727002165
              ]
            ]
          },
          {
            "kind": "polygon",
            "ring": [
              [
                19.490432739257816,
                41.332036904371215
              ],
              [
                19.523391723632816,
                41.34543559088407
              ],
              [
                19.57077026367188,
                41.36501332805783
              ],
              [
                19.62844848632813,
                41.36707379995141
              ],
              [
                19.64492797851563,
                41.39488378401458
              ],
              [
                19.66209411621094,
                41.37170962314398
              ],
              [
                19.69711303710938,
                41.359861862862964
              ],
              [
                19.775390625,
                41.33822125604517
              ],
              [
                19.78294372558594,
                41.3480119453526
              ],
              [
                19.73350524902344,
                41.36552845214829
              ],
              [
                19.692993164062504,
                41.37273976121621
              ],
              [
                19.668273925781254,
                41.39230928509293
              ],
              [
                19.632568359375004,
                41.40826953471655
              ],
              [
                19.613342285156254,
                41.38098027853105
              ],
              [
                19.537124633789066,
                41.36655868809509
              ],
              [
                19.47738647460938,
                41.34234383095869
              ]
            ]
          }
        ]
      }
    },
    {
      "type": "Feature",
      "geometry": {
        "type": "Polygon",
        "coordinates": [
          [
            [
              20.567147,
              41.873182
            ],
            [
              20.541722,
              41.86158
            ],
            [
              20.540786,
              41.844865
            ],
            [
              20.540482,
              41.839437
            ],
            [
              20.54844,
              41.814193
            ],
            [
              20.550136,
              41.80006
            ],
            [
              20.550921,
              41.793522
            ],
            [
              20.54441,
              41.784763
            ],
            [
              20.521155,
              41.767658
            ],
            [
              20.511337,
              41.757943
            ],
            [
              20.503275,
              41.744637
            ],
            [
              20.500381,
              41.734095
            ],
            [
              20.508339,
              41.661748
            ],
            [
              20.513404,
              41.640405
            ],
            [
              20.534591,
              41.594026
            ],
            [
              20.53467,
              41.587324
            ],
            [
              20.534694,
              41.585266
            ],
            [
              20.52932,
              41.574879
            ],
            [
              20.520845,
              41.568368
            ],
            [
              20.507409,
              41.56227
            ],
            [
              20.49294,
              41.557671
            ],
            [
              20.444157,
              41.549661
            ],
            [
              20.447878,
              41.53545
            ],
            [
              20.444984,
              41.508475
            ],
            [
              20.452012,
              41.493592
            ],
            [
              20.463174,
              41.489768
            ],
            [
              20.470822,
              41.483774
            ],
            [
              20.481597,
              41.468269
            ],
            [
              20.483535,
              41.46548
            ],
            [
              20.486842,
              41.457781
            ],
            [
              20.488909,
              41.441451
            ],
            [
              20.490873,
              41.436025
            ],
            [
              20.498004,
              41.431477
            ],
            [
              20.514644,
              41.429462
            ],
            [
              20.522189,
              41.42569
            ],
            [
              20.534074,
              41.412977
            ],
            [
              20.539049,
              41.402944
            ],
            [
              20.540172,
              41.400678
            ],
            [
              20.539965,
              41.387139
            ],
            [
              20.532937,
              41.370447
            ],
            [
              20.523429,
              41.356805
            ],
            [
              20.510407,
              41.344403
            ],
            [
              20.49604,
              41.337788
            ],
            [
              20.481674,
              41.341199
            ],
            [
              20.478108,
              41.321585
            ],
            [
              20.477747,
              41.319598
            ],
            [
              20.483121,
              41.289471
            ],
            [
              20.500071,
              41.23552
            ],
            [
              20.51268,
              41.210147
            ],
            [
              20.549681,
              41.170615
            ],
            [
              20.565494,
              41.147412
            ],
            [
              20.570558,
              41.124829
            ],
            [
              20.569938,
              41.107104
            ],
            [
              20.576966,
              41.093513
            ],
            [
              20.597419,
              41.086273
            ],
            [
              20.605284,
              41.083488
            ],
            [
              20.618927,
              41.082403
            ],
            [
              20.631536,
              41.082868
            ],
            [
              20.634129,
              41.082576
            ],
            [
              20.643008,
              41.081576
            ],
            [
              20.65386,
              41.075272
            ],
            [
              20.664092,
              41.059149
            ],
            [
              20.683419,
              40.99383
            ],
            [
              20.702746,
              40.936314
            ],
            [
              20.717216,
              40.913214
            ],
            [
              20.730573,
              40.904611
            ],
            [
              20.740883,
              40.89797
            ],
            [
              20.766102,
              40.893732
            ],
            [
              20.783672,
              40.899055
            ],
            [
              20.816951,
              40.920242
            ],
            [
              20.836544,
              40.923904
            ],
            [
              20.837415,
              40.924066
            ],
            [
              20.890228,
              40.918279
            ],
            [
              20.939941,
              40.907065
            ],
            [
              20.956684,
              40.894766
            ],
            [
              20.964849,
              40.875956
            ],
            [
              20.965262,
              40.849394
            ],
            [
              20.967019,
              40.802007
            ],
            [
              20.960922,
              40.780768
            ],
            [
              20.943662,
              40.765265
            ],
            [
              20.95348,
              40.759167
            ],
            [
              20.957201,
              40.751622
            ],
            [
              20.959165,
              40.743561
            ],
            [
              20.963505,
              40.736068
            ],
            [
              20.992031,
              40.7155
            ],
            [
              21.018593,
              40.690902
            ],
            [
              21.028825,
              40.676846
            ],
            [
              21.035336,
              40.65938
            ],
            [
              21.036679,
              40.639743
            ],
            [
              21.033165,
              40.621398
            ],
            [
              21.02252,
              40.586619
            ],
            [
              21.020763,
              40.575096
            ],
            [
              21.02035,
              40.566776
            ],
            [
              21.018799,
              40.558972
            ],
            [
              21.013528,
              40.548896
            ],
            [
              21.006707,
              40.543211
            ],
            [
              20.997509,
              40.53918
            ],
            [
              20.98831,
              40.533496
            ],
            [
              20.981489,
              40.523264
            ],
            [
              20.96857,
              40.520577
            ],
            [
              20.957924,
              40.514944
            ],
            [
              20.95193,
              40.506056
            ],
            [
              20.952653,
              40.493653
            ],
            [
              20.94976,
              40.487866
            ],
            [
              20.946452,
              40.482905
            ],
            [
              20.93684,
              40.472518
            ],
            [
              20.911932,
              40.459547
            ],
            [
              20.889608,
              40.463733
            ],
            [
              20.866767,
              40.472053
            ],
            [
              20.839999,
              40.471639
            ],
            [
              20.826666,
              40.464818
            ],
            [
              20.821292,
              40.456395
            ],
            [
              20.817365,
              40.446835
            ],
            [
              20.8092,
              40.436603
            ],
            [
              20.800311,
              40.432779
            ],
            [
              20.779537,
              40.429006
            ],
            [
              20.770649,
              40.421978
            ],
            [
              20.768995,
              40.412573
            ],
            [
              20.773336,
              40.38534
            ],
            [
              20.773853,
              40.374901
            ],
            [
              20.770442,
              40.36255
            ],
            [
              20.765998,
              40.354282
            ],
            [
              20.755043,
              40.338624
            ],
            [
              20.739552,
              40.309166
            ],
            [
              20.736646,
              40.303639
            ],
            [
              20.728791,
              40.298265
            ],
            [
              20.717836,
              40.293924
            ],
            [
              20.706984,
              40.288085
            ],
            [
              20.699129,
              40.278369
            ],
            [
              20.694581,
              40.25558
            ],
            [
              20.696648,
              40.235581
            ],
            [
              20.696442,
              40.215066
            ],
            [
              20.68528,
              40.191191
            ],
            [
              20.679802,
              40.187832
            ],
            [
              20.665022,
              40.18437
            ],
            [
              20.660372,
              40.178892
            ],
            [
              20.659855,
              40.172743
            ],
            [
              20.663162,
              40.161684
            ],
            [
              20.663472,
              40.15662
            ],
            [
              20.668226,
              40.138068
            ],
            [
              20.666779,
              40.13352
            ],
            [
              20.651793,
              40.101016
            ],
            [
              20.647556,
              40.09404
            ],
            [
              20.640218,
              40.090112
            ],
            [
              20.615361,
              40.081017
            ],
            [
              20.577793,
              40.067271
            ],
            [
              20.552885,
              40.065411
            ],
            [
              20.499865,
              40.071457
            ],
            [
              20.481674,
              40.067788
            ],
            [
              20.465965,
              40.060812
            ],
            [
              20.432789,
              40.063809
            ],
            [
              20.413772,
              40.057194
            ],
            [
              20.400439,
              40.045257
            ],
            [
              20.38907,
              40.029444
            ],
            [
              20.380699,
              40.011667
            ],
            [
              20.376461,
              39.993736
            ],
            [
              20.359925,
              39.991048
            ],
            [
              20.310005,
              39.98986
            ],
            [
              20.297913,
              39.986914
            ],
            [
              20.302977,
              39.979111
            ],
            [
              20.317964,
              39.918391
            ],
            [
              20.323131,
              39.912397
            ],
            [
              20.346902,
              39.894259
            ],
            [
              20.392998,
              39.835451
            ],
            [
              20.397028,
              39.818087
            ],
            [
              20.388967,
              39.79814
            ],
            [
              20.371604,
              39.784291
            ],
            [
              20.35455,
              39.78579
            ],
            [
              20.336877,
              39.794006
            ],
            [
              20.299577,
              39.805056
            ],
            [
              20.298326,
              39.805427
            ],
            [
              20.288405,
              39.806615
            ],
            [
              20.280033,
              39.80398
            ],
            [
              20.273005,
              39.796487
            ],
            [
              20.275485,
              39.792404
            ],
            [
              20.281377,
              39.788167
            ],
            [
              20.284684,
              39.780312
            ],
            [
              20.283134,
              39.775144
            ],
            [
              20.276829,
              39.763155
            ],
            [
              20.275692,
              39.760055
            ],
            [
              20.278173,
              39.756748
            ],
            [
              20.285511,
              39.749668
            ],
            [
              20.287268,
              39.746671
            ],
            [
              20.291092,
              39.737937
            ],
            [
              20.296466,
              39.733493
            ],
            [
              20.299463,
              39.728222
            ],
            [
              20.296466,
              39.71737
            ],
            [
              20.28272,
              39.704399
            ],
            [
              20.264117,
              39.696079
            ],
            [
              20.249027,
              39.684814
            ],
            [
              20.24603,
              39.662903
            ],
            [
              20.237245,
              39.667037
            ],
            [
              20.228563,
              39.669156
            ],
            [
              20.220088,
              39.669156
            ],
            [
              20.212027,
              39.667037
            ],
            [
              20.204172,
              39.660319
            ],
            [
              20.203035,
              39.65262
            ],
            [
              20.203449,
              39.645333
            ],
            [
              20.199935,
              39.640062
            ],
            [
              20.184122,
              39.637013
            ],
            [
              20.163761,
              39.6443
            ],
            [
              20.135236,
              39.664195
            ],
            [
              20.089347,
              39.682799
            ],
            [
              20.049556,
              39.69272
            ],
            [
              20.01607,
              39.701402
            ],
            [
              19.999848,
              39.693508
            ],
            [
              19.996837,
              39.692572
            ],
            [
              19.99586,
              39.686713
            ],
            [
              19.989024,
              39.686713
            ],
            [
              19.983572,
              39.701361
            ],
            [
              19.98699,
              39.717963
            ],
            [
              20.002696,
              39.748236
            ],
            [
              19.985606,
              39.75373
            ],
            [
              19.980642,
              39.75731
            ],
            [
              19.99586,
              39.782945
            ],
            [
              20.014171,
              39.832953
            ],
            [
              20.016287,
              39.845038
            ],
            [
              20.009776,
              39.865668
            ],
            [
              19.999278,
              39.871405
            ],
            [
              19.983735,
              39.872382
            ],
            [
              19.961681,
              39.878567
            ],
            [
              19.960216,
              39.881049
            ],
            [
              19.959972,
              39.885077
            ],
            [
              19.958832,
              39.88935
            ],
            [
              19.954845,
              39.892808
            ],
            [
              19.941173,
              39.898993
            ],
            [
              19.931163,
              39.901923
            ],
            [
              19.914073,
              39.902411
            ],
            [
              19.906423,
              39.90644
            ],
            [
              19.906423,
              39.912665
            ],
            [
              19.921235,
              39.926947
            ],
            [
              19.931,
              39.934516
            ],
            [
              19.941173,
              39.940009
            ],
            [
              19.923839,
              39.952826
            ],
            [
              19.876801,
              40.022366
            ],
            [
              19.870453,
              40.034735
            ],
            [
              19.863455,
              40.045356
            ],
            [
              19.855235,
              40.049872
            ],
            [
              19.823253,
              40.050605
            ],
            [
              19.807384,
              40.052883
            ],
            [
              19.79656,
              40.057318
            ],
            [
              19.804535,
              40.063463
            ],
            [
              19.777354,
              40.077786
            ],
            [
              19.773123,
              40.071234
            ],
            [
              19.771658,
              40.068305
            ],
            [
              19.770518,
              40.063463
            ],
            [
              19.767263,
              40.072455
            ],
            [
              19.762462,
              40.07685
            ],
            [
              19.756358,
              40.079901
            ],
            [
              19.74936,
              40.084621
            ],
            [
              19.748057,
              40.088609
            ],
            [
              19.740896,
              40.100409
            ],
            [
              19.732677,
              40.110256
            ],
            [
              19.729015,
              40.108222
            ],
            [
              19.719086,
              40.116034
            ],
            [
              19.653168,
              40.132392
            ],
            [
              19.59783,
              40.157701
            ],
            [
              19.565766,
              40.179836
            ],
            [
              19.509288,
              40.194485
            ],
            [
              19.476248,
              40.21369
            ],
            [
              19.381114,
              40.295233
            ],
            [
              19.369965,
              40.309027
            ],
            [
              19.365082,
              40.317369
            ],
            [
              19.351573,
              40.362047
            ],
            [
              19.344249,
              40.374335
            ],
            [
              19.309255,
              40.400824
            ],
            [
              19.296886,
              40.41356
            ],
            [
              19.295177,
              40.417548
            ],
            [
              19.295177,
              40.418687
            ],
            [
              19.289561,
              40.420396
            ],
            [
              19.289561,
              40.427232
            ],
            [
              19.316173,
              40.437812
            ],
            [
              19.33253,
              40.43891
            ],
            [
              19.348155,
              40.43065
            ],
            [
              19.3838,
              40.397406
            ],
            [
              19.39324,
              40.386298
            ],
            [
              19.406505,
              40.362616
            ],
            [
              19.411957,
              40.34809
            ],
            [
              19.414236,
              40.334418
            ],
            [
              19.423595,
              40.330024
            ],
            [
              19.444591,
              40.333808
            ],
            [
              19.465587,
              40.341498
            ],
            [
              19.474946,
              40.348375
            ],
            [
              19.481619,
              40.439114
            ],
            [
              19.47877,
              40.453925
            ],
            [
              19.453136,
              40.465318
            ],
            [
              19.418793,
              40.491889
            ],
            [
              19.391368,
              40.521796
            ],
            [
              19.386404,
              40.54328
            ],
            [
              19.39324,
              40.537055
            ],
            [
              19.396007,
              40.529608
            ],
            [
              19.398611,
              40.520941
            ],
            [
              19.406749,
              40.522773
            ],
            [
              19.414236,
              40.522773
            ],
            [
              19.433604,
              40.505927
            ],
            [
              19.446056,
              40.511135
            ],
            [
              19.452647,
              40.529853
            ],
            [
              19.4546,
              40.55386
            ],
            [
              19.442149,
              40.573065
            ],
            [
              19.415701,
              40.583482
            ],
            [
              19.391612,
              40.578315
            ],
            [
              19.386404,
              40.550727
            ],
            [
              19.379242,
              40.566148
            ],
            [
              19.309825,
              40.644355
            ],
            [
              19.304373,
              40.653144
            ],
            [
              19.309337,
              40.665025
            ],
            [
              19.322927,
              40.674872
            ],
            [
              19.339041,
              40.684068
            ],
            [
              19.351573,
              40.694159
            ],
            [
              19.360525,
              40.709784
            ],
            [
              19.364513,
              40.726508
            ],
            [
              19.365571,
              40.785956
            ],
            [
              19.368826,
              40.802151
            ],
            [
              19.377778,
              40.812974
            ],
            [
              19.396251,
              40.817043
            ],
            [
              19.406749,
              40.820746
            ],
            [
              19.404063,
              40.829291
            ],
            [
              19.396739,
              40.83869
            ],
            [
              19.39324,
              40.844916
            ],
            [
              19.397634,
              40.852973
            ],
            [
              19.404796,
              40.86107
            ],
            [
              19.411388,
              40.867092
            ],
            [
              19.414236,
              40.868842
            ],
            [
              19.406261,
              40.880316
            ],
            [
              19.391124,
              40.89525
            ],
            [
              19.381196,
              40.908271
            ],
            [
              19.389822,
              40.913804
            ],
            [
              19.404959,
              40.918158
            ],
            [
              19.424571,
              40.939643
            ],
            [
              19.440929,
              40.948635
            ],
            [
              19.427013,
              40.936835
            ],
            [
              19.435395,
              40.913398
            ],
            [
              19.427257,
              40.893378
            ],
            [
              19.427257,
              40.87226
            ],
            [
              19.434744,
              40.87226
            ],
            [
              19.437836,
              40.886542
            ],
            [
              19.437673,
              40.88345
            ],
            [
              19.439138,
              40.880072
            ],
            [
              19.440929,
              40.87226
            ],
            [
              19.454112,
              40.88581
            ],
            [
              19.506602,
              40.905097
            ],
            [
              19.523448,
              40.92064
            ],
            [
              19.525157,
              40.945258
            ],
            [
              19.514659,
              40.964911
            ],
            [
              19.501475,
              40.982978
            ],
            [
              19.495453,
              41.002631
            ],
            [
              19.492035,
              40.976955
            ],
            [
              19.479666,
              40.953925
            ],
            [
              19.453868,
              40.923977
            ],
            [
              19.453461,
              40.928371
            ],
            [
              19.447765,
              40.934312
            ],
            [
              19.458507,
              40.942613
            ],
            [
              19.469981,
              40.956732
            ],
            [
              19.477224,
              40.975002
            ],
            [
              19.474946,
              40.995795
            ],
            [
              19.469981,
              41.000718
            ],
            [
              19.453787,
              41.005845
            ],
            [
              19.447765,
              41.009467
            ],
            [
              19.440603,
              41.020657
            ],
            [
              19.441254,
              41.026028
            ],
            [
              19.445486,
              41.030707
            ],
            [
              19.456391,
              41.106676
            ],
            [
              19.451182,
              41.122707
            ],
            [
              19.445486,
              41.129462
            ],
            [
              19.441173,
              41.137356
            ],
            [
              19.441905,
              41.143866
            ],
            [
              19.463715,
              41.151313
            ],
            [
              19.467133,
              41.162665
            ],
            [
              19.467133,
              41.176174
            ],
            [
              19.468761,
              41.187567
            ],
            [
              19.509532,
              41.237291
            ],
            [
              19.516612,
              41.256415
            ],
            [
              19.513357,
              41.276679
            ],
            [
              19.50294,
              41.294135
            ],
            [
              19.488048,
              41.306464
            ],
            [
              19.471934,
              41.311103
            ],
            [
              19.450043,
              41.311103
            ],
            [
              19.431651,
              41.313707
            ],
            [
              19.418956,
              41.322577
            ],
            [
              19.414236,
              41.341498
            ],
            [
              19.414236,
              41.382799
            ],
            [
              19.410818,
              41.391669
            ],
            [
              19.396007,
              41.402045
            ],
            [
              19.39324,
              41.41352
            ],
            [
              19.406423,
              41.400377
            ],
            [
              19.428722,
              41.401313
            ],
            [
              19.44516,
              41.415188
            ],
            [
              19.440929,
              41.440863
            ],
            [
              19.46461,
              41.450873
            ],
            [
              19.489268,
              41.466132
            ],
            [
              19.508637,
              41.486884
            ],
            [
              19.516612,
              41.513414
            ],
            [
              19.514171,
              41.529975
            ],
            [
              19.507172,
              41.536282
            ],
            [
              19.496349,
              41.538764
            ],
            [
              19.482432,
              41.54385
            ],
            [
              19.468028,
              41.554267
            ],
            [
              19.451996,
              41.574774
            ],
            [
              19.440929,
              41.585395
            ],
            [
              19.528087,
              41.576565
            ],
            [
              19.556407,
              41.583075
            ],
            [
              19.565196,
              41.58511
            ],
            [
              19.584809,
              41.619574
            ],
            [
              19.591645,
              41.619574
            ],
            [
              19.592296,
              41.608588
            ],
            [
              19.596039,
              41.602729
            ],
            [
              19.603038,
              41.601752
            ],
            [
              19.612966,
              41.605292
            ],
            [
              19.604991,
              41.632148
            ],
            [
              19.600108,
              41.639106
            ],
            [
              19.591645,
              41.632636
            ],
            [
              19.587087,
              41.640692
            ],
            [
              19.557628,
              41.660549
            ],
            [
              19.578136,
              41.687649
            ],
            [
              19.576345,
              41.71894
            ],
            [
              19.571137,
              41.752387
            ],
            [
              19.5713,
              41.770413
            ],
            [
              19.589529,
              41.765692
            ],
            [
              19.598969,
              41.778713
            ],
            [
              19.599783,
              41.79975
            ],
            [
              19.591645,
              41.818793
            ],
            [
              19.585216,
              41.818549
            ],
            [
              19.465505,
              41.855455
            ],
            [
              19.451182,
              41.862535
            ],
            [
              19.432953,
              41.868598
            ],
            [
              19.365082,
              41.852362
            ],
            [
              19.364223,
              41.862846
            ],
            [
              19.364947,
              41.888995
            ],
            [
              19.356989,
              41.89964
            ],
            [
              19.347687,
              41.906358
            ],
            [
              19.34531,
              41.910337
            ],
            [
              19.34593,
              41.914471
            ],
            [
              19.345413,
              41.921189
            ],
            [
              19.346653,
              41.926176
            ],
            [
              19.350477,
              41.931369
            ],
            [
              19.352854,
              41.938501
            ],
            [
              19.346447,
              41.961548
            ],
            [
              19.351614,
              41.965166
            ],
            [
              19.359779,
              41.965993
            ],
            [
              19.365774,
              41.969713
            ],
            [
              19.371045,
              41.98656
            ],
            [
              19.363707,
              41.993484
            ],
            [
              19.363396,
              41.993639
            ],
            [
              19.354198,
              42.008703
            ],
            [
              19.350581,
              42.027823
            ],
            [
              19.351718,
              42.047615
            ],
            [
              19.356575,
              42.064798
            ],
            [
              19.374869,
              42.094667
            ],
            [
              19.372491,
              42.104253
            ],
            [
              19.369998,
              42.106507
            ],
            [
              19.355025,
              42.12004
            ],
            [
              19.297767,
              42.151666
            ],
            [
              19.282058,
              42.164559
            ],
            [
              19.281956,
              42.164723
            ],
            [
              19.272033,
              42.180682
            ],
            [
              19.274926,
              42.191276
            ],
            [
              19.304589,
              42.215099
            ],
            [
              19.400397,
              42.325893
            ],
            [
              19.401327,
              42.331061
            ],
            [
              19.400707,
              42.344755
            ],
            [
              19.402671,
              42.352015
            ],
            [
              19.412076,
              42.368397
            ],
            [
              19.417243,
              42.374107
            ],
            [
              19.468403,
              42.41811
            ],
            [
              19.481735,
              42.434491
            ],
            [
              19.501476,
              42.444129
            ],
            [
              19.517806,
              42.45803
            ],
            [
              19.531655,
              42.474773
            ],
            [
              19.543747,
              42.493402
            ],
            [
              19.543747,
              42.493557
            ],
            [
              19.549328,
              42.508595
            ],
            [
              19.561317,
              42.516243
            ],
            [
              19.575683,
              42.522341
            ],
            [
              19.588086,
              42.532857
            ],
            [
              19.593667,
              42.54482
            ],
            [
              19.599248,
              42.571046
            ],
            [
              19.605035,
              42.584844
            ],
            [
              19.621779,
              42.604997
            ],
            [
              19.647927,
              42.627838
            ],
            [
              19.658037,
              42.634613
            ],
            [
              19.676039,
              42.646675
            ],
            [
              19.699293,
              42.654814
            ],
            [
              19.722134,
              42.64608
            ],
            [
              19.737534,
              42.624402
            ],
            [
              19.746009,
              42.5989
            ],
            [
              19.746885,
              42.58893
            ],
            [
              19.747766,
              42.578901
            ],
            [
              19.746009,
              42.579934
            ],
            [
              19.741358,
              42.574405
            ],
            [
              19.733916,
              42.562597
            ],
            [
              19.732159,
              42.555543
            ],
            [
              19.730299,
              42.540428
            ],
            [
              19.730919,
              42.533658
            ],
            [
              19.73433,
              42.524382
            ],
            [
              19.75159,
              42.493402
            ],
            [
              19.784456,
              42.474566
            ],
            [
              19.801406,
              42.468132
            ],
            [
              19.819596,
              42.466479
            ],
            [
              19.829063,
              42.468723
            ],
            [
              19.835512,
              42.470251
            ],
            [
              19.873339,
              42.486839
            ],
            [
              19.882538,
              42.493402
            ],
            [
              19.882745,
              42.493609
            ],
            [
              19.907549,
              42.506399
            ],
            [
              19.956332,
              42.505314
            ],
            [
              19.981757,
              42.510765
            ],
            [
              20.017723,
              42.546241
            ],
            [
              20.039221,
              42.557765
            ],
            [
              20.064956,
              42.546758
            ],
            [
              20.085626,
              42.530015
            ],
            [
              20.135546,
              42.509629
            ],
            [
              20.152392,
              42.493712
            ],
            [
              20.152599,
              42.493712
            ],
            [
              20.152599,
              42.493609
            ],
            [
              20.152702,
              42.493402
            ],
            [
              20.180814,
              42.443095
            ],
            [
              20.186292,
              42.437437
            ],
            [
              20.199728,
              42.427799
            ],
            [
              20.204689,
              42.420099
            ],
            [
              20.204379,
              42.411831
            ],
            [
              20.194043,
              42.4001
            ],
            [
              20.192803,
              42.393693
            ],
            [
              20.197454,
              42.38744
            ],
            [
              20.21306,
              42.377518
            ],
            [
              20.218848,
              42.371446
            ],
            [
              20.221225,
              42.36372
            ],
            [
              20.219468,
              42.350207
            ],
            [
              20.220915,
              42.343101
            ],
            [
              20.229597,
              42.32672
            ],
            [
              20.237762,
              42.319924
            ],
            [
              20.249647,
              42.318607
            ],
            [
              20.317964,
              42.319821
            ],
            [
              20.333363,
              42.317883
            ],
            [
              20.456973,
              42.250497
            ],
            [
              20.473665,
              42.237123
            ],
            [
              20.481674,
              42.230705
            ],
            [
              20.500795,
              42.211223
            ],
            [
              20.538622,
              42.150116
            ],
            [
              20.549371,
              42.123476
            ],
            [
              20.551954,
              42.105803
            ],
            [
              20.552161,
              42.07379
            ],
            [
              20.558259,
              42.055109
            ],
            [
              20.589678,
              41.993639
            ],
            [
              20.594329,
              41.973718
            ],
            [
              20.59929,
              41.960567
            ],
            [
              20.59929,
              41.94788
            ],
            [
              20.588748,
              41.929586
            ],
            [
              20.580583,
              41.921732
            ],
            [
              20.573348,
              41.917675
            ],
            [
              20.567251,
              41.912172
            ],
            [
              20.562496,
              41.900105
            ],
            [
              20.562703,
              41.892845
            ],
            [
              20.567767,
              41.88052
            ],
            [
              20.567147,
              41.873182
            ]
          ]
        ]
      },
      "properties": {
        "id": "NGnJ",
        "status": "validé",
        "pieces": [
          {
            "kind": "country"
          }
        ]
      }
    },
    {
      "type": "Feature",
      "geometry": {
        "type": "Polygon",
        "coordinates": [
          [
            [
              20.567147,
              41.873182
            ],
            [
              20.541722,
              41.86158
            ],
            [
              20.540786,
              41.844865
            ],
            [
              20.540482,
              41.839437
            ],
            [
              20.54844,
              41.814193
            ],
            [
              20.550136,
              41.80006
            ],
            [
              20.550921,
              41.793522
            ],
            [
              20.54441,
              41.784763
            ],
            [
              20.521155,
              41.767658
            ],
            [
              20.511337,
              41.757943
            ],
            [
              20.503275,
              41.744637
            ],
            [
              20.500381,
              41.734095
            ],
            [
              20.508339,
              41.661748
            ],
            [
              20.513404,
              41.640405
            ],
            [
              20.534591,
              41.594026
            ],
            [
              20.53467,
              41.587324
            ],
            [
              20.534694,
              41.585266
            ],
            [
              20.52932,
              41.574879
            ],
            [
              20.520845,
              41.568368
            ],
            [
              20.507409,
              41.56227
            ],
            [
              20.49294,
              41.557671
            ],
            [
              20.444157,
              41.549661
            ],
            [
              20.447878,
              41.53545
            ],
            [
              20.444984,
              41.508475
            ],
            [
              20.452012,
              41.493592
            ],
            [
              20.463174,
              41.489768
            ],
            [
              20.470822,
              41.483774
            ],
            [
              20.481597,
              41.468269
            ],
            [
              20.483535,
              41.46548
            ],
            [
              20.486842,
              41.457781
            ],
            [
              20.488909,
              41.441451
            ],
            [
              20.490873,
              41.436025
            ],
            [
              20.498004,
              41.431477
            ],
            [
              20.514644,
              41.429462
            ],
            [
              20.522189,
              41.42569
            ],
            [
              20.534074,
              41.412977
            ],
            [
              20.539049,
              41.402944
            ],
            [
              20.540172,
              41.400678
            ],
            [
              20.539965,
              41.387139
            ],
            [
              20.532937,
              41.370447
            ],
            [
              20.523429,
              41.356805
            ],
            [
              20.510407,
              41.344403
            ],
            [
              20.49604,
              41.337788
            ],
            [
              20.481674,
              41.341199
            ],
            [
              20.478108,
              41.321585
            ],
            [
              20.477747,
              41.319598
            ],
            [
              20.483121,
              41.289471
            ],
            [
              20.500071,
              41.23552
            ],
            [
              20.51268,
              41.210147
            ],
            [
              20.549681,
              41.170615
            ],
            [
              20.565494,
              41.147412
            ],
            [
              20.570558,
              41.124829
            ],
            [
              20.569938,
              41.107104
            ],
            [
              20.576966,
              41.093513
            ],
            [
              20.597419,
              41.086273
            ],
            [
              20.605284,
              41.083488
            ],
            [
              20.618927,
              41.082403
            ],
            [
              20.631536,
              41.082868
            ],
            [
              20.634129,
              41.082576
            ],
            [
              20.643008,
              41.081576
            ],
            [
              20.65386,
              41.075272
            ],
            [
              20.664092,
              41.059149
            ],
            [
              20.683419,
              40.99383
            ],
            [
              20.702746,
              40.936314
            ],
            [
              20.717216,
              40.913214
            ],
            [
              20.730573,
              40.904611
            ],
            [
              20.740883,
              40.89797
            ],
            [
              20.766102,
              40.893732
            ],
            [
              20.783672,
              40.899055
            ],
            [
              20.816951,
              40.920242
            ],
            [
              20.836544,
              40.923904
            ],
            [
              20.837415,
              40.924066
            ],
            [
              20.890228,
              40.918279
            ],
            [
              20.939941,
              40.907065
            ],
            [
              20.956684,
              40.894766
            ],
            [
              20.964849,
              40.875956
            ],
            [
              20.965262,
              40.849394
            ],
            [
              20.967019,
              40.802007
            ],
            [
              20.960922,
              40.780768
            ],
            [
              20.943662,
              40.765265
            ],
            [
              20.95348,
              40.759167
            ],
            [
              20.957201,
              40.751622
            ],
            [
              20.959165,
              40.743561
            ],
            [
              20.963505,
              40.736068
            ],
            [
              20.992031,
              40.7155
            ],
            [
              21.018593,
              40.690902
            ],
            [
              21.028825,
              40.676846
            ],
            [
              21.035336,
              40.65938
            ],
            [
              21.036679,
              40.639743
            ],
            [
              21.033165,
              40.621398
            ],
            [
              21.02252,
              40.586619
            ],
            [
              21.020763,
              40.575096
            ],
            [
              21.02035,
              40.566776
            ],
            [
              21.018799,
              40.558972
            ],
            [
              21.013528,
              40.548896
            ],
            [
              21.006707,
              40.543211
            ],
            [
              20.997509,
              40.53918
            ],
            [
              20.98831,
              40.533496
            ],
            [
              20.981489,
              40.523264
            ],
            [
              20.96857,
              40.520577
            ],
            [
              20.957924,
              40.514944
            ],
            [
              20.95193,
              40.506056
            ],
            [
              20.952653,
              40.493653
            ],
            [
              20.94976,
              40.487866
            ],
            [
              20.946452,
              40.482905
            ],
            [
              20.93684,
              40.472518
            ],
            [
              20.911932,
              40.459547
            ],
            [
              20.889608,
              40.463733
            ],
            [
              20.866767,
              40.472053
            ],
            [
              20.839999,
              40.471639
            ],
            [
              20.826666,
              40.464818
            ],
            [
              20.821292,
              40.456395
            ],
            [
              20.817365,
              40.446835
            ],
            [
              20.8092,
              40.436603
            ],
            [
              20.800311,
              40.432779
            ],
            [
              20.779537,
              40.429006
            ],
            [
              20.770649,
              40.421978
            ],
            [
              20.768995,
              40.412573
            ],
            [
              20.773336,
              40.38534
            ],
            [
              20.773853,
              40.374901
            ],
            [
              20.770442,
              40.36255
            ],
            [
              20.765998,
              40.354282
            ],
            [
              20.755043,
              40.338624
            ],
            [
              20.739552,
              40.309166
            ],
            [
              20.736646,
              40.303639
            ],
            [
              20.728791,
              40.298265
            ],
            [
              20.717836,
              40.293924
            ],
            [
              20.706984,
              40.288085
            ],
            [
              20.699129,
              40.278369
            ],
            [
              20.694581,
              40.25558
            ],
            [
              20.696648,
              40.235581
            ],
            [
              20.696442,
              40.215066
            ],
            [
              20.68528,
              40.191191
            ],
            [
              20.679802,
              40.187832
            ],
            [
              20.665022,
              40.18437
            ],
            [
              20.660372,
              40.178892
            ],
            [
              20.659855,
              40.172743
            ],
            [
              20.663162,
              40.161684
            ],
            [
              20.663472,
              40.15662
            ],
            [
              20.668226,
              40.138068
            ],
            [
              20.666779,
              40.13352
            ],
            [
              20.651793,
              40.101016
            ],
            [
              20.647556,
              40.09404
            ],
            [
              20.640218,
              40.090112
            ],
            [
              20.615361,
              40.081017
            ],
            [
              20.577793,
              40.067271
            ],
            [
              20.552885,
              40.065411
            ],
            [
              20.499865,
              40.071457
            ],
            [
              20.481674,
              40.067788
            ],
            [
              20.465965,
              40.060812
            ],
            [
              20.432789,
              40.063809
            ],
            [
              20.413772,
              40.057194
            ],
            [
              20.400439,
              40.045257
            ],
            [
              20.38907,
              40.029444
            ],
            [
              20.380699,
              40.011667
            ],
            [
              20.376461,
              39.993736
            ],
            [
              20.359925,
              39.991048
            ],
            [
              20.310005,
              39.98986
            ],
            [
              20.297913,
              39.986914
            ],
            [
              20.302977,
              39.979111
            ],
            [
              20.317964,
              39.918391
            ],
            [
              20.323131,
              39.912397
            ],
            [
              20.346902,
              39.894259
            ],
            [
              20.392998,
              39.835451
            ],
            [
              20.397028,
              39.818087
            ],
            [
              20.388967,
              39.79814
            ],
            [
              20.371604,
              39.784291
            ],
            [
              20.35455,
              39.78579
            ],
            [
              20.336877,
              39.794006
            ],
            [
              20.299577,
              39.805056
            ],
            [
              20.298326,
              39.805427
            ],
            [
              20.288405,
              39.806615
            ],
            [
              20.280033,
              39.80398
            ],
            [
              20.273005,
              39.796487
            ],
            [
              20.275485,
              39.792404
            ],
            [
              20.281377,
              39.788167
            ],
            [
              20.284684,
              39.780312
            ],
            [
              20.283134,
              39.775144
            ],
            [
              20.276829,
              39.763155
            ],
            [
              20.275692,
              39.760055
            ],
            [
              20.278173,
              39.756748
            ],
            [
              20.285511,
              39.749668
            ],
            [
              20.287268,
              39.746671
            ],
            [
              20.291092,
              39.737937
            ],
            [
              20.296466,
              39.733493
            ],
            [
              20.299463,
              39.728222
            ],
            [
              20.296466,
              39.71737
            ],
            [
              20.28272,
              39.704399
            ],
            [
              20.264117,
              39.696079
            ],
            [
              20.249027,
              39.684814
            ],
            [
              20.24603,
              39.662903
            ],
            [
              20.237245,
              39.667037
            ],
            [
              20.228563,
              39.669156
            ],
            [
              20.220088,
              39.669156
            ],
            [
              20.212027,
              39.667037
            ],
            [
              20.204172,
              39.660319
            ],
            [
              20.203035,
              39.65262
            ],
            [
              20.203449,
              39.645333
            ],
            [
              20.199935,
              39.640062
            ],
            [
              20.184122,
              39.637013
            ],
            [
              20.163761,
              39.6443
            ],
            [
              20.135236,
              39.664195
            ],
            [
              20.089347,
              39.682799
            ],
            [
              20.049556,
              39.69272
            ],
            [
              20.01607,
              39.701402
            ],
            [
              19.999848,
              39.693508
            ],
            [
              19.996837,
              39.692572
            ],
            [
              19.99586,
              39.686713
            ],
            [
              19.989024,
              39.686713
            ],
            [
              19.983572,
              39.701361
            ],
            [
              19.98699,
              39.717963
            ],
            [
              20.002696,
              39.748236
            ],
            [
              19.985606,
              39.75373
            ],
            [
              19.980642,
              39.75731
            ],
            [
              19.99586,
              39.782945
            ],
            [
              20.014171,
              39.832953
            ],
            [
              20.016287,
              39.845038
            ],
            [
              20.009776,
              39.865668
            ],
            [
              19.999278,
              39.871405
            ],
            [
              19.983735,
              39.872382
            ],
            [
              19.961681,
              39.878567
            ],
            [
              19.960216,
              39.881049
            ],
            [
              19.959972,
              39.885077
            ],
            [
              19.958832,
              39.88935
            ],
            [
              19.954845,
              39.892808
            ],
            [
              19.941173,
              39.898993
            ],
            [
              19.931163,
              39.901923
            ],
            [
              19.914073,
              39.902411
            ],
            [
              19.906423,
              39.90644
            ],
            [
              19.906423,
              39.912665
            ],
            [
              19.921235,
              39.926947
            ],
            [
              19.931,
              39.934516
            ],
            [
              19.941173,
              39.940009
            ],
            [
              19.923839,
              39.952826
            ],
            [
              19.876801,
              40.022366
            ],
            [
              19.870453,
              40.034735
            ],
            [
              19.863455,
              40.045356
            ],
            [
              19.855235,
              40.049872
            ],
            [
              19.823253,
              40.050605
            ],
            [
              19.807384,
              40.052883
            ],
            [
              19.79656,
              40.057318
            ],
            [
              19.804535,
              40.063463
            ],
            [
              19.777354,
              40.077786
            ],
            [
              19.773123,
              40.071234
            ],
            [
              19.771658,
              40.068305
            ],
            [
              19.770518,
              40.063463
            ],
            [
              19.767263,
              40.072455
            ],
            [
              19.762462,
              40.07685
            ],
            [
              19.756358,
              40.079901
            ],
            [
              19.74936,
              40.084621
            ],
            [
              19.748057,
              40.088609
            ],
            [
              19.740896,
              40.100409
            ],
            [
              19.732677,
              40.110256
            ],
            [
              19.729015,
              40.108222
            ],
            [
              19.719086,
              40.116034
            ],
            [
              19.653168,
              40.132392
            ],
            [
              19.59783,
              40.157701
            ],
            [
              19.565766,
              40.179836
            ],
            [
              19.509288,
              40.194485
            ],
            [
              19.476248,
              40.21369
            ],
            [
              19.381114,
              40.295233
            ],
            [
              19.369965,
              40.309027
            ],
            [
              19.365082,
              40.317369
            ],
            [
              19.351573,
              40.362047
            ],
            [
              19.344249,
              40.374335
            ],
            [
              19.309255,
              40.400824
            ],
            [
              19.296886,
              40.41356
            ],
            [
              19.295177,
              40.417548
            ],
            [
              19.295177,
              40.418687
            ],
            [
              19.289561,
              40.420396
            ],
            [
              19.289561,
              40.427232
            ],
            [
              19.316173,
              40.437812
            ],
            [
              19.33253,
              40.43891
            ],
            [
              19.348155,
              40.43065
            ],
            [
              19.3838,
              40.397406
            ],
            [
              19.39324,
              40.386298
            ],
            [
              19.406505,
              40.362616
            ],
            [
              19.411957,
              40.34809
            ],
            [
              19.414236,
              40.334418
            ],
            [
              19.423595,
              40.330024
            ],
            [
              19.444591,
              40.333808
            ],
            [
              19.465587,
              40.341498
            ],
            [
              19.474946,
              40.348375
            ],
            [
              19.481619,
              40.439114
            ],
            [
              19.47877,
              40.453925
            ],
            [
              19.453136,
              40.465318
            ],
            [
              19.418793,
              40.491889
            ],
            [
              19.391368,
              40.521796
            ],
            [
              19.386404,
              40.54328
            ],
            [
              19.39324,
              40.537055
            ],
            [
              19.396007,
              40.529608
            ],
            [
              19.398611,
              40.520941
            ],
            [
              19.406749,
              40.522773
            ],
            [
              19.414236,
              40.522773
            ],
            [
              19.433604,
              40.505927
            ],
            [
              19.446056,
              40.511135
            ],
            [
              19.452647,
              40.529853
            ],
            [
              19.4546,
              40.55386
            ],
            [
              19.442149,
              40.573065
            ],
            [
              19.415701,
              40.583482
            ],
            [
              19.391612,
              40.578315
            ],
            [
              19.386404,
              40.550727
            ],
            [
              19.379242,
              40.566148
            ],
            [
              19.309825,
              40.644355
            ],
            [
              19.304373,
              40.653144
            ],
            [
              19.309337,
              40.665025
            ],
            [
              19.322927,
              40.674872
            ],
            [
              19.339041,
              40.684068
            ],
            [
              19.351573,
              40.694159
            ],
            [
              19.360525,
              40.709784
            ],
            [
              19.364513,
              40.726508
            ],
            [
              19.365571,
              40.785956
            ],
            [
              19.368826,
              40.802151
            ],
            [
              19.377778,
              40.812974
            ],
            [
              19.396251,
              40.817043
            ],
            [
              19.406749,
              40.820746
            ],
            [
              19.404063,
              40.829291
            ],
            [
              19.396739,
              40.83869
            ],
            [
              19.39324,
              40.844916
            ],
            [
              19.397634,
              40.852973
            ],
            [
              19.404796,
              40.86107
            ],
            [
              19.411388,
              40.867092
            ],
            [
              19.414236,
              40.868842
            ],
            [
              19.406261,
              40.880316
            ],
            [
              19.391124,
              40.89525
            ],
            [
              19.381196,
              40.908271
            ],
            [
              19.389822,
              40.913804
            ],
            [
              19.404959,
              40.918158
            ],
            [
              19.424571,
              40.939643
            ],
            [
              19.440929,
              40.948635
            ],
            [
              19.427013,
              40.936835
            ],
            [
              19.435395,
              40.913398
            ],
            [
              19.427257,
              40.893378
            ],
            [
              19.427257,
              40.87226
            ],
            [
              19.434744,
              40.87226
            ],
            [
              19.437836,
              40.886542
            ],
            [
              19.437673,
              40.88345
            ],
            [
              19.439138,
              40.880072
            ],
            [
              19.440929,
              40.87226
            ],
            [
              19.454112,
              40.88581
            ],
            [
              19.506602,
              40.905097
            ],
            [
              19.523448,
              40.92064
            ],
            [
              19.525157,
              40.945258
            ],
            [
              19.514659,
              40.964911
            ],
            [
              19.501475,
              40.982978
            ],
            [
              19.495453,
              41.002631
            ],
            [
              19.492035,
              40.976955
            ],
            [
              19.479666,
              40.953925
            ],
            [
              19.453868,
              40.923977
            ],
            [
              19.453461,
              40.928371
            ],
            [
              19.447765,
              40.934312
            ],
            [
              19.458507,
              40.942613
            ],
            [
              19.469981,
              40.956732
            ],
            [
              19.477224,
              40.975002
            ],
            [
              19.474946,
              40.995795
            ],
            [
              19.469981,
              41.000718
            ],
            [
              19.453787,
              41.005845
            ],
            [
              19.447765,
              41.009467
            ],
            [
              19.440603,
              41.020657
            ],
            [
              19.441254,
              41.026028
            ],
            [
              19.445486,
              41.030707
            ],
            [
              19.456391,
              41.106676
            ],
            [
              19.451182,
              41.122707
            ],
            [
              19.445486,
              41.129462
            ],
            [
              19.441173,
              41.137356
            ],
            [
              19.441905,
              41.143866
            ],
            [
              19.463715,
              41.151313
            ],
            [
              19.467133,
              41.162665
            ],
            [
              19.467133,
              41.176174
            ],
            [
              19.468761,
              41.187567
            ],
            [
              19.509532,
              41.237291
            ],
            [
              19.516612,
              41.256415
            ],
            [
              19.513357,
              41.276679
            ],
            [
              19.50294,
              41.294135
            ],
            [
              19.488048,
              41.306464
            ],
            [
              19.471934,
              41.311103
            ],
            [
              19.450043,
              41.311103
            ],
            [
              19.431651,
              41.313707
            ],
            [
              19.418956,
              41.322577
            ],
            [
              19.414236,
              41.341498
            ],
            [
              19.414236,
              41.382799
            ],
            [
              19.410818,
              41.391669
            ],
            [
              19.396007,
              41.402045
            ],
            [
              19.39324,
              41.41352
            ],
            [
              19.406423,
              41.400377
            ],
            [
              19.428722,
              41.401313
            ],
            [
              19.44516,
              41.415188
            ],
            [
              19.440929,
              41.440863
            ],
            [
              19.46461,
              41.450873
            ],
            [
              19.489268,
              41.466132
            ],
            [
              19.508637,
              41.486884
            ],
            [
              19.516612,
              41.513414
            ],
            [
              19.514171,
              41.529975
            ],
            [
              19.507172,
              41.536282
            ],
            [
              19.496349,
              41.538764
            ],
            [
              19.482432,
              41.54385
            ],
            [
              19.468028,
              41.554267
            ],
            [
              19.451996,
              41.574774
            ],
            [
              19.440929,
              41.585395
            ],
            [
              19.528087,
              41.576565
            ],
            [
              19.556407,
              41.583075
            ],
            [
              19.565196,
              41.58511
            ],
            [
              19.584809,
              41.619574
            ],
            [
              19.591645,
              41.619574
            ],
            [
              19.592296,
              41.608588
            ],
            [
              19.596039,
              41.602729
            ],
            [
              19.603038,
              41.601752
            ],
            [
              19.612966,
              41.605292
            ],
            [
              19.604991,
              41.632148
            ],
            [
              19.600108,
              41.639106
            ],
            [
              19.591645,
              41.632636
            ],
            [
              19.587087,
              41.640692
            ],
            [
              19.557628,
              41.660549
            ],
            [
              19.578136,
              41.687649
            ],
            [
              19.576345,
              41.71894
            ],
            [
              19.571137,
              41.752387
            ],
            [
              19.5713,
              41.770413
            ],
            [
              19.589529,
              41.765692
            ],
            [
              19.598969,
              41.778713
            ],
            [
              19.599783,
              41.79975
            ],
            [
              19.591645,
              41.818793
            ],
            [
              19.585216,
              41.818549
            ],
            [
              19.465505,
              41.855455
            ],
            [
              19.451182,
              41.862535
            ],
            [
              19.432953,
              41.868598
            ],
            [
              19.365082,
              41.852362
            ],
            [
              19.364223,
              41.862846
            ],
            [
              19.364947,
              41.888995
            ],
            [
              19.356989,
              41.89964
            ],
            [
              19.347687,
              41.906358
            ],
            [
              19.34531,
              41.910337
            ],
            [
              19.34593,
              41.914471
            ],
            [
              19.345413,
              41.921189
            ],
            [
              19.346653,
              41.926176
            ],
            [
              19.350477,
              41.931369
            ],
            [
              19.352854,
              41.938501
            ],
            [
              19.346447,
              41.961548
            ],
            [
              19.351614,
              41.965166
            ],
            [
              19.359779,
              41.965993
            ],
            [
              19.365774,
              41.969713
            ],
            [
              19.371045,
              41.98656
            ],
            [
              19.363707,
              41.993484
            ],
            [
              19.363396,
              41.993639
            ],
            [
              19.354198,
              42.008703
            ],
            [
              19.350581,
              42.027823
            ],
            [
              19.351718,
              42.047615
            ],
            [
              19.356575,
              42.064798
            ],
            [
              19.374869,
              42.094667
            ],
            [
              19.372491,
              42.104253
            ],
            [
              19.369998,
              42.106507
            ],
            [
              19.355025,
              42.12004
            ],
            [
              19.297767,
              42.151666
            ],
            [
              19.282058,
              42.164559
            ],
            [
              19.281956,
              42.164723
            ],
            [
              19.272033,
              42.180682
            ],
            [
              19.274926,
              42.191276
            ],
            [
              19.304589,
              42.215099
            ],
            [
              19.400397,
              42.325893
            ],
            [
              19.401327,
              42.331061
            ],
            [
              19.400707,
              42.344755
            ],
            [
              19.402671,
              42.352015
            ],
            [
              19.412076,
              42.368397
            ],
            [
              19.417243,
              42.374107
            ],
            [
              19.468403,
              42.41811
            ],
            [
              19.481735,
              42.434491
            ],
            [
              19.501476,
              42.444129
            ],
            [
              19.517806,
              42.45803
            ],
            [
              19.531655,
              42.474773
            ],
            [
              19.543747,
              42.493402
            ],
            [
              19.543747,
              42.493557
            ],
            [
              19.549328,
              42.508595
            ],
            [
              19.561317,
              42.516243
            ],
            [
              19.575683,
              42.522341
            ],
            [
              19.588086,
              42.532857
            ],
            [
              19.593667,
              42.54482
            ],
            [
              19.599248,
              42.571046
            ],
            [
              19.605035,
              42.584844
            ],
            [
              19.621779,
              42.604997
            ],
            [
              19.647927,
              42.627838
            ],
            [
              19.658037,
              42.634613
            ],
            [
              19.676039,
              42.646675
            ],
            [
              19.699293,
              42.654814
            ],
            [
              19.722134,
              42.64608
            ],
            [
              19.737534,
              42.624402
            ],
            [
              19.746009,
              42.5989
            ],
            [
              19.746885,
              42.58893
            ],
            [
              19.747766,
              42.578901
            ],
            [
              19.746009,
              42.579934
            ],
            [
              19.741358,
              42.574405
            ],
            [
              19.733916,
              42.562597
            ],
            [
              19.732159,
              42.555543
            ],
            [
              19.730299,
              42.540428
            ],
            [
              19.730919,
              42.533658
            ],
            [
              19.73433,
              42.524382
            ],
            [
              19.75159,
              42.493402
            ],
            [
              19.784456,
              42.474566
            ],
            [
              19.801406,
              42.468132
            ],
            [
              19.819596,
              42.466479
            ],
            [
              19.829063,
              42.468723
            ],
            [
              19.835512,
              42.470251
            ],
            [
              19.873339,
              42.486839
            ],
            [
              19.882538,
              42.493402
            ],
            [
              19.882745,
              42.493609
            ],
            [
              19.907549,
              42.506399
            ],
            [
              19.956332,
              42.505314
            ],
            [
              19.981757,
              42.510765
            ],
            [
              20.017723,
              42.546241
            ],
            [
              20.039221,
              42.557765
            ],
            [
              20.064956,
              42.546758
            ],
            [
              20.085626,
              42.530015
            ],
            [
              20.135546,
              42.509629
            ],
            [
              20.152392,
              42.493712
            ],
            [
              20.152599,
              42.493712
            ],
            [
              20.152599,
              42.493609
            ],
            [
              20.152702,
              42.493402
            ],
            [
              20.180814,
              42.443095
            ],
            [
              20.186292,
              42.437437
            ],
            [
              20.199728,
              42.427799
            ],
            [
              20.204689,
              42.420099
            ],
            [
              20.204379,
              42.411831
            ],
            [
              20.194043,
              42.4001
            ],
            [
              20.192803,
              42.393693
            ],
            [
              20.197454,
              42.38744
            ],
            [
              20.21306,
              42.377518
            ],
            [
              20.218848,
              42.371446
            ],
            [
              20.221225,
              42.36372
            ],
            [
              20.219468,
              42.350207
            ],
            [
              20.220915,
              42.343101
            ],
            [
              20.229597,
              42.32672
            ],
            [
              20.237762,
              42.319924
            ],
            [
              20.249647,
              42.318607
            ],
            [
              20.317964,
              42.319821
            ],
            [
              20.333363,
              42.317883
            ],
            [
              20.456973,
              42.250497
            ],
            [
              20.473665,
              42.237123
            ],
            [
              20.481674,
              42.230705
            ],
            [
              20.500795,
              42.211223
            ],
            [
              20.538622,
              42.150116
            ],
            [
              20.549371,
              42.123476
            ],
            [
              20.551954,
              42.105803
            ],
            [
              20.552161,
              42.07379
            ],
            [
              20.558259,
              42.055109
            ],
            [
              20.589678,
              41.993639
            ],
            [
              20.594329,
              41.973718
            ],
            [
              20.59929,
              41.960567
            ],
            [
              20.59929,
              41.94788
            ],
            [
              20.588748,
              41.929586
            ],
            [
              20.580583,
              41.921732
            ],
            [
              20.573348,
              41.917675
            ],
            [
              20.567251,
              41.912172
            ],
            [
              20.562496,
              41.900105
            ],
            [
              20.562703,
              41.892845
            ],
            [
              20.567767,
              41.88052
            ],
            [
              20.567147,
              41.873182
            ]
          ]
        ]
      },
      "properties": {
        "id": "NXsL",
        "status": "validé",
        "pieces": [
          {
            "kind": "country"
          }
        ]
      }
    },
    {
      "type": "Feature",
      "geometry": {
        "type": "Polygon",
        "coordinates": [
          [
            [
              20.567147,
              41.873182
            ],
            [
              20.541722,
              41.86158
            ],
            [
              20.540786,
              41.844865
            ],
            [
              20.540482,
              41.839437
            ],
            [
              20.54844,
              41.814193
            ],
            [
              20.550136,
              41.80006
            ],
            [
              20.550921,
              41.793522
            ],
            [
              20.54441,
              41.784763
            ],
            [
              20.521155,
              41.767658
            ],
            [
              20.511337,
              41.757943
            ],
            [
              20.503275,
              41.744637
            ],
            [
              20.500381,
              41.734095
            ],
            [
              20.508339,
              41.661748
            ],
            [
              20.513404,
              41.640405
            ],
            [
              20.534591,
              41.594026
            ],
            [
              20.53467,
              41.587324
            ],
            [
              20.534694,
              41.585266
            ],
            [
              20.52932,
              41.574879
            ],
            [
              20.520845,
              41.568368
            ],
            [
              20.507409,
              41.56227
            ],
            [
              20.49294,
              41.557671
            ],
            [
              20.444157,
              41.549661
            ],
            [
              20.447878,
              41.53545
            ],
            [
              20.444984,
              41.508475
            ],
            [
              20.452012,
              41.493592
            ],
            [
              20.463174,
              41.489768
            ],
            [
              20.470822,
              41.483774
            ],
            [
              20.481597,
              41.468269
            ],
            [
              20.483535,
              41.46548
            ],
            [
              20.486842,
              41.457781
            ],
            [
              20.488909,
              41.441451
            ],
            [
              20.490873,
              41.436025
            ],
            [
              20.498004,
              41.431477
            ],
            [
              20.514644,
              41.429462
            ],
            [
              20.522189,
              41.42569
            ],
            [
              20.534074,
              41.412977
            ],
            [
              20.539049,
              41.402944
            ],
            [
              20.540172,
              41.400678
            ],
            [
              20.539965,
              41.387139
            ],
            [
              20.532937,
              41.370447
            ],
            [
              20.523429,
              41.356805
            ],
            [
              20.510407,
              41.344403
            ],
            [
              20.49604,
              41.337788
            ],
            [
              20.481674,
              41.341199
            ],
            [
              20.478108,
              41.321585
            ],
            [
              20.477747,
              41.319598
            ],
            [
              20.483121,
              41.289471
            ],
            [
              20.500071,
              41.23552
            ],
            [
              20.51268,
              41.210147
            ],
            [
              20.549681,
              41.170615
            ],
            [
              20.565494,
              41.147412
            ],
            [
              20.570558,
              41.124829
            ],
            [
              20.569938,
              41.107104
            ],
            [
              20.576966,
              41.093513
            ],
            [
              20.597419,
              41.086273
            ],
            [
              20.605284,
              41.083488
            ],
            [
              20.618927,
              41.082403
            ],
            [
              20.631536,
              41.082868
            ],
            [
              20.634129,
              41.082576
            ],
            [
              20.643008,
              41.081576
            ],
            [
              20.65386,
              41.075272
            ],
            [
              20.664092,
              41.059149
            ],
            [
              20.683419,
              40.99383
            ],
            [
              20.702746,
              40.936314
            ],
            [
              20.717216,
              40.913214
            ],
            [
              20.730573,
              40.904611
            ],
            [
              20.740883,
              40.89797
            ],
            [
              20.766102,
              40.893732
            ],
            [
              20.783672,
              40.899055
            ],
            [
              20.816951,
              40.920242
            ],
            [
              20.836544,
              40.923904
            ],
            [
              20.837415,
              40.924066
            ],
            [
              20.890228,
              40.918279
            ],
            [
              20.939941,
              40.907065
            ],
            [
              20.956684,
              40.894766
            ],
            [
              20.964849,
              40.875956
            ],
            [
              20.965262,
              40.849394
            ],
            [
              20.967019,
              40.802007
            ],
            [
              20.960922,
              40.780768
            ],
            [
              20.943662,
              40.765265
            ],
            [
              20.95348,
              40.759167
            ],
            [
              20.957201,
              40.751622
            ],
            [
              20.959165,
              40.743561
            ],
            [
              20.963505,
              40.736068
            ],
            [
              20.992031,
              40.7155
            ],
            [
              21.018593,
              40.690902
            ],
            [
              21.028825,
              40.676846
            ],
            [
              21.035336,
              40.65938
            ],
            [
              21.036679,
              40.639743
            ],
            [
              21.033165,
              40.621398
            ],
            [
              21.02252,
              40.586619
            ],
            [
              21.020763,
              40.575096
            ],
            [
              21.02035,
              40.566776
            ],
            [
              21.018799,
              40.558972
            ],
            [
              21.013528,
              40.548896
            ],
            [
              21.006707,
              40.543211
            ],
            [
              20.997509,
              40.53918
            ],
            [
              20.98831,
              40.533496
            ],
            [
              20.981489,
              40.523264
            ],
            [
              20.96857,
              40.520577
            ],
            [
              20.957924,
              40.514944
            ],
            [
              20.95193,
              40.506056
            ],
            [
              20.952653,
              40.493653
            ],
            [
              20.94976,
              40.487866
            ],
            [
              20.946452,
              40.482905
            ],
            [
              20.93684,
              40.472518
            ],
            [
              20.911932,
              40.459547
            ],
            [
              20.889608,
              40.463733
            ],
            [
              20.866767,
              40.472053
            ],
            [
              20.839999,
              40.471639
            ],
            [
              20.826666,
              40.464818
            ],
            [
              20.821292,
              40.456395
            ],
            [
              20.817365,
              40.446835
            ],
            [
              20.8092,
              40.436603
            ],
            [
              20.800311,
              40.432779
            ],
            [
              20.779537,
              40.429006
            ],
            [
              20.770649,
              40.421978
            ],
            [
              20.768995,
              40.412573
            ],
            [
              20.773336,
              40.38534
            ],
            [
              20.773853,
              40.374901
            ],
            [
              20.770442,
              40.36255
            ],
            [
              20.765998,
              40.354282
            ],
            [
              20.755043,
              40.338624
            ],
            [
              20.739552,
              40.309166
            ],
            [
              20.736646,
              40.303639
            ],
            [
              20.728791,
              40.298265
            ],
            [
              20.717836,
              40.293924
            ],
            [
              20.706984,
              40.288085
            ],
            [
              20.699129,
              40.278369
            ],
            [
              20.694581,
              40.25558
            ],
            [
              20.696648,
              40.235581
            ],
            [
              20.696442,
              40.215066
            ],
            [
              20.68528,
              40.191191
            ],
            [
              20.679802,
              40.187832
            ],
            [
              20.665022,
              40.18437
            ],
            [
              20.660372,
              40.178892
            ],
            [
              20.659855,
              40.172743
            ],
            [
              20.663162,
              40.161684
            ],
            [
              20.663472,
              40.15662
            ],
            [
              20.668226,
              40.138068
            ],
            [
              20.666779,
              40.13352
            ],
            [
              20.651793,
              40.101016
            ],
            [
              20.647556,
              40.09404
            ],
            [
              20.640218,
              40.090112
            ],
            [
              20.615361,
              40.081017
            ],
            [
              20.577793,
              40.067271
            ],
            [
              20.552885,
              40.065411
            ],
            [
              20.499865,
              40.071457
            ],
            [
              20.481674,
              40.067788
            ],
            [
              20.465965,
              40.060812
            ],
            [
              20.432789,
              40.063809
            ],
            [
              20.413772,
              40.057194
            ],
            [
              20.400439,
              40.045257
            ],
            [
              20.38907,
              40.029444
            ],
            [
              20.380699,
              40.011667
            ],
            [
              20.376461,
              39.993736
            ],
            [
              20.359925,
              39.991048
            ],
            [
              20.310005,
              39.98986
            ],
            [
              20.297913,
              39.986914
            ],
            [
              20.302977,
              39.979111
            ],
            [
              20.317964,
              39.918391
            ],
            [
              20.323131,
              39.912397
            ],
            [
              20.346902,
              39.894259
            ],
            [
              20.392998,
              39.835451
            ],
            [
              20.397028,
              39.818087
            ],
            [
              20.388967,
              39.79814
            ],
            [
              20.371604,
              39.784291
            ],
            [
              20.35455,
              39.78579
            ],
            [
              20.336877,
              39.794006
            ],
            [
              20.299577,
              39.805056
            ],
            [
              20.298326,
              39.805427
            ],
            [
              20.288405,
              39.806615
            ],
            [
              20.280033,
              39.80398
            ],
            [
              20.273005,
              39.796487
            ],
            [
              20.275485,
              39.792404
            ],
            [
              20.281377,
              39.788167
            ],
            [
              20.284684,
              39.780312
            ],
            [
              20.283134,
              39.775144
            ],
            [
              20.276829,
              39.763155
            ],
            [
              20.275692,
              39.760055
            ],
            [
              20.278173,
              39.756748
            ],
            [
              20.285511,
              39.749668
            ],
            [
              20.287268,
              39.746671
            ],
            [
              20.291092,
              39.737937
            ],
            [
              20.296466,
              39.733493
            ],
            [
              20.299463,
              39.728222
            ],
            [
              20.296466,
              39.71737
            ],
            [
              20.28272,
              39.704399
            ],
            [
              20.264117,
              39.696079
            ],
            [
              20.249027,
              39.684814
            ],
            [
              20.24603,
              39.662903
            ],
            [
              20.237245,
              39.667037
            ],
            [
              20.228563,
              39.669156
            ],
            [
              20.220088,
              39.669156
            ],
            [
              20.212027,
              39.667037
            ],
            [
              20.204172,
              39.660319
            ],
            [
              20.203035,
              39.65262
            ],
            [
              20.203449,
              39.645333
            ],
            [
              20.199935,
              39.640062
            ],
            [
              20.184122,
              39.637013
            ],
            [
              20.163761,
              39.6443
            ],
            [
              20.135236,
              39.664195
            ],
            [
              20.089347,
              39.682799
            ],
            [
              20.049556,
              39.69272
            ],
            [
              20.01607,
              39.701402
            ],
            [
              19.999848,
              39.693508
            ],
            [
              19.996837,
              39.692572
            ],
            [
              19.99586,
              39.686713
            ],
            [
              19.989024,
              39.686713
            ],
            [
              19.983572,
              39.701361
            ],
            [
              19.98699,
              39.717963
            ],
            [
              20.002696,
              39.748236
            ],
            [
              19.985606,
              39.75373
            ],
            [
              19.980642,
              39.75731
            ],
            [
              19.99586,
              39.782945
            ],
            [
              20.014171,
              39.832953
            ],
            [
              20.016287,
              39.845038
            ],
            [
              20.009776,
              39.865668
            ],
            [
              19.999278,
              39.871405
            ],
            [
              19.983735,
              39.872382
            ],
            [
              19.961681,
              39.878567
            ],
            [
              19.960216,
              39.881049
            ],
            [
              19.959972,
              39.885077
            ],
            [
              19.958832,
              39.88935
            ],
            [
              19.954845,
              39.892808
            ],
            [
              19.941173,
              39.898993
            ],
            [
              19.931163,
              39.901923
            ],
            [
              19.914073,
              39.902411
            ],
            [
              19.906423,
              39.90644
            ],
            [
              19.906423,
              39.912665
            ],
            [
              19.921235,
              39.926947
            ],
            [
              19.931,
              39.934516
            ],
            [
              19.941173,
              39.940009
            ],
            [
              19.923839,
              39.952826
            ],
            [
              19.876801,
              40.022366
            ],
            [
              19.870453,
              40.034735
            ],
            [
              19.863455,
              40.045356
            ],
            [
              19.855235,
              40.049872
            ],
            [
              19.823253,
              40.050605
            ],
            [
              19.807384,
              40.052883
            ],
            [
              19.79656,
              40.057318
            ],
            [
              19.804535,
              40.063463
            ],
            [
              19.777354,
              40.077786
            ],
            [
              19.773123,
              40.071234
            ],
            [
              19.771658,
              40.068305
            ],
            [
              19.770518,
              40.063463
            ],
            [
              19.767263,
              40.072455
            ],
            [
              19.762462,
              40.07685
            ],
            [
              19.756358,
              40.079901
            ],
            [
              19.74936,
              40.084621
            ],
            [
              19.748057,
              40.088609
            ],
            [
              19.740896,
              40.100409
            ],
            [
              19.732677,
              40.110256
            ],
            [
              19.729015,
              40.108222
            ],
            [
              19.719086,
              40.116034
            ],
            [
              19.653168,
              40.132392
            ],
            [
              19.59783,
              40.157701
            ],
            [
              19.565766,
              40.179836
            ],
            [
              19.509288,
              40.194485
            ],
            [
              19.476248,
              40.21369
            ],
            [
              19.381114,
              40.295233
            ],
            [
              19.369965,
              40.309027
            ],
            [
              19.365082,
              40.317369
            ],
            [
              19.351573,
              40.362047
            ],
            [
              19.344249,
              40.374335
            ],
            [
              19.309255,
              40.400824
            ],
            [
              19.296886,
              40.41356
            ],
            [
              19.295177,
              40.417548
            ],
            [
              19.295177,
              40.418687
            ],
            [
              19.289561,
              40.420396
            ],
            [
              19.289561,
              40.427232
            ],
            [
              19.316173,
              40.437812
            ],
            [
              19.33253,
              40.43891
            ],
            [
              19.348155,
              40.43065
            ],
            [
              19.3838,
              40.397406
            ],
            [
              19.39324,
              40.386298
            ],
            [
              19.406505,
              40.362616
            ],
            [
              19.411957,
              40.34809
            ],
            [
              19.414236,
              40.334418
            ],
            [
              19.423595,
              40.330024
            ],
            [
              19.444591,
              40.333808
            ],
            [
              19.465587,
              40.341498
            ],
            [
              19.474946,
              40.348375
            ],
            [
              19.481619,
              40.439114
            ],
            [
              19.47877,
              40.453925
            ],
            [
              19.453136,
              40.465318
            ],
            [
              19.418793,
              40.491889
            ],
            [
              19.391368,
              40.521796
            ],
            [
              19.386404,
              40.54328
            ],
            [
              19.39324,
              40.537055
            ],
            [
              19.396007,
              40.529608
            ],
            [
              19.398611,
              40.520941
            ],
            [
              19.406749,
              40.522773
            ],
            [
              19.414236,
              40.522773
            ],
            [
              19.433604,
              40.505927
            ],
            [
              19.446056,
              40.511135
            ],
            [
              19.452647,
              40.529853
            ],
            [
              19.4546,
              40.55386
            ],
            [
              19.442149,
              40.573065
            ],
            [
              19.415701,
              40.583482
            ],
            [
              19.391612,
              40.578315
            ],
            [
              19.386404,
              40.550727
            ],
            [
              19.379242,
              40.566148
            ],
            [
              19.309825,
              40.644355
            ],
            [
              19.304373,
              40.653144
            ],
            [
              19.309337,
              40.665025
            ],
            [
              19.322927,
              40.674872
            ],
            [
              19.339041,
              40.684068
            ],
            [
              19.351573,
              40.694159
            ],
            [
              19.360525,
              40.709784
            ],
            [
              19.364513,
              40.726508
            ],
            [
              19.365571,
              40.785956
            ],
            [
              19.368826,
              40.802151
            ],
            [
              19.377778,
              40.812974
            ],
            [
              19.396251,
              40.817043
            ],
            [
              19.406749,
              40.820746
            ],
            [
              19.404063,
              40.829291
            ],
            [
              19.396739,
              40.83869
            ],
            [
              19.39324,
              40.844916
            ],
            [
              19.397634,
              40.852973
            ],
            [
              19.404796,
              40.86107
            ],
            [
              19.411388,
              40.867092
            ],
            [
              19.414236,
              40.868842
            ],
            [
              19.406261,
              40.880316
            ],
            [
              19.391124,
              40.89525
            ],
            [
              19.381196,
              40.908271
            ],
            [
              19.389822,
              40.913804
            ],
            [
              19.404959,
              40.918158
            ],
            [
              19.424571,
              40.939643
            ],
            [
              19.440929,
              40.948635
            ],
            [
              19.427013,
              40.936835
            ],
            [
              19.435395,
              40.913398
            ],
            [
              19.427257,
              40.893378
            ],
            [
              19.427257,
              40.87226
            ],
            [
              19.434744,
              40.87226
            ],
            [
              19.437836,
              40.886542
            ],
            [
              19.437673,
              40.88345
            ],
            [
              19.439138,
              40.880072
            ],
            [
              19.440929,
              40.87226
            ],
            [
              19.454112,
              40.88581
            ],
            [
              19.506602,
              40.905097
            ],
            [
              19.523448,
              40.92064
            ],
            [
              19.525157,
              40.945258
            ],
            [
              19.514659,
              40.964911
            ],
            [
              19.501475,
              40.982978
            ],
            [
              19.495453,
              41.002631
            ],
            [
              19.492035,
              40.976955
            ],
            [
              19.479666,
              40.953925
            ],
            [
              19.453868,
              40.923977
            ],
            [
              19.453461,
              40.928371
            ],
            [
              19.447765,
              40.934312
            ],
            [
              19.458507,
              40.942613
            ],
            [
              19.469981,
              40.956732
            ],
            [
              19.477224,
              40.975002
            ],
            [
              19.474946,
              40.995795
            ],
            [
              19.469981,
              41.000718
            ],
            [
              19.453787,
              41.005845
            ],
            [
              19.447765,
              41.009467
            ],
            [
              19.440603,
              41.020657
            ],
            [
              19.441254,
              41.026028
            ],
            [
              19.445486,
              41.030707
            ],
            [
              19.456391,
              41.106676
            ],
            [
              19.451182,
              41.122707
            ],
            [
              19.445486,
              41.129462
            ],
            [
              19.441173,
              41.137356
            ],
            [
              19.441905,
              41.143866
            ],
            [
              19.463715,
              41.151313
            ],
            [
              19.467133,
              41.162665
            ],
            [
              19.467133,
              41.176174
            ],
            [
              19.468761,
              41.187567
            ],
            [
              19.509532,
              41.237291
            ],
            [
              19.516612,
              41.256415
            ],
            [
              19.513357,
              41.276679
            ],
            [
              19.50294,
              41.294135
            ],
            [
              19.488048,
              41.306464
            ],
            [
              19.471934,
              41.311103
            ],
            [
              19.450043,
              41.311103
            ],
            [
              19.431651,
              41.313707
            ],
            [
              19.418956,
              41.322577
            ],
            [
              19.414236,
              41.341498
            ],
            [
              19.414236,
              41.382799
            ],
            [
              19.410818,
              41.391669
            ],
            [
              19.396007,
              41.402045
            ],
            [
              19.39324,
              41.41352
            ],
            [
              19.406423,
              41.400377
            ],
            [
              19.428722,
              41.401313
            ],
            [
              19.44516,
              41.415188
            ],
            [
              19.440929,
              41.440863
            ],
            [
              19.46461,
              41.450873
            ],
            [
              19.489268,
              41.466132
            ],
            [
              19.508637,
              41.486884
            ],
            [
              19.516612,
              41.513414
            ],
            [
              19.514171,
              41.529975
            ],
            [
              19.507172,
              41.536282
            ],
            [
              19.496349,
              41.538764
            ],
            [
              19.482432,
              41.54385
            ],
            [
              19.468028,
              41.554267
            ],
            [
              19.451996,
              41.574774
            ],
            [
              19.440929,
              41.585395
            ],
            [
              19.528087,
              41.576565
            ],
            [
              19.556407,
              41.583075
            ],
            [
              19.565196,
              41.58511
            ],
            [
              19.584809,
              41.619574
            ],
            [
              19.591645,
              41.619574
            ],
            [
              19.592296,
              41.608588
            ],
            [
              19.596039,
              41.602729
            ],
            [
              19.603038,
              41.601752
            ],
            [
              19.612966,
              41.605292
            ],
            [
              19.604991,
              41.632148
            ],
            [
              19.600108,
              41.639106
            ],
            [
              19.591645,
              41.632636
            ],
            [
              19.587087,
              41.640692
            ],
            [
              19.557628,
              41.660549
            ],
            [
              19.578136,
              41.687649
            ],
            [
              19.576345,
              41.71894
            ],
            [
              19.571137,
              41.752387
            ],
            [
              19.5713,
              41.770413
            ],
            [
              19.589529,
              41.765692
            ],
            [
              19.598969,
              41.778713
            ],
            [
              19.599783,
              41.79975
            ],
            [
              19.591645,
              41.818793
            ],
            [
              19.585216,
              41.818549
            ],
            [
              19.465505,
              41.855455
            ],
            [
              19.451182,
              41.862535
            ],
            [
              19.432953,
              41.868598
            ],
            [
              19.365082,
              41.852362
            ],
            [
              19.364223,
              41.862846
            ],
            [
              19.364947,
              41.888995
            ],
            [
              19.356989,
              41.89964
            ],
            [
              19.347687,
              41.906358
            ],
            [
              19.34531,
              41.910337
            ],
            [
              19.34593,
              41.914471
            ],
            [
              19.345413,
              41.921189
            ],
            [
              19.346653,
              41.926176
            ],
            [
              19.350477,
              41.931369
            ],
            [
              19.352854,
              41.938501
            ],
            [
              19.346447,
              41.961548
            ],
            [
              19.351614,
              41.965166
            ],
            [
              19.359779,
              41.965993
            ],
            [
              19.365774,
              41.969713
            ],
            [
              19.371045,
              41.98656
            ],
            [
              19.363707,
              41.993484
            ],
            [
              19.363396,
              41.993639
            ],
            [
              19.354198,
              42.008703
            ],
            [
              19.350581,
              42.027823
            ],
            [
              19.351718,
              42.047615
            ],
            [
              19.356575,
              42.064798
            ],
            [
              19.374869,
              42.094667
            ],
            [
              19.372491,
              42.104253
            ],
            [
              19.369998,
              42.106507
            ],
            [
              19.355025,
              42.12004
            ],
            [
              19.297767,
              42.151666
            ],
            [
              19.282058,
              42.164559
            ],
            [
              19.281956,
              42.164723
            ],
            [
              19.272033,
              42.180682
            ],
            [
              19.274926,
              42.191276
            ],
            [
              19.304589,
              42.215099
            ],
            [
              19.400397,
              42.325893
            ],
            [
              19.401327,
              42.331061
            ],
            [
              19.400707,
              42.344755
            ],
            [
              19.402671,
              42.352015
            ],
            [
              19.412076,
              42.368397
            ],
            [
              19.417243,
              42.374107
            ],
            [
              19.468403,
              42.41811
            ],
            [
              19.481735,
              42.434491
            ],
            [
              19.501476,
              42.444129
            ],
            [
              19.517806,
              42.45803
            ],
            [
              19.531655,
              42.474773
            ],
            [
              19.543747,
              42.493402
            ],
            [
              19.543747,
              42.493557
            ],
            [
              19.549328,
              42.508595
            ],
            [
              19.561317,
              42.516243
            ],
            [
              19.575683,
              42.522341
            ],
            [
              19.588086,
              42.532857
            ],
            [
              19.593667,
              42.54482
            ],
            [
              19.599248,
              42.571046
            ],
            [
              19.605035,
              42.584844
            ],
            [
              19.621779,
              42.604997
            ],
            [
              19.647927,
              42.627838
            ],
            [
              19.658037,
              42.634613
            ],
            [
              19.676039,
              42.646675
            ],
            [
              19.699293,
              42.654814
            ],
            [
              19.722134,
              42.64608
            ],
            [
              19.737534,
              42.624402
            ],
            [
              19.746009,
              42.5989
            ],
            [
              19.746885,
              42.58893
            ],
            [
              19.747766,
              42.578901
            ],
            [
              19.746009,
              42.579934
            ],
            [
              19.741358,
              42.574405
            ],
            [
              19.733916,
              42.562597
            ],
            [
              19.732159,
              42.555543
            ],
            [
              19.730299,
              42.540428
            ],
            [
              19.730919,
              42.533658
            ],
            [
              19.73433,
              42.524382
            ],
            [
              19.75159,
              42.493402
            ],
            [
              19.784456,
              42.474566
            ],
            [
              19.801406,
              42.468132
            ],
            [
              19.819596,
              42.466479
            ],
            [
              19.829063,
              42.468723
            ],
            [
              19.835512,
              42.470251
            ],
            [
              19.873339,
              42.486839
            ],
            [
              19.882538,
              42.493402
            ],
            [
              19.882745,
              42.493609
            ],
            [
              19.907549,
              42.506399
            ],
            [
              19.956332,
              42.505314
            ],
            [
              19.981757,
              42.510765
            ],
            [
              20.017723,
              42.546241
            ],
            [
              20.039221,
              42.557765
            ],
            [
              20.064956,
              42.546758
            ],
            [
              20.085626,
              42.530015
            ],
            [
              20.135546,
              42.509629
            ],
            [
              20.152392,
              42.493712
            ],
            [
              20.152599,
              42.493712
            ],
            [
              20.152599,
              42.493609
            ],
            [
              20.152702,
              42.493402
            ],
            [
              20.180814,
              42.443095
            ],
            [
              20.186292,
              42.437437
            ],
            [
              20.199728,
              42.427799
            ],
            [
              20.204689,
              42.420099
            ],
            [
              20.204379,
              42.411831
            ],
            [
              20.194043,
              42.4001
            ],
            [
              20.192803,
              42.393693
            ],
            [
              20.197454,
              42.38744
            ],
            [
              20.21306,
              42.377518
            ],
            [
              20.218848,
              42.371446
            ],
            [
              20.221225,
              42.36372
            ],
            [
              20.219468,
              42.350207
            ],
            [
              20.220915,
              42.343101
            ],
            [
              20.229597,
              42.32672
            ],
            [
              20.237762,
              42.319924
            ],
            [
              20.249647,
              42.318607
            ],
            [
              20.317964,
              42.319821
            ],
            [
              20.333363,
              42.317883
            ],
            [
              20.456973,
              42.250497
            ],
            [
              20.473665,
              42.237123
            ],
            [
              20.481674,
              42.230705
            ],
            [
              20.500795,
              42.211223
            ],
            [
              20.538622,
              42.150116
            ],
            [
              20.549371,
              42.123476
            ],
            [
              20.551954,
              42.105803
            ],
            [
              20.552161,
              42.07379
            ],
            [
              20.558259,
              42.055109
            ],
            [
              20.589678,
              41.993639
            ],
            [
              20.594329,
              41.973718
            ],
            [
              20.59929,
              41.960567
            ],
            [
              20.59929,
              41.94788
            ],
            [
              20.588748,
              41.929586
            ],
            [
              20.580583,
              41.921732
            ],
            [
              20.573348,
              41.917675
            ],
            [
              20.567251,
              41.912172
            ],
            [
              20.562496,
              41.900105
            ],
            [
              20.562703,
              41.892845
            ],
            [
              20.567767,
              41.88052
            ],
            [
              20.567147,
              41.873182
            ]
          ]
        ]
      },
      "properties": {
        "id": "Ndso",
        "status": "validé",
        "pieces": [
          {
            "kind": "country"
          }
        ]
      }
    },
    {
      "type": "Feature",
      "geometry": {
        "type": "Polygon",
        "coordinates": [
          [
            [
              20.567147,
              41.873182
            ],
            [
              20.541722,
              41.86158
            ],
            [
              20.540786,
              41.844865
            ],
            [
              20.540482,
              41.839437
            ],
            [
              20.54844,
              41.814193
            ],
            [
              20.550136,
              41.80006
            ],
            [
              20.550921,
              41.793522
            ],
            [
              20.54441,
              41.784763
            ],
            [
              20.521155,
              41.767658
            ],
            [
              20.511337,
              41.757943
            ],
            [
              20.503275,
              41.744637
            ],
            [
              20.500381,
              41.734095
            ],
            [
              20.508339,
              41.661748
            ],
            [
              20.513404,
              41.640405
            ],
            [
              20.534591,
              41.594026
            ],
            [
              20.53467,
              41.587324
            ],
            [
              20.534694,
              41.585266
            ],
            [
              20.52932,
              41.574879
            ],
            [
              20.520845,
              41.568368
            ],
            [
              20.507409,
              41.56227
            ],
            [
              20.49294,
              41.557671
            ],
            [
              20.444157,
              41.549661
            ],
            [
              20.447878,
              41.53545
            ],
            [
              20.444984,
              41.508475
            ],
            [
              20.452012,
              41.493592
            ],
            [
              20.463174,
              41.489768
            ],
            [
              20.470822,
              41.483774
            ],
            [
              20.481597,
              41.468269
            ],
            [
              20.483535,
              41.46548
            ],
            [
              20.486842,
              41.457781
            ],
            [
              20.488909,
              41.441451
            ],
            [
              20.490873,
              41.436025
            ],
            [
              20.498004,
              41.431477
            ],
            [
              20.514644,
              41.429462
            ],
            [
              20.522189,
              41.42569
            ],
            [
              20.534074,
              41.412977
            ],
            [
              20.539049,
              41.402944
            ],
            [
              20.540172,
              41.400678
            ],
            [
              20.539965,
              41.387139
            ],
            [
              20.532937,
              41.370447
            ],
            [
              20.523429,
              41.356805
            ],
            [
              20.510407,
              41.344403
            ],
            [
              20.49604,
              41.337788
            ],
            [
              20.481674,
              41.341199
            ],
            [
              20.478108,
              41.321585
            ],
            [
              20.477747,
              41.319598
            ],
            [
              20.483121,
              41.289471
            ],
            [
              20.500071,
              41.23552
            ],
            [
              20.51268,
              41.210147
            ],
            [
              20.549681,
              41.170615
            ],
            [
              20.565494,
              41.147412
            ],
            [
              20.570558,
              41.124829
            ],
            [
              20.569938,
              41.107104
            ],
            [
              20.576966,
              41.093513
            ],
            [
              20.597419,
              41.086273
            ],
            [
              20.605284,
              41.083488
            ],
            [
              20.618927,
              41.082403
            ],
            [
              20.631536,
              41.082868
            ],
            [
              20.634129,
              41.082576
            ],
            [
              20.643008,
              41.081576
            ],
            [
              20.65386,
              41.075272
            ],
            [
              20.664092,
              41.059149
            ],
            [
              20.683419,
              40.99383
            ],
            [
              20.702746,
              40.936314
            ],
            [
              20.717216,
              40.913214
            ],
            [
              20.730573,
              40.904611
            ],
            [
              20.740883,
              40.89797
            ],
            [
              20.766102,
              40.893732
            ],
            [
              20.783672,
              40.899055
            ],
            [
              20.816951,
              40.920242
            ],
            [
              20.836544,
              40.923904
            ],
            [
              20.837415,
              40.924066
            ],
            [
              20.890228,
              40.918279
            ],
            [
              20.939941,
              40.907065
            ],
            [
              20.956684,
              40.894766
            ],
            [
              20.964849,
              40.875956
            ],
            [
              20.965262,
              40.849394
            ],
            [
              20.967019,
              40.802007
            ],
            [
              20.960922,
              40.780768
            ],
            [
              20.943662,
              40.765265
            ],
            [
              20.95348,
              40.759167
            ],
            [
              20.957201,
              40.751622
            ],
            [
              20.959165,
              40.743561
            ],
            [
              20.963505,
              40.736068
            ],
            [
              20.992031,
              40.7155
            ],
            [
              21.018593,
              40.690902
            ],
            [
              21.028825,
              40.676846
            ],
            [
              21.035336,
              40.65938
            ],
            [
              21.036679,
              40.639743
            ],
            [
              21.033165,
              40.621398
            ],
            [
              21.02252,
              40.586619
            ],
            [
              21.020763,
              40.575096
            ],
            [
              21.02035,
              40.566776
            ],
            [
              21.018799,
              40.558972
            ],
            [
              21.013528,
              40.548896
            ],
            [
              21.006707,
              40.543211
            ],
            [
              20.997509,
              40.53918
            ],
            [
              20.98831,
              40.533496
            ],
            [
              20.981489,
              40.523264
            ],
            [
              20.96857,
              40.520577
            ],
            [
              20.957924,
              40.514944
            ],
            [
              20.95193,
              40.506056
            ],
            [
              20.952653,
              40.493653
            ],
            [
              20.94976,
              40.487866
            ],
            [
              20.946452,
              40.482905
            ],
            [
              20.93684,
              40.472518
            ],
            [
              20.911932,
              40.459547
            ],
            [
              20.889608,
              40.463733
            ],
            [
              20.866767,
              40.472053
            ],
            [
              20.839999,
              40.471639
            ],
            [
              20.826666,
              40.464818
            ],
            [
              20.821292,
              40.456395
            ],
            [
              20.817365,
              40.446835
            ],
            [
              20.8092,
              40.436603
            ],
            [
              20.800311,
              40.432779
            ],
            [
              20.779537,
              40.429006
            ],
            [
              20.770649,
              40.421978
            ],
            [
              20.768995,
              40.412573
            ],
            [
              20.773336,
              40.38534
            ],
            [
              20.773853,
              40.374901
            ],
            [
              20.770442,
              40.36255
            ],
            [
              20.765998,
              40.354282
            ],
            [
              20.755043,
              40.338624
            ],
            [
              20.739552,
              40.309166
            ],
            [
              20.736646,
              40.303639
            ],
            [
              20.728791,
              40.298265
            ],
            [
              20.717836,
              40.293924
            ],
            [
              20.706984,
              40.288085
            ],
            [
              20.699129,
              40.278369
            ],
            [
              20.694581,
              40.25558
            ],
            [
              20.696648,
              40.235581
            ],
            [
              20.696442,
              40.215066
            ],
            [
              20.68528,
              40.191191
            ],
            [
              20.679802,
              40.187832
            ],
            [
              20.665022,
              40.18437
            ],
            [
              20.660372,
              40.178892
            ],
            [
              20.659855,
              40.172743
            ],
            [
              20.663162,
              40.161684
            ],
            [
              20.663472,
              40.15662
            ],
            [
              20.668226,
              40.138068
            ],
            [
              20.666779,
              40.13352
            ],
            [
              20.651793,
              40.101016
            ],
            [
              20.647556,
              40.09404
            ],
            [
              20.640218,
              40.090112
            ],
            [
              20.615361,
              40.081017
            ],
            [
              20.577793,
              40.067271
            ],
            [
              20.552885,
              40.065411
            ],
            [
              20.499865,
              40.071457
            ],
            [
              20.481674,
              40.067788
            ],
            [
              20.465965,
              40.060812
            ],
            [
              20.432789,
              40.063809
            ],
            [
              20.413772,
              40.057194
            ],
            [
              20.400439,
              40.045257
            ],
            [
              20.38907,
              40.029444
            ],
            [
              20.380699,
              40.011667
            ],
            [
              20.376461,
              39.993736
            ],
            [
              20.359925,
              39.991048
            ],
            [
              20.310005,
              39.98986
            ],
            [
              20.297913,
              39.986914
            ],
            [
              20.302977,
              39.979111
            ],
            [
              20.317964,
              39.918391
            ],
            [
              20.323131,
              39.912397
            ],
            [
              20.346902,
              39.894259
            ],
            [
              20.392998,
              39.835451
            ],
            [
              20.397028,
              39.818087
            ],
            [
              20.388967,
              39.79814
            ],
            [
              20.371604,
              39.784291
            ],
            [
              20.35455,
              39.78579
            ],
            [
              20.336877,
              39.794006
            ],
            [
              20.299577,
              39.805056
            ],
            [
              20.298326,
              39.805427
            ],
            [
              20.288405,
              39.806615
            ],
            [
              20.280033,
              39.80398
            ],
            [
              20.273005,
              39.796487
            ],
            [
              20.275485,
              39.792404
            ],
            [
              20.281377,
              39.788167
            ],
            [
              20.284684,
              39.780312
            ],
            [
              20.283134,
              39.775144
            ],
            [
              20.276829,
              39.763155
            ],
            [
              20.275692,
              39.760055
            ],
            [
              20.278173,
              39.756748
            ],
            [
              20.285511,
              39.749668
            ],
            [
              20.287268,
              39.746671
            ],
            [
              20.291092,
              39.737937
            ],
            [
              20.296466,
              39.733493
            ],
            [
              20.299463,
              39.728222
            ],
            [
              20.296466,
              39.71737
            ],
            [
              20.28272,
              39.704399
            ],
            [
              20.264117,
              39.696079
            ],
            [
              20.249027,
              39.684814
            ],
            [
              20.24603,
              39.662903
            ],
            [
              20.237245,
              39.667037
            ],
            [
              20.228563,
              39.669156
            ],
            [
              20.220088,
              39.669156
            ],
            [
              20.212027,
              39.667037
            ],
            [
              20.204172,
              39.660319
            ],
            [
              20.203035,
              39.65262
            ],
            [
              20.203449,
              39.645333
            ],
            [
              20.199935,
              39.640062
            ],
            [
              20.184122,
              39.637013
            ],
            [
              20.163761,
              39.6443
            ],
            [
              20.135236,
              39.664195
            ],
            [
              20.089347,
              39.682799
            ],
            [
              20.049556,
              39.69272
            ],
            [
              20.01607,
              39.701402
            ],
            [
              19.999848,
              39.693508
            ],
            [
              19.996837,
              39.692572
            ],
            [
              19.99586,
              39.686713
            ],
            [
              19.989024,
              39.686713
            ],
            [
              19.983572,
              39.701361
            ],
            [
              19.98699,
              39.717963
            ],
            [
              20.002696,
              39.748236
            ],
            [
              19.985606,
              39.75373
            ],
            [
              19.980642,
              39.75731
            ],
            [
              19.99586,
              39.782945
            ],
            [
              20.014171,
              39.832953
            ],
            [
              20.016287,
              39.845038
            ],
            [
              20.009776,
              39.865668
            ],
            [
              19.999278,
              39.871405
            ],
            [
              19.983735,
              39.872382
            ],
            [
              19.961681,
              39.878567
            ],
            [
              19.960216,
              39.881049
            ],
            [
              19.959972,
              39.885077
            ],
            [
              19.958832,
              39.88935
            ],
            [
              19.954845,
              39.892808
            ],
            [
              19.941173,
              39.898993
            ],
            [
              19.931163,
              39.901923
            ],
            [
              19.914073,
              39.902411
            ],
            [
              19.906423,
              39.90644
            ],
            [
              19.906423,
              39.912665
            ],
            [
              19.921235,
              39.926947
            ],
            [
              19.931,
              39.934516
            ],
            [
              19.941173,
              39.940009
            ],
            [
              19.923839,
              39.952826
            ],
            [
              19.876801,
              40.022366
            ],
            [
              19.870453,
              40.034735
            ],
            [
              19.863455,
              40.045356
            ],
            [
              19.855235,
              40.049872
            ],
            [
              19.823253,
              40.050605
            ],
            [
              19.807384,
              40.052883
            ],
            [
              19.79656,
              40.057318
            ],
            [
              19.804535,
              40.063463
            ],
            [
              19.777354,
              40.077786
            ],
            [
              19.773123,
              40.071234
            ],
            [
              19.771658,
              40.068305
            ],
            [
              19.770518,
              40.063463
            ],
            [
              19.767263,
              40.072455
            ],
            [
              19.762462,
              40.07685
            ],
            [
              19.756358,
              40.079901
            ],
            [
              19.74936,
              40.084621
            ],
            [
              19.748057,
              40.088609
            ],
            [
              19.740896,
              40.100409
            ],
            [
              19.732677,
              40.110256
            ],
            [
              19.729015,
              40.108222
            ],
            [
              19.719086,
              40.116034
            ],
            [
              19.653168,
              40.132392
            ],
            [
              19.59783,
              40.157701
            ],
            [
              19.565766,
              40.179836
            ],
            [
              19.509288,
              40.194485
            ],
            [
              19.476248,
              40.21369
            ],
            [
              19.381114,
              40.295233
            ],
            [
              19.369965,
              40.309027
            ],
            [
              19.365082,
              40.317369
            ],
            [
              19.351573,
              40.362047
            ],
            [
              19.344249,
              40.374335
            ],
            [
              19.309255,
              40.400824
            ],
            [
              19.296886,
              40.41356
            ],
            [
              19.295177,
              40.417548
            ],
            [
              19.295177,
              40.418687
            ],
            [
              19.289561,
              40.420396
            ],
            [
              19.289561,
              40.427232
            ],
            [
              19.316173,
              40.437812
            ],
            [
              19.33253,
              40.43891
            ],
            [
              19.348155,
              40.43065
            ],
            [
              19.3838,
              40.397406
            ],
            [
              19.39324,
              40.386298
            ],
            [
              19.406505,
              40.362616
            ],
            [
              19.411957,
              40.34809
            ],
            [
              19.414236,
              40.334418
            ],
            [
              19.423595,
              40.330024
            ],
            [
              19.444591,
              40.333808
            ],
            [
              19.465587,
              40.341498
            ],
            [
              19.474946,
              40.348375
            ],
            [
              19.481619,
              40.439114
            ],
            [
              19.47877,
              40.453925
            ],
            [
              19.453136,
              40.465318
            ],
            [
              19.418793,
              40.491889
            ],
            [
              19.391368,
              40.521796
            ],
            [
              19.386404,
              40.54328
            ],
            [
              19.39324,
              40.537055
            ],
            [
              19.396007,
              40.529608
            ],
            [
              19.398611,
              40.520941
            ],
            [
              19.406749,
              40.522773
            ],
            [
              19.414236,
              40.522773
            ],
            [
              19.433604,
              40.505927
            ],
            [
              19.446056,
              40.511135
            ],
            [
              19.452647,
              40.529853
            ],
            [
              19.4546,
              40.55386
            ],
            [
              19.442149,
              40.573065
            ],
            [
              19.415701,
              40.583482
            ],
            [
              19.391612,
              40.578315
            ],
            [
              19.386404,
              40.550727
            ],
            [
              19.379242,
              40.566148
            ],
            [
              19.309825,
              40.644355
            ],
            [
              19.304373,
              40.653144
            ],
            [
              19.309337,
              40.665025
            ],
            [
              19.322927,
              40.674872
            ],
            [
              19.339041,
              40.684068
            ],
            [
              19.351573,
              40.694159
            ],
            [
              19.360525,
              40.709784
            ],
            [
              19.364513,
              40.726508
            ],
            [
              19.365571,
              40.785956
            ],
            [
              19.368826,
              40.802151
            ],
            [
              19.377778,
              40.812974
            ],
            [
              19.396251,
              40.817043
            ],
            [
              19.406749,
              40.820746
            ],
            [
              19.404063,
              40.829291
            ],
            [
              19.396739,
              40.83869
            ],
            [
              19.39324,
              40.844916
            ],
            [
              19.397634,
              40.852973
            ],
            [
              19.404796,
              40.86107
            ],
            [
              19.411388,
              40.867092
            ],
            [
              19.414236,
              40.868842
            ],
            [
              19.406261,
              40.880316
            ],
            [
              19.391124,
              40.89525
            ],
            [
              19.381196,
              40.908271
            ],
            [
              19.389822,
              40.913804
            ],
            [
              19.404959,
              40.918158
            ],
            [
              19.424571,
              40.939643
            ],
            [
              19.440929,
              40.948635
            ],
            [
              19.427013,
              40.936835
            ],
            [
              19.435395,
              40.913398
            ],
            [
              19.427257,
              40.893378
            ],
            [
              19.427257,
              40.87226
            ],
            [
              19.434744,
              40.87226
            ],
            [
              19.437836,
              40.886542
            ],
            [
              19.437673,
              40.88345
            ],
            [
              19.439138,
              40.880072
            ],
            [
              19.440929,
              40.87226
            ],
            [
              19.454112,
              40.88581
            ],
            [
              19.506602,
              40.905097
            ],
            [
              19.523448,
              40.92064
            ],
            [
              19.525157,
              40.945258
            ],
            [
              19.514659,
              40.964911
            ],
            [
              19.501475,
              40.982978
            ],
            [
              19.495453,
              41.002631
            ],
            [
              19.492035,
              40.976955
            ],
            [
              19.479666,
              40.953925
            ],
            [
              19.453868,
              40.923977
            ],
            [
              19.453461,
              40.928371
            ],
            [
              19.447765,
              40.934312
            ],
            [
              19.458507,
              40.942613
            ],
            [
              19.469981,
              40.956732
            ],
            [
              19.477224,
              40.975002
            ],
            [
              19.474946,
              40.995795
            ],
            [
              19.469981,
              41.000718
            ],
            [
              19.453787,
              41.005845
            ],
            [
              19.447765,
              41.009467
            ],
            [
              19.440603,
              41.020657
            ],
            [
              19.441254,
              41.026028
            ],
            [
              19.445486,
              41.030707
            ],
            [
              19.456391,
              41.106676
            ],
            [
              19.451182,
              41.122707
            ],
            [
              19.445486,
              41.129462
            ],
            [
              19.441173,
              41.137356
            ],
            [
              19.441905,
              41.143866
            ],
            [
              19.463715,
              41.151313
            ],
            [
              19.467133,
              41.162665
            ],
            [
              19.467133,
              41.176174
            ],
            [
              19.468761,
              41.187567
            ],
            [
              19.509532,
              41.237291
            ],
            [
              19.516612,
              41.256415
            ],
            [
              19.513357,
              41.276679
            ],
            [
              19.50294,
              41.294135
            ],
            [
              19.488048,
              41.306464
            ],
            [
              19.471934,
              41.311103
            ],
            [
              19.450043,
              41.311103
            ],
            [
              19.431651,
              41.313707
            ],
            [
              19.418956,
              41.322577
            ],
            [
              19.414236,
              41.341498
            ],
            [
              19.414236,
              41.382799
            ],
            [
              19.410818,
              41.391669
            ],
            [
              19.396007,
              41.402045
            ],
            [
              19.39324,
              41.41352
            ],
            [
              19.406423,
              41.400377
            ],
            [
              19.428722,
              41.401313
            ],
            [
              19.44516,
              41.415188
            ],
            [
              19.440929,
              41.440863
            ],
            [
              19.46461,
              41.450873
            ],
            [
              19.489268,
              41.466132
            ],
            [
              19.508637,
              41.486884
            ],
            [
              19.516612,
              41.513414
            ],
            [
              19.514171,
              41.529975
            ],
            [
              19.507172,
              41.536282
            ],
            [
              19.496349,
              41.538764
            ],
            [
              19.482432,
              41.54385
            ],
            [
              19.468028,
              41.554267
            ],
            [
              19.451996,
              41.574774
            ],
            [
              19.440929,
              41.585395
            ],
            [
              19.528087,
              41.576565
            ],
            [
              19.556407,
              41.583075
            ],
            [
              19.565196,
              41.58511
            ],
            [
              19.584809,
              41.619574
            ],
            [
              19.591645,
              41.619574
            ],
            [
              19.592296,
              41.608588
            ],
            [
              19.596039,
              41.602729
            ],
            [
              19.603038,
              41.601752
            ],
            [
              19.612966,
              41.605292
            ],
            [
              19.604991,
              41.632148
            ],
            [
              19.600108,
              41.639106
            ],
            [
              19.591645,
              41.632636
            ],
            [
              19.587087,
              41.640692
            ],
            [
              19.557628,
              41.660549
            ],
            [
              19.578136,
              41.687649
            ],
            [
              19.576345,
              41.71894
            ],
            [
              19.571137,
              41.752387
            ],
            [
              19.5713,
              41.770413
            ],
            [
              19.589529,
              41.765692
            ],
            [
              19.598969,
              41.778713
            ],
            [
              19.599783,
              41.79975
            ],
            [
              19.591645,
              41.818793
            ],
            [
              19.585216,
              41.818549
            ],
            [
              19.465505,
              41.855455
            ],
            [
              19.451182,
              41.862535
            ],
            [
              19.432953,
              41.868598
            ],
            [
              19.365082,
              41.852362
            ],
            [
              19.364223,
              41.862846
            ],
            [
              19.364947,
              41.888995
            ],
            [
              19.356989,
              41.89964
            ],
            [
              19.347687,
              41.906358
            ],
            [
              19.34531,
              41.910337
            ],
            [
              19.34593,
              41.914471
            ],
            [
              19.345413,
              41.921189
            ],
            [
              19.346653,
              41.926176
            ],
            [
              19.350477,
              41.931369
            ],
            [
              19.352854,
              41.938501
            ],
            [
              19.346447,
              41.961548
            ],
            [
              19.351614,
              41.965166
            ],
            [
              19.359779,
              41.965993
            ],
            [
              19.365774,
              41.969713
            ],
            [
              19.371045,
              41.98656
            ],
            [
              19.363707,
              41.993484
            ],
            [
              19.363396,
              41.993639
            ],
            [
              19.354198,
              42.008703
            ],
            [
              19.350581,
              42.027823
            ],
            [
              19.351718,
              42.047615
            ],
            [
              19.356575,
              42.064798
            ],
            [
              19.374869,
              42.094667
            ],
            [
              19.372491,
              42.104253
            ],
            [
              19.369998,
              42.106507
            ],
            [
              19.355025,
              42.12004
            ],
            [
              19.297767,
              42.151666
            ],
            [
              19.282058,
              42.164559
            ],
            [
              19.281956,
              42.164723
            ],
            [
              19.272033,
              42.180682
            ],
            [
              19.274926,
              42.191276
            ],
            [
              19.304589,
              42.215099
            ],
            [
              19.400397,
              42.325893
            ],
            [
              19.401327,
              42.331061
            ],
            [
              19.400707,
              42.344755
            ],
            [
              19.402671,
              42.352015
            ],
            [
              19.412076,
              42.368397
            ],
            [
              19.417243,
              42.374107
            ],
            [
              19.468403,
              42.41811
            ],
            [
              19.481735,
              42.434491
            ],
            [
              19.501476,
              42.444129
            ],
            [
              19.517806,
              42.45803
            ],
            [
              19.531655,
              42.474773
            ],
            [
              19.543747,
              42.493402
            ],
            [
              19.543747,
              42.493557
            ],
            [
              19.549328,
              42.508595
            ],
            [
              19.561317,
              42.516243
            ],
            [
              19.575683,
              42.522341
            ],
            [
              19.588086,
              42.532857
            ],
            [
              19.593667,
              42.54482
            ],
            [
              19.599248,
              42.571046
            ],
            [
              19.605035,
              42.584844
            ],
            [
              19.621779,
              42.604997
            ],
            [
              19.647927,
              42.627838
            ],
            [
              19.658037,
              42.634613
            ],
            [
              19.676039,
              42.646675
            ],
            [
              19.699293,
              42.654814
            ],
            [
              19.722134,
              42.64608
            ],
            [
              19.737534,
              42.624402
            ],
            [
              19.746009,
              42.5989
            ],
            [
              19.746885,
              42.58893
            ],
            [
              19.747766,
              42.578901
            ],
            [
              19.746009,
              42.579934
            ],
            [
              19.741358,
              42.574405
            ],
            [
              19.733916,
              42.562597
            ],
            [
              19.732159,
              42.555543
            ],
            [
              19.730299,
              42.540428
            ],
            [
              19.730919,
              42.533658
            ],
            [
              19.73433,
              42.524382
            ],
            [
              19.75159,
              42.493402
            ],
            [
              19.784456,
              42.474566
            ],
            [
              19.801406,
              42.468132
            ],
            [
              19.819596,
              42.466479
            ],
            [
              19.829063,
              42.468723
            ],
            [
              19.835512,
              42.470251
            ],
            [
              19.873339,
              42.486839
            ],
            [
              19.882538,
              42.493402
            ],
            [
              19.882745,
              42.493609
            ],
            [
              19.907549,
              42.506399
            ],
            [
              19.956332,
              42.505314
            ],
            [
              19.981757,
              42.510765
            ],
            [
              20.017723,
              42.546241
            ],
            [
              20.039221,
              42.557765
            ],
            [
              20.064956,
              42.546758
            ],
            [
              20.085626,
              42.530015
            ],
            [
              20.135546,
              42.509629
            ],
            [
              20.152392,
              42.493712
            ],
            [
              20.152599,
              42.493712
            ],
            [
              20.152599,
              42.493609
            ],
            [
              20.152702,
              42.493402
            ],
            [
              20.180814,
              42.443095
            ],
            [
              20.186292,
              42.437437
            ],
            [
              20.199728,
              42.427799
            ],
            [
              20.204689,
              42.420099
            ],
            [
              20.204379,
              42.411831
            ],
            [
              20.194043,
              42.4001
            ],
            [
              20.192803,
              42.393693
            ],
            [
              20.197454,
              42.38744
            ],
            [
              20.21306,
              42.377518
            ],
            [
              20.218848,
              42.371446
            ],
            [
              20.221225,
              42.36372
            ],
            [
              20.219468,
              42.350207
            ],
            [
              20.220915,
              42.343101
            ],
            [
              20.229597,
              42.32672
            ],
            [
              20.237762,
              42.319924
            ],
            [
              20.249647,
              42.318607
            ],
            [
              20.317964,
              42.319821
            ],
            [
              20.333363,
              42.317883
            ],
            [
              20.456973,
              42.250497
            ],
            [
              20.473665,
              42.237123
            ],
            [
              20.481674,
              42.230705
            ],
            [
              20.500795,
              42.211223
            ],
            [
              20.538622,
              42.150116
            ],
            [
              20.549371,
              42.123476
            ],
            [
              20.551954,
              42.105803
            ],
            [
              20.552161,
              42.07379
            ],
            [
              20.558259,
              42.055109
            ],
            [
              20.589678,
              41.993639
            ],
            [
              20.594329,
              41.973718
            ],
            [
              20.59929,
              41.960567
            ],
            [
              20.59929,
              41.94788
            ],
            [
              20.588748,
              41.929586
            ],
            [
              20.580583,
              41.921732
            ],
            [
              20.573348,
              41.917675
            ],
            [
              20.567251,
              41.912172
            ],
            [
              20.562496,
              41.900105
            ],
            [
              20.562703,
              41.892845
            ],
            [
              20.567767,
              41.88052
            ],
            [
              20.567147,
              41.873182
            ]
          ]
        ]
      },
      "properties": {
        "id": "QA4i",
        "status": "validé",
        "pieces": [
          {
            "kind": "country"
          }
        ]
      }
    },
    {
      "type": "Feature",
      "geometry": {
        "type": "Polygon",
        "coordinates": [
          [
            [
              20.18051147460938,
              40.8746111966788
            ],
            [
              20.182571411132816,
              40.86033744660976
            ],
            [
              20.187034606933597,
              40.83697376483643
            ],
            [
              20.215187072753906,
              40.817238018678886
            ],
            [
              20.253295898437504,
              40.79645720400107
            ],
            [
              20.29037475585938,
              40.78112718405151
            ],
            [
              20.296211242675785,
              40.788662720861275
            ],
            [
              20.27114868164063,
              40.799834529188814
            ],
            [
              20.232353210449222,
              40.82061428640566
            ],
            [
              20.196647644042972,
              40.84216640601034
            ],
            [
              20.19046783447266,
              40.8746111966788
            ],
            [
              20.18051147460938,
              40.8746111966788
            ]
          ]
        ]
      },
      "properties": {
        "id": "QFIu",
        "status": "validé",
        "pieces": [
          {
            "kind": "polygon",
            "ring": [
              [
                20.18051147460938,
                40.8746111966788
              ],
              [
                20.182571411132816,
                40.86033744660976
              ],
              [
                20.187034606933597,
                40.83697376483643
              ],
              [
                20.215187072753906,
                40.817238018678886
              ],
              [
                20.253295898437504,
                40.79645720400107
              ],
              [
                20.29037475585938,
                40.78112718405151
              ],
              [
                20.296211242675785,
                40.788662720861275
              ],
              [
                20.27114868164063,
                40.799834529188814
              ],
              [
                20.232353210449222,
                40.82061428640566
              ],
              [
                20.196647644042972,
                40.84216640601034
              ],
              [
                20.19046783447266,
                40.8746111966788
              ]
            ]
          }
        ]
      }
    },
    {
      "type": "Feature",
      "geometry": {
        "type": "Polygon",
        "coordinates": [
          [
            [
              20.165061950683597,
              40.062327307062674
            ],
            [
              20.165061950683597,
              40.08819366158752
            ],
            [
              20.124893188476562,
              40.08819366158752
            ],
            [
              20.124893188476562,
              40.062327307062674
            ],
            [
              20.165061950683597,
              40.062327307062674
            ]
          ]
        ]
      },
      "properties": {
        "id": "TwNX",
        "status": "validé",
        "pieces": [
          {
            "kind": "rect",
            "bounds": [
              20.124893188476562,
              40.062327307062674,
              20.165061950683597,
              40.08819366158752
            ]
          }
        ]
      }
    },
    {
      "type": "Feature",
      "geometry": {
        "type": "Polygon",
        "coordinates": [
          [
            [
              20.567147,
              41.873182
            ],
            [
              20.541722,
              41.86158
            ],
            [
              20.540786,
              41.844865
            ],
            [
              20.540482,
              41.839437
            ],
            [
              20.54844,
              41.814193
            ],
            [
              20.550136,
              41.80006
            ],
            [
              20.550921,
              41.793522
            ],
            [
              20.54441,
              41.784763
            ],
            [
              20.521155,
              41.767658
            ],
            [
              20.511337,
              41.757943
            ],
            [
              20.503275,
              41.744637
            ],
            [
              20.500381,
              41.734095
            ],
            [
              20.508339,
              41.661748
            ],
            [
              20.513404,
              41.640405
            ],
            [
              20.534591,
              41.594026
            ],
            [
              20.53467,
              41.587324
            ],
            [
              20.534694,
              41.585266
            ],
            [
              20.52932,
              41.574879
            ],
            [
              20.520845,
              41.568368
            ],
            [
              20.507409,
              41.56227
            ],
            [
              20.49294,
              41.557671
            ],
            [
              20.444157,
              41.549661
            ],
            [
              20.447878,
              41.53545
            ],
            [
              20.444984,
              41.508475
            ],
            [
              20.452012,
              41.493592
            ],
            [
              20.463174,
              41.489768
            ],
            [
              20.470822,
              41.483774
            ],
            [
              20.481597,
              41.468269
            ],
            [
              20.483535,
              41.46548
            ],
            [
              20.486842,
              41.457781
            ],
            [
              20.488909,
              41.441451
            ],
            [
              20.490873,
              41.436025
            ],
            [
              20.498004,
              41.431477
            ],
            [
              20.514644,
              41.429462
            ],
            [
              20.522189,
              41.42569
            ],
            [
              20.534074,
              41.412977
            ],
            [
              20.539049,
              41.402944
            ],
            [
              20.540172,
              41.400678
            ],
            [
              20.539965,
              41.387139
            ],
            [
              20.532937,
              41.370447
            ],
            [
              20.523429,
              41.356805
            ],
            [
              20.510407,
              41.344403
            ],
            [
              20.49604,
              41.337788
            ],
            [
              20.481674,
              41.341199
            ],
            [
              20.478108,
              41.321585
            ],
            [
              20.477747,
              41.319598
            ],
            [
              20.483121,
              41.289471
            ],
            [
              20.500071,
              41.23552
            ],
            [
              20.51268,
              41.210147
            ],
            [
              20.549681,
              41.170615
            ],
            [
              20.565494,
              41.147412
            ],
            [
              20.570558,
              41.124829
            ],
            [
              20.569938,
              41.107104
            ],
            [
              20.576966,
              41.093513
            ],
            [
              20.597419,
              41.086273
            ],
            [
              20.605284,
              41.083488
            ],
            [
              20.618927,
              41.082403
            ],
            [
              20.631536,
              41.082868
            ],
            [
              20.634129,
              41.082576
            ],
            [
              20.643008,
              41.081576
            ],
            [
              20.65386,
              41.075272
            ],
            [
              20.664092,
              41.059149
            ],
            [
              20.683419,
              40.99383
            ],
            [
              20.702746,
              40.936314
            ],
            [
              20.717216,
              40.913214
            ],
            [
              20.730573,
              40.904611
            ],
            [
              20.740883,
              40.89797
            ],
            [
              20.766102,
              40.893732
            ],
            [
              20.783672,
              40.899055
            ],
            [
              20.816951,
              40.920242
            ],
            [
              20.836544,
              40.923904
            ],
            [
              20.837415,
              40.924066
            ],
            [
              20.890228,
              40.918279
            ],
            [
              20.939941,
              40.907065
            ],
            [
              20.956684,
              40.894766
            ],
            [
              20.964849,
              40.875956
            ],
            [
              20.965262,
              40.849394
            ],
            [
              20.967019,
              40.802007
            ],
            [
              20.960922,
              40.780768
            ],
            [
              20.943662,
              40.765265
            ],
            [
              20.95348,
              40.759167
            ],
            [
              20.957201,
              40.751622
            ],
            [
              20.959165,
              40.743561
            ],
            [
              20.963505,
              40.736068
            ],
            [
              20.992031,
              40.7155
            ],
            [
              21.018593,
              40.690902
            ],
            [
              21.028825,
              40.676846
            ],
            [
              21.035336,
              40.65938
            ],
            [
              21.036679,
              40.639743
            ],
            [
              21.033165,
              40.621398
            ],
            [
              21.02252,
              40.586619
            ],
            [
              21.020763,
              40.575096
            ],
            [
              21.02035,
              40.566776
            ],
            [
              21.018799,
              40.558972
            ],
            [
              21.013528,
              40.548896
            ],
            [
              21.006707,
              40.543211
            ],
            [
              20.997509,
              40.53918
            ],
            [
              20.98831,
              40.533496
            ],
            [
              20.981489,
              40.523264
            ],
            [
              20.96857,
              40.520577
            ],
            [
              20.957924,
              40.514944
            ],
            [
              20.95193,
              40.506056
            ],
            [
              20.952653,
              40.493653
            ],
            [
              20.94976,
              40.487866
            ],
            [
              20.946452,
              40.482905
            ],
            [
              20.93684,
              40.472518
            ],
            [
              20.911932,
              40.459547
            ],
            [
              20.889608,
              40.463733
            ],
            [
              20.866767,
              40.472053
            ],
            [
              20.839999,
              40.471639
            ],
            [
              20.826666,
              40.464818
            ],
            [
              20.821292,
              40.456395
            ],
            [
              20.817365,
              40.446835
            ],
            [
              20.8092,
              40.436603
            ],
            [
              20.800311,
              40.432779
            ],
            [
              20.779537,
              40.429006
            ],
            [
              20.770649,
              40.421978
            ],
            [
              20.768995,
              40.412573
            ],
            [
              20.773336,
              40.38534
            ],
            [
              20.773853,
              40.374901
            ],
            [
              20.770442,
              40.36255
            ],
            [
              20.765998,
              40.354282
            ],
            [
              20.755043,
              40.338624
            ],
            [
              20.739552,
              40.309166
            ],
            [
              20.736646,
              40.303639
            ],
            [
              20.728791,
              40.298265
            ],
            [
              20.717836,
              40.293924
            ],
            [
              20.706984,
              40.288085
            ],
            [
              20.699129,
              40.278369
            ],
            [
              20.694581,
              40.25558
            ],
            [
              20.696648,
              40.235581
            ],
            [
              20.696442,
              40.215066
            ],
            [
              20.68528,
              40.191191
            ],
            [
              20.679802,
              40.187832
            ],
            [
              20.665022,
              40.18437
            ],
            [
              20.660372,
              40.178892
            ],
            [
              20.659855,
              40.172743
            ],
            [
              20.663162,
              40.161684
            ],
            [
              20.663472,
              40.15662
            ],
            [
              20.668226,
              40.138068
            ],
            [
              20.666779,
              40.13352
            ],
            [
              20.651793,
              40.101016
            ],
            [
              20.647556,
              40.09404
            ],
            [
              20.640218,
              40.090112
            ],
            [
              20.615361,
              40.081017
            ],
            [
              20.577793,
              40.067271
            ],
            [
              20.552885,
              40.065411
            ],
            [
              20.499865,
              40.071457
            ],
            [
              20.481674,
              40.067788
            ],
            [
              20.465965,
              40.060812
            ],
            [
              20.432789,
              40.063809
            ],
            [
              20.413772,
              40.057194
            ],
            [
              20.400439,
              40.045257
            ],
            [
              20.38907,
              40.029444
            ],
            [
              20.380699,
              40.011667
            ],
            [
              20.376461,
              39.993736
            ],
            [
              20.359925,
              39.991048
            ],
            [
              20.310005,
              39.98986
            ],
            [
              20.297913,
              39.986914
            ],
            [
              20.302977,
              39.979111
            ],
            [
              20.317964,
              39.918391
            ],
            [
              20.323131,
              39.912397
            ],
            [
              20.346902,
              39.894259
            ],
            [
              20.392998,
              39.835451
            ],
            [
              20.397028,
              39.818087
            ],
            [
              20.388967,
              39.79814
            ],
            [
              20.371604,
              39.784291
            ],
            [
              20.35455,
              39.78579
            ],
            [
              20.336877,
              39.794006
            ],
            [
              20.299577,
              39.805056
            ],
            [
              20.298326,
              39.805427
            ],
            [
              20.288405,
              39.806615
            ],
            [
              20.280033,
              39.80398
            ],
            [
              20.273005,
              39.796487
            ],
            [
              20.275485,
              39.792404
            ],
            [
              20.281377,
              39.788167
            ],
            [
              20.284684,
              39.780312
            ],
            [
              20.283134,
              39.775144
            ],
            [
              20.276829,
              39.763155
            ],
            [
              20.275692,
              39.760055
            ],
            [
              20.278173,
              39.756748
            ],
            [
              20.285511,
              39.749668
            ],
            [
              20.287268,
              39.746671
            ],
            [
              20.291092,
              39.737937
            ],
            [
              20.296466,
              39.733493
            ],
            [
              20.299463,
              39.728222
            ],
            [
              20.296466,
              39.71737
            ],
            [
              20.28272,
              39.704399
            ],
            [
              20.264117,
              39.696079
            ],
            [
              20.249027,
              39.684814
            ],
            [
              20.24603,
              39.662903
            ],
            [
              20.237245,
              39.667037
            ],
            [
              20.228563,
              39.669156
            ],
            [
              20.220088,
              39.669156
            ],
            [
              20.212027,
              39.667037
            ],
            [
              20.204172,
              39.660319
            ],
            [
              20.203035,
              39.65262
            ],
            [
              20.203449,
              39.645333
            ],
            [
              20.199935,
              39.640062
            ],
            [
              20.184122,
              39.637013
            ],
            [
              20.163761,
              39.6443
            ],
            [
              20.135236,
              39.664195
            ],
            [
              20.089347,
              39.682799
            ],
            [
              20.049556,
              39.69272
            ],
            [
              20.01607,
              39.701402
            ],
            [
              19.999848,
              39.693508
            ],
            [
              19.996837,
              39.692572
            ],
            [
              19.99586,
              39.686713
            ],
            [
              19.989024,
              39.686713
            ],
            [
              19.983572,
              39.701361
            ],
            [
              19.98699,
              39.717963
            ],
            [
              20.002696,
              39.748236
            ],
            [
              19.985606,
              39.75373
            ],
            [
              19.980642,
              39.75731
            ],
            [
              19.99586,
              39.782945
            ],
            [
              20.014171,
              39.832953
            ],
            [
              20.016287,
              39.845038
            ],
            [
              20.009776,
              39.865668
            ],
            [
              19.999278,
              39.871405
            ],
            [
              19.983735,
              39.872382
            ],
            [
              19.961681,
              39.878567
            ],
            [
              19.960216,
              39.881049
            ],
            [
              19.959972,
              39.885077
            ],
            [
              19.958832,
              39.88935
            ],
            [
              19.954845,
              39.892808
            ],
            [
              19.941173,
              39.898993
            ],
            [
              19.931163,
              39.901923
            ],
            [
              19.914073,
              39.902411
            ],
            [
              19.906423,
              39.90644
            ],
            [
              19.906423,
              39.912665
            ],
            [
              19.921235,
              39.926947
            ],
            [
              19.931,
              39.934516
            ],
            [
              19.941173,
              39.940009
            ],
            [
              19.923839,
              39.952826
            ],
            [
              19.876801,
              40.022366
            ],
            [
              19.870453,
              40.034735
            ],
            [
              19.863455,
              40.045356
            ],
            [
              19.855235,
              40.049872
            ],
            [
              19.823253,
              40.050605
            ],
            [
              19.807384,
              40.052883
            ],
            [
              19.79656,
              40.057318
            ],
            [
              19.804535,
              40.063463
            ],
            [
              19.777354,
              40.077786
            ],
            [
              19.773123,
              40.071234
            ],
            [
              19.771658,
              40.068305
            ],
            [
              19.770518,
              40.063463
            ],
            [
              19.767263,
              40.072455
            ],
            [
              19.762462,
              40.07685
            ],
            [
              19.756358,
              40.079901
            ],
            [
              19.74936,
              40.084621
            ],
            [
              19.748057,
              40.088609
            ],
            [
              19.740896,
              40.100409
            ],
            [
              19.732677,
              40.110256
            ],
            [
              19.729015,
              40.108222
            ],
            [
              19.719086,
              40.116034
            ],
            [
              19.653168,
              40.132392
            ],
            [
              19.59783,
              40.157701
            ],
            [
              19.565766,
              40.179836
            ],
            [
              19.509288,
              40.194485
            ],
            [
              19.476248,
              40.21369
            ],
            [
              19.381114,
              40.295233
            ],
            [
              19.369965,
              40.309027
            ],
            [
              19.365082,
              40.317369
            ],
            [
              19.351573,
              40.362047
            ],
            [
              19.344249,
              40.374335
            ],
            [
              19.309255,
              40.400824
            ],
            [
              19.296886,
              40.41356
            ],
            [
              19.295177,
              40.417548
            ],
            [
              19.295177,
              40.418687
            ],
            [
              19.289561,
              40.420396
            ],
            [
              19.289561,
              40.427232
            ],
            [
              19.316173,
              40.437812
            ],
            [
              19.33253,
              40.43891
            ],
            [
              19.348155,
              40.43065
            ],
            [
              19.3838,
              40.397406
            ],
            [
              19.39324,
              40.386298
            ],
            [
              19.406505,
              40.362616
            ],
            [
              19.411957,
              40.34809
            ],
            [
              19.414236,
              40.334418
            ],
            [
              19.423595,
              40.330024
            ],
            [
              19.444591,
              40.333808
            ],
            [
              19.465587,
              40.341498
            ],
            [
              19.474946,
              40.348375
            ],
            [
              19.481619,
              40.439114
            ],
            [
              19.47877,
              40.453925
            ],
            [
              19.453136,
              40.465318
            ],
            [
              19.418793,
              40.491889
            ],
            [
              19.391368,
              40.521796
            ],
            [
              19.386404,
              40.54328
            ],
            [
              19.39324,
              40.537055
            ],
            [
              19.396007,
              40.529608
            ],
            [
              19.398611,
              40.520941
            ],
            [
              19.406749,
              40.522773
            ],
            [
              19.414236,
              40.522773
            ],
            [
              19.433604,
              40.505927
            ],
            [
              19.446056,
              40.511135
            ],
            [
              19.452647,
              40.529853
            ],
            [
              19.4546,
              40.55386
            ],
            [
              19.442149,
              40.573065
            ],
            [
              19.415701,
              40.583482
            ],
            [
              19.391612,
              40.578315
            ],
            [
              19.386404,
              40.550727
            ],
            [
              19.379242,
              40.566148
            ],
            [
              19.309825,
              40.644355
            ],
            [
              19.304373,
              40.653144
            ],
            [
              19.309337,
              40.665025
            ],
            [
              19.322927,
              40.674872
            ],
            [
              19.339041,
              40.684068
            ],
            [
              19.351573,
              40.694159
            ],
            [
              19.360525,
              40.709784
            ],
            [
              19.364513,
              40.726508
            ],
            [
              19.365571,
              40.785956
            ],
            [
              19.368826,
              40.802151
            ],
            [
              19.377778,
              40.812974
            ],
            [
              19.396251,
              40.817043
            ],
            [
              19.406749,
              40.820746
            ],
            [
              19.404063,
              40.829291
            ],
            [
              19.396739,
              40.83869
            ],
            [
              19.39324,
              40.844916
            ],
            [
              19.397634,
              40.852973
            ],
            [
              19.404796,
              40.86107
            ],
            [
              19.411388,
              40.867092
            ],
            [
              19.414236,
              40.868842
            ],
            [
              19.406261,
              40.880316
            ],
            [
              19.391124,
              40.89525
            ],
            [
              19.381196,
              40.908271
            ],
            [
              19.389822,
              40.913804
            ],
            [
              19.404959,
              40.918158
            ],
            [
              19.424571,
              40.939643
            ],
            [
              19.440929,
              40.948635
            ],
            [
              19.427013,
              40.936835
            ],
            [
              19.435395,
              40.913398
            ],
            [
              19.427257,
              40.893378
            ],
            [
              19.427257,
              40.87226
            ],
            [
              19.434744,
              40.87226
            ],
            [
              19.437836,
              40.886542
            ],
            [
              19.437673,
              40.88345
            ],
            [
              19.439138,
              40.880072
            ],
            [
              19.440929,
              40.87226
            ],
            [
              19.454112,
              40.88581
            ],
            [
              19.506602,
              40.905097
            ],
            [
              19.523448,
              40.92064
            ],
            [
              19.525157,
              40.945258
            ],
            [
              19.514659,
              40.964911
            ],
            [
              19.501475,
              40.982978
            ],
            [
              19.495453,
              41.002631
            ],
            [
              19.492035,
              40.976955
            ],
            [
              19.479666,
              40.953925
            ],
            [
              19.453868,
              40.923977
            ],
            [
              19.453461,
              40.928371
            ],
            [
              19.447765,
              40.934312
            ],
            [
              19.458507,
              40.942613
            ],
            [
              19.469981,
              40.956732
            ],
            [
              19.477224,
              40.975002
            ],
            [
              19.474946,
              40.995795
            ],
            [
              19.469981,
              41.000718
            ],
            [
              19.453787,
              41.005845
            ],
            [
              19.447765,
              41.009467
            ],
            [
              19.440603,
              41.020657
            ],
            [
              19.441254,
              41.026028
            ],
            [
              19.445486,
              41.030707
            ],
            [
              19.456391,
              41.106676
            ],
            [
              19.451182,
              41.122707
            ],
            [
              19.445486,
              41.129462
            ],
            [
              19.441173,
              41.137356
            ],
            [
              19.441905,
              41.143866
            ],
            [
              19.463715,
              41.151313
            ],
            [
              19.467133,
              41.162665
            ],
            [
              19.467133,
              41.176174
            ],
            [
              19.468761,
              41.187567
            ],
            [
              19.509532,
              41.237291
            ],
            [
              19.516612,
              41.256415
            ],
            [
              19.513357,
              41.276679
            ],
            [
              19.50294,
              41.294135
            ],
            [
              19.488048,
              41.306464
            ],
            [
              19.471934,
              41.311103
            ],
            [
              19.450043,
              41.311103
            ],
            [
              19.431651,
              41.313707
            ],
            [
              19.418956,
              41.322577
            ],
            [
              19.414236,
              41.341498
            ],
            [
              19.414236,
              41.382799
            ],
            [
              19.410818,
              41.391669
            ],
            [
              19.396007,
              41.402045
            ],
            [
              19.39324,
              41.41352
            ],
            [
              19.406423,
              41.400377
            ],
            [
              19.428722,
              41.401313
            ],
            [
              19.44516,
              41.415188
            ],
            [
              19.440929,
              41.440863
            ],
            [
              19.46461,
              41.450873
            ],
            [
              19.489268,
              41.466132
            ],
            [
              19.508637,
              41.486884
            ],
            [
              19.516612,
              41.513414
            ],
            [
              19.514171,
              41.529975
            ],
            [
              19.507172,
              41.536282
            ],
            [
              19.496349,
              41.538764
            ],
            [
              19.482432,
              41.54385
            ],
            [
              19.468028,
              41.554267
            ],
            [
              19.451996,
              41.574774
            ],
            [
              19.440929,
              41.585395
            ],
            [
              19.528087,
              41.576565
            ],
            [
              19.556407,
              41.583075
            ],
            [
              19.565196,
              41.58511
            ],
            [
              19.584809,
              41.619574
            ],
            [
              19.591645,
              41.619574
            ],
            [
              19.592296,
              41.608588
            ],
            [
              19.596039,
              41.602729
            ],
            [
              19.603038,
              41.601752
            ],
            [
              19.612966,
              41.605292
            ],
            [
              19.604991,
              41.632148
            ],
            [
              19.600108,
              41.639106
            ],
            [
              19.591645,
              41.632636
            ],
            [
              19.587087,
              41.640692
            ],
            [
              19.557628,
              41.660549
            ],
            [
              19.578136,
              41.687649
            ],
            [
              19.576345,
              41.71894
            ],
            [
              19.571137,
              41.752387
            ],
            [
              19.5713,
              41.770413
            ],
            [
              19.589529,
              41.765692
            ],
            [
              19.598969,
              41.778713
            ],
            [
              19.599783,
              41.79975
            ],
            [
              19.591645,
              41.818793
            ],
            [
              19.585216,
              41.818549
            ],
            [
              19.465505,
              41.855455
            ],
            [
              19.451182,
              41.862535
            ],
            [
              19.432953,
              41.868598
            ],
            [
              19.365082,
              41.852362
            ],
            [
              19.364223,
              41.862846
            ],
            [
              19.364947,
              41.888995
            ],
            [
              19.356989,
              41.89964
            ],
            [
              19.347687,
              41.906358
            ],
            [
              19.34531,
              41.910337
            ],
            [
              19.34593,
              41.914471
            ],
            [
              19.345413,
              41.921189
            ],
            [
              19.346653,
              41.926176
            ],
            [
              19.350477,
              41.931369
            ],
            [
              19.352854,
              41.938501
            ],
            [
              19.346447,
              41.961548
            ],
            [
              19.351614,
              41.965166
            ],
            [
              19.359779,
              41.965993
            ],
            [
              19.365774,
              41.969713
            ],
            [
              19.371045,
              41.98656
            ],
            [
              19.363707,
              41.993484
            ],
            [
              19.363396,
              41.993639
            ],
            [
              19.354198,
              42.008703
            ],
            [
              19.350581,
              42.027823
            ],
            [
              19.351718,
              42.047615
            ],
            [
              19.356575,
              42.064798
            ],
            [
              19.374869,
              42.094667
            ],
            [
              19.372491,
              42.104253
            ],
            [
              19.369998,
              42.106507
            ],
            [
              19.355025,
              42.12004
            ],
            [
              19.297767,
              42.151666
            ],
            [
              19.282058,
              42.164559
            ],
            [
              19.281956,
              42.164723
            ],
            [
              19.272033,
              42.180682
            ],
            [
              19.274926,
              42.191276
            ],
            [
              19.304589,
              42.215099
            ],
            [
              19.400397,
              42.325893
            ],
            [
              19.401327,
              42.331061
            ],
            [
              19.400707,
              42.344755
            ],
            [
              19.402671,
              42.352015
            ],
            [
              19.412076,
              42.368397
            ],
            [
              19.417243,
              42.374107
            ],
            [
              19.468403,
              42.41811
            ],
            [
              19.481735,
              42.434491
            ],
            [
              19.501476,
              42.444129
            ],
            [
              19.517806,
              42.45803
            ],
            [
              19.531655,
              42.474773
            ],
            [
              19.543747,
              42.493402
            ],
            [
              19.543747,
              42.493557
            ],
            [
              19.549328,
              42.508595
            ],
            [
              19.561317,
              42.516243
            ],
            [
              19.575683,
              42.522341
            ],
            [
              19.588086,
              42.532857
            ],
            [
              19.593667,
              42.54482
            ],
            [
              19.599248,
              42.571046
            ],
            [
              19.605035,
              42.584844
            ],
            [
              19.621779,
              42.604997
            ],
            [
              19.647927,
              42.627838
            ],
            [
              19.658037,
              42.634613
            ],
            [
              19.676039,
              42.646675
            ],
            [
              19.699293,
              42.654814
            ],
            [
              19.722134,
              42.64608
            ],
            [
              19.737534,
              42.624402
            ],
            [
              19.746009,
              42.5989
            ],
            [
              19.746885,
              42.58893
            ],
            [
              19.747766,
              42.578901
            ],
            [
              19.746009,
              42.579934
            ],
            [
              19.741358,
              42.574405
            ],
            [
              19.733916,
              42.562597
            ],
            [
              19.732159,
              42.555543
            ],
            [
              19.730299,
              42.540428
            ],
            [
              19.730919,
              42.533658
            ],
            [
              19.73433,
              42.524382
            ],
            [
              19.75159,
              42.493402
            ],
            [
              19.784456,
              42.474566
            ],
            [
              19.801406,
              42.468132
            ],
            [
              19.819596,
              42.466479
            ],
            [
              19.829063,
              42.468723
            ],
            [
              19.835512,
              42.470251
            ],
            [
              19.873339,
              42.486839
            ],
            [
              19.882538,
              42.493402
            ],
            [
              19.882745,
              42.493609
            ],
            [
              19.907549,
              42.506399
            ],
            [
              19.956332,
              42.505314
            ],
            [
              19.981757,
              42.510765
            ],
            [
              20.017723,
              42.546241
            ],
            [
              20.039221,
              42.557765
            ],
            [
              20.064956,
              42.546758
            ],
            [
              20.085626,
              42.530015
            ],
            [
              20.135546,
              42.509629
            ],
            [
              20.152392,
              42.493712
            ],
            [
              20.152599,
              42.493712
            ],
            [
              20.152599,
              42.493609
            ],
            [
              20.152702,
              42.493402
            ],
            [
              20.180814,
              42.443095
            ],
            [
              20.186292,
              42.437437
            ],
            [
              20.199728,
              42.427799
            ],
            [
              20.204689,
              42.420099
            ],
            [
              20.204379,
              42.411831
            ],
            [
              20.194043,
              42.4001
            ],
            [
              20.192803,
              42.393693
            ],
            [
              20.197454,
              42.38744
            ],
            [
              20.21306,
              42.377518
            ],
            [
              20.218848,
              42.371446
            ],
            [
              20.221225,
              42.36372
            ],
            [
              20.219468,
              42.350207
            ],
            [
              20.220915,
              42.343101
            ],
            [
              20.229597,
              42.32672
            ],
            [
              20.237762,
              42.319924
            ],
            [
              20.249647,
              42.318607
            ],
            [
              20.317964,
              42.319821
            ],
            [
              20.333363,
              42.317883
            ],
            [
              20.456973,
              42.250497
            ],
            [
              20.473665,
              42.237123
            ],
            [
              20.481674,
              42.230705
            ],
            [
              20.500795,
              42.211223
            ],
            [
              20.538622,
              42.150116
            ],
            [
              20.549371,
              42.123476
            ],
            [
              20.551954,
              42.105803
            ],
            [
              20.552161,
              42.07379
            ],
            [
              20.558259,
              42.055109
            ],
            [
              20.589678,
              41.993639
            ],
            [
              20.594329,
              41.973718
            ],
            [
              20.59929,
              41.960567
            ],
            [
              20.59929,
              41.94788
            ],
            [
              20.588748,
              41.929586
            ],
            [
              20.580583,
              41.921732
            ],
            [
              20.573348,
              41.917675
            ],
            [
              20.567251,
              41.912172
            ],
            [
              20.562496,
              41.900105
            ],
            [
              20.562703,
              41.892845
            ],
            [
              20.567767,
              41.88052
            ],
            [
              20.567147,
              41.873182
            ]
          ]
        ]
      },
      "properties": {
        "id": "Utnq",
        "status": "validé",
        "pieces": [
          {
            "kind": "country"
          }
        ]
      }
    },
    {
      "type": "Feature",
      "geometry": {
        "type": "Polygon",
        "coordinates": [
          [
            [
              20.567147,
              41.873182
            ],
            [
              20.541722,
              41.86158
            ],
            [
              20.540786,
              41.844865
            ],
            [
              20.540482,
              41.839437
            ],
            [
              20.54844,
              41.814193
            ],
            [
              20.550136,
              41.80006
            ],
            [
              20.550921,
              41.793522
            ],
            [
              20.54441,
              41.784763
            ],
            [
              20.521155,
              41.767658
            ],
            [
              20.511337,
              41.757943
            ],
            [
              20.503275,
              41.744637
            ],
            [
              20.500381,
              41.734095
            ],
            [
              20.508339,
              41.661748
            ],
            [
              20.513404,
              41.640405
            ],
            [
              20.534591,
              41.594026
            ],
            [
              20.53467,
              41.587324
            ],
            [
              20.534694,
              41.585266
            ],
            [
              20.52932,
              41.574879
            ],
            [
              20.520845,
              41.568368
            ],
            [
              20.507409,
              41.56227
            ],
            [
              20.49294,
              41.557671
            ],
            [
              20.444157,
              41.549661
            ],
            [
              20.447878,
              41.53545
            ],
            [
              20.444984,
              41.508475
            ],
            [
              20.452012,
              41.493592
            ],
            [
              20.463174,
              41.489768
            ],
            [
              20.470822,
              41.483774
            ],
            [
              20.481597,
              41.468269
            ],
            [
              20.483535,
              41.46548
            ],
            [
              20.486842,
              41.457781
            ],
            [
              20.488909,
              41.441451
            ],
            [
              20.490873,
              41.436025
            ],
            [
              20.498004,
              41.431477
            ],
            [
              20.514644,
              41.429462
            ],
            [
              20.522189,
              41.42569
            ],
            [
              20.534074,
              41.412977
            ],
            [
              20.539049,
              41.402944
            ],
            [
              20.540172,
              41.400678
            ],
            [
              20.539965,
              41.387139
            ],
            [
              20.532937,
              41.370447
            ],
            [
              20.523429,
              41.356805
            ],
            [
              20.510407,
              41.344403
            ],
            [
              20.49604,
              41.337788
            ],
            [
              20.481674,
              41.341199
            ],
            [
              20.478108,
              41.321585
            ],
            [
              20.477747,
              41.319598
            ],
            [
              20.483121,
              41.289471
            ],
            [
              20.500071,
              41.23552
            ],
            [
              20.51268,
              41.210147
            ],
            [
              20.549681,
              41.170615
            ],
            [
              20.565494,
              41.147412
            ],
            [
              20.570558,
              41.124829
            ],
            [
              20.569938,
              41.107104
            ],
            [
              20.576966,
              41.093513
            ],
            [
              20.597419,
              41.086273
            ],
            [
              20.605284,
              41.083488
            ],
            [
              20.618927,
              41.082403
            ],
            [
              20.631536,
              41.082868
            ],
            [
              20.634129,
              41.082576
            ],
            [
              20.643008,
              41.081576
            ],
            [
              20.65386,
              41.075272
            ],
            [
              20.664092,
              41.059149
            ],
            [
              20.683419,
              40.99383
            ],
            [
              20.702746,
              40.936314
            ],
            [
              20.717216,
              40.913214
            ],
            [
              20.730573,
              40.904611
            ],
            [
              20.740883,
              40.89797
            ],
            [
              20.766102,
              40.893732
            ],
            [
              20.783672,
              40.899055
            ],
            [
              20.816951,
              40.920242
            ],
            [
              20.836544,
              40.923904
            ],
            [
              20.837415,
              40.924066
            ],
            [
              20.890228,
              40.918279
            ],
            [
              20.939941,
              40.907065
            ],
            [
              20.956684,
              40.894766
            ],
            [
              20.964849,
              40.875956
            ],
            [
              20.965262,
              40.849394
            ],
            [
              20.967019,
              40.802007
            ],
            [
              20.960922,
              40.780768
            ],
            [
              20.943662,
              40.765265
            ],
            [
              20.95348,
              40.759167
            ],
            [
              20.957201,
              40.751622
            ],
            [
              20.959165,
              40.743561
            ],
            [
              20.963505,
              40.736068
            ],
            [
              20.992031,
              40.7155
            ],
            [
              21.018593,
              40.690902
            ],
            [
              21.028825,
              40.676846
            ],
            [
              21.035336,
              40.65938
            ],
            [
              21.036679,
              40.639743
            ],
            [
              21.033165,
              40.621398
            ],
            [
              21.02252,
              40.586619
            ],
            [
              21.020763,
              40.575096
            ],
            [
              21.02035,
              40.566776
            ],
            [
              21.018799,
              40.558972
            ],
            [
              21.013528,
              40.548896
            ],
            [
              21.006707,
              40.543211
            ],
            [
              20.997509,
              40.53918
            ],
            [
              20.98831,
              40.533496
            ],
            [
              20.981489,
              40.523264
            ],
            [
              20.96857,
              40.520577
            ],
            [
              20.957924,
              40.514944
            ],
            [
              20.95193,
              40.506056
            ],
            [
              20.952653,
              40.493653
            ],
            [
              20.94976,
              40.487866
            ],
            [
              20.946452,
              40.482905
            ],
            [
              20.93684,
              40.472518
            ],
            [
              20.911932,
              40.459547
            ],
            [
              20.889608,
              40.463733
            ],
            [
              20.866767,
              40.472053
            ],
            [
              20.839999,
              40.471639
            ],
            [
              20.826666,
              40.464818
            ],
            [
              20.821292,
              40.456395
            ],
            [
              20.817365,
              40.446835
            ],
            [
              20.8092,
              40.436603
            ],
            [
              20.800311,
              40.432779
            ],
            [
              20.779537,
              40.429006
            ],
            [
              20.770649,
              40.421978
            ],
            [
              20.768995,
              40.412573
            ],
            [
              20.773336,
              40.38534
            ],
            [
              20.773853,
              40.374901
            ],
            [
              20.770442,
              40.36255
            ],
            [
              20.765998,
              40.354282
            ],
            [
              20.755043,
              40.338624
            ],
            [
              20.739552,
              40.309166
            ],
            [
              20.736646,
              40.303639
            ],
            [
              20.728791,
              40.298265
            ],
            [
              20.717836,
              40.293924
            ],
            [
              20.706984,
              40.288085
            ],
            [
              20.699129,
              40.278369
            ],
            [
              20.694581,
              40.25558
            ],
            [
              20.696648,
              40.235581
            ],
            [
              20.696442,
              40.215066
            ],
            [
              20.68528,
              40.191191
            ],
            [
              20.679802,
              40.187832
            ],
            [
              20.665022,
              40.18437
            ],
            [
              20.660372,
              40.178892
            ],
            [
              20.659855,
              40.172743
            ],
            [
              20.663162,
              40.161684
            ],
            [
              20.663472,
              40.15662
            ],
            [
              20.668226,
              40.138068
            ],
            [
              20.666779,
              40.13352
            ],
            [
              20.651793,
              40.101016
            ],
            [
              20.647556,
              40.09404
            ],
            [
              20.640218,
              40.090112
            ],
            [
              20.615361,
              40.081017
            ],
            [
              20.577793,
              40.067271
            ],
            [
              20.552885,
              40.065411
            ],
            [
              20.499865,
              40.071457
            ],
            [
              20.481674,
              40.067788
            ],
            [
              20.465965,
              40.060812
            ],
            [
              20.432789,
              40.063809
            ],
            [
              20.413772,
              40.057194
            ],
            [
              20.400439,
              40.045257
            ],
            [
              20.38907,
              40.029444
            ],
            [
              20.380699,
              40.011667
            ],
            [
              20.376461,
              39.993736
            ],
            [
              20.359925,
              39.991048
            ],
            [
              20.310005,
              39.98986
            ],
            [
              20.297913,
              39.986914
            ],
            [
              20.302977,
              39.979111
            ],
            [
              20.317964,
              39.918391
            ],
            [
              20.323131,
              39.912397
            ],
            [
              20.346902,
              39.894259
            ],
            [
              20.392998,
              39.835451
            ],
            [
              20.397028,
              39.818087
            ],
            [
              20.388967,
              39.79814
            ],
            [
              20.371604,
              39.784291
            ],
            [
              20.35455,
              39.78579
            ],
            [
              20.336877,
              39.794006
            ],
            [
              20.299577,
              39.805056
            ],
            [
              20.298326,
              39.805427
            ],
            [
              20.288405,
              39.806615
            ],
            [
              20.280033,
              39.80398
            ],
            [
              20.273005,
              39.796487
            ],
            [
              20.275485,
              39.792404
            ],
            [
              20.281377,
              39.788167
            ],
            [
              20.284684,
              39.780312
            ],
            [
              20.283134,
              39.775144
            ],
            [
              20.276829,
              39.763155
            ],
            [
              20.275692,
              39.760055
            ],
            [
              20.278173,
              39.756748
            ],
            [
              20.285511,
              39.749668
            ],
            [
              20.287268,
              39.746671
            ],
            [
              20.291092,
              39.737937
            ],
            [
              20.296466,
              39.733493
            ],
            [
              20.299463,
              39.728222
            ],
            [
              20.296466,
              39.71737
            ],
            [
              20.28272,
              39.704399
            ],
            [
              20.264117,
              39.696079
            ],
            [
              20.249027,
              39.684814
            ],
            [
              20.24603,
              39.662903
            ],
            [
              20.237245,
              39.667037
            ],
            [
              20.228563,
              39.669156
            ],
            [
              20.220088,
              39.669156
            ],
            [
              20.212027,
              39.667037
            ],
            [
              20.204172,
              39.660319
            ],
            [
              20.203035,
              39.65262
            ],
            [
              20.203449,
              39.645333
            ],
            [
              20.199935,
              39.640062
            ],
            [
              20.184122,
              39.637013
            ],
            [
              20.163761,
              39.6443
            ],
            [
              20.135236,
              39.664195
            ],
            [
              20.089347,
              39.682799
            ],
            [
              20.049556,
              39.69272
            ],
            [
              20.01607,
              39.701402
            ],
            [
              19.999848,
              39.693508
            ],
            [
              19.996837,
              39.692572
            ],
            [
              19.99586,
              39.686713
            ],
            [
              19.989024,
              39.686713
            ],
            [
              19.983572,
              39.701361
            ],
            [
              19.98699,
              39.717963
            ],
            [
              20.002696,
              39.748236
            ],
            [
              19.985606,
              39.75373
            ],
            [
              19.980642,
              39.75731
            ],
            [
              19.99586,
              39.782945
            ],
            [
              20.014171,
              39.832953
            ],
            [
              20.016287,
              39.845038
            ],
            [
              20.009776,
              39.865668
            ],
            [
              19.999278,
              39.871405
            ],
            [
              19.983735,
              39.872382
            ],
            [
              19.961681,
              39.878567
            ],
            [
              19.960216,
              39.881049
            ],
            [
              19.959972,
              39.885077
            ],
            [
              19.958832,
              39.88935
            ],
            [
              19.954845,
              39.892808
            ],
            [
              19.941173,
              39.898993
            ],
            [
              19.931163,
              39.901923
            ],
            [
              19.914073,
              39.902411
            ],
            [
              19.906423,
              39.90644
            ],
            [
              19.906423,
              39.912665
            ],
            [
              19.921235,
              39.926947
            ],
            [
              19.931,
              39.934516
            ],
            [
              19.941173,
              39.940009
            ],
            [
              19.923839,
              39.952826
            ],
            [
              19.876801,
              40.022366
            ],
            [
              19.870453,
              40.034735
            ],
            [
              19.863455,
              40.045356
            ],
            [
              19.855235,
              40.049872
            ],
            [
              19.823253,
              40.050605
            ],
            [
              19.807384,
              40.052883
            ],
            [
              19.79656,
              40.057318
            ],
            [
              19.804535,
              40.063463
            ],
            [
              19.777354,
              40.077786
            ],
            [
              19.773123,
              40.071234
            ],
            [
              19.771658,
              40.068305
            ],
            [
              19.770518,
              40.063463
            ],
            [
              19.767263,
              40.072455
            ],
            [
              19.762462,
              40.07685
            ],
            [
              19.756358,
              40.079901
            ],
            [
              19.74936,
              40.084621
            ],
            [
              19.748057,
              40.088609
            ],
            [
              19.740896,
              40.100409
            ],
            [
              19.732677,
              40.110256
            ],
            [
              19.729015,
              40.108222
            ],
            [
              19.719086,
              40.116034
            ],
            [
              19.653168,
              40.132392
            ],
            [
              19.59783,
              40.157701
            ],
            [
              19.565766,
              40.179836
            ],
            [
              19.509288,
              40.194485
            ],
            [
              19.476248,
              40.21369
            ],
            [
              19.381114,
              40.295233
            ],
            [
              19.369965,
              40.309027
            ],
            [
              19.365082,
              40.317369
            ],
            [
              19.351573,
              40.362047
            ],
            [
              19.344249,
              40.374335
            ],
            [
              19.309255,
              40.400824
            ],
            [
              19.296886,
              40.41356
            ],
            [
              19.295177,
              40.417548
            ],
            [
              19.295177,
              40.418687
            ],
            [
              19.289561,
              40.420396
            ],
            [
              19.289561,
              40.427232
            ],
            [
              19.316173,
              40.437812
            ],
            [
              19.33253,
              40.43891
            ],
            [
              19.348155,
              40.43065
            ],
            [
              19.3838,
              40.397406
            ],
            [
              19.39324,
              40.386298
            ],
            [
              19.406505,
              40.362616
            ],
            [
              19.411957,
              40.34809
            ],
            [
              19.414236,
              40.334418
            ],
            [
              19.423595,
              40.330024
            ],
            [
              19.444591,
              40.333808
            ],
            [
              19.465587,
              40.341498
            ],
            [
              19.474946,
              40.348375
            ],
            [
              19.481619,
              40.439114
            ],
            [
              19.47877,
              40.453925
            ],
            [
              19.453136,
              40.465318
            ],
            [
              19.418793,
              40.491889
            ],
            [
              19.391368,
              40.521796
            ],
            [
              19.386404,
              40.54328
            ],
            [
              19.39324,
              40.537055
            ],
            [
              19.396007,
              40.529608
            ],
            [
              19.398611,
              40.520941
            ],
            [
              19.406749,
              40.522773
            ],
            [
              19.414236,
              40.522773
            ],
            [
              19.433604,
              40.505927
            ],
            [
              19.446056,
              40.511135
            ],
            [
              19.452647,
              40.529853
            ],
            [
              19.4546,
              40.55386
            ],
            [
              19.442149,
              40.573065
            ],
            [
              19.415701,
              40.583482
            ],
            [
              19.391612,
              40.578315
            ],
            [
              19.386404,
              40.550727
            ],
            [
              19.379242,
              40.566148
            ],
            [
              19.309825,
              40.644355
            ],
            [
              19.304373,
              40.653144
            ],
            [
              19.309337,
              40.665025
            ],
            [
              19.322927,
              40.674872
            ],
            [
              19.339041,
              40.684068
            ],
            [
              19.351573,
              40.694159
            ],
            [
              19.360525,
              40.709784
            ],
            [
              19.364513,
              40.726508
            ],
            [
              19.365571,
              40.785956
            ],
            [
              19.368826,
              40.802151
            ],
            [
              19.377778,
              40.812974
            ],
            [
              19.396251,
              40.817043
            ],
            [
              19.406749,
              40.820746
            ],
            [
              19.404063,
              40.829291
            ],
            [
              19.396739,
              40.83869
            ],
            [
              19.39324,
              40.844916
            ],
            [
              19.397634,
              40.852973
            ],
            [
              19.404796,
              40.86107
            ],
            [
              19.411388,
              40.867092
            ],
            [
              19.414236,
              40.868842
            ],
            [
              19.406261,
              40.880316
            ],
            [
              19.391124,
              40.89525
            ],
            [
              19.381196,
              40.908271
            ],
            [
              19.389822,
              40.913804
            ],
            [
              19.404959,
              40.918158
            ],
            [
              19.424571,
              40.939643
            ],
            [
              19.440929,
              40.948635
            ],
            [
              19.427013,
              40.936835
            ],
            [
              19.435395,
              40.913398
            ],
            [
              19.427257,
              40.893378
            ],
            [
              19.427257,
              40.87226
            ],
            [
              19.434744,
              40.87226
            ],
            [
              19.437836,
              40.886542
            ],
            [
              19.437673,
              40.88345
            ],
            [
              19.439138,
              40.880072
            ],
            [
              19.440929,
              40.87226
            ],
            [
              19.454112,
              40.88581
            ],
            [
              19.506602,
              40.905097
            ],
            [
              19.523448,
              40.92064
            ],
            [
              19.525157,
              40.945258
            ],
            [
              19.514659,
              40.964911
            ],
            [
              19.501475,
              40.982978
            ],
            [
              19.495453,
              41.002631
            ],
            [
              19.492035,
              40.976955
            ],
            [
              19.479666,
              40.953925
            ],
            [
              19.453868,
              40.923977
            ],
            [
              19.453461,
              40.928371
            ],
            [
              19.447765,
              40.934312
            ],
            [
              19.458507,
              40.942613
            ],
            [
              19.469981,
              40.956732
            ],
            [
              19.477224,
              40.975002
            ],
            [
              19.474946,
              40.995795
            ],
            [
              19.469981,
              41.000718
            ],
            [
              19.453787,
              41.005845
            ],
            [
              19.447765,
              41.009467
            ],
            [
              19.440603,
              41.020657
            ],
            [
              19.441254,
              41.026028
            ],
            [
              19.445486,
              41.030707
            ],
            [
              19.456391,
              41.106676
            ],
            [
              19.451182,
              41.122707
            ],
            [
              19.445486,
              41.129462
            ],
            [
              19.441173,
              41.137356
            ],
            [
              19.441905,
              41.143866
            ],
            [
              19.463715,
              41.151313
            ],
            [
              19.467133,
              41.162665
            ],
            [
              19.467133,
              41.176174
            ],
            [
              19.468761,
              41.187567
            ],
            [
              19.509532,
              41.237291
            ],
            [
              19.516612,
              41.256415
            ],
            [
              19.513357,
              41.276679
            ],
            [
              19.50294,
              41.294135
            ],
            [
              19.488048,
              41.306464
            ],
            [
              19.471934,
              41.311103
            ],
            [
              19.450043,
              41.311103
            ],
            [
              19.431651,
              41.313707
            ],
            [
              19.418956,
              41.322577
            ],
            [
              19.414236,
              41.341498
            ],
            [
              19.414236,
              41.382799
            ],
            [
              19.410818,
              41.391669
            ],
            [
              19.396007,
              41.402045
            ],
            [
              19.39324,
              41.41352
            ],
            [
              19.406423,
              41.400377
            ],
            [
              19.428722,
              41.401313
            ],
            [
              19.44516,
              41.415188
            ],
            [
              19.440929,
              41.440863
            ],
            [
              19.46461,
              41.450873
            ],
            [
              19.489268,
              41.466132
            ],
            [
              19.508637,
              41.486884
            ],
            [
              19.516612,
              41.513414
            ],
            [
              19.514171,
              41.529975
            ],
            [
              19.507172,
              41.536282
            ],
            [
              19.496349,
              41.538764
            ],
            [
              19.482432,
              41.54385
            ],
            [
              19.468028,
              41.554267
            ],
            [
              19.451996,
              41.574774
            ],
            [
              19.440929,
              41.585395
            ],
            [
              19.528087,
              41.576565
            ],
            [
              19.556407,
              41.583075
            ],
            [
              19.565196,
              41.58511
            ],
            [
              19.584809,
              41.619574
            ],
            [
              19.591645,
              41.619574
            ],
            [
              19.592296,
              41.608588
            ],
            [
              19.596039,
              41.602729
            ],
            [
              19.603038,
              41.601752
            ],
            [
              19.612966,
              41.605292
            ],
            [
              19.604991,
              41.632148
            ],
            [
              19.600108,
              41.639106
            ],
            [
              19.591645,
              41.632636
            ],
            [
              19.587087,
              41.640692
            ],
            [
              19.557628,
              41.660549
            ],
            [
              19.578136,
              41.687649
            ],
            [
              19.576345,
              41.71894
            ],
            [
              19.571137,
              41.752387
            ],
            [
              19.5713,
              41.770413
            ],
            [
              19.589529,
              41.765692
            ],
            [
              19.598969,
              41.778713
            ],
            [
              19.599783,
              41.79975
            ],
            [
              19.591645,
              41.818793
            ],
            [
              19.585216,
              41.818549
            ],
            [
              19.465505,
              41.855455
            ],
            [
              19.451182,
              41.862535
            ],
            [
              19.432953,
              41.868598
            ],
            [
              19.365082,
              41.852362
            ],
            [
              19.364223,
              41.862846
            ],
            [
              19.364947,
              41.888995
            ],
            [
              19.356989,
              41.89964
            ],
            [
              19.347687,
              41.906358
            ],
            [
              19.34531,
              41.910337
            ],
            [
              19.34593,
              41.914471
            ],
            [
              19.345413,
              41.921189
            ],
            [
              19.346653,
              41.926176
            ],
            [
              19.350477,
              41.931369
            ],
            [
              19.352854,
              41.938501
            ],
            [
              19.346447,
              41.961548
            ],
            [
              19.351614,
              41.965166
            ],
            [
              19.359779,
              41.965993
            ],
            [
              19.365774,
              41.969713
            ],
            [
              19.371045,
              41.98656
            ],
            [
              19.363707,
              41.993484
            ],
            [
              19.363396,
              41.993639
            ],
            [
              19.354198,
              42.008703
            ],
            [
              19.350581,
              42.027823
            ],
            [
              19.351718,
              42.047615
            ],
            [
              19.356575,
              42.064798
            ],
            [
              19.374869,
              42.094667
            ],
            [
              19.372491,
              42.104253
            ],
            [
              19.369998,
              42.106507
            ],
            [
              19.355025,
              42.12004
            ],
            [
              19.297767,
              42.151666
            ],
            [
              19.282058,
              42.164559
            ],
            [
              19.281956,
              42.164723
            ],
            [
              19.272033,
              42.180682
            ],
            [
              19.274926,
              42.191276
            ],
            [
              19.304589,
              42.215099
            ],
            [
              19.400397,
              42.325893
            ],
            [
              19.401327,
              42.331061
            ],
            [
              19.400707,
              42.344755
            ],
            [
              19.402671,
              42.352015
            ],
            [
              19.412076,
              42.368397
            ],
            [
              19.417243,
              42.374107
            ],
            [
              19.468403,
              42.41811
            ],
            [
              19.481735,
              42.434491
            ],
            [
              19.501476,
              42.444129
            ],
            [
              19.517806,
              42.45803
            ],
            [
              19.531655,
              42.474773
            ],
            [
              19.543747,
              42.493402
            ],
            [
              19.543747,
              42.493557
            ],
            [
              19.549328,
              42.508595
            ],
            [
              19.561317,
              42.516243
            ],
            [
              19.575683,
              42.522341
            ],
            [
              19.588086,
              42.532857
            ],
            [
              19.593667,
              42.54482
            ],
            [
              19.599248,
              42.571046
            ],
            [
              19.605035,
              42.584844
            ],
            [
              19.621779,
              42.604997
            ],
            [
              19.647927,
              42.627838
            ],
            [
              19.658037,
              42.634613
            ],
            [
              19.676039,
              42.646675
            ],
            [
              19.699293,
              42.654814
            ],
            [
              19.722134,
              42.64608
            ],
            [
              19.737534,
              42.624402
            ],
            [
              19.746009,
              42.5989
            ],
            [
              19.746885,
              42.58893
            ],
            [
              19.747766,
              42.578901
            ],
            [
              19.746009,
              42.579934
            ],
            [
              19.741358,
              42.574405
            ],
            [
              19.733916,
              42.562597
            ],
            [
              19.732159,
              42.555543
            ],
            [
              19.730299,
              42.540428
            ],
            [
              19.730919,
              42.533658
            ],
            [
              19.73433,
              42.524382
            ],
            [
              19.75159,
              42.493402
            ],
            [
              19.784456,
              42.474566
            ],
            [
              19.801406,
              42.468132
            ],
            [
              19.819596,
              42.466479
            ],
            [
              19.829063,
              42.468723
            ],
            [
              19.835512,
              42.470251
            ],
            [
              19.873339,
              42.486839
            ],
            [
              19.882538,
              42.493402
            ],
            [
              19.882745,
              42.493609
            ],
            [
              19.907549,
              42.506399
            ],
            [
              19.956332,
              42.505314
            ],
            [
              19.981757,
              42.510765
            ],
            [
              20.017723,
              42.546241
            ],
            [
              20.039221,
              42.557765
            ],
            [
              20.064956,
              42.546758
            ],
            [
              20.085626,
              42.530015
            ],
            [
              20.135546,
              42.509629
            ],
            [
              20.152392,
              42.493712
            ],
            [
              20.152599,
              42.493712
            ],
            [
              20.152599,
              42.493609
            ],
            [
              20.152702,
              42.493402
            ],
            [
              20.180814,
              42.443095
            ],
            [
              20.186292,
              42.437437
            ],
            [
              20.199728,
              42.427799
            ],
            [
              20.204689,
              42.420099
            ],
            [
              20.204379,
              42.411831
            ],
            [
              20.194043,
              42.4001
            ],
            [
              20.192803,
              42.393693
            ],
            [
              20.197454,
              42.38744
            ],
            [
              20.21306,
              42.377518
            ],
            [
              20.218848,
              42.371446
            ],
            [
              20.221225,
              42.36372
            ],
            [
              20.219468,
              42.350207
            ],
            [
              20.220915,
              42.343101
            ],
            [
              20.229597,
              42.32672
            ],
            [
              20.237762,
              42.319924
            ],
            [
              20.249647,
              42.318607
            ],
            [
              20.317964,
              42.319821
            ],
            [
              20.333363,
              42.317883
            ],
            [
              20.456973,
              42.250497
            ],
            [
              20.473665,
              42.237123
            ],
            [
              20.481674,
              42.230705
            ],
            [
              20.500795,
              42.211223
            ],
            [
              20.538622,
              42.150116
            ],
            [
              20.549371,
              42.123476
            ],
            [
              20.551954,
              42.105803
            ],
            [
              20.552161,
              42.07379
            ],
            [
              20.558259,
              42.055109
            ],
            [
              20.589678,
              41.993639
            ],
            [
              20.594329,
              41.973718
            ],
            [
              20.59929,
              41.960567
            ],
            [
              20.59929,
              41.94788
            ],
            [
              20.588748,
              41.929586
            ],
            [
              20.580583,
              41.921732
            ],
            [
              20.573348,
              41.917675
            ],
            [
              20.567251,
              41.912172
            ],
            [
              20.562496,
              41.900105
            ],
            [
              20.562703,
              41.892845
            ],
            [
              20.567767,
              41.88052
            ],
            [
              20.567147,
              41.873182
            ]
          ]
        ]
      },
      "properties": {
        "id": "Ver8",
        "status": "validé",
        "pieces": [
          {
            "kind": "country"
          }
        ]
      }
    },
    {
      "type": "Feature",
      "geometry": {
        "type": "Polygon",
        "coordinates": [
          [
            [
              19.668960571289062,
              41.75295242429527
            ],
            [
              19.668960571289062,
              41.80362468251101
            ],
            [
              19.611282348632816,
              41.80362468251101
            ],
            [
              19.611282348632816,
              41.75295242429527
            ],
            [
              19.668960571289062,
              41.75295242429527
            ]
          ]
        ]
      },
      "properties": {
        "id": "Wxzu",
        "status": "validé",
        "pieces": [
          {
            "kind": "rect",
            "bounds": [
              19.611282348632816,
              41.75295242429527,
              19.668960571289062,
              41.80362468251101
            ]
          }
        ]
      }
    },
    {
      "type": "Feature",
      "geometry": null,
      "properties": {
        "id": "dFse",
        "status": "rejeté",
        "pieces": []
      }
    },
    {
      "type": "Feature",
      "geometry": {
        "type": "Polygon",
        "coordinates": [
          [
            [
              20.567147,
              41.873182
            ],
            [
              20.541722,
              41.86158
            ],
            [
              20.540786,
              41.844865
            ],
            [
              20.540482,
              41.839437
            ],
            [
              20.54844,
              41.814193
            ],
            [
              20.550136,
              41.80006
            ],
            [
              20.550921,
              41.793522
            ],
            [
              20.54441,
              41.784763
            ],
            [
              20.521155,
              41.767658
            ],
            [
              20.511337,
              41.757943
            ],
            [
              20.503275,
              41.744637
            ],
            [
              20.500381,
              41.734095
            ],
            [
              20.508339,
              41.661748
            ],
            [
              20.513404,
              41.640405
            ],
            [
              20.534591,
              41.594026
            ],
            [
              20.53467,
              41.587324
            ],
            [
              20.534694,
              41.585266
            ],
            [
              20.52932,
              41.574879
            ],
            [
              20.520845,
              41.568368
            ],
            [
              20.507409,
              41.56227
            ],
            [
              20.49294,
              41.557671
            ],
            [
              20.444157,
              41.549661
            ],
            [
              20.447878,
              41.53545
            ],
            [
              20.444984,
              41.508475
            ],
            [
              20.452012,
              41.493592
            ],
            [
              20.463174,
              41.489768
            ],
            [
              20.470822,
              41.483774
            ],
            [
              20.481597,
              41.468269
            ],
            [
              20.483535,
              41.46548
            ],
            [
              20.486842,
              41.457781
            ],
            [
              20.488909,
              41.441451
            ],
            [
              20.490873,
              41.436025
            ],
            [
              20.498004,
              41.431477
            ],
            [
              20.514644,
              41.429462
            ],
            [
              20.522189,
              41.42569
            ],
            [
              20.534074,
              41.412977
            ],
            [
              20.539049,
              41.402944
            ],
            [
              20.540172,
              41.400678
            ],
            [
              20.539965,
              41.387139
            ],
            [
              20.532937,
              41.370447
            ],
            [
              20.523429,
              41.356805
            ],
            [
              20.510407,
              41.344403
            ],
            [
              20.49604,
              41.337788
            ],
            [
              20.481674,
              41.341199
            ],
            [
              20.478108,
              41.321585
            ],
            [
              20.477747,
              41.319598
            ],
            [
              20.483121,
              41.289471
            ],
            [
              20.500071,
              41.23552
            ],
            [
              20.51268,
              41.210147
            ],
            [
              20.549681,
              41.170615
            ],
            [
              20.565494,
              41.147412
            ],
            [
              20.570558,
              41.124829
            ],
            [
              20.569938,
              41.107104
            ],
            [
              20.576966,
              41.093513
            ],
            [
              20.597419,
              41.086273
            ],
            [
              20.605284,
              41.083488
            ],
            [
              20.618927,
              41.082403
            ],
            [
              20.631536,
              41.082868
            ],
            [
              20.634129,
              41.082576
            ],
            [
              20.643008,
              41.081576
            ],
            [
              20.65386,
              41.075272
            ],
            [
              20.664092,
              41.059149
            ],
            [
              20.683419,
              40.99383
            ],
            [
              20.702746,
              40.936314
            ],
            [
              20.717216,
              40.913214
            ],
            [
              20.730573,
              40.904611
            ],
            [
              20.740883,
              40.89797
            ],
            [
              20.766102,
              40.893732
            ],
            [
              20.783672,
              40.899055
            ],
            [
              20.816951,
              40.920242
            ],
            [
              20.836544,
              40.923904
            ],
            [
              20.837415,
              40.924066
            ],
            [
              20.890228,
              40.918279
            ],
            [
              20.939941,
              40.907065
            ],
            [
              20.956684,
              40.894766
            ],
            [
              20.964849,
              40.875956
            ],
            [
              20.965262,
              40.849394
            ],
            [
              20.967019,
              40.802007
            ],
            [
              20.960922,
              40.780768
            ],
            [
              20.943662,
              40.765265
            ],
            [
              20.95348,
              40.759167
            ],
            [
              20.957201,
              40.751622
            ],
            [
              20.959165,
              40.743561
            ],
            [
              20.963505,
              40.736068
            ],
            [
              20.992031,
              40.7155
            ],
            [
              21.018593,
              40.690902
            ],
            [
              21.028825,
              40.676846
            ],
            [
              21.035336,
              40.65938
            ],
            [
              21.036679,
              40.639743
            ],
            [
              21.033165,
              40.621398
            ],
            [
              21.02252,
              40.586619
            ],
            [
              21.020763,
              40.575096
            ],
            [
              21.02035,
              40.566776
            ],
            [
              21.018799,
              40.558972
            ],
            [
              21.013528,
              40.548896
            ],
            [
              21.006707,
              40.543211
            ],
            [
              20.997509,
              40.53918
            ],
            [
              20.98831,
              40.533496
            ],
            [
              20.981489,
              40.523264
            ],
            [
              20.96857,
              40.520577
            ],
            [
              20.957924,
              40.514944
            ],
            [
              20.95193,
              40.506056
            ],
            [
              20.952653,
              40.493653
            ],
            [
              20.94976,
              40.487866
            ],
            [
              20.946452,
              40.482905
            ],
            [
              20.93684,
              40.472518
            ],
            [
              20.911932,
              40.459547
            ],
            [
              20.889608,
              40.463733
            ],
            [
              20.866767,
              40.472053
            ],
            [
              20.839999,
              40.471639
            ],
            [
              20.826666,
              40.464818
            ],
            [
              20.821292,
              40.456395
            ],
            [
              20.817365,
              40.446835
            ],
            [
              20.8092,
              40.436603
            ],
            [
              20.800311,
              40.432779
            ],
            [
              20.779537,
              40.429006
            ],
            [
              20.770649,
              40.421978
            ],
            [
              20.768995,
              40.412573
            ],
            [
              20.773336,
              40.38534
            ],
            [
              20.773853,
              40.374901
            ],
            [
              20.770442,
              40.36255
            ],
            [
              20.765998,
              40.354282
            ],
            [
              20.755043,
              40.338624
            ],
            [
              20.739552,
              40.309166
            ],
            [
              20.736646,
              40.303639
            ],
            [
              20.728791,
              40.298265
            ],
            [
              20.717836,
              40.293924
            ],
            [
              20.706984,
              40.288085
            ],
            [
              20.699129,
              40.278369
            ],
            [
              20.694581,
              40.25558
            ],
            [
              20.696648,
              40.235581
            ],
            [
              20.696442,
              40.215066
            ],
            [
              20.68528,
              40.191191
            ],
            [
              20.679802,
              40.187832
            ],
            [
              20.665022,
              40.18437
            ],
            [
              20.660372,
              40.178892
            ],
            [
              20.659855,
              40.172743
            ],
            [
              20.663162,
              40.161684
            ],
            [
              20.663472,
              40.15662
            ],
            [
              20.668226,
              40.138068
            ],
            [
              20.666779,
              40.13352
            ],
            [
              20.651793,
              40.101016
            ],
            [
              20.647556,
              40.09404
            ],
            [
              20.640218,
              40.090112
            ],
            [
              20.615361,
              40.081017
            ],
            [
              20.577793,
              40.067271
            ],
            [
              20.552885,
              40.065411
            ],
            [
              20.499865,
              40.071457
            ],
            [
              20.481674,
              40.067788
            ],
            [
              20.465965,
              40.060812
            ],
            [
              20.432789,
              40.063809
            ],
            [
              20.413772,
              40.057194
            ],
            [
              20.400439,
              40.045257
            ],
            [
              20.38907,
              40.029444
            ],
            [
              20.380699,
              40.011667
            ],
            [
              20.376461,
              39.993736
            ],
            [
              20.359925,
              39.991048
            ],
            [
              20.310005,
              39.98986
            ],
            [
              20.297913,
              39.986914
            ],
            [
              20.302977,
              39.979111
            ],
            [
              20.317964,
              39.918391
            ],
            [
              20.323131,
              39.912397
            ],
            [
              20.346902,
              39.894259
            ],
            [
              20.392998,
              39.835451
            ],
            [
              20.397028,
              39.818087
            ],
            [
              20.388967,
              39.79814
            ],
            [
              20.371604,
              39.784291
            ],
            [
              20.35455,
              39.78579
            ],
            [
              20.336877,
              39.794006
            ],
            [
              20.299577,
              39.805056
            ],
            [
              20.298326,
              39.805427
            ],
            [
              20.288405,
              39.806615
            ],
            [
              20.280033,
              39.80398
            ],
            [
              20.273005,
              39.796487
            ],
            [
              20.275485,
              39.792404
            ],
            [
              20.281377,
              39.788167
            ],
            [
              20.284684,
              39.780312
            ],
            [
              20.283134,
              39.775144
            ],
            [
              20.276829,
              39.763155
            ],
            [
              20.275692,
              39.760055
            ],
            [
              20.278173,
              39.756748
            ],
            [
              20.285511,
              39.749668
            ],
            [
              20.287268,
              39.746671
            ],
            [
              20.291092,
              39.737937
            ],
            [
              20.296466,
              39.733493
            ],
            [
              20.299463,
              39.728222
            ],
            [
              20.296466,
              39.71737
            ],
            [
              20.28272,
              39.704399
            ],
            [
              20.264117,
              39.696079
            ],
            [
              20.249027,
              39.684814
            ],
            [
              20.24603,
              39.662903
            ],
            [
              20.237245,
              39.667037
            ],
            [
              20.228563,
              39.669156
            ],
            [
              20.220088,
              39.669156
            ],
            [
              20.212027,
              39.667037
            ],
            [
              20.204172,
              39.660319
            ],
            [
              20.203035,
              39.65262
            ],
            [
              20.203449,
              39.645333
            ],
            [
              20.199935,
              39.640062
            ],
            [
              20.184122,
              39.637013
            ],
            [
              20.163761,
              39.6443
            ],
            [
              20.135236,
              39.664195
            ],
            [
              20.089347,
              39.682799
            ],
            [
              20.049556,
              39.69272
            ],
            [
              20.01607,
              39.701402
            ],
            [
              19.999848,
              39.693508
            ],
            [
              19.996837,
              39.692572
            ],
            [
              19.99586,
              39.686713
            ],
            [
              19.989024,
              39.686713
            ],
            [
              19.983572,
              39.701361
            ],
            [
              19.98699,
              39.717963
            ],
            [
              20.002696,
              39.748236
            ],
            [
              19.985606,
              39.75373
            ],
            [
              19.980642,
              39.75731
            ],
            [
              19.99586,
              39.782945
            ],
            [
              20.014171,
              39.832953
            ],
            [
              20.016287,
              39.845038
            ],
            [
              20.009776,
              39.865668
            ],
            [
              19.999278,
              39.871405
            ],
            [
              19.983735,
              39.872382
            ],
            [
              19.961681,
              39.878567
            ],
            [
              19.960216,
              39.881049
            ],
            [
              19.959972,
              39.885077
            ],
            [
              19.958832,
              39.88935
            ],
            [
              19.954845,
              39.892808
            ],
            [
              19.941173,
              39.898993
            ],
            [
              19.931163,
              39.901923
            ],
            [
              19.914073,
              39.902411
            ],
            [
              19.906423,
              39.90644
            ],
            [
              19.906423,
              39.912665
            ],
            [
              19.921235,
              39.926947
            ],
            [
              19.931,
              39.934516
            ],
            [
              19.941173,
              39.940009
            ],
            [
              19.923839,
              39.952826
            ],
            [
              19.876801,
              40.022366
            ],
            [
              19.870453,
              40.034735
            ],
            [
              19.863455,
              40.045356
            ],
            [
              19.855235,
              40.049872
            ],
            [
              19.823253,
              40.050605
            ],
            [
              19.807384,
              40.052883
            ],
            [
              19.79656,
              40.057318
            ],
            [
              19.804535,
              40.063463
            ],
            [
              19.777354,
              40.077786
            ],
            [
              19.773123,
              40.071234
            ],
            [
              19.771658,
              40.068305
            ],
            [
              19.770518,
              40.063463
            ],
            [
              19.767263,
              40.072455
            ],
            [
              19.762462,
              40.07685
            ],
            [
              19.756358,
              40.079901
            ],
            [
              19.74936,
              40.084621
            ],
            [
              19.748057,
              40.088609
            ],
            [
              19.740896,
              40.100409
            ],
            [
              19.732677,
              40.110256
            ],
            [
              19.729015,
              40.108222
            ],
            [
              19.719086,
              40.116034
            ],
            [
              19.653168,
              40.132392
            ],
            [
              19.59783,
              40.157701
            ],
            [
              19.565766,
              40.179836
            ],
            [
              19.509288,
              40.194485
            ],
            [
              19.476248,
              40.21369
            ],
            [
              19.381114,
              40.295233
            ],
            [
              19.369965,
              40.309027
            ],
            [
              19.365082,
              40.317369
            ],
            [
              19.351573,
              40.362047
            ],
            [
              19.344249,
              40.374335
            ],
            [
              19.309255,
              40.400824
            ],
            [
              19.296886,
              40.41356
            ],
            [
              19.295177,
              40.417548
            ],
            [
              19.295177,
              40.418687
            ],
            [
              19.289561,
              40.420396
            ],
            [
              19.289561,
              40.427232
            ],
            [
              19.316173,
              40.437812
            ],
            [
              19.33253,
              40.43891
            ],
            [
              19.348155,
              40.43065
            ],
            [
              19.3838,
              40.397406
            ],
            [
              19.39324,
              40.386298
            ],
            [
              19.406505,
              40.362616
            ],
            [
              19.411957,
              40.34809
            ],
            [
              19.414236,
              40.334418
            ],
            [
              19.423595,
              40.330024
            ],
            [
              19.444591,
              40.333808
            ],
            [
              19.465587,
              40.341498
            ],
            [
              19.474946,
              40.348375
            ],
            [
              19.481619,
              40.439114
            ],
            [
              19.47877,
              40.453925
            ],
            [
              19.453136,
              40.465318
            ],
            [
              19.418793,
              40.491889
            ],
            [
              19.391368,
              40.521796
            ],
            [
              19.386404,
              40.54328
            ],
            [
              19.39324,
              40.537055
            ],
            [
              19.396007,
              40.529608
            ],
            [
              19.398611,
              40.520941
            ],
            [
              19.406749,
              40.522773
            ],
            [
              19.414236,
              40.522773
            ],
            [
              19.433604,
              40.505927
            ],
            [
              19.446056,
              40.511135
            ],
            [
              19.452647,
              40.529853
            ],
            [
              19.4546,
              40.55386
            ],
            [
              19.442149,
              40.573065
            ],
            [
              19.415701,
              40.583482
            ],
            [
              19.391612,
              40.578315
            ],
            [
              19.386404,
              40.550727
            ],
            [
              19.379242,
              40.566148
            ],
            [
              19.309825,
              40.644355
            ],
            [
              19.304373,
              40.653144
            ],
            [
              19.309337,
              40.665025
            ],
            [
              19.322927,
              40.674872
            ],
            [
              19.339041,
              40.684068
            ],
            [
              19.351573,
              40.694159
            ],
            [
              19.360525,
              40.709784
            ],
            [
              19.364513,
              40.726508
            ],
            [
              19.365571,
              40.785956
            ],
            [
              19.368826,
              40.802151
            ],
            [
              19.377778,
              40.812974
            ],
            [
              19.396251,
              40.817043
            ],
            [
              19.406749,
              40.820746
            ],
            [
              19.404063,
              40.829291
            ],
            [
              19.396739,
              40.83869
            ],
            [
              19.39324,
              40.844916
            ],
            [
              19.397634,
              40.852973
            ],
            [
              19.404796,
              40.86107
            ],
            [
              19.411388,
              40.867092
            ],
            [
              19.414236,
              40.868842
            ],
            [
              19.406261,
              40.880316
            ],
            [
              19.391124,
              40.89525
            ],
            [
              19.381196,
              40.908271
            ],
            [
              19.389822,
              40.913804
            ],
            [
              19.404959,
              40.918158
            ],
            [
              19.424571,
              40.939643
            ],
            [
              19.440929,
              40.948635
            ],
            [
              19.427013,
              40.936835
            ],
            [
              19.435395,
              40.913398
            ],
            [
              19.427257,
              40.893378
            ],
            [
              19.427257,
              40.87226
            ],
            [
              19.434744,
              40.87226
            ],
            [
              19.437836,
              40.886542
            ],
            [
              19.437673,
              40.88345
            ],
            [
              19.439138,
              40.880072
            ],
            [
              19.440929,
              40.87226
            ],
            [
              19.454112,
              40.88581
            ],
            [
              19.506602,
              40.905097
            ],
            [
              19.523448,
              40.92064
            ],
            [
              19.525157,
              40.945258
            ],
            [
              19.514659,
              40.964911
            ],
            [
              19.501475,
              40.982978
            ],
            [
              19.495453,
              41.002631
            ],
            [
              19.492035,
              40.976955
            ],
            [
              19.479666,
              40.953925
            ],
            [
              19.453868,
              40.923977
            ],
            [
              19.453461,
              40.928371
            ],
            [
              19.447765,
              40.934312
            ],
            [
              19.458507,
              40.942613
            ],
            [
              19.469981,
              40.956732
            ],
            [
              19.477224,
              40.975002
            ],
            [
              19.474946,
              40.995795
            ],
            [
              19.469981,
              41.000718
            ],
            [
              19.453787,
              41.005845
            ],
            [
              19.447765,
              41.009467
            ],
            [
              19.440603,
              41.020657
            ],
            [
              19.441254,
              41.026028
            ],
            [
              19.445486,
              41.030707
            ],
            [
              19.456391,
              41.106676
            ],
            [
              19.451182,
              41.122707
            ],
            [
              19.445486,
              41.129462
            ],
            [
              19.441173,
              41.137356
            ],
            [
              19.441905,
              41.143866
            ],
            [
              19.463715,
              41.151313
            ],
            [
              19.467133,
              41.162665
            ],
            [
              19.467133,
              41.176174
            ],
            [
              19.468761,
              41.187567
            ],
            [
              19.509532,
              41.237291
            ],
            [
              19.516612,
              41.256415
            ],
            [
              19.513357,
              41.276679
            ],
            [
              19.50294,
              41.294135
            ],
            [
              19.488048,
              41.306464
            ],
            [
              19.471934,
              41.311103
            ],
            [
              19.450043,
              41.311103
            ],
            [
              19.431651,
              41.313707
            ],
            [
              19.418956,
              41.322577
            ],
            [
              19.414236,
              41.341498
            ],
            [
              19.414236,
              41.382799
            ],
            [
              19.410818,
              41.391669
            ],
            [
              19.396007,
              41.402045
            ],
            [
              19.39324,
              41.41352
            ],
            [
              19.406423,
              41.400377
            ],
            [
              19.428722,
              41.401313
            ],
            [
              19.44516,
              41.415188
            ],
            [
              19.440929,
              41.440863
            ],
            [
              19.46461,
              41.450873
            ],
            [
              19.489268,
              41.466132
            ],
            [
              19.508637,
              41.486884
            ],
            [
              19.516612,
              41.513414
            ],
            [
              19.514171,
              41.529975
            ],
            [
              19.507172,
              41.536282
            ],
            [
              19.496349,
              41.538764
            ],
            [
              19.482432,
              41.54385
            ],
            [
              19.468028,
              41.554267
            ],
            [
              19.451996,
              41.574774
            ],
            [
              19.440929,
              41.585395
            ],
            [
              19.528087,
              41.576565
            ],
            [
              19.556407,
              41.583075
            ],
            [
              19.565196,
              41.58511
            ],
            [
              19.584809,
              41.619574
            ],
            [
              19.591645,
              41.619574
            ],
            [
              19.592296,
              41.608588
            ],
            [
              19.596039,
              41.602729
            ],
            [
              19.603038,
              41.601752
            ],
            [
              19.612966,
              41.605292
            ],
            [
              19.604991,
              41.632148
            ],
            [
              19.600108,
              41.639106
            ],
            [
              19.591645,
              41.632636
            ],
            [
              19.587087,
              41.640692
            ],
            [
              19.557628,
              41.660549
            ],
            [
              19.578136,
              41.687649
            ],
            [
              19.576345,
              41.71894
            ],
            [
              19.571137,
              41.752387
            ],
            [
              19.5713,
              41.770413
            ],
            [
              19.589529,
              41.765692
            ],
            [
              19.598969,
              41.778713
            ],
            [
              19.599783,
              41.79975
            ],
            [
              19.591645,
              41.818793
            ],
            [
              19.585216,
              41.818549
            ],
            [
              19.465505,
              41.855455
            ],
            [
              19.451182,
              41.862535
            ],
            [
              19.432953,
              41.868598
            ],
            [
              19.365082,
              41.852362
            ],
            [
              19.364223,
              41.862846
            ],
            [
              19.364947,
              41.888995
            ],
            [
              19.356989,
              41.89964
            ],
            [
              19.347687,
              41.906358
            ],
            [
              19.34531,
              41.910337
            ],
            [
              19.34593,
              41.914471
            ],
            [
              19.345413,
              41.921189
            ],
            [
              19.346653,
              41.926176
            ],
            [
              19.350477,
              41.931369
            ],
            [
              19.352854,
              41.938501
            ],
            [
              19.346447,
              41.961548
            ],
            [
              19.351614,
              41.965166
            ],
            [
              19.359779,
              41.965993
            ],
            [
              19.365774,
              41.969713
            ],
            [
              19.371045,
              41.98656
            ],
            [
              19.363707,
              41.993484
            ],
            [
              19.363396,
              41.993639
            ],
            [
              19.354198,
              42.008703
            ],
            [
              19.350581,
              42.027823
            ],
            [
              19.351718,
              42.047615
            ],
            [
              19.356575,
              42.064798
            ],
            [
              19.374869,
              42.094667
            ],
            [
              19.372491,
              42.104253
            ],
            [
              19.369998,
              42.106507
            ],
            [
              19.355025,
              42.12004
            ],
            [
              19.297767,
              42.151666
            ],
            [
              19.282058,
              42.164559
            ],
            [
              19.281956,
              42.164723
            ],
            [
              19.272033,
              42.180682
            ],
            [
              19.274926,
              42.191276
            ],
            [
              19.304589,
              42.215099
            ],
            [
              19.400397,
              42.325893
            ],
            [
              19.401327,
              42.331061
            ],
            [
              19.400707,
              42.344755
            ],
            [
              19.402671,
              42.352015
            ],
            [
              19.412076,
              42.368397
            ],
            [
              19.417243,
              42.374107
            ],
            [
              19.468403,
              42.41811
            ],
            [
              19.481735,
              42.434491
            ],
            [
              19.501476,
              42.444129
            ],
            [
              19.517806,
              42.45803
            ],
            [
              19.531655,
              42.474773
            ],
            [
              19.543747,
              42.493402
            ],
            [
              19.543747,
              42.493557
            ],
            [
              19.549328,
              42.508595
            ],
            [
              19.561317,
              42.516243
            ],
            [
              19.575683,
              42.522341
            ],
            [
              19.588086,
              42.532857
            ],
            [
              19.593667,
              42.54482
            ],
            [
              19.599248,
              42.571046
            ],
            [
              19.605035,
              42.584844
            ],
            [
              19.621779,
              42.604997
            ],
            [
              19.647927,
              42.627838
            ],
            [
              19.658037,
              42.634613
            ],
            [
              19.676039,
              42.646675
            ],
            [
              19.699293,
              42.654814
            ],
            [
              19.722134,
              42.64608
            ],
            [
              19.737534,
              42.624402
            ],
            [
              19.746009,
              42.5989
            ],
            [
              19.746885,
              42.58893
            ],
            [
              19.747766,
              42.578901
            ],
            [
              19.746009,
              42.579934
            ],
            [
              19.741358,
              42.574405
            ],
            [
              19.733916,
              42.562597
            ],
            [
              19.732159,
              42.555543
            ],
            [
              19.730299,
              42.540428
            ],
            [
              19.730919,
              42.533658
            ],
            [
              19.73433,
              42.524382
            ],
            [
              19.75159,
              42.493402
            ],
            [
              19.784456,
              42.474566
            ],
            [
              19.801406,
              42.468132
            ],
            [
              19.819596,
              42.466479
            ],
            [
              19.829063,
              42.468723
            ],
            [
              19.835512,
              42.470251
            ],
            [
              19.873339,
              42.486839
            ],
            [
              19.882538,
              42.493402
            ],
            [
              19.882745,
              42.493609
            ],
            [
              19.907549,
              42.506399
            ],
            [
              19.956332,
              42.505314
            ],
            [
              19.981757,
              42.510765
            ],
            [
              20.017723,
              42.546241
            ],
            [
              20.039221,
              42.557765
            ],
            [
              20.064956,
              42.546758
            ],
            [
              20.085626,
              42.530015
            ],
            [
              20.135546,
              42.509629
            ],
            [
              20.152392,
              42.493712
            ],
            [
              20.152599,
              42.493712
            ],
            [
              20.152599,
              42.493609
            ],
            [
              20.152702,
              42.493402
            ],
            [
              20.180814,
              42.443095
            ],
            [
              20.186292,
              42.437437
            ],
            [
              20.199728,
              42.427799
            ],
            [
              20.204689,
              42.420099
            ],
            [
              20.204379,
              42.411831
            ],
            [
              20.194043,
              42.4001
            ],
            [
              20.192803,
              42.393693
            ],
            [
              20.197454,
              42.38744
            ],
            [
              20.21306,
              42.377518
            ],
            [
              20.218848,
              42.371446
            ],
            [
              20.221225,
              42.36372
            ],
            [
              20.219468,
              42.350207
            ],
            [
              20.220915,
              42.343101
            ],
            [
              20.229597,
              42.32672
            ],
            [
              20.237762,
              42.319924
            ],
            [
              20.249647,
              42.318607
            ],
            [
              20.317964,
              42.319821
            ],
            [
              20.333363,
              42.317883
            ],
            [
              20.456973,
              42.250497
            ],
            [
              20.473665,
              42.237123
            ],
            [
              20.481674,
              42.230705
            ],
            [
              20.500795,
              42.211223
            ],
            [
              20.538622,
              42.150116
            ],
            [
              20.549371,
              42.123476
            ],
            [
              20.551954,
              42.105803
            ],
            [
              20.552161,
              42.07379
            ],
            [
              20.558259,
              42.055109
            ],
            [
              20.589678,
              41.993639
            ],
            [
              20.594329,
              41.973718
            ],
            [
              20.59929,
              41.960567
            ],
            [
              20.59929,
              41.94788
            ],
            [
              20.588748,
              41.929586
            ],
            [
              20.580583,
              41.921732
            ],
            [
              20.573348,
              41.917675
            ],
            [
              20.567251,
              41.912172
            ],
            [
              20.562496,
              41.900105
            ],
            [
              20.562703,
              41.892845
            ],
            [
              20.567767,
              41.88052
            ],
            [
              20.567147,
              41.873182
            ]
          ]
        ]
      },
      "properties": {
        "id": "i4Ky",
        "status": "validé",
        "pieces": [
          {
            "kind": "country"
          }
        ]
      }
    },
    {
      "type": "Feature",
      "geometry": {
        "type": "Polygon",
        "coordinates": [
          [
            [
              20.567147,
              41.873182
            ],
            [
              20.541722,
              41.86158
            ],
            [
              20.540786,
              41.844865
            ],
            [
              20.540482,
              41.839437
            ],
            [
              20.54844,
              41.814193
            ],
            [
              20.550136,
              41.80006
            ],
            [
              20.550921,
              41.793522
            ],
            [
              20.54441,
              41.784763
            ],
            [
              20.521155,
              41.767658
            ],
            [
              20.511337,
              41.757943
            ],
            [
              20.503275,
              41.744637
            ],
            [
              20.500381,
              41.734095
            ],
            [
              20.508339,
              41.661748
            ],
            [
              20.513404,
              41.640405
            ],
            [
              20.534591,
              41.594026
            ],
            [
              20.53467,
              41.587324
            ],
            [
              20.534694,
              41.585266
            ],
            [
              20.52932,
              41.574879
            ],
            [
              20.520845,
              41.568368
            ],
            [
              20.507409,
              41.56227
            ],
            [
              20.49294,
              41.557671
            ],
            [
              20.444157,
              41.549661
            ],
            [
              20.447878,
              41.53545
            ],
            [
              20.444984,
              41.508475
            ],
            [
              20.452012,
              41.493592
            ],
            [
              20.463174,
              41.489768
            ],
            [
              20.470822,
              41.483774
            ],
            [
              20.481597,
              41.468269
            ],
            [
              20.483535,
              41.46548
            ],
            [
              20.486842,
              41.457781
            ],
            [
              20.488909,
              41.441451
            ],
            [
              20.490873,
              41.436025
            ],
            [
              20.498004,
              41.431477
            ],
            [
              20.514644,
              41.429462
            ],
            [
              20.522189,
              41.42569
            ],
            [
              20.534074,
              41.412977
            ],
            [
              20.539049,
              41.402944
            ],
            [
              20.540172,
              41.400678
            ],
            [
              20.539965,
              41.387139
            ],
            [
              20.532937,
              41.370447
            ],
            [
              20.523429,
              41.356805
            ],
            [
              20.510407,
              41.344403
            ],
            [
              20.49604,
              41.337788
            ],
            [
              20.481674,
              41.341199
            ],
            [
              20.478108,
              41.321585
            ],
            [
              20.477747,
              41.319598
            ],
            [
              20.483121,
              41.289471
            ],
            [
              20.500071,
              41.23552
            ],
            [
              20.51268,
              41.210147
            ],
            [
              20.549681,
              41.170615
            ],
            [
              20.565494,
              41.147412
            ],
            [
              20.570558,
              41.124829
            ],
            [
              20.569938,
              41.107104
            ],
            [
              20.576966,
              41.093513
            ],
            [
              20.597419,
              41.086273
            ],
            [
              20.605284,
              41.083488
            ],
            [
              20.618927,
              41.082403
            ],
            [
              20.631536,
              41.082868
            ],
            [
              20.634129,
              41.082576
            ],
            [
              20.643008,
              41.081576
            ],
            [
              20.65386,
              41.075272
            ],
            [
              20.664092,
              41.059149
            ],
            [
              20.683419,
              40.99383
            ],
            [
              20.702746,
              40.936314
            ],
            [
              20.717216,
              40.913214
            ],
            [
              20.730573,
              40.904611
            ],
            [
              20.740883,
              40.89797
            ],
            [
              20.766102,
              40.893732
            ],
            [
              20.783672,
              40.899055
            ],
            [
              20.816951,
              40.920242
            ],
            [
              20.836544,
              40.923904
            ],
            [
              20.837415,
              40.924066
            ],
            [
              20.890228,
              40.918279
            ],
            [
              20.939941,
              40.907065
            ],
            [
              20.956684,
              40.894766
            ],
            [
              20.964849,
              40.875956
            ],
            [
              20.965262,
              40.849394
            ],
            [
              20.967019,
              40.802007
            ],
            [
              20.960922,
              40.780768
            ],
            [
              20.943662,
              40.765265
            ],
            [
              20.95348,
              40.759167
            ],
            [
              20.957201,
              40.751622
            ],
            [
              20.959165,
              40.743561
            ],
            [
              20.963505,
              40.736068
            ],
            [
              20.992031,
              40.7155
            ],
            [
              21.018593,
              40.690902
            ],
            [
              21.028825,
              40.676846
            ],
            [
              21.035336,
              40.65938
            ],
            [
              21.036679,
              40.639743
            ],
            [
              21.033165,
              40.621398
            ],
            [
              21.02252,
              40.586619
            ],
            [
              21.020763,
              40.575096
            ],
            [
              21.02035,
              40.566776
            ],
            [
              21.018799,
              40.558972
            ],
            [
              21.013528,
              40.548896
            ],
            [
              21.006707,
              40.543211
            ],
            [
              20.997509,
              40.53918
            ],
            [
              20.98831,
              40.533496
            ],
            [
              20.981489,
              40.523264
            ],
            [
              20.96857,
              40.520577
            ],
            [
              20.957924,
              40.514944
            ],
            [
              20.95193,
              40.506056
            ],
            [
              20.952653,
              40.493653
            ],
            [
              20.94976,
              40.487866
            ],
            [
              20.946452,
              40.482905
            ],
            [
              20.93684,
              40.472518
            ],
            [
              20.911932,
              40.459547
            ],
            [
              20.889608,
              40.463733
            ],
            [
              20.866767,
              40.472053
            ],
            [
              20.839999,
              40.471639
            ],
            [
              20.826666,
              40.464818
            ],
            [
              20.821292,
              40.456395
            ],
            [
              20.817365,
              40.446835
            ],
            [
              20.8092,
              40.436603
            ],
            [
              20.800311,
              40.432779
            ],
            [
              20.779537,
              40.429006
            ],
            [
              20.770649,
              40.421978
            ],
            [
              20.768995,
              40.412573
            ],
            [
              20.773336,
              40.38534
            ],
            [
              20.773853,
              40.374901
            ],
            [
              20.770442,
              40.36255
            ],
            [
              20.765998,
              40.354282
            ],
            [
              20.755043,
              40.338624
            ],
            [
              20.739552,
              40.309166
            ],
            [
              20.736646,
              40.303639
            ],
            [
              20.728791,
              40.298265
            ],
            [
              20.717836,
              40.293924
            ],
            [
              20.706984,
              40.288085
            ],
            [
              20.699129,
              40.278369
            ],
            [
              20.694581,
              40.25558
            ],
            [
              20.696648,
              40.235581
            ],
            [
              20.696442,
              40.215066
            ],
            [
              20.68528,
              40.191191
            ],
            [
              20.679802,
              40.187832
            ],
            [
              20.665022,
              40.18437
            ],
            [
              20.660372,
              40.178892
            ],
            [
              20.659855,
              40.172743
            ],
            [
              20.663162,
              40.161684
            ],
            [
              20.663472,
              40.15662
            ],
            [
              20.668226,
              40.138068
            ],
            [
              20.666779,
              40.13352
            ],
            [
              20.651793,
              40.101016
            ],
            [
              20.647556,
              40.09404
            ],
            [
              20.640218,
              40.090112
            ],
            [
              20.615361,
              40.081017
            ],
            [
              20.577793,
              40.067271
            ],
            [
              20.552885,
              40.065411
            ],
            [
              20.499865,
              40.071457
            ],
            [
              20.481674,
              40.067788
            ],
            [
              20.465965,
              40.060812
            ],
            [
              20.432789,
              40.063809
            ],
            [
              20.413772,
              40.057194
            ],
            [
              20.400439,
              40.045257
            ],
            [
              20.38907,
              40.029444
            ],
            [
              20.380699,
              40.011667
            ],
            [
              20.376461,
              39.993736
            ],
            [
              20.359925,
              39.991048
            ],
            [
              20.310005,
              39.98986
            ],
            [
              20.297913,
              39.986914
            ],
            [
              20.302977,
              39.979111
            ],
            [
              20.317964,
              39.918391
            ],
            [
              20.323131,
              39.912397
            ],
            [
              20.346902,
              39.894259
            ],
            [
              20.392998,
              39.835451
            ],
            [
              20.397028,
              39.818087
            ],
            [
              20.388967,
              39.79814
            ],
            [
              20.371604,
              39.784291
            ],
            [
              20.35455,
              39.78579
            ],
            [
              20.336877,
              39.794006
            ],
            [
              20.299577,
              39.805056
            ],
            [
              20.298326,
              39.805427
            ],
            [
              20.288405,
              39.806615
            ],
            [
              20.280033,
              39.80398
            ],
            [
              20.273005,
              39.796487
            ],
            [
              20.275485,
              39.792404
            ],
            [
              20.281377,
              39.788167
            ],
            [
              20.284684,
              39.780312
            ],
            [
              20.283134,
              39.775144
            ],
            [
              20.276829,
              39.763155
            ],
            [
              20.275692,
              39.760055
            ],
            [
              20.278173,
              39.756748
            ],
            [
              20.285511,
              39.749668
            ],
            [
              20.287268,
              39.746671
            ],
            [
              20.291092,
              39.737937
            ],
            [
              20.296466,
              39.733493
            ],
            [
              20.299463,
              39.728222
            ],
            [
              20.296466,
              39.71737
            ],
            [
              20.28272,
              39.704399
            ],
            [
              20.264117,
              39.696079
            ],
            [
              20.249027,
              39.684814
            ],
            [
              20.24603,
              39.662903
            ],
            [
              20.237245,
              39.667037
            ],
            [
              20.228563,
              39.669156
            ],
            [
              20.220088,
              39.669156
            ],
            [
              20.212027,
              39.667037
            ],
            [
              20.204172,
              39.660319
            ],
            [
              20.203035,
              39.65262
            ],
            [
              20.203449,
              39.645333
            ],
            [
              20.199935,
              39.640062
            ],
            [
              20.184122,
              39.637013
            ],
            [
              20.163761,
              39.6443
            ],
            [
              20.135236,
              39.664195
            ],
            [
              20.089347,
              39.682799
            ],
            [
              20.049556,
              39.69272
            ],
            [
              20.01607,
              39.701402
            ],
            [
              19.999848,
              39.693508
            ],
            [
              19.996837,
              39.692572
            ],
            [
              19.99586,
              39.686713
            ],
            [
              19.989024,
              39.686713
            ],
            [
              19.983572,
              39.701361
            ],
            [
              19.98699,
              39.717963
            ],
            [
              20.002696,
              39.748236
            ],
            [
              19.985606,
              39.75373
            ],
            [
              19.980642,
              39.75731
            ],
            [
              19.99586,
              39.782945
            ],
            [
              20.014171,
              39.832953
            ],
            [
              20.016287,
              39.845038
            ],
            [
              20.009776,
              39.865668
            ],
            [
              19.999278,
              39.871405
            ],
            [
              19.983735,
              39.872382
            ],
            [
              19.961681,
              39.878567
            ],
            [
              19.960216,
              39.881049
            ],
            [
              19.959972,
              39.885077
            ],
            [
              19.958832,
              39.88935
            ],
            [
              19.954845,
              39.892808
            ],
            [
              19.941173,
              39.898993
            ],
            [
              19.931163,
              39.901923
            ],
            [
              19.914073,
              39.902411
            ],
            [
              19.906423,
              39.90644
            ],
            [
              19.906423,
              39.912665
            ],
            [
              19.921235,
              39.926947
            ],
            [
              19.931,
              39.934516
            ],
            [
              19.941173,
              39.940009
            ],
            [
              19.923839,
              39.952826
            ],
            [
              19.876801,
              40.022366
            ],
            [
              19.870453,
              40.034735
            ],
            [
              19.863455,
              40.045356
            ],
            [
              19.855235,
              40.049872
            ],
            [
              19.823253,
              40.050605
            ],
            [
              19.807384,
              40.052883
            ],
            [
              19.79656,
              40.057318
            ],
            [
              19.804535,
              40.063463
            ],
            [
              19.777354,
              40.077786
            ],
            [
              19.773123,
              40.071234
            ],
            [
              19.771658,
              40.068305
            ],
            [
              19.770518,
              40.063463
            ],
            [
              19.767263,
              40.072455
            ],
            [
              19.762462,
              40.07685
            ],
            [
              19.756358,
              40.079901
            ],
            [
              19.74936,
              40.084621
            ],
            [
              19.748057,
              40.088609
            ],
            [
              19.740896,
              40.100409
            ],
            [
              19.732677,
              40.110256
            ],
            [
              19.729015,
              40.108222
            ],
            [
              19.719086,
              40.116034
            ],
            [
              19.653168,
              40.132392
            ],
            [
              19.59783,
              40.157701
            ],
            [
              19.565766,
              40.179836
            ],
            [
              19.509288,
              40.194485
            ],
            [
              19.476248,
              40.21369
            ],
            [
              19.381114,
              40.295233
            ],
            [
              19.369965,
              40.309027
            ],
            [
              19.365082,
              40.317369
            ],
            [
              19.351573,
              40.362047
            ],
            [
              19.344249,
              40.374335
            ],
            [
              19.309255,
              40.400824
            ],
            [
              19.296886,
              40.41356
            ],
            [
              19.295177,
              40.417548
            ],
            [
              19.295177,
              40.418687
            ],
            [
              19.289561,
              40.420396
            ],
            [
              19.289561,
              40.427232
            ],
            [
              19.316173,
              40.437812
            ],
            [
              19.33253,
              40.43891
            ],
            [
              19.348155,
              40.43065
            ],
            [
              19.3838,
              40.397406
            ],
            [
              19.39324,
              40.386298
            ],
            [
              19.406505,
              40.362616
            ],
            [
              19.411957,
              40.34809
            ],
            [
              19.414236,
              40.334418
            ],
            [
              19.423595,
              40.330024
            ],
            [
              19.444591,
              40.333808
            ],
            [
              19.465587,
              40.341498
            ],
            [
              19.474946,
              40.348375
            ],
            [
              19.481619,
              40.439114
            ],
            [
              19.47877,
              40.453925
            ],
            [
              19.453136,
              40.465318
            ],
            [
              19.418793,
              40.491889
            ],
            [
              19.391368,
              40.521796
            ],
            [
              19.386404,
              40.54328
            ],
            [
              19.39324,
              40.537055
            ],
            [
              19.396007,
              40.529608
            ],
            [
              19.398611,
              40.520941
            ],
            [
              19.406749,
              40.522773
            ],
            [
              19.414236,
              40.522773
            ],
            [
              19.433604,
              40.505927
            ],
            [
              19.446056,
              40.511135
            ],
            [
              19.452647,
              40.529853
            ],
            [
              19.4546,
              40.55386
            ],
            [
              19.442149,
              40.573065
            ],
            [
              19.415701,
              40.583482
            ],
            [
              19.391612,
              40.578315
            ],
            [
              19.386404,
              40.550727
            ],
            [
              19.379242,
              40.566148
            ],
            [
              19.309825,
              40.644355
            ],
            [
              19.304373,
              40.653144
            ],
            [
              19.309337,
              40.665025
            ],
            [
              19.322927,
              40.674872
            ],
            [
              19.339041,
              40.684068
            ],
            [
              19.351573,
              40.694159
            ],
            [
              19.360525,
              40.709784
            ],
            [
              19.364513,
              40.726508
            ],
            [
              19.365571,
              40.785956
            ],
            [
              19.368826,
              40.802151
            ],
            [
              19.377778,
              40.812974
            ],
            [
              19.396251,
              40.817043
            ],
            [
              19.406749,
              40.820746
            ],
            [
              19.404063,
              40.829291
            ],
            [
              19.396739,
              40.83869
            ],
            [
              19.39324,
              40.844916
            ],
            [
              19.397634,
              40.852973
            ],
            [
              19.404796,
              40.86107
            ],
            [
              19.411388,
              40.867092
            ],
            [
              19.414236,
              40.868842
            ],
            [
              19.406261,
              40.880316
            ],
            [
              19.391124,
              40.89525
            ],
            [
              19.381196,
              40.908271
            ],
            [
              19.389822,
              40.913804
            ],
            [
              19.404959,
              40.918158
            ],
            [
              19.424571,
              40.939643
            ],
            [
              19.440929,
              40.948635
            ],
            [
              19.427013,
              40.936835
            ],
            [
              19.435395,
              40.913398
            ],
            [
              19.427257,
              40.893378
            ],
            [
              19.427257,
              40.87226
            ],
            [
              19.434744,
              40.87226
            ],
            [
              19.437836,
              40.886542
            ],
            [
              19.437673,
              40.88345
            ],
            [
              19.439138,
              40.880072
            ],
            [
              19.440929,
              40.87226
            ],
            [
              19.454112,
              40.88581
            ],
            [
              19.506602,
              40.905097
            ],
            [
              19.523448,
              40.92064
            ],
            [
              19.525157,
              40.945258
            ],
            [
              19.514659,
              40.964911
            ],
            [
              19.501475,
              40.982978
            ],
            [
              19.495453,
              41.002631
            ],
            [
              19.492035,
              40.976955
            ],
            [
              19.479666,
              40.953925
            ],
            [
              19.453868,
              40.923977
            ],
            [
              19.453461,
              40.928371
            ],
            [
              19.447765,
              40.934312
            ],
            [
              19.458507,
              40.942613
            ],
            [
              19.469981,
              40.956732
            ],
            [
              19.477224,
              40.975002
            ],
            [
              19.474946,
              40.995795
            ],
            [
              19.469981,
              41.000718
            ],
            [
              19.453787,
              41.005845
            ],
            [
              19.447765,
              41.009467
            ],
            [
              19.440603,
              41.020657
            ],
            [
              19.441254,
              41.026028
            ],
            [
              19.445486,
              41.030707
            ],
            [
              19.456391,
              41.106676
            ],
            [
              19.451182,
              41.122707
            ],
            [
              19.445486,
              41.129462
            ],
            [
              19.441173,
              41.137356
            ],
            [
              19.441905,
              41.143866
            ],
            [
              19.463715,
              41.151313
            ],
            [
              19.467133,
              41.162665
            ],
            [
              19.467133,
              41.176174
            ],
            [
              19.468761,
              41.187567
            ],
            [
              19.509532,
              41.237291
            ],
            [
              19.516612,
              41.256415
            ],
            [
              19.513357,
              41.276679
            ],
            [
              19.50294,
              41.294135
            ],
            [
              19.488048,
              41.306464
            ],
            [
              19.471934,
              41.311103
            ],
            [
              19.450043,
              41.311103
            ],
            [
              19.431651,
              41.313707
            ],
            [
              19.418956,
              41.322577
            ],
            [
              19.414236,
              41.341498
            ],
            [
              19.414236,
              41.382799
            ],
            [
              19.410818,
              41.391669
            ],
            [
              19.396007,
              41.402045
            ],
            [
              19.39324,
              41.41352
            ],
            [
              19.406423,
              41.400377
            ],
            [
              19.428722,
              41.401313
            ],
            [
              19.44516,
              41.415188
            ],
            [
              19.440929,
              41.440863
            ],
            [
              19.46461,
              41.450873
            ],
            [
              19.489268,
              41.466132
            ],
            [
              19.508637,
              41.486884
            ],
            [
              19.516612,
              41.513414
            ],
            [
              19.514171,
              41.529975
            ],
            [
              19.507172,
              41.536282
            ],
            [
              19.496349,
              41.538764
            ],
            [
              19.482432,
              41.54385
            ],
            [
              19.468028,
              41.554267
            ],
            [
              19.451996,
              41.574774
            ],
            [
              19.440929,
              41.585395
            ],
            [
              19.528087,
              41.576565
            ],
            [
              19.556407,
              41.583075
            ],
            [
              19.565196,
              41.58511
            ],
            [
              19.584809,
              41.619574
            ],
            [
              19.591645,
              41.619574
            ],
            [
              19.592296,
              41.608588
            ],
            [
              19.596039,
              41.602729
            ],
            [
              19.603038,
              41.601752
            ],
            [
              19.612966,
              41.605292
            ],
            [
              19.604991,
              41.632148
            ],
            [
              19.600108,
              41.639106
            ],
            [
              19.591645,
              41.632636
            ],
            [
              19.587087,
              41.640692
            ],
            [
              19.557628,
              41.660549
            ],
            [
              19.578136,
              41.687649
            ],
            [
              19.576345,
              41.71894
            ],
            [
              19.571137,
              41.752387
            ],
            [
              19.5713,
              41.770413
            ],
            [
              19.589529,
              41.765692
            ],
            [
              19.598969,
              41.778713
            ],
            [
              19.599783,
              41.79975
            ],
            [
              19.591645,
              41.818793
            ],
            [
              19.585216,
              41.818549
            ],
            [
              19.465505,
              41.855455
            ],
            [
              19.451182,
              41.862535
            ],
            [
              19.432953,
              41.868598
            ],
            [
              19.365082,
              41.852362
            ],
            [
              19.364223,
              41.862846
            ],
            [
              19.364947,
              41.888995
            ],
            [
              19.356989,
              41.89964
            ],
            [
              19.347687,
              41.906358
            ],
            [
              19.34531,
              41.910337
            ],
            [
              19.34593,
              41.914471
            ],
            [
              19.345413,
              41.921189
            ],
            [
              19.346653,
              41.926176
            ],
            [
              19.350477,
              41.931369
            ],
            [
              19.352854,
              41.938501
            ],
            [
              19.346447,
              41.961548
            ],
            [
              19.351614,
              41.965166
            ],
            [
              19.359779,
              41.965993
            ],
            [
              19.365774,
              41.969713
            ],
            [
              19.371045,
              41.98656
            ],
            [
              19.363707,
              41.993484
            ],
            [
              19.363396,
              41.993639
            ],
            [
              19.354198,
              42.008703
            ],
            [
              19.350581,
              42.027823
            ],
            [
              19.351718,
              42.047615
            ],
            [
              19.356575,
              42.064798
            ],
            [
              19.374869,
              42.094667
            ],
            [
              19.372491,
              42.104253
            ],
            [
              19.369998,
              42.106507
            ],
            [
              19.355025,
              42.12004
            ],
            [
              19.297767,
              42.151666
            ],
            [
              19.282058,
              42.164559
            ],
            [
              19.281956,
              42.164723
            ],
            [
              19.272033,
              42.180682
            ],
            [
              19.274926,
              42.191276
            ],
            [
              19.304589,
              42.215099
            ],
            [
              19.400397,
              42.325893
            ],
            [
              19.401327,
              42.331061
            ],
            [
              19.400707,
              42.344755
            ],
            [
              19.402671,
              42.352015
            ],
            [
              19.412076,
              42.368397
            ],
            [
              19.417243,
              42.374107
            ],
            [
              19.468403,
              42.41811
            ],
            [
              19.481735,
              42.434491
            ],
            [
              19.501476,
              42.444129
            ],
            [
              19.517806,
              42.45803
            ],
            [
              19.531655,
              42.474773
            ],
            [
              19.543747,
              42.493402
            ],
            [
              19.543747,
              42.493557
            ],
            [
              19.549328,
              42.508595
            ],
            [
              19.561317,
              42.516243
            ],
            [
              19.575683,
              42.522341
            ],
            [
              19.588086,
              42.532857
            ],
            [
              19.593667,
              42.54482
            ],
            [
              19.599248,
              42.571046
            ],
            [
              19.605035,
              42.584844
            ],
            [
              19.621779,
              42.604997
            ],
            [
              19.647927,
              42.627838
            ],
            [
              19.658037,
              42.634613
            ],
            [
              19.676039,
              42.646675
            ],
            [
              19.699293,
              42.654814
            ],
            [
              19.722134,
              42.64608
            ],
            [
              19.737534,
              42.624402
            ],
            [
              19.746009,
              42.5989
            ],
            [
              19.746885,
              42.58893
            ],
            [
              19.747766,
              42.578901
            ],
            [
              19.746009,
              42.579934
            ],
            [
              19.741358,
              42.574405
            ],
            [
              19.733916,
              42.562597
            ],
            [
              19.732159,
              42.555543
            ],
            [
              19.730299,
              42.540428
            ],
            [
              19.730919,
              42.533658
            ],
            [
              19.73433,
              42.524382
            ],
            [
              19.75159,
              42.493402
            ],
            [
              19.784456,
              42.474566
            ],
            [
              19.801406,
              42.468132
            ],
            [
              19.819596,
              42.466479
            ],
            [
              19.829063,
              42.468723
            ],
            [
              19.835512,
              42.470251
            ],
            [
              19.873339,
              42.486839
            ],
            [
              19.882538,
              42.493402
            ],
            [
              19.882745,
              42.493609
            ],
            [
              19.907549,
              42.506399
            ],
            [
              19.956332,
              42.505314
            ],
            [
              19.981757,
              42.510765
            ],
            [
              20.017723,
              42.546241
            ],
            [
              20.039221,
              42.557765
            ],
            [
              20.064956,
              42.546758
            ],
            [
              20.085626,
              42.530015
            ],
            [
              20.135546,
              42.509629
            ],
            [
              20.152392,
              42.493712
            ],
            [
              20.152599,
              42.493712
            ],
            [
              20.152599,
              42.493609
            ],
            [
              20.152702,
              42.493402
            ],
            [
              20.180814,
              42.443095
            ],
            [
              20.186292,
              42.437437
            ],
            [
              20.199728,
              42.427799
            ],
            [
              20.204689,
              42.420099
            ],
            [
              20.204379,
              42.411831
            ],
            [
              20.194043,
              42.4001
            ],
            [
              20.192803,
              42.393693
            ],
            [
              20.197454,
              42.38744
            ],
            [
              20.21306,
              42.377518
            ],
            [
              20.218848,
              42.371446
            ],
            [
              20.221225,
              42.36372
            ],
            [
              20.219468,
              42.350207
            ],
            [
              20.220915,
              42.343101
            ],
            [
              20.229597,
              42.32672
            ],
            [
              20.237762,
              42.319924
            ],
            [
              20.249647,
              42.318607
            ],
            [
              20.317964,
              42.319821
            ],
            [
              20.333363,
              42.317883
            ],
            [
              20.456973,
              42.250497
            ],
            [
              20.473665,
              42.237123
            ],
            [
              20.481674,
              42.230705
            ],
            [
              20.500795,
              42.211223
            ],
            [
              20.538622,
              42.150116
            ],
            [
              20.549371,
              42.123476
            ],
            [
              20.551954,
              42.105803
            ],
            [
              20.552161,
              42.07379
            ],
            [
              20.558259,
              42.055109
            ],
            [
              20.589678,
              41.993639
            ],
            [
              20.594329,
              41.973718
            ],
            [
              20.59929,
              41.960567
            ],
            [
              20.59929,
              41.94788
            ],
            [
              20.588748,
              41.929586
            ],
            [
              20.580583,
              41.921732
            ],
            [
              20.573348,
              41.917675
            ],
            [
              20.567251,
              41.912172
            ],
            [
              20.562496,
              41.900105
            ],
            [
              20.562703,
              41.892845
            ],
            [
              20.567767,
              41.88052
            ],
            [
              20.567147,
              41.873182
            ]
          ]
        ]
      },
      "properties": {
        "id": "iM5P",
        "status": "validé",
        "pieces": [
          {
            "kind": "country"
          }
        ]
      }
    },
    {
      "type": "Feature",
      "geometry": {
        "type": "Polygon",
        "coordinates": [
          [
            [
              20.567147,
              41.873182
            ],
            [
              20.541722,
              41.86158
            ],
            [
              20.540786,
              41.844865
            ],
            [
              20.540482,
              41.839437
            ],
            [
              20.54844,
              41.814193
            ],
            [
              20.550136,
              41.80006
            ],
            [
              20.550921,
              41.793522
            ],
            [
              20.54441,
              41.784763
            ],
            [
              20.521155,
              41.767658
            ],
            [
              20.511337,
              41.757943
            ],
            [
              20.503275,
              41.744637
            ],
            [
              20.500381,
              41.734095
            ],
            [
              20.508339,
              41.661748
            ],
            [
              20.513404,
              41.640405
            ],
            [
              20.534591,
              41.594026
            ],
            [
              20.53467,
              41.587324
            ],
            [
              20.534694,
              41.585266
            ],
            [
              20.52932,
              41.574879
            ],
            [
              20.520845,
              41.568368
            ],
            [
              20.507409,
              41.56227
            ],
            [
              20.49294,
              41.557671
            ],
            [
              20.444157,
              41.549661
            ],
            [
              20.447878,
              41.53545
            ],
            [
              20.444984,
              41.508475
            ],
            [
              20.452012,
              41.493592
            ],
            [
              20.463174,
              41.489768
            ],
            [
              20.470822,
              41.483774
            ],
            [
              20.481597,
              41.468269
            ],
            [
              20.483535,
              41.46548
            ],
            [
              20.486842,
              41.457781
            ],
            [
              20.488909,
              41.441451
            ],
            [
              20.490873,
              41.436025
            ],
            [
              20.498004,
              41.431477
            ],
            [
              20.514644,
              41.429462
            ],
            [
              20.522189,
              41.42569
            ],
            [
              20.534074,
              41.412977
            ],
            [
              20.539049,
              41.402944
            ],
            [
              20.540172,
              41.400678
            ],
            [
              20.539965,
              41.387139
            ],
            [
              20.532937,
              41.370447
            ],
            [
              20.523429,
              41.356805
            ],
            [
              20.510407,
              41.344403
            ],
            [
              20.49604,
              41.337788
            ],
            [
              20.481674,
              41.341199
            ],
            [
              20.478108,
              41.321585
            ],
            [
              20.477747,
              41.319598
            ],
            [
              20.483121,
              41.289471
            ],
            [
              20.500071,
              41.23552
            ],
            [
              20.51268,
              41.210147
            ],
            [
              20.549681,
              41.170615
            ],
            [
              20.565494,
              41.147412
            ],
            [
              20.570558,
              41.124829
            ],
            [
              20.569938,
              41.107104
            ],
            [
              20.576966,
              41.093513
            ],
            [
              20.597419,
              41.086273
            ],
            [
              20.605284,
              41.083488
            ],
            [
              20.618927,
              41.082403
            ],
            [
              20.631536,
              41.082868
            ],
            [
              20.634129,
              41.082576
            ],
            [
              20.643008,
              41.081576
            ],
            [
              20.65386,
              41.075272
            ],
            [
              20.664092,
              41.059149
            ],
            [
              20.683419,
              40.99383
            ],
            [
              20.702746,
              40.936314
            ],
            [
              20.717216,
              40.913214
            ],
            [
              20.730573,
              40.904611
            ],
            [
              20.740883,
              40.89797
            ],
            [
              20.766102,
              40.893732
            ],
            [
              20.783672,
              40.899055
            ],
            [
              20.816951,
              40.920242
            ],
            [
              20.836544,
              40.923904
            ],
            [
              20.837415,
              40.924066
            ],
            [
              20.890228,
              40.918279
            ],
            [
              20.939941,
              40.907065
            ],
            [
              20.956684,
              40.894766
            ],
            [
              20.964849,
              40.875956
            ],
            [
              20.965262,
              40.849394
            ],
            [
              20.967019,
              40.802007
            ],
            [
              20.960922,
              40.780768
            ],
            [
              20.943662,
              40.765265
            ],
            [
              20.95348,
              40.759167
            ],
            [
              20.957201,
              40.751622
            ],
            [
              20.959165,
              40.743561
            ],
            [
              20.963505,
              40.736068
            ],
            [
              20.992031,
              40.7155
            ],
            [
              21.018593,
              40.690902
            ],
            [
              21.028825,
              40.676846
            ],
            [
              21.035336,
              40.65938
            ],
            [
              21.036679,
              40.639743
            ],
            [
              21.033165,
              40.621398
            ],
            [
              21.02252,
              40.586619
            ],
            [
              21.020763,
              40.575096
            ],
            [
              21.02035,
              40.566776
            ],
            [
              21.018799,
              40.558972
            ],
            [
              21.013528,
              40.548896
            ],
            [
              21.006707,
              40.543211
            ],
            [
              20.997509,
              40.53918
            ],
            [
              20.98831,
              40.533496
            ],
            [
              20.981489,
              40.523264
            ],
            [
              20.96857,
              40.520577
            ],
            [
              20.957924,
              40.514944
            ],
            [
              20.95193,
              40.506056
            ],
            [
              20.952653,
              40.493653
            ],
            [
              20.94976,
              40.487866
            ],
            [
              20.946452,
              40.482905
            ],
            [
              20.93684,
              40.472518
            ],
            [
              20.911932,
              40.459547
            ],
            [
              20.889608,
              40.463733
            ],
            [
              20.866767,
              40.472053
            ],
            [
              20.839999,
              40.471639
            ],
            [
              20.826666,
              40.464818
            ],
            [
              20.821292,
              40.456395
            ],
            [
              20.817365,
              40.446835
            ],
            [
              20.8092,
              40.436603
            ],
            [
              20.800311,
              40.432779
            ],
            [
              20.779537,
              40.429006
            ],
            [
              20.770649,
              40.421978
            ],
            [
              20.768995,
              40.412573
            ],
            [
              20.773336,
              40.38534
            ],
            [
              20.773853,
              40.374901
            ],
            [
              20.770442,
              40.36255
            ],
            [
              20.765998,
              40.354282
            ],
            [
              20.755043,
              40.338624
            ],
            [
              20.739552,
              40.309166
            ],
            [
              20.736646,
              40.303639
            ],
            [
              20.728791,
              40.298265
            ],
            [
              20.717836,
              40.293924
            ],
            [
              20.706984,
              40.288085
            ],
            [
              20.699129,
              40.278369
            ],
            [
              20.694581,
              40.25558
            ],
            [
              20.696648,
              40.235581
            ],
            [
              20.696442,
              40.215066
            ],
            [
              20.68528,
              40.191191
            ],
            [
              20.679802,
              40.187832
            ],
            [
              20.665022,
              40.18437
            ],
            [
              20.660372,
              40.178892
            ],
            [
              20.659855,
              40.172743
            ],
            [
              20.663162,
              40.161684
            ],
            [
              20.663472,
              40.15662
            ],
            [
              20.668226,
              40.138068
            ],
            [
              20.666779,
              40.13352
            ],
            [
              20.651793,
              40.101016
            ],
            [
              20.647556,
              40.09404
            ],
            [
              20.640218,
              40.090112
            ],
            [
              20.615361,
              40.081017
            ],
            [
              20.577793,
              40.067271
            ],
            [
              20.552885,
              40.065411
            ],
            [
              20.499865,
              40.071457
            ],
            [
              20.481674,
              40.067788
            ],
            [
              20.465965,
              40.060812
            ],
            [
              20.432789,
              40.063809
            ],
            [
              20.413772,
              40.057194
            ],
            [
              20.400439,
              40.045257
            ],
            [
              20.38907,
              40.029444
            ],
            [
              20.380699,
              40.011667
            ],
            [
              20.376461,
              39.993736
            ],
            [
              20.359925,
              39.991048
            ],
            [
              20.310005,
              39.98986
            ],
            [
              20.297913,
              39.986914
            ],
            [
              20.302977,
              39.979111
            ],
            [
              20.317964,
              39.918391
            ],
            [
              20.323131,
              39.912397
            ],
            [
              20.346902,
              39.894259
            ],
            [
              20.392998,
              39.835451
            ],
            [
              20.397028,
              39.818087
            ],
            [
              20.388967,
              39.79814
            ],
            [
              20.371604,
              39.784291
            ],
            [
              20.35455,
              39.78579
            ],
            [
              20.336877,
              39.794006
            ],
            [
              20.299577,
              39.805056
            ],
            [
              20.298326,
              39.805427
            ],
            [
              20.288405,
              39.806615
            ],
            [
              20.280033,
              39.80398
            ],
            [
              20.273005,
              39.796487
            ],
            [
              20.275485,
              39.792404
            ],
            [
              20.281377,
              39.788167
            ],
            [
              20.284684,
              39.780312
            ],
            [
              20.283134,
              39.775144
            ],
            [
              20.276829,
              39.763155
            ],
            [
              20.275692,
              39.760055
            ],
            [
              20.278173,
              39.756748
            ],
            [
              20.285511,
              39.749668
            ],
            [
              20.287268,
              39.746671
            ],
            [
              20.291092,
              39.737937
            ],
            [
              20.296466,
              39.733493
            ],
            [
              20.299463,
              39.728222
            ],
            [
              20.296466,
              39.71737
            ],
            [
              20.28272,
              39.704399
            ],
            [
              20.264117,
              39.696079
            ],
            [
              20.249027,
              39.684814
            ],
            [
              20.24603,
              39.662903
            ],
            [
              20.237245,
              39.667037
            ],
            [
              20.228563,
              39.669156
            ],
            [
              20.220088,
              39.669156
            ],
            [
              20.212027,
              39.667037
            ],
            [
              20.204172,
              39.660319
            ],
            [
              20.203035,
              39.65262
            ],
            [
              20.203449,
              39.645333
            ],
            [
              20.199935,
              39.640062
            ],
            [
              20.184122,
              39.637013
            ],
            [
              20.163761,
              39.6443
            ],
            [
              20.135236,
              39.664195
            ],
            [
              20.089347,
              39.682799
            ],
            [
              20.049556,
              39.69272
            ],
            [
              20.01607,
              39.701402
            ],
            [
              19.999848,
              39.693508
            ],
            [
              19.996837,
              39.692572
            ],
            [
              19.99586,
              39.686713
            ],
            [
              19.989024,
              39.686713
            ],
            [
              19.983572,
              39.701361
            ],
            [
              19.98699,
              39.717963
            ],
            [
              20.002696,
              39.748236
            ],
            [
              19.985606,
              39.75373
            ],
            [
              19.980642,
              39.75731
            ],
            [
              19.99586,
              39.782945
            ],
            [
              20.014171,
              39.832953
            ],
            [
              20.016287,
              39.845038
            ],
            [
              20.009776,
              39.865668
            ],
            [
              19.999278,
              39.871405
            ],
            [
              19.983735,
              39.872382
            ],
            [
              19.961681,
              39.878567
            ],
            [
              19.960216,
              39.881049
            ],
            [
              19.959972,
              39.885077
            ],
            [
              19.958832,
              39.88935
            ],
            [
              19.954845,
              39.892808
            ],
            [
              19.941173,
              39.898993
            ],
            [
              19.931163,
              39.901923
            ],
            [
              19.914073,
              39.902411
            ],
            [
              19.906423,
              39.90644
            ],
            [
              19.906423,
              39.912665
            ],
            [
              19.921235,
              39.926947
            ],
            [
              19.931,
              39.934516
            ],
            [
              19.941173,
              39.940009
            ],
            [
              19.923839,
              39.952826
            ],
            [
              19.876801,
              40.022366
            ],
            [
              19.870453,
              40.034735
            ],
            [
              19.863455,
              40.045356
            ],
            [
              19.855235,
              40.049872
            ],
            [
              19.823253,
              40.050605
            ],
            [
              19.807384,
              40.052883
            ],
            [
              19.79656,
              40.057318
            ],
            [
              19.804535,
              40.063463
            ],
            [
              19.777354,
              40.077786
            ],
            [
              19.773123,
              40.071234
            ],
            [
              19.771658,
              40.068305
            ],
            [
              19.770518,
              40.063463
            ],
            [
              19.767263,
              40.072455
            ],
            [
              19.762462,
              40.07685
            ],
            [
              19.756358,
              40.079901
            ],
            [
              19.74936,
              40.084621
            ],
            [
              19.748057,
              40.088609
            ],
            [
              19.740896,
              40.100409
            ],
            [
              19.732677,
              40.110256
            ],
            [
              19.729015,
              40.108222
            ],
            [
              19.719086,
              40.116034
            ],
            [
              19.653168,
              40.132392
            ],
            [
              19.59783,
              40.157701
            ],
            [
              19.565766,
              40.179836
            ],
            [
              19.509288,
              40.194485
            ],
            [
              19.476248,
              40.21369
            ],
            [
              19.381114,
              40.295233
            ],
            [
              19.369965,
              40.309027
            ],
            [
              19.365082,
              40.317369
            ],
            [
              19.351573,
              40.362047
            ],
            [
              19.344249,
              40.374335
            ],
            [
              19.309255,
              40.400824
            ],
            [
              19.296886,
              40.41356
            ],
            [
              19.295177,
              40.417548
            ],
            [
              19.295177,
              40.418687
            ],
            [
              19.289561,
              40.420396
            ],
            [
              19.289561,
              40.427232
            ],
            [
              19.316173,
              40.437812
            ],
            [
              19.33253,
              40.43891
            ],
            [
              19.348155,
              40.43065
            ],
            [
              19.3838,
              40.397406
            ],
            [
              19.39324,
              40.386298
            ],
            [
              19.406505,
              40.362616
            ],
            [
              19.411957,
              40.34809
            ],
            [
              19.414236,
              40.334418
            ],
            [
              19.423595,
              40.330024
            ],
            [
              19.444591,
              40.333808
            ],
            [
              19.465587,
              40.341498
            ],
            [
              19.474946,
              40.348375
            ],
            [
              19.481619,
              40.439114
            ],
            [
              19.47877,
              40.453925
            ],
            [
              19.453136,
              40.465318
            ],
            [
              19.418793,
              40.491889
            ],
            [
              19.391368,
              40.521796
            ],
            [
              19.386404,
              40.54328
            ],
            [
              19.39324,
              40.537055
            ],
            [
              19.396007,
              40.529608
            ],
            [
              19.398611,
              40.520941
            ],
            [
              19.406749,
              40.522773
            ],
            [
              19.414236,
              40.522773
            ],
            [
              19.433604,
              40.505927
            ],
            [
              19.446056,
              40.511135
            ],
            [
              19.452647,
              40.529853
            ],
            [
              19.4546,
              40.55386
            ],
            [
              19.442149,
              40.573065
            ],
            [
              19.415701,
              40.583482
            ],
            [
              19.391612,
              40.578315
            ],
            [
              19.386404,
              40.550727
            ],
            [
              19.379242,
              40.566148
            ],
            [
              19.309825,
              40.644355
            ],
            [
              19.304373,
              40.653144
            ],
            [
              19.309337,
              40.665025
            ],
            [
              19.322927,
              40.674872
            ],
            [
              19.339041,
              40.684068
            ],
            [
              19.351573,
              40.694159
            ],
            [
              19.360525,
              40.709784
            ],
            [
              19.364513,
              40.726508
            ],
            [
              19.365571,
              40.785956
            ],
            [
              19.368826,
              40.802151
            ],
            [
              19.377778,
              40.812974
            ],
            [
              19.396251,
              40.817043
            ],
            [
              19.406749,
              40.820746
            ],
            [
              19.404063,
              40.829291
            ],
            [
              19.396739,
              40.83869
            ],
            [
              19.39324,
              40.844916
            ],
            [
              19.397634,
              40.852973
            ],
            [
              19.404796,
              40.86107
            ],
            [
              19.411388,
              40.867092
            ],
            [
              19.414236,
              40.868842
            ],
            [
              19.406261,
              40.880316
            ],
            [
              19.391124,
              40.89525
            ],
            [
              19.381196,
              40.908271
            ],
            [
              19.389822,
              40.913804
            ],
            [
              19.404959,
              40.918158
            ],
            [
              19.424571,
              40.939643
            ],
            [
              19.440929,
              40.948635
            ],
            [
              19.427013,
              40.936835
            ],
            [
              19.435395,
              40.913398
            ],
            [
              19.427257,
              40.893378
            ],
            [
              19.427257,
              40.87226
            ],
            [
              19.434744,
              40.87226
            ],
            [
              19.437836,
              40.886542
            ],
            [
              19.437673,
              40.88345
            ],
            [
              19.439138,
              40.880072
            ],
            [
              19.440929,
              40.87226
            ],
            [
              19.454112,
              40.88581
            ],
            [
              19.506602,
              40.905097
            ],
            [
              19.523448,
              40.92064
            ],
            [
              19.525157,
              40.945258
            ],
            [
              19.514659,
              40.964911
            ],
            [
              19.501475,
              40.982978
            ],
            [
              19.495453,
              41.002631
            ],
            [
              19.492035,
              40.976955
            ],
            [
              19.479666,
              40.953925
            ],
            [
              19.453868,
              40.923977
            ],
            [
              19.453461,
              40.928371
            ],
            [
              19.447765,
              40.934312
            ],
            [
              19.458507,
              40.942613
            ],
            [
              19.469981,
              40.956732
            ],
            [
              19.477224,
              40.975002
            ],
            [
              19.474946,
              40.995795
            ],
            [
              19.469981,
              41.000718
            ],
            [
              19.453787,
              41.005845
            ],
            [
              19.447765,
              41.009467
            ],
            [
              19.440603,
              41.020657
            ],
            [
              19.441254,
              41.026028
            ],
            [
              19.445486,
              41.030707
            ],
            [
              19.456391,
              41.106676
            ],
            [
              19.451182,
              41.122707
            ],
            [
              19.445486,
              41.129462
            ],
            [
              19.441173,
              41.137356
            ],
            [
              19.441905,
              41.143866
            ],
            [
              19.463715,
              41.151313
            ],
            [
              19.467133,
              41.162665
            ],
            [
              19.467133,
              41.176174
            ],
            [
              19.468761,
              41.187567
            ],
            [
              19.509532,
              41.237291
            ],
            [
              19.516612,
              41.256415
            ],
            [
              19.513357,
              41.276679
            ],
            [
              19.50294,
              41.294135
            ],
            [
              19.488048,
              41.306464
            ],
            [
              19.471934,
              41.311103
            ],
            [
              19.450043,
              41.311103
            ],
            [
              19.431651,
              41.313707
            ],
            [
              19.418956,
              41.322577
            ],
            [
              19.414236,
              41.341498
            ],
            [
              19.414236,
              41.382799
            ],
            [
              19.410818,
              41.391669
            ],
            [
              19.396007,
              41.402045
            ],
            [
              19.39324,
              41.41352
            ],
            [
              19.406423,
              41.400377
            ],
            [
              19.428722,
              41.401313
            ],
            [
              19.44516,
              41.415188
            ],
            [
              19.440929,
              41.440863
            ],
            [
              19.46461,
              41.450873
            ],
            [
              19.489268,
              41.466132
            ],
            [
              19.508637,
              41.486884
            ],
            [
              19.516612,
              41.513414
            ],
            [
              19.514171,
              41.529975
            ],
            [
              19.507172,
              41.536282
            ],
            [
              19.496349,
              41.538764
            ],
            [
              19.482432,
              41.54385
            ],
            [
              19.468028,
              41.554267
            ],
            [
              19.451996,
              41.574774
            ],
            [
              19.440929,
              41.585395
            ],
            [
              19.528087,
              41.576565
            ],
            [
              19.556407,
              41.583075
            ],
            [
              19.565196,
              41.58511
            ],
            [
              19.584809,
              41.619574
            ],
            [
              19.591645,
              41.619574
            ],
            [
              19.592296,
              41.608588
            ],
            [
              19.596039,
              41.602729
            ],
            [
              19.603038,
              41.601752
            ],
            [
              19.612966,
              41.605292
            ],
            [
              19.604991,
              41.632148
            ],
            [
              19.600108,
              41.639106
            ],
            [
              19.591645,
              41.632636
            ],
            [
              19.587087,
              41.640692
            ],
            [
              19.557628,
              41.660549
            ],
            [
              19.578136,
              41.687649
            ],
            [
              19.576345,
              41.71894
            ],
            [
              19.571137,
              41.752387
            ],
            [
              19.5713,
              41.770413
            ],
            [
              19.589529,
              41.765692
            ],
            [
              19.598969,
              41.778713
            ],
            [
              19.599783,
              41.79975
            ],
            [
              19.591645,
              41.818793
            ],
            [
              19.585216,
              41.818549
            ],
            [
              19.465505,
              41.855455
            ],
            [
              19.451182,
              41.862535
            ],
            [
              19.432953,
              41.868598
            ],
            [
              19.365082,
              41.852362
            ],
            [
              19.364223,
              41.862846
            ],
            [
              19.364947,
              41.888995
            ],
            [
              19.356989,
              41.89964
            ],
            [
              19.347687,
              41.906358
            ],
            [
              19.34531,
              41.910337
            ],
            [
              19.34593,
              41.914471
            ],
            [
              19.345413,
              41.921189
            ],
            [
              19.346653,
              41.926176
            ],
            [
              19.350477,
              41.931369
            ],
            [
              19.352854,
              41.938501
            ],
            [
              19.346447,
              41.961548
            ],
            [
              19.351614,
              41.965166
            ],
            [
              19.359779,
              41.965993
            ],
            [
              19.365774,
              41.969713
            ],
            [
              19.371045,
              41.98656
            ],
            [
              19.363707,
              41.993484
            ],
            [
              19.363396,
              41.993639
            ],
            [
              19.354198,
              42.008703
            ],
            [
              19.350581,
              42.027823
            ],
            [
              19.351718,
              42.047615
            ],
            [
              19.356575,
              42.064798
            ],
            [
              19.374869,
              42.094667
            ],
            [
              19.372491,
              42.104253
            ],
            [
              19.369998,
              42.106507
            ],
            [
              19.355025,
              42.12004
            ],
            [
              19.297767,
              42.151666
            ],
            [
              19.282058,
              42.164559
            ],
            [
              19.281956,
              42.164723
            ],
            [
              19.272033,
              42.180682
            ],
            [
              19.274926,
              42.191276
            ],
            [
              19.304589,
              42.215099
            ],
            [
              19.400397,
              42.325893
            ],
            [
              19.401327,
              42.331061
            ],
            [
              19.400707,
              42.344755
            ],
            [
              19.402671,
              42.352015
            ],
            [
              19.412076,
              42.368397
            ],
            [
              19.417243,
              42.374107
            ],
            [
              19.468403,
              42.41811
            ],
            [
              19.481735,
              42.434491
            ],
            [
              19.501476,
              42.444129
            ],
            [
              19.517806,
              42.45803
            ],
            [
              19.531655,
              42.474773
            ],
            [
              19.543747,
              42.493402
            ],
            [
              19.543747,
              42.493557
            ],
            [
              19.549328,
              42.508595
            ],
            [
              19.561317,
              42.516243
            ],
            [
              19.575683,
              42.522341
            ],
            [
              19.588086,
              42.532857
            ],
            [
              19.593667,
              42.54482
            ],
            [
              19.599248,
              42.571046
            ],
            [
              19.605035,
              42.584844
            ],
            [
              19.621779,
              42.604997
            ],
            [
              19.647927,
              42.627838
            ],
            [
              19.658037,
              42.634613
            ],
            [
              19.676039,
              42.646675
            ],
            [
              19.699293,
              42.654814
            ],
            [
              19.722134,
              42.64608
            ],
            [
              19.737534,
              42.624402
            ],
            [
              19.746009,
              42.5989
            ],
            [
              19.746885,
              42.58893
            ],
            [
              19.747766,
              42.578901
            ],
            [
              19.746009,
              42.579934
            ],
            [
              19.741358,
              42.574405
            ],
            [
              19.733916,
              42.562597
            ],
            [
              19.732159,
              42.555543
            ],
            [
              19.730299,
              42.540428
            ],
            [
              19.730919,
              42.533658
            ],
            [
              19.73433,
              42.524382
            ],
            [
              19.75159,
              42.493402
            ],
            [
              19.784456,
              42.474566
            ],
            [
              19.801406,
              42.468132
            ],
            [
              19.819596,
              42.466479
            ],
            [
              19.829063,
              42.468723
            ],
            [
              19.835512,
              42.470251
            ],
            [
              19.873339,
              42.486839
            ],
            [
              19.882538,
              42.493402
            ],
            [
              19.882745,
              42.493609
            ],
            [
              19.907549,
              42.506399
            ],
            [
              19.956332,
              42.505314
            ],
            [
              19.981757,
              42.510765
            ],
            [
              20.017723,
              42.546241
            ],
            [
              20.039221,
              42.557765
            ],
            [
              20.064956,
              42.546758
            ],
            [
              20.085626,
              42.530015
            ],
            [
              20.135546,
              42.509629
            ],
            [
              20.152392,
              42.493712
            ],
            [
              20.152599,
              42.493712
            ],
            [
              20.152599,
              42.493609
            ],
            [
              20.152702,
              42.493402
            ],
            [
              20.180814,
              42.443095
            ],
            [
              20.186292,
              42.437437
            ],
            [
              20.199728,
              42.427799
            ],
            [
              20.204689,
              42.420099
            ],
            [
              20.204379,
              42.411831
            ],
            [
              20.194043,
              42.4001
            ],
            [
              20.192803,
              42.393693
            ],
            [
              20.197454,
              42.38744
            ],
            [
              20.21306,
              42.377518
            ],
            [
              20.218848,
              42.371446
            ],
            [
              20.221225,
              42.36372
            ],
            [
              20.219468,
              42.350207
            ],
            [
              20.220915,
              42.343101
            ],
            [
              20.229597,
              42.32672
            ],
            [
              20.237762,
              42.319924
            ],
            [
              20.249647,
              42.318607
            ],
            [
              20.317964,
              42.319821
            ],
            [
              20.333363,
              42.317883
            ],
            [
              20.456973,
              42.250497
            ],
            [
              20.473665,
              42.237123
            ],
            [
              20.481674,
              42.230705
            ],
            [
              20.500795,
              42.211223
            ],
            [
              20.538622,
              42.150116
            ],
            [
              20.549371,
              42.123476
            ],
            [
              20.551954,
              42.105803
            ],
            [
              20.552161,
              42.07379
            ],
            [
              20.558259,
              42.055109
            ],
            [
              20.589678,
              41.993639
            ],
            [
              20.594329,
              41.973718
            ],
            [
              20.59929,
              41.960567
            ],
            [
              20.59929,
              41.94788
            ],
            [
              20.588748,
              41.929586
            ],
            [
              20.580583,
              41.921732
            ],
            [
              20.573348,
              41.917675
            ],
            [
              20.567251,
              41.912172
            ],
            [
              20.562496,
              41.900105
            ],
            [
              20.562703,
              41.892845
            ],
            [
              20.567767,
              41.88052
            ],
            [
              20.567147,
              41.873182
            ]
          ]
        ]
      },
      "properties": {
        "id": "imi2",
        "status": "validé",
        "pieces": [
          {
            "kind": "country"
          }
        ]
      }
    },
    {
      "type": "Feature",
      "geometry": {
        "type": "Polygon",
        "coordinates": [
          [
            [
              19.63119506835938,
              40.86174396393946
            ],
            [
              19.69024658203125,
              40.92089382830188
            ],
            [
              19.654541015625004,
              40.97066322071894
            ],
            [
              19.646301269531254,
              41.03696405457028
            ],
            [
              19.591369628906254,
              41.0918189349999
            ],
            [
              19.54742431640625,
              41.16833221147939
            ],
            [
              19.519958496093754,
              41.222044909112675
            ],
            [
              19.511601655383274,
              41.24288140812849
            ],
            [
              19.516612,
              41.256415
            ],
            [
              19.513357,
              41.276679
            ],
            [
              19.50294,
              41.294135
            ],
            [
              19.496287898954748,
              41.299642235682704
            ],
            [
              19.50759887695313,
              41.30356253615619
            ],
            [
              19.53506469726563,
              41.26333237457896
            ],
            [
              19.53643798828125,
              41.21997985113335
            ],
            [
              19.59548950195313,
              41.156964262615084
            ],
            [
              19.624328613281254,
              41.1052669170637
            ],
            [
              19.643554687500004,
              41.07629861140623
            ],
            [
              19.66964721679688,
              41.03696405457028
            ],
            [
              19.67788696289063,
              40.99967804290848
            ],
            [
              19.709472656250004,
              40.936450792652224
            ],
            [
              19.70260620117188,
              40.89391974746829
            ],
            [
              19.632568359375004,
              40.82228134719346
            ],
            [
              19.60372924804688,
              40.76720214821348
            ],
            [
              19.577636718750004,
              40.76616247884388
            ],
            [
              19.63119506835938,
              40.86174396393946
            ]
          ]
        ]
      },
      "properties": {
        "id": "kR9B",
        "status": "validé",
        "pieces": [
          {
            "kind": "polygon",
            "ring": [
              [
                19.577636718750004,
                40.76616247884388
              ],
              [
                19.63119506835938,
                40.86174396393946
              ],
              [
                19.69024658203125,
                40.92089382830188
              ],
              [
                19.654541015625004,
                40.97066322071894
              ],
              [
                19.646301269531254,
                41.03696405457028
              ],
              [
                19.591369628906254,
                41.0918189349999
              ],
              [
                19.54742431640625,
                41.16833221147939
              ],
              [
                19.519958496093754,
                41.222044909112675
              ],
              [
                19.489746093750004,
                41.29737489487051
              ],
              [
                19.50759887695313,
                41.30356253615619
              ],
              [
                19.53506469726563,
                41.26333237457896
              ],
              [
                19.53643798828125,
                41.21997985113335
              ],
              [
                19.59548950195313,
                41.156964262615084
              ],
              [
                19.624328613281254,
                41.1052669170637
              ],
              [
                19.643554687500004,
                41.07629861140623
              ],
              [
                19.66964721679688,
                41.03696405457028
              ],
              [
                19.67788696289063,
                40.99967804290848
              ],
              [
                19.709472656250004,
                40.936450792652224
              ],
              [
                19.70260620117188,
                40.89391974746829
              ],
              [
                19.632568359375004,
                40.82228134719346
              ],
              [
                19.60372924804688,
                40.76720214821348
              ]
            ]
          },
          {
            "kind": "clip"
          }
        ]
      }
    },
    {
      "type": "Feature",
      "geometry": {
        "type": "Polygon",
        "coordinates": [
          [
            [
              20.567147,
              41.873182
            ],
            [
              20.541722,
              41.86158
            ],
            [
              20.540786,
              41.844865
            ],
            [
              20.540482,
              41.839437
            ],
            [
              20.54844,
              41.814193
            ],
            [
              20.550136,
              41.80006
            ],
            [
              20.550921,
              41.793522
            ],
            [
              20.54441,
              41.784763
            ],
            [
              20.521155,
              41.767658
            ],
            [
              20.511337,
              41.757943
            ],
            [
              20.503275,
              41.744637
            ],
            [
              20.500381,
              41.734095
            ],
            [
              20.508339,
              41.661748
            ],
            [
              20.513404,
              41.640405
            ],
            [
              20.534591,
              41.594026
            ],
            [
              20.53467,
              41.587324
            ],
            [
              20.534694,
              41.585266
            ],
            [
              20.52932,
              41.574879
            ],
            [
              20.520845,
              41.568368
            ],
            [
              20.507409,
              41.56227
            ],
            [
              20.49294,
              41.557671
            ],
            [
              20.444157,
              41.549661
            ],
            [
              20.447878,
              41.53545
            ],
            [
              20.444984,
              41.508475
            ],
            [
              20.452012,
              41.493592
            ],
            [
              20.463174,
              41.489768
            ],
            [
              20.470822,
              41.483774
            ],
            [
              20.481597,
              41.468269
            ],
            [
              20.483535,
              41.46548
            ],
            [
              20.486842,
              41.457781
            ],
            [
              20.488909,
              41.441451
            ],
            [
              20.490873,
              41.436025
            ],
            [
              20.498004,
              41.431477
            ],
            [
              20.514644,
              41.429462
            ],
            [
              20.522189,
              41.42569
            ],
            [
              20.534074,
              41.412977
            ],
            [
              20.539049,
              41.402944
            ],
            [
              20.540172,
              41.400678
            ],
            [
              20.539965,
              41.387139
            ],
            [
              20.532937,
              41.370447
            ],
            [
              20.523429,
              41.356805
            ],
            [
              20.510407,
              41.344403
            ],
            [
              20.49604,
              41.337788
            ],
            [
              20.481674,
              41.341199
            ],
            [
              20.478108,
              41.321585
            ],
            [
              20.477747,
              41.319598
            ],
            [
              20.483121,
              41.289471
            ],
            [
              20.500071,
              41.23552
            ],
            [
              20.51268,
              41.210147
            ],
            [
              20.549681,
              41.170615
            ],
            [
              20.565494,
              41.147412
            ],
            [
              20.570558,
              41.124829
            ],
            [
              20.569938,
              41.107104
            ],
            [
              20.576966,
              41.093513
            ],
            [
              20.597419,
              41.086273
            ],
            [
              20.605284,
              41.083488
            ],
            [
              20.618927,
              41.082403
            ],
            [
              20.631536,
              41.082868
            ],
            [
              20.634129,
              41.082576
            ],
            [
              20.643008,
              41.081576
            ],
            [
              20.65386,
              41.075272
            ],
            [
              20.664092,
              41.059149
            ],
            [
              20.683419,
              40.99383
            ],
            [
              20.702746,
              40.936314
            ],
            [
              20.717216,
              40.913214
            ],
            [
              20.730573,
              40.904611
            ],
            [
              20.740883,
              40.89797
            ],
            [
              20.766102,
              40.893732
            ],
            [
              20.783672,
              40.899055
            ],
            [
              20.816951,
              40.920242
            ],
            [
              20.836544,
              40.923904
            ],
            [
              20.837415,
              40.924066
            ],
            [
              20.890228,
              40.918279
            ],
            [
              20.939941,
              40.907065
            ],
            [
              20.956684,
              40.894766
            ],
            [
              20.964849,
              40.875956
            ],
            [
              20.965262,
              40.849394
            ],
            [
              20.967019,
              40.802007
            ],
            [
              20.960922,
              40.780768
            ],
            [
              20.943662,
              40.765265
            ],
            [
              20.95348,
              40.759167
            ],
            [
              20.957201,
              40.751622
            ],
            [
              20.959165,
              40.743561
            ],
            [
              20.963505,
              40.736068
            ],
            [
              20.992031,
              40.7155
            ],
            [
              21.018593,
              40.690902
            ],
            [
              21.028825,
              40.676846
            ],
            [
              21.035336,
              40.65938
            ],
            [
              21.036679,
              40.639743
            ],
            [
              21.033165,
              40.621398
            ],
            [
              21.02252,
              40.586619
            ],
            [
              21.020763,
              40.575096
            ],
            [
              21.02035,
              40.566776
            ],
            [
              21.018799,
              40.558972
            ],
            [
              21.013528,
              40.548896
            ],
            [
              21.006707,
              40.543211
            ],
            [
              20.997509,
              40.53918
            ],
            [
              20.98831,
              40.533496
            ],
            [
              20.981489,
              40.523264
            ],
            [
              20.96857,
              40.520577
            ],
            [
              20.957924,
              40.514944
            ],
            [
              20.95193,
              40.506056
            ],
            [
              20.952653,
              40.493653
            ],
            [
              20.94976,
              40.487866
            ],
            [
              20.946452,
              40.482905
            ],
            [
              20.93684,
              40.472518
            ],
            [
              20.911932,
              40.459547
            ],
            [
              20.889608,
              40.463733
            ],
            [
              20.866767,
              40.472053
            ],
            [
              20.839999,
              40.471639
            ],
            [
              20.826666,
              40.464818
            ],
            [
              20.821292,
              40.456395
            ],
            [
              20.817365,
              40.446835
            ],
            [
              20.8092,
              40.436603
            ],
            [
              20.800311,
              40.432779
            ],
            [
              20.779537,
              40.429006
            ],
            [
              20.770649,
              40.421978
            ],
            [
              20.768995,
              40.412573
            ],
            [
              20.773336,
              40.38534
            ],
            [
              20.773853,
              40.374901
            ],
            [
              20.770442,
              40.36255
            ],
            [
              20.765998,
              40.354282
            ],
            [
              20.755043,
              40.338624
            ],
            [
              20.739552,
              40.309166
            ],
            [
              20.736646,
              40.303639
            ],
            [
              20.728791,
              40.298265
            ],
            [
              20.717836,
              40.293924
            ],
            [
              20.706984,
              40.288085
            ],
            [
              20.699129,
              40.278369
            ],
            [
              20.694581,
              40.25558
            ],
            [
              20.696648,
              40.235581
            ],
            [
              20.696442,
              40.215066
            ],
            [
              20.68528,
              40.191191
            ],
            [
              20.679802,
              40.187832
            ],
            [
              20.665022,
              40.18437
            ],
            [
              20.660372,
              40.178892
            ],
            [
              20.659855,
              40.172743
            ],
            [
              20.663162,
              40.161684
            ],
            [
              20.663472,
              40.15662
            ],
            [
              20.668226,
              40.138068
            ],
            [
              20.666779,
              40.13352
            ],
            [
              20.651793,
              40.101016
            ],
            [
              20.647556,
              40.09404
            ],
            [
              20.640218,
              40.090112
            ],
            [
              20.615361,
              40.081017
            ],
            [
              20.577793,
              40.067271
            ],
            [
              20.552885,
              40.065411
            ],
            [
              20.499865,
              40.071457
            ],
            [
              20.481674,
              40.067788
            ],
            [
              20.465965,
              40.060812
            ],
            [
              20.432789,
              40.063809
            ],
            [
              20.413772,
              40.057194
            ],
            [
              20.400439,
              40.045257
            ],
            [
              20.38907,
              40.029444
            ],
            [
              20.380699,
              40.011667
            ],
            [
              20.376461,
              39.993736
            ],
            [
              20.359925,
              39.991048
            ],
            [
              20.310005,
              39.98986
            ],
            [
              20.297913,
              39.986914
            ],
            [
              20.302977,
              39.979111
            ],
            [
              20.317964,
              39.918391
            ],
            [
              20.323131,
              39.912397
            ],
            [
              20.346902,
              39.894259
            ],
            [
              20.392998,
              39.835451
            ],
            [
              20.397028,
              39.818087
            ],
            [
              20.388967,
              39.79814
            ],
            [
              20.371604,
              39.784291
            ],
            [
              20.35455,
              39.78579
            ],
            [
              20.336877,
              39.794006
            ],
            [
              20.299577,
              39.805056
            ],
            [
              20.298326,
              39.805427
            ],
            [
              20.288405,
              39.806615
            ],
            [
              20.280033,
              39.80398
            ],
            [
              20.273005,
              39.796487
            ],
            [
              20.275485,
              39.792404
            ],
            [
              20.281377,
              39.788167
            ],
            [
              20.284684,
              39.780312
            ],
            [
              20.283134,
              39.775144
            ],
            [
              20.276829,
              39.763155
            ],
            [
              20.275692,
              39.760055
            ],
            [
              20.278173,
              39.756748
            ],
            [
              20.285511,
              39.749668
            ],
            [
              20.287268,
              39.746671
            ],
            [
              20.291092,
              39.737937
            ],
            [
              20.296466,
              39.733493
            ],
            [
              20.299463,
              39.728222
            ],
            [
              20.296466,
              39.71737
            ],
            [
              20.28272,
              39.704399
            ],
            [
              20.264117,
              39.696079
            ],
            [
              20.249027,
              39.684814
            ],
            [
              20.24603,
              39.662903
            ],
            [
              20.237245,
              39.667037
            ],
            [
              20.228563,
              39.669156
            ],
            [
              20.220088,
              39.669156
            ],
            [
              20.212027,
              39.667037
            ],
            [
              20.204172,
              39.660319
            ],
            [
              20.203035,
              39.65262
            ],
            [
              20.203449,
              39.645333
            ],
            [
              20.199935,
              39.640062
            ],
            [
              20.184122,
              39.637013
            ],
            [
              20.163761,
              39.6443
            ],
            [
              20.135236,
              39.664195
            ],
            [
              20.089347,
              39.682799
            ],
            [
              20.049556,
              39.69272
            ],
            [
              20.01607,
              39.701402
            ],
            [
              19.999848,
              39.693508
            ],
            [
              19.996837,
              39.692572
            ],
            [
              19.99586,
              39.686713
            ],
            [
              19.989024,
              39.686713
            ],
            [
              19.983572,
              39.701361
            ],
            [
              19.98699,
              39.717963
            ],
            [
              20.002696,
              39.748236
            ],
            [
              19.985606,
              39.75373
            ],
            [
              19.980642,
              39.75731
            ],
            [
              19.99586,
              39.782945
            ],
            [
              20.014171,
              39.832953
            ],
            [
              20.016287,
              39.845038
            ],
            [
              20.009776,
              39.865668
            ],
            [
              19.999278,
              39.871405
            ],
            [
              19.983735,
              39.872382
            ],
            [
              19.961681,
              39.878567
            ],
            [
              19.960216,
              39.881049
            ],
            [
              19.959972,
              39.885077
            ],
            [
              19.958832,
              39.88935
            ],
            [
              19.954845,
              39.892808
            ],
            [
              19.941173,
              39.898993
            ],
            [
              19.931163,
              39.901923
            ],
            [
              19.914073,
              39.902411
            ],
            [
              19.906423,
              39.90644
            ],
            [
              19.906423,
              39.912665
            ],
            [
              19.921235,
              39.926947
            ],
            [
              19.931,
              39.934516
            ],
            [
              19.941173,
              39.940009
            ],
            [
              19.923839,
              39.952826
            ],
            [
              19.876801,
              40.022366
            ],
            [
              19.870453,
              40.034735
            ],
            [
              19.863455,
              40.045356
            ],
            [
              19.855235,
              40.049872
            ],
            [
              19.823253,
              40.050605
            ],
            [
              19.807384,
              40.052883
            ],
            [
              19.79656,
              40.057318
            ],
            [
              19.804535,
              40.063463
            ],
            [
              19.777354,
              40.077786
            ],
            [
              19.773123,
              40.071234
            ],
            [
              19.771658,
              40.068305
            ],
            [
              19.770518,
              40.063463
            ],
            [
              19.767263,
              40.072455
            ],
            [
              19.762462,
              40.07685
            ],
            [
              19.756358,
              40.079901
            ],
            [
              19.74936,
              40.084621
            ],
            [
              19.748057,
              40.088609
            ],
            [
              19.740896,
              40.100409
            ],
            [
              19.732677,
              40.110256
            ],
            [
              19.729015,
              40.108222
            ],
            [
              19.719086,
              40.116034
            ],
            [
              19.653168,
              40.132392
            ],
            [
              19.59783,
              40.157701
            ],
            [
              19.565766,
              40.179836
            ],
            [
              19.509288,
              40.194485
            ],
            [
              19.476248,
              40.21369
            ],
            [
              19.381114,
              40.295233
            ],
            [
              19.369965,
              40.309027
            ],
            [
              19.365082,
              40.317369
            ],
            [
              19.351573,
              40.362047
            ],
            [
              19.344249,
              40.374335
            ],
            [
              19.309255,
              40.400824
            ],
            [
              19.296886,
              40.41356
            ],
            [
              19.295177,
              40.417548
            ],
            [
              19.295177,
              40.418687
            ],
            [
              19.289561,
              40.420396
            ],
            [
              19.289561,
              40.427232
            ],
            [
              19.316173,
              40.437812
            ],
            [
              19.33253,
              40.43891
            ],
            [
              19.348155,
              40.43065
            ],
            [
              19.3838,
              40.397406
            ],
            [
              19.39324,
              40.386298
            ],
            [
              19.406505,
              40.362616
            ],
            [
              19.411957,
              40.34809
            ],
            [
              19.414236,
              40.334418
            ],
            [
              19.423595,
              40.330024
            ],
            [
              19.444591,
              40.333808
            ],
            [
              19.465587,
              40.341498
            ],
            [
              19.474946,
              40.348375
            ],
            [
              19.481619,
              40.439114
            ],
            [
              19.47877,
              40.453925
            ],
            [
              19.453136,
              40.465318
            ],
            [
              19.418793,
              40.491889
            ],
            [
              19.391368,
              40.521796
            ],
            [
              19.386404,
              40.54328
            ],
            [
              19.39324,
              40.537055
            ],
            [
              19.396007,
              40.529608
            ],
            [
              19.398611,
              40.520941
            ],
            [
              19.406749,
              40.522773
            ],
            [
              19.414236,
              40.522773
            ],
            [
              19.433604,
              40.505927
            ],
            [
              19.446056,
              40.511135
            ],
            [
              19.452647,
              40.529853
            ],
            [
              19.4546,
              40.55386
            ],
            [
              19.442149,
              40.573065
            ],
            [
              19.415701,
              40.583482
            ],
            [
              19.391612,
              40.578315
            ],
            [
              19.386404,
              40.550727
            ],
            [
              19.379242,
              40.566148
            ],
            [
              19.309825,
              40.644355
            ],
            [
              19.304373,
              40.653144
            ],
            [
              19.309337,
              40.665025
            ],
            [
              19.322927,
              40.674872
            ],
            [
              19.339041,
              40.684068
            ],
            [
              19.351573,
              40.694159
            ],
            [
              19.360525,
              40.709784
            ],
            [
              19.364513,
              40.726508
            ],
            [
              19.365571,
              40.785956
            ],
            [
              19.368826,
              40.802151
            ],
            [
              19.377778,
              40.812974
            ],
            [
              19.396251,
              40.817043
            ],
            [
              19.406749,
              40.820746
            ],
            [
              19.404063,
              40.829291
            ],
            [
              19.396739,
              40.83869
            ],
            [
              19.39324,
              40.844916
            ],
            [
              19.397634,
              40.852973
            ],
            [
              19.404796,
              40.86107
            ],
            [
              19.411388,
              40.867092
            ],
            [
              19.414236,
              40.868842
            ],
            [
              19.406261,
              40.880316
            ],
            [
              19.391124,
              40.89525
            ],
            [
              19.381196,
              40.908271
            ],
            [
              19.389822,
              40.913804
            ],
            [
              19.404959,
              40.918158
            ],
            [
              19.424571,
              40.939643
            ],
            [
              19.440929,
              40.948635
            ],
            [
              19.427013,
              40.936835
            ],
            [
              19.435395,
              40.913398
            ],
            [
              19.427257,
              40.893378
            ],
            [
              19.427257,
              40.87226
            ],
            [
              19.434744,
              40.87226
            ],
            [
              19.437836,
              40.886542
            ],
            [
              19.437673,
              40.88345
            ],
            [
              19.439138,
              40.880072
            ],
            [
              19.440929,
              40.87226
            ],
            [
              19.454112,
              40.88581
            ],
            [
              19.506602,
              40.905097
            ],
            [
              19.523448,
              40.92064
            ],
            [
              19.525157,
              40.945258
            ],
            [
              19.514659,
              40.964911
            ],
            [
              19.501475,
              40.982978
            ],
            [
              19.495453,
              41.002631
            ],
            [
              19.492035,
              40.976955
            ],
            [
              19.479666,
              40.953925
            ],
            [
              19.453868,
              40.923977
            ],
            [
              19.453461,
              40.928371
            ],
            [
              19.447765,
              40.934312
            ],
            [
              19.458507,
              40.942613
            ],
            [
              19.469981,
              40.956732
            ],
            [
              19.477224,
              40.975002
            ],
            [
              19.474946,
              40.995795
            ],
            [
              19.469981,
              41.000718
            ],
            [
              19.453787,
              41.005845
            ],
            [
              19.447765,
              41.009467
            ],
            [
              19.440603,
              41.020657
            ],
            [
              19.441254,
              41.026028
            ],
            [
              19.445486,
              41.030707
            ],
            [
              19.456391,
              41.106676
            ],
            [
              19.451182,
              41.122707
            ],
            [
              19.445486,
              41.129462
            ],
            [
              19.441173,
              41.137356
            ],
            [
              19.441905,
              41.143866
            ],
            [
              19.463715,
              41.151313
            ],
            [
              19.467133,
              41.162665
            ],
            [
              19.467133,
              41.176174
            ],
            [
              19.468761,
              41.187567
            ],
            [
              19.509532,
              41.237291
            ],
            [
              19.516612,
              41.256415
            ],
            [
              19.513357,
              41.276679
            ],
            [
              19.50294,
              41.294135
            ],
            [
              19.488048,
              41.306464
            ],
            [
              19.471934,
              41.311103
            ],
            [
              19.450043,
              41.311103
            ],
            [
              19.431651,
              41.313707
            ],
            [
              19.418956,
              41.322577
            ],
            [
              19.414236,
              41.341498
            ],
            [
              19.414236,
              41.382799
            ],
            [
              19.410818,
              41.391669
            ],
            [
              19.396007,
              41.402045
            ],
            [
              19.39324,
              41.41352
            ],
            [
              19.406423,
              41.400377
            ],
            [
              19.428722,
              41.401313
            ],
            [
              19.44516,
              41.415188
            ],
            [
              19.440929,
              41.440863
            ],
            [
              19.46461,
              41.450873
            ],
            [
              19.489268,
              41.466132
            ],
            [
              19.508637,
              41.486884
            ],
            [
              19.516612,
              41.513414
            ],
            [
              19.514171,
              41.529975
            ],
            [
              19.507172,
              41.536282
            ],
            [
              19.496349,
              41.538764
            ],
            [
              19.482432,
              41.54385
            ],
            [
              19.468028,
              41.554267
            ],
            [
              19.451996,
              41.574774
            ],
            [
              19.440929,
              41.585395
            ],
            [
              19.528087,
              41.576565
            ],
            [
              19.556407,
              41.583075
            ],
            [
              19.565196,
              41.58511
            ],
            [
              19.584809,
              41.619574
            ],
            [
              19.591645,
              41.619574
            ],
            [
              19.592296,
              41.608588
            ],
            [
              19.596039,
              41.602729
            ],
            [
              19.603038,
              41.601752
            ],
            [
              19.612966,
              41.605292
            ],
            [
              19.604991,
              41.632148
            ],
            [
              19.600108,
              41.639106
            ],
            [
              19.591645,
              41.632636
            ],
            [
              19.587087,
              41.640692
            ],
            [
              19.557628,
              41.660549
            ],
            [
              19.578136,
              41.687649
            ],
            [
              19.576345,
              41.71894
            ],
            [
              19.571137,
              41.752387
            ],
            [
              19.5713,
              41.770413
            ],
            [
              19.589529,
              41.765692
            ],
            [
              19.598969,
              41.778713
            ],
            [
              19.599783,
              41.79975
            ],
            [
              19.591645,
              41.818793
            ],
            [
              19.585216,
              41.818549
            ],
            [
              19.465505,
              41.855455
            ],
            [
              19.451182,
              41.862535
            ],
            [
              19.432953,
              41.868598
            ],
            [
              19.365082,
              41.852362
            ],
            [
              19.364223,
              41.862846
            ],
            [
              19.364947,
              41.888995
            ],
            [
              19.356989,
              41.89964
            ],
            [
              19.347687,
              41.906358
            ],
            [
              19.34531,
              41.910337
            ],
            [
              19.34593,
              41.914471
            ],
            [
              19.345413,
              41.921189
            ],
            [
              19.346653,
              41.926176
            ],
            [
              19.350477,
              41.931369
            ],
            [
              19.352854,
              41.938501
            ],
            [
              19.346447,
              41.961548
            ],
            [
              19.351614,
              41.965166
            ],
            [
              19.359779,
              41.965993
            ],
            [
              19.365774,
              41.969713
            ],
            [
              19.371045,
              41.98656
            ],
            [
              19.363707,
              41.993484
            ],
            [
              19.363396,
              41.993639
            ],
            [
              19.354198,
              42.008703
            ],
            [
              19.350581,
              42.027823
            ],
            [
              19.351718,
              42.047615
            ],
            [
              19.356575,
              42.064798
            ],
            [
              19.374869,
              42.094667
            ],
            [
              19.372491,
              42.104253
            ],
            [
              19.369998,
              42.106507
            ],
            [
              19.355025,
              42.12004
            ],
            [
              19.297767,
              42.151666
            ],
            [
              19.282058,
              42.164559
            ],
            [
              19.281956,
              42.164723
            ],
            [
              19.272033,
              42.180682
            ],
            [
              19.274926,
              42.191276
            ],
            [
              19.304589,
              42.215099
            ],
            [
              19.400397,
              42.325893
            ],
            [
              19.401327,
              42.331061
            ],
            [
              19.400707,
              42.344755
            ],
            [
              19.402671,
              42.352015
            ],
            [
              19.412076,
              42.368397
            ],
            [
              19.417243,
              42.374107
            ],
            [
              19.468403,
              42.41811
            ],
            [
              19.481735,
              42.434491
            ],
            [
              19.501476,
              42.444129
            ],
            [
              19.517806,
              42.45803
            ],
            [
              19.531655,
              42.474773
            ],
            [
              19.543747,
              42.493402
            ],
            [
              19.543747,
              42.493557
            ],
            [
              19.549328,
              42.508595
            ],
            [
              19.561317,
              42.516243
            ],
            [
              19.575683,
              42.522341
            ],
            [
              19.588086,
              42.532857
            ],
            [
              19.593667,
              42.54482
            ],
            [
              19.599248,
              42.571046
            ],
            [
              19.605035,
              42.584844
            ],
            [
              19.621779,
              42.604997
            ],
            [
              19.647927,
              42.627838
            ],
            [
              19.658037,
              42.634613
            ],
            [
              19.676039,
              42.646675
            ],
            [
              19.699293,
              42.654814
            ],
            [
              19.722134,
              42.64608
            ],
            [
              19.737534,
              42.624402
            ],
            [
              19.746009,
              42.5989
            ],
            [
              19.746885,
              42.58893
            ],
            [
              19.747766,
              42.578901
            ],
            [
              19.746009,
              42.579934
            ],
            [
              19.741358,
              42.574405
            ],
            [
              19.733916,
              42.562597
            ],
            [
              19.732159,
              42.555543
            ],
            [
              19.730299,
              42.540428
            ],
            [
              19.730919,
              42.533658
            ],
            [
              19.73433,
              42.524382
            ],
            [
              19.75159,
              42.493402
            ],
            [
              19.784456,
              42.474566
            ],
            [
              19.801406,
              42.468132
            ],
            [
              19.819596,
              42.466479
            ],
            [
              19.829063,
              42.468723
            ],
            [
              19.835512,
              42.470251
            ],
            [
              19.873339,
              42.486839
            ],
            [
              19.882538,
              42.493402
            ],
            [
              19.882745,
              42.493609
            ],
            [
              19.907549,
              42.506399
            ],
            [
              19.956332,
              42.505314
            ],
            [
              19.981757,
              42.510765
            ],
            [
              20.017723,
              42.546241
            ],
            [
              20.039221,
              42.557765
            ],
            [
              20.064956,
              42.546758
            ],
            [
              20.085626,
              42.530015
            ],
            [
              20.135546,
              42.509629
            ],
            [
              20.152392,
              42.493712
            ],
            [
              20.152599,
              42.493712
            ],
            [
              20.152599,
              42.493609
            ],
            [
              20.152702,
              42.493402
            ],
            [
              20.180814,
              42.443095
            ],
            [
              20.186292,
              42.437437
            ],
            [
              20.199728,
              42.427799
            ],
            [
              20.204689,
              42.420099
            ],
            [
              20.204379,
              42.411831
            ],
            [
              20.194043,
              42.4001
            ],
            [
              20.192803,
              42.393693
            ],
            [
              20.197454,
              42.38744
            ],
            [
              20.21306,
              42.377518
            ],
            [
              20.218848,
              42.371446
            ],
            [
              20.221225,
              42.36372
            ],
            [
              20.219468,
              42.350207
            ],
            [
              20.220915,
              42.343101
            ],
            [
              20.229597,
              42.32672
            ],
            [
              20.237762,
              42.319924
            ],
            [
              20.249647,
              42.318607
            ],
            [
              20.317964,
              42.319821
            ],
            [
              20.333363,
              42.317883
            ],
            [
              20.456973,
              42.250497
            ],
            [
              20.473665,
              42.237123
            ],
            [
              20.481674,
              42.230705
            ],
            [
              20.500795,
              42.211223
            ],
            [
              20.538622,
              42.150116
            ],
            [
              20.549371,
              42.123476
            ],
            [
              20.551954,
              42.105803
            ],
            [
              20.552161,
              42.07379
            ],
            [
              20.558259,
              42.055109
            ],
            [
              20.589678,
              41.993639
            ],
            [
              20.594329,
              41.973718
            ],
            [
              20.59929,
              41.960567
            ],
            [
              20.59929,
              41.94788
            ],
            [
              20.588748,
              41.929586
            ],
            [
              20.580583,
              41.921732
            ],
            [
              20.573348,
              41.917675
            ],
            [
              20.567251,
              41.912172
            ],
            [
              20.562496,
              41.900105
            ],
            [
              20.562703,
              41.892845
            ],
            [
              20.567767,
              41.88052
            ],
            [
              20.567147,
              41.873182
            ]
          ]
        ]
      },
      "properties": {
        "id": "nISa",
        "status": "validé",
        "pieces": [
          {
            "kind": "country"
          }
        ]
      }
    },
    {
      "type": "Feature",
      "geometry": {
        "type": "Polygon",
        "coordinates": [
          [
            [
              20.567147,
              41.873182
            ],
            [
              20.541722,
              41.86158
            ],
            [
              20.540786,
              41.844865
            ],
            [
              20.540482,
              41.839437
            ],
            [
              20.54844,
              41.814193
            ],
            [
              20.550136,
              41.80006
            ],
            [
              20.550921,
              41.793522
            ],
            [
              20.54441,
              41.784763
            ],
            [
              20.521155,
              41.767658
            ],
            [
              20.511337,
              41.757943
            ],
            [
              20.503275,
              41.744637
            ],
            [
              20.500381,
              41.734095
            ],
            [
              20.508339,
              41.661748
            ],
            [
              20.513404,
              41.640405
            ],
            [
              20.534591,
              41.594026
            ],
            [
              20.53467,
              41.587324
            ],
            [
              20.534694,
              41.585266
            ],
            [
              20.52932,
              41.574879
            ],
            [
              20.520845,
              41.568368
            ],
            [
              20.507409,
              41.56227
            ],
            [
              20.49294,
              41.557671
            ],
            [
              20.444157,
              41.549661
            ],
            [
              20.447878,
              41.53545
            ],
            [
              20.444984,
              41.508475
            ],
            [
              20.452012,
              41.493592
            ],
            [
              20.463174,
              41.489768
            ],
            [
              20.470822,
              41.483774
            ],
            [
              20.481597,
              41.468269
            ],
            [
              20.483535,
              41.46548
            ],
            [
              20.486842,
              41.457781
            ],
            [
              20.488909,
              41.441451
            ],
            [
              20.490873,
              41.436025
            ],
            [
              20.498004,
              41.431477
            ],
            [
              20.514644,
              41.429462
            ],
            [
              20.522189,
              41.42569
            ],
            [
              20.534074,
              41.412977
            ],
            [
              20.539049,
              41.402944
            ],
            [
              20.540172,
              41.400678
            ],
            [
              20.539965,
              41.387139
            ],
            [
              20.532937,
              41.370447
            ],
            [
              20.523429,
              41.356805
            ],
            [
              20.510407,
              41.344403
            ],
            [
              20.49604,
              41.337788
            ],
            [
              20.481674,
              41.341199
            ],
            [
              20.478108,
              41.321585
            ],
            [
              20.477747,
              41.319598
            ],
            [
              20.483121,
              41.289471
            ],
            [
              20.500071,
              41.23552
            ],
            [
              20.51268,
              41.210147
            ],
            [
              20.549681,
              41.170615
            ],
            [
              20.565494,
              41.147412
            ],
            [
              20.570558,
              41.124829
            ],
            [
              20.569938,
              41.107104
            ],
            [
              20.576966,
              41.093513
            ],
            [
              20.597419,
              41.086273
            ],
            [
              20.605284,
              41.083488
            ],
            [
              20.618927,
              41.082403
            ],
            [
              20.631536,
              41.082868
            ],
            [
              20.634129,
              41.082576
            ],
            [
              20.643008,
              41.081576
            ],
            [
              20.65386,
              41.075272
            ],
            [
              20.664092,
              41.059149
            ],
            [
              20.683419,
              40.99383
            ],
            [
              20.702746,
              40.936314
            ],
            [
              20.717216,
              40.913214
            ],
            [
              20.730573,
              40.904611
            ],
            [
              20.740883,
              40.89797
            ],
            [
              20.766102,
              40.893732
            ],
            [
              20.783672,
              40.899055
            ],
            [
              20.816951,
              40.920242
            ],
            [
              20.836544,
              40.923904
            ],
            [
              20.837415,
              40.924066
            ],
            [
              20.890228,
              40.918279
            ],
            [
              20.939941,
              40.907065
            ],
            [
              20.956684,
              40.894766
            ],
            [
              20.964849,
              40.875956
            ],
            [
              20.965262,
              40.849394
            ],
            [
              20.967019,
              40.802007
            ],
            [
              20.960922,
              40.780768
            ],
            [
              20.943662,
              40.765265
            ],
            [
              20.95348,
              40.759167
            ],
            [
              20.957201,
              40.751622
            ],
            [
              20.959165,
              40.743561
            ],
            [
              20.963505,
              40.736068
            ],
            [
              20.992031,
              40.7155
            ],
            [
              21.018593,
              40.690902
            ],
            [
              21.028825,
              40.676846
            ],
            [
              21.035336,
              40.65938
            ],
            [
              21.036679,
              40.639743
            ],
            [
              21.033165,
              40.621398
            ],
            [
              21.02252,
              40.586619
            ],
            [
              21.020763,
              40.575096
            ],
            [
              21.02035,
              40.566776
            ],
            [
              21.018799,
              40.558972
            ],
            [
              21.013528,
              40.548896
            ],
            [
              21.006707,
              40.543211
            ],
            [
              20.997509,
              40.53918
            ],
            [
              20.98831,
              40.533496
            ],
            [
              20.981489,
              40.523264
            ],
            [
              20.96857,
              40.520577
            ],
            [
              20.957924,
              40.514944
            ],
            [
              20.95193,
              40.506056
            ],
            [
              20.952653,
              40.493653
            ],
            [
              20.94976,
              40.487866
            ],
            [
              20.946452,
              40.482905
            ],
            [
              20.93684,
              40.472518
            ],
            [
              20.911932,
              40.459547
            ],
            [
              20.889608,
              40.463733
            ],
            [
              20.866767,
              40.472053
            ],
            [
              20.839999,
              40.471639
            ],
            [
              20.826666,
              40.464818
            ],
            [
              20.821292,
              40.456395
            ],
            [
              20.817365,
              40.446835
            ],
            [
              20.8092,
              40.436603
            ],
            [
              20.800311,
              40.432779
            ],
            [
              20.779537,
              40.429006
            ],
            [
              20.770649,
              40.421978
            ],
            [
              20.768995,
              40.412573
            ],
            [
              20.773336,
              40.38534
            ],
            [
              20.773853,
              40.374901
            ],
            [
              20.770442,
              40.36255
            ],
            [
              20.765998,
              40.354282
            ],
            [
              20.755043,
              40.338624
            ],
            [
              20.739552,
              40.309166
            ],
            [
              20.736646,
              40.303639
            ],
            [
              20.728791,
              40.298265
            ],
            [
              20.717836,
              40.293924
            ],
            [
              20.706984,
              40.288085
            ],
            [
              20.699129,
              40.278369
            ],
            [
              20.694581,
              40.25558
            ],
            [
              20.696648,
              40.235581
            ],
            [
              20.696442,
              40.215066
            ],
            [
              20.68528,
              40.191191
            ],
            [
              20.679802,
              40.187832
            ],
            [
              20.665022,
              40.18437
            ],
            [
              20.660372,
              40.178892
            ],
            [
              20.659855,
              40.172743
            ],
            [
              20.663162,
              40.161684
            ],
            [
              20.663472,
              40.15662
            ],
            [
              20.668226,
              40.138068
            ],
            [
              20.666779,
              40.13352
            ],
            [
              20.651793,
              40.101016
            ],
            [
              20.647556,
              40.09404
            ],
            [
              20.640218,
              40.090112
            ],
            [
              20.615361,
              40.081017
            ],
            [
              20.577793,
              40.067271
            ],
            [
              20.552885,
              40.065411
            ],
            [
              20.499865,
              40.071457
            ],
            [
              20.481674,
              40.067788
            ],
            [
              20.465965,
              40.060812
            ],
            [
              20.432789,
              40.063809
            ],
            [
              20.413772,
              40.057194
            ],
            [
              20.400439,
              40.045257
            ],
            [
              20.38907,
              40.029444
            ],
            [
              20.380699,
              40.011667
            ],
            [
              20.376461,
              39.993736
            ],
            [
              20.359925,
              39.991048
            ],
            [
              20.310005,
              39.98986
            ],
            [
              20.297913,
              39.986914
            ],
            [
              20.302977,
              39.979111
            ],
            [
              20.317964,
              39.918391
            ],
            [
              20.323131,
              39.912397
            ],
            [
              20.346902,
              39.894259
            ],
            [
              20.392998,
              39.835451
            ],
            [
              20.397028,
              39.818087
            ],
            [
              20.388967,
              39.79814
            ],
            [
              20.371604,
              39.784291
            ],
            [
              20.35455,
              39.78579
            ],
            [
              20.336877,
              39.794006
            ],
            [
              20.299577,
              39.805056
            ],
            [
              20.298326,
              39.805427
            ],
            [
              20.288405,
              39.806615
            ],
            [
              20.280033,
              39.80398
            ],
            [
              20.273005,
              39.796487
            ],
            [
              20.275485,
              39.792404
            ],
            [
              20.281377,
              39.788167
            ],
            [
              20.284684,
              39.780312
            ],
            [
              20.283134,
              39.775144
            ],
            [
              20.276829,
              39.763155
            ],
            [
              20.275692,
              39.760055
            ],
            [
              20.278173,
              39.756748
            ],
            [
              20.285511,
              39.749668
            ],
            [
              20.287268,
              39.746671
            ],
            [
              20.291092,
              39.737937
            ],
            [
              20.296466,
              39.733493
            ],
            [
              20.299463,
              39.728222
            ],
            [
              20.296466,
              39.71737
            ],
            [
              20.28272,
              39.704399
            ],
            [
              20.264117,
              39.696079
            ],
            [
              20.249027,
              39.684814
            ],
            [
              20.24603,
              39.662903
            ],
            [
              20.237245,
              39.667037
            ],
            [
              20.228563,
              39.669156
            ],
            [
              20.220088,
              39.669156
            ],
            [
              20.212027,
              39.667037
            ],
            [
              20.204172,
              39.660319
            ],
            [
              20.203035,
              39.65262
            ],
            [
              20.203449,
              39.645333
            ],
            [
              20.199935,
              39.640062
            ],
            [
              20.184122,
              39.637013
            ],
            [
              20.163761,
              39.6443
            ],
            [
              20.135236,
              39.664195
            ],
            [
              20.089347,
              39.682799
            ],
            [
              20.049556,
              39.69272
            ],
            [
              20.01607,
              39.701402
            ],
            [
              19.999848,
              39.693508
            ],
            [
              19.996837,
              39.692572
            ],
            [
              19.99586,
              39.686713
            ],
            [
              19.989024,
              39.686713
            ],
            [
              19.983572,
              39.701361
            ],
            [
              19.98699,
              39.717963
            ],
            [
              20.002696,
              39.748236
            ],
            [
              19.985606,
              39.75373
            ],
            [
              19.980642,
              39.75731
            ],
            [
              19.99586,
              39.782945
            ],
            [
              20.014171,
              39.832953
            ],
            [
              20.016287,
              39.845038
            ],
            [
              20.009776,
              39.865668
            ],
            [
              19.999278,
              39.871405
            ],
            [
              19.983735,
              39.872382
            ],
            [
              19.961681,
              39.878567
            ],
            [
              19.960216,
              39.881049
            ],
            [
              19.959972,
              39.885077
            ],
            [
              19.958832,
              39.88935
            ],
            [
              19.954845,
              39.892808
            ],
            [
              19.941173,
              39.898993
            ],
            [
              19.931163,
              39.901923
            ],
            [
              19.914073,
              39.902411
            ],
            [
              19.906423,
              39.90644
            ],
            [
              19.906423,
              39.912665
            ],
            [
              19.921235,
              39.926947
            ],
            [
              19.931,
              39.934516
            ],
            [
              19.941173,
              39.940009
            ],
            [
              19.923839,
              39.952826
            ],
            [
              19.876801,
              40.022366
            ],
            [
              19.870453,
              40.034735
            ],
            [
              19.863455,
              40.045356
            ],
            [
              19.855235,
              40.049872
            ],
            [
              19.823253,
              40.050605
            ],
            [
              19.807384,
              40.052883
            ],
            [
              19.79656,
              40.057318
            ],
            [
              19.804535,
              40.063463
            ],
            [
              19.777354,
              40.077786
            ],
            [
              19.773123,
              40.071234
            ],
            [
              19.771658,
              40.068305
            ],
            [
              19.770518,
              40.063463
            ],
            [
              19.767263,
              40.072455
            ],
            [
              19.762462,
              40.07685
            ],
            [
              19.756358,
              40.079901
            ],
            [
              19.74936,
              40.084621
            ],
            [
              19.748057,
              40.088609
            ],
            [
              19.740896,
              40.100409
            ],
            [
              19.732677,
              40.110256
            ],
            [
              19.729015,
              40.108222
            ],
            [
              19.719086,
              40.116034
            ],
            [
              19.653168,
              40.132392
            ],
            [
              19.59783,
              40.157701
            ],
            [
              19.565766,
              40.179836
            ],
            [
              19.509288,
              40.194485
            ],
            [
              19.476248,
              40.21369
            ],
            [
              19.381114,
              40.295233
            ],
            [
              19.369965,
              40.309027
            ],
            [
              19.365082,
              40.317369
            ],
            [
              19.351573,
              40.362047
            ],
            [
              19.344249,
              40.374335
            ],
            [
              19.309255,
              40.400824
            ],
            [
              19.296886,
              40.41356
            ],
            [
              19.295177,
              40.417548
            ],
            [
              19.295177,
              40.418687
            ],
            [
              19.289561,
              40.420396
            ],
            [
              19.289561,
              40.427232
            ],
            [
              19.316173,
              40.437812
            ],
            [
              19.33253,
              40.43891
            ],
            [
              19.348155,
              40.43065
            ],
            [
              19.3838,
              40.397406
            ],
            [
              19.39324,
              40.386298
            ],
            [
              19.406505,
              40.362616
            ],
            [
              19.411957,
              40.34809
            ],
            [
              19.414236,
              40.334418
            ],
            [
              19.423595,
              40.330024
            ],
            [
              19.444591,
              40.333808
            ],
            [
              19.465587,
              40.341498
            ],
            [
              19.474946,
              40.348375
            ],
            [
              19.481619,
              40.439114
            ],
            [
              19.47877,
              40.453925
            ],
            [
              19.453136,
              40.465318
            ],
            [
              19.418793,
              40.491889
            ],
            [
              19.391368,
              40.521796
            ],
            [
              19.386404,
              40.54328
            ],
            [
              19.39324,
              40.537055
            ],
            [
              19.396007,
              40.529608
            ],
            [
              19.398611,
              40.520941
            ],
            [
              19.406749,
              40.522773
            ],
            [
              19.414236,
              40.522773
            ],
            [
              19.433604,
              40.505927
            ],
            [
              19.446056,
              40.511135
            ],
            [
              19.452647,
              40.529853
            ],
            [
              19.4546,
              40.55386
            ],
            [
              19.442149,
              40.573065
            ],
            [
              19.415701,
              40.583482
            ],
            [
              19.391612,
              40.578315
            ],
            [
              19.386404,
              40.550727
            ],
            [
              19.379242,
              40.566148
            ],
            [
              19.309825,
              40.644355
            ],
            [
              19.304373,
              40.653144
            ],
            [
              19.309337,
              40.665025
            ],
            [
              19.322927,
              40.674872
            ],
            [
              19.339041,
              40.684068
            ],
            [
              19.351573,
              40.694159
            ],
            [
              19.360525,
              40.709784
            ],
            [
              19.364513,
              40.726508
            ],
            [
              19.365571,
              40.785956
            ],
            [
              19.368826,
              40.802151
            ],
            [
              19.377778,
              40.812974
            ],
            [
              19.396251,
              40.817043
            ],
            [
              19.406749,
              40.820746
            ],
            [
              19.404063,
              40.829291
            ],
            [
              19.396739,
              40.83869
            ],
            [
              19.39324,
              40.844916
            ],
            [
              19.397634,
              40.852973
            ],
            [
              19.404796,
              40.86107
            ],
            [
              19.411388,
              40.867092
            ],
            [
              19.414236,
              40.868842
            ],
            [
              19.406261,
              40.880316
            ],
            [
              19.391124,
              40.89525
            ],
            [
              19.381196,
              40.908271
            ],
            [
              19.389822,
              40.913804
            ],
            [
              19.404959,
              40.918158
            ],
            [
              19.424571,
              40.939643
            ],
            [
              19.440929,
              40.948635
            ],
            [
              19.427013,
              40.936835
            ],
            [
              19.435395,
              40.913398
            ],
            [
              19.427257,
              40.893378
            ],
            [
              19.427257,
              40.87226
            ],
            [
              19.434744,
              40.87226
            ],
            [
              19.437836,
              40.886542
            ],
            [
              19.437673,
              40.88345
            ],
            [
              19.439138,
              40.880072
            ],
            [
              19.440929,
              40.87226
            ],
            [
              19.454112,
              40.88581
            ],
            [
              19.506602,
              40.905097
            ],
            [
              19.523448,
              40.92064
            ],
            [
              19.525157,
              40.945258
            ],
            [
              19.514659,
              40.964911
            ],
            [
              19.501475,
              40.982978
            ],
            [
              19.495453,
              41.002631
            ],
            [
              19.492035,
              40.976955
            ],
            [
              19.479666,
              40.953925
            ],
            [
              19.453868,
              40.923977
            ],
            [
              19.453461,
              40.928371
            ],
            [
              19.447765,
              40.934312
            ],
            [
              19.458507,
              40.942613
            ],
            [
              19.469981,
              40.956732
            ],
            [
              19.477224,
              40.975002
            ],
            [
              19.474946,
              40.995795
            ],
            [
              19.469981,
              41.000718
            ],
            [
              19.453787,
              41.005845
            ],
            [
              19.447765,
              41.009467
            ],
            [
              19.440603,
              41.020657
            ],
            [
              19.441254,
              41.026028
            ],
            [
              19.445486,
              41.030707
            ],
            [
              19.456391,
              41.106676
            ],
            [
              19.451182,
              41.122707
            ],
            [
              19.445486,
              41.129462
            ],
            [
              19.441173,
              41.137356
            ],
            [
              19.441905,
              41.143866
            ],
            [
              19.463715,
              41.151313
            ],
            [
              19.467133,
              41.162665
            ],
            [
              19.467133,
              41.176174
            ],
            [
              19.468761,
              41.187567
            ],
            [
              19.509532,
              41.237291
            ],
            [
              19.516612,
              41.256415
            ],
            [
              19.513357,
              41.276679
            ],
            [
              19.50294,
              41.294135
            ],
            [
              19.488048,
              41.306464
            ],
            [
              19.471934,
              41.311103
            ],
            [
              19.450043,
              41.311103
            ],
            [
              19.431651,
              41.313707
            ],
            [
              19.418956,
              41.322577
            ],
            [
              19.414236,
              41.341498
            ],
            [
              19.414236,
              41.382799
            ],
            [
              19.410818,
              41.391669
            ],
            [
              19.396007,
              41.402045
            ],
            [
              19.39324,
              41.41352
            ],
            [
              19.406423,
              41.400377
            ],
            [
              19.428722,
              41.401313
            ],
            [
              19.44516,
              41.415188
            ],
            [
              19.440929,
              41.440863
            ],
            [
              19.46461,
              41.450873
            ],
            [
              19.489268,
              41.466132
            ],
            [
              19.508637,
              41.486884
            ],
            [
              19.516612,
              41.513414
            ],
            [
              19.514171,
              41.529975
            ],
            [
              19.507172,
              41.536282
            ],
            [
              19.496349,
              41.538764
            ],
            [
              19.482432,
              41.54385
            ],
            [
              19.468028,
              41.554267
            ],
            [
              19.451996,
              41.574774
            ],
            [
              19.440929,
              41.585395
            ],
            [
              19.528087,
              41.576565
            ],
            [
              19.556407,
              41.583075
            ],
            [
              19.565196,
              41.58511
            ],
            [
              19.584809,
              41.619574
            ],
            [
              19.591645,
              41.619574
            ],
            [
              19.592296,
              41.608588
            ],
            [
              19.596039,
              41.602729
            ],
            [
              19.603038,
              41.601752
            ],
            [
              19.612966,
              41.605292
            ],
            [
              19.604991,
              41.632148
            ],
            [
              19.600108,
              41.639106
            ],
            [
              19.591645,
              41.632636
            ],
            [
              19.587087,
              41.640692
            ],
            [
              19.557628,
              41.660549
            ],
            [
              19.578136,
              41.687649
            ],
            [
              19.576345,
              41.71894
            ],
            [
              19.571137,
              41.752387
            ],
            [
              19.5713,
              41.770413
            ],
            [
              19.589529,
              41.765692
            ],
            [
              19.598969,
              41.778713
            ],
            [
              19.599783,
              41.79975
            ],
            [
              19.591645,
              41.818793
            ],
            [
              19.585216,
              41.818549
            ],
            [
              19.465505,
              41.855455
            ],
            [
              19.451182,
              41.862535
            ],
            [
              19.432953,
              41.868598
            ],
            [
              19.365082,
              41.852362
            ],
            [
              19.364223,
              41.862846
            ],
            [
              19.364947,
              41.888995
            ],
            [
              19.356989,
              41.89964
            ],
            [
              19.347687,
              41.906358
            ],
            [
              19.34531,
              41.910337
            ],
            [
              19.34593,
              41.914471
            ],
            [
              19.345413,
              41.921189
            ],
            [
              19.346653,
              41.926176
            ],
            [
              19.350477,
              41.931369
            ],
            [
              19.352854,
              41.938501
            ],
            [
              19.346447,
              41.961548
            ],
            [
              19.351614,
              41.965166
            ],
            [
              19.359779,
              41.965993
            ],
            [
              19.365774,
              41.969713
            ],
            [
              19.371045,
              41.98656
            ],
            [
              19.363707,
              41.993484
            ],
            [
              19.363396,
              41.993639
            ],
            [
              19.354198,
              42.008703
            ],
            [
              19.350581,
              42.027823
            ],
            [
              19.351718,
              42.047615
            ],
            [
              19.356575,
              42.064798
            ],
            [
              19.374869,
              42.094667
            ],
            [
              19.372491,
              42.104253
            ],
            [
              19.369998,
              42.106507
            ],
            [
              19.355025,
              42.12004
            ],
            [
              19.297767,
              42.151666
            ],
            [
              19.282058,
              42.164559
            ],
            [
              19.281956,
              42.164723
            ],
            [
              19.272033,
              42.180682
            ],
            [
              19.274926,
              42.191276
            ],
            [
              19.304589,
              42.215099
            ],
            [
              19.400397,
              42.325893
            ],
            [
              19.401327,
              42.331061
            ],
            [
              19.400707,
              42.344755
            ],
            [
              19.402671,
              42.352015
            ],
            [
              19.412076,
              42.368397
            ],
            [
              19.417243,
              42.374107
            ],
            [
              19.468403,
              42.41811
            ],
            [
              19.481735,
              42.434491
            ],
            [
              19.501476,
              42.444129
            ],
            [
              19.517806,
              42.45803
            ],
            [
              19.531655,
              42.474773
            ],
            [
              19.543747,
              42.493402
            ],
            [
              19.543747,
              42.493557
            ],
            [
              19.549328,
              42.508595
            ],
            [
              19.561317,
              42.516243
            ],
            [
              19.575683,
              42.522341
            ],
            [
              19.588086,
              42.532857
            ],
            [
              19.593667,
              42.54482
            ],
            [
              19.599248,
              42.571046
            ],
            [
              19.605035,
              42.584844
            ],
            [
              19.621779,
              42.604997
            ],
            [
              19.647927,
              42.627838
            ],
            [
              19.658037,
              42.634613
            ],
            [
              19.676039,
              42.646675
            ],
            [
              19.699293,
              42.654814
            ],
            [
              19.722134,
              42.64608
            ],
            [
              19.737534,
              42.624402
            ],
            [
              19.746009,
              42.5989
            ],
            [
              19.746885,
              42.58893
            ],
            [
              19.747766,
              42.578901
            ],
            [
              19.746009,
              42.579934
            ],
            [
              19.741358,
              42.574405
            ],
            [
              19.733916,
              42.562597
            ],
            [
              19.732159,
              42.555543
            ],
            [
              19.730299,
              42.540428
            ],
            [
              19.730919,
              42.533658
            ],
            [
              19.73433,
              42.524382
            ],
            [
              19.75159,
              42.493402
            ],
            [
              19.784456,
              42.474566
            ],
            [
              19.801406,
              42.468132
            ],
            [
              19.819596,
              42.466479
            ],
            [
              19.829063,
              42.468723
            ],
            [
              19.835512,
              42.470251
            ],
            [
              19.873339,
              42.486839
            ],
            [
              19.882538,
              42.493402
            ],
            [
              19.882745,
              42.493609
            ],
            [
              19.907549,
              42.506399
            ],
            [
              19.956332,
              42.505314
            ],
            [
              19.981757,
              42.510765
            ],
            [
              20.017723,
              42.546241
            ],
            [
              20.039221,
              42.557765
            ],
            [
              20.064956,
              42.546758
            ],
            [
              20.085626,
              42.530015
            ],
            [
              20.135546,
              42.509629
            ],
            [
              20.152392,
              42.493712
            ],
            [
              20.152599,
              42.493712
            ],
            [
              20.152599,
              42.493609
            ],
            [
              20.152702,
              42.493402
            ],
            [
              20.180814,
              42.443095
            ],
            [
              20.186292,
              42.437437
            ],
            [
              20.199728,
              42.427799
            ],
            [
              20.204689,
              42.420099
            ],
            [
              20.204379,
              42.411831
            ],
            [
              20.194043,
              42.4001
            ],
            [
              20.192803,
              42.393693
            ],
            [
              20.197454,
              42.38744
            ],
            [
              20.21306,
              42.377518
            ],
            [
              20.218848,
              42.371446
            ],
            [
              20.221225,
              42.36372
            ],
            [
              20.219468,
              42.350207
            ],
            [
              20.220915,
              42.343101
            ],
            [
              20.229597,
              42.32672
            ],
            [
              20.237762,
              42.319924
            ],
            [
              20.249647,
              42.318607
            ],
            [
              20.317964,
              42.319821
            ],
            [
              20.333363,
              42.317883
            ],
            [
              20.456973,
              42.250497
            ],
            [
              20.473665,
              42.237123
            ],
            [
              20.481674,
              42.230705
            ],
            [
              20.500795,
              42.211223
            ],
            [
              20.538622,
              42.150116
            ],
            [
              20.549371,
              42.123476
            ],
            [
              20.551954,
              42.105803
            ],
            [
              20.552161,
              42.07379
            ],
            [
              20.558259,
              42.055109
            ],
            [
              20.589678,
              41.993639
            ],
            [
              20.594329,
              41.973718
            ],
            [
              20.59929,
              41.960567
            ],
            [
              20.59929,
              41.94788
            ],
            [
              20.588748,
              41.929586
            ],
            [
              20.580583,
              41.921732
            ],
            [
              20.573348,
              41.917675
            ],
            [
              20.567251,
              41.912172
            ],
            [
              20.562496,
              41.900105
            ],
            [
              20.562703,
              41.892845
            ],
            [
              20.567767,
              41.88052
            ],
            [
              20.567147,
              41.873182
            ]
          ]
        ]
      },
      "properties": {
        "id": "nK4e",
        "status": "validé",
        "pieces": [
          {
            "kind": "country"
          }
        ]
      }
    },
    {
      "type": "Feature",
      "geometry": null,
      "properties": {
        "id": "oT18",
        "status": "rejeté",
        "pieces": []
      }
    },
    {
      "type": "Feature",
      "geometry": {
        "type": "Polygon",
        "coordinates": [
          [
            [
              20.52452087402344,
              40.11830322510717
            ],
            [
              20.52452087402344,
              40.15923099928596
            ],
            [
              20.469589233398438,
              40.15923099928596
            ],
            [
              20.469589233398438,
              40.11830322510717
            ],
            [
              20.52452087402344,
              40.11830322510717
            ]
          ]
        ]
      },
      "properties": {
        "id": "sQLY",
        "status": "validé",
        "pieces": [
          {
            "kind": "rect",
            "bounds": [
              20.469589233398438,
              40.11830322510717,
              20.52452087402344,
              40.15923099928596
            ]
          }
        ]
      }
    },
    {
      "type": "Feature",
      "geometry": {
        "type": "Polygon",
        "coordinates": [
          [
            [
              19.646301269531254,
              41.71815832222489
            ],
            [
              19.657287597656254,
              41.69253718395123
            ],
            [
              19.653167724609375,
              41.60945457589707
            ],
            [
              19.660034179687504,
              41.5735215329233
            ],
            [
              19.682006835937504,
              41.58070974164473
            ],
            [
              19.687500000000004,
              41.63716068444687
            ],
            [
              19.68612670898438,
              41.70073705901933
            ],
            [
              19.668273925781254,
              41.73250169985034
            ],
            [
              19.646301269531254,
              41.71815832222489
            ]
          ]
        ]
      },
      "properties": {
        "id": "uBm9",
        "status": "validé",
        "pieces": [
          {
            "kind": "polygon",
            "ring": [
              [
                19.646301269531254,
                41.71815832222489
              ],
              [
                19.657287597656254,
                41.69253718395123
              ],
              [
                19.653167724609375,
                41.60945457589707
              ],
              [
                19.660034179687504,
                41.5735215329233
              ],
              [
                19.682006835937504,
                41.58070974164473
              ],
              [
                19.687500000000004,
                41.63716068444687
              ],
              [
                19.68612670898438,
                41.70073705901933
              ],
              [
                19.668273925781254,
                41.73250169985034
              ]
            ]
          }
        ]
      }
    },
    {
      "type": "Feature",
      "geometry": {
        "type": "Polygon",
        "coordinates": [
          [
            [
              20.567147,
              41.873182
            ],
            [
              20.541722,
              41.86158
            ],
            [
              20.540786,
              41.844865
            ],
            [
              20.540482,
              41.839437
            ],
            [
              20.54844,
              41.814193
            ],
            [
              20.550136,
              41.80006
            ],
            [
              20.550921,
              41.793522
            ],
            [
              20.54441,
              41.784763
            ],
            [
              20.521155,
              41.767658
            ],
            [
              20.511337,
              41.757943
            ],
            [
              20.503275,
              41.744637
            ],
            [
              20.500381,
              41.734095
            ],
            [
              20.508339,
              41.661748
            ],
            [
              20.513404,
              41.640405
            ],
            [
              20.534591,
              41.594026
            ],
            [
              20.53467,
              41.587324
            ],
            [
              20.534694,
              41.585266
            ],
            [
              20.52932,
              41.574879
            ],
            [
              20.520845,
              41.568368
            ],
            [
              20.507409,
              41.56227
            ],
            [
              20.49294,
              41.557671
            ],
            [
              20.444157,
              41.549661
            ],
            [
              20.447878,
              41.53545
            ],
            [
              20.444984,
              41.508475
            ],
            [
              20.452012,
              41.493592
            ],
            [
              20.463174,
              41.489768
            ],
            [
              20.470822,
              41.483774
            ],
            [
              20.481597,
              41.468269
            ],
            [
              20.483535,
              41.46548
            ],
            [
              20.486842,
              41.457781
            ],
            [
              20.488909,
              41.441451
            ],
            [
              20.490873,
              41.436025
            ],
            [
              20.498004,
              41.431477
            ],
            [
              20.514644,
              41.429462
            ],
            [
              20.522189,
              41.42569
            ],
            [
              20.534074,
              41.412977
            ],
            [
              20.539049,
              41.402944
            ],
            [
              20.540172,
              41.400678
            ],
            [
              20.539965,
              41.387139
            ],
            [
              20.532937,
              41.370447
            ],
            [
              20.523429,
              41.356805
            ],
            [
              20.510407,
              41.344403
            ],
            [
              20.49604,
              41.337788
            ],
            [
              20.481674,
              41.341199
            ],
            [
              20.478108,
              41.321585
            ],
            [
              20.477747,
              41.319598
            ],
            [
              20.483121,
              41.289471
            ],
            [
              20.500071,
              41.23552
            ],
            [
              20.51268,
              41.210147
            ],
            [
              20.549681,
              41.170615
            ],
            [
              20.565494,
              41.147412
            ],
            [
              20.570558,
              41.124829
            ],
            [
              20.569938,
              41.107104
            ],
            [
              20.576966,
              41.093513
            ],
            [
              20.597419,
              41.086273
            ],
            [
              20.605284,
              41.083488
            ],
            [
              20.618927,
              41.082403
            ],
            [
              20.631536,
              41.082868
            ],
            [
              20.634129,
              41.082576
            ],
            [
              20.643008,
              41.081576
            ],
            [
              20.65386,
              41.075272
            ],
            [
              20.664092,
              41.059149
            ],
            [
              20.683419,
              40.99383
            ],
            [
              20.702746,
              40.936314
            ],
            [
              20.717216,
              40.913214
            ],
            [
              20.730573,
              40.904611
            ],
            [
              20.740883,
              40.89797
            ],
            [
              20.766102,
              40.893732
            ],
            [
              20.783672,
              40.899055
            ],
            [
              20.816951,
              40.920242
            ],
            [
              20.836544,
              40.923904
            ],
            [
              20.837415,
              40.924066
            ],
            [
              20.890228,
              40.918279
            ],
            [
              20.939941,
              40.907065
            ],
            [
              20.956684,
              40.894766
            ],
            [
              20.964849,
              40.875956
            ],
            [
              20.965262,
              40.849394
            ],
            [
              20.967019,
              40.802007
            ],
            [
              20.960922,
              40.780768
            ],
            [
              20.943662,
              40.765265
            ],
            [
              20.95348,
              40.759167
            ],
            [
              20.957201,
              40.751622
            ],
            [
              20.959165,
              40.743561
            ],
            [
              20.963505,
              40.736068
            ],
            [
              20.992031,
              40.7155
            ],
            [
              21.018593,
              40.690902
            ],
            [
              21.028825,
              40.676846
            ],
            [
              21.035336,
              40.65938
            ],
            [
              21.036679,
              40.639743
            ],
            [
              21.033165,
              40.621398
            ],
            [
              21.02252,
              40.586619
            ],
            [
              21.020763,
              40.575096
            ],
            [
              21.02035,
              40.566776
            ],
            [
              21.018799,
              40.558972
            ],
            [
              21.013528,
              40.548896
            ],
            [
              21.006707,
              40.543211
            ],
            [
              20.997509,
              40.53918
            ],
            [
              20.98831,
              40.533496
            ],
            [
              20.981489,
              40.523264
            ],
            [
              20.96857,
              40.520577
            ],
            [
              20.957924,
              40.514944
            ],
            [
              20.95193,
              40.506056
            ],
            [
              20.952653,
              40.493653
            ],
            [
              20.94976,
              40.487866
            ],
            [
              20.946452,
              40.482905
            ],
            [
              20.93684,
              40.472518
            ],
            [
              20.911932,
              40.459547
            ],
            [
              20.889608,
              40.463733
            ],
            [
              20.866767,
              40.472053
            ],
            [
              20.839999,
              40.471639
            ],
            [
              20.826666,
              40.464818
            ],
            [
              20.821292,
              40.456395
            ],
            [
              20.817365,
              40.446835
            ],
            [
              20.8092,
              40.436603
            ],
            [
              20.800311,
              40.432779
            ],
            [
              20.779537,
              40.429006
            ],
            [
              20.770649,
              40.421978
            ],
            [
              20.768995,
              40.412573
            ],
            [
              20.773336,
              40.38534
            ],
            [
              20.773853,
              40.374901
            ],
            [
              20.770442,
              40.36255
            ],
            [
              20.765998,
              40.354282
            ],
            [
              20.755043,
              40.338624
            ],
            [
              20.739552,
              40.309166
            ],
            [
              20.736646,
              40.303639
            ],
            [
              20.728791,
              40.298265
            ],
            [
              20.717836,
              40.293924
            ],
            [
              20.706984,
              40.288085
            ],
            [
              20.699129,
              40.278369
            ],
            [
              20.694581,
              40.25558
            ],
            [
              20.696648,
              40.235581
            ],
            [
              20.696442,
              40.215066
            ],
            [
              20.68528,
              40.191191
            ],
            [
              20.679802,
              40.187832
            ],
            [
              20.665022,
              40.18437
            ],
            [
              20.660372,
              40.178892
            ],
            [
              20.659855,
              40.172743
            ],
            [
              20.663162,
              40.161684
            ],
            [
              20.663472,
              40.15662
            ],
            [
              20.668226,
              40.138068
            ],
            [
              20.666779,
              40.13352
            ],
            [
              20.651793,
              40.101016
            ],
            [
              20.647556,
              40.09404
            ],
            [
              20.640218,
              40.090112
            ],
            [
              20.615361,
              40.081017
            ],
            [
              20.577793,
              40.067271
            ],
            [
              20.552885,
              40.065411
            ],
            [
              20.499865,
              40.071457
            ],
            [
              20.481674,
              40.067788
            ],
            [
              20.465965,
              40.060812
            ],
            [
              20.432789,
              40.063809
            ],
            [
              20.413772,
              40.057194
            ],
            [
              20.400439,
              40.045257
            ],
            [
              20.38907,
              40.029444
            ],
            [
              20.380699,
              40.011667
            ],
            [
              20.376461,
              39.993736
            ],
            [
              20.359925,
              39.991048
            ],
            [
              20.310005,
              39.98986
            ],
            [
              20.297913,
              39.986914
            ],
            [
              20.302977,
              39.979111
            ],
            [
              20.317964,
              39.918391
            ],
            [
              20.323131,
              39.912397
            ],
            [
              20.346902,
              39.894259
            ],
            [
              20.392998,
              39.835451
            ],
            [
              20.397028,
              39.818087
            ],
            [
              20.388967,
              39.79814
            ],
            [
              20.371604,
              39.784291
            ],
            [
              20.35455,
              39.78579
            ],
            [
              20.336877,
              39.794006
            ],
            [
              20.299577,
              39.805056
            ],
            [
              20.298326,
              39.805427
            ],
            [
              20.288405,
              39.806615
            ],
            [
              20.280033,
              39.80398
            ],
            [
              20.273005,
              39.796487
            ],
            [
              20.275485,
              39.792404
            ],
            [
              20.281377,
              39.788167
            ],
            [
              20.284684,
              39.780312
            ],
            [
              20.283134,
              39.775144
            ],
            [
              20.276829,
              39.763155
            ],
            [
              20.275692,
              39.760055
            ],
            [
              20.278173,
              39.756748
            ],
            [
              20.285511,
              39.749668
            ],
            [
              20.287268,
              39.746671
            ],
            [
              20.291092,
              39.737937
            ],
            [
              20.296466,
              39.733493
            ],
            [
              20.299463,
              39.728222
            ],
            [
              20.296466,
              39.71737
            ],
            [
              20.28272,
              39.704399
            ],
            [
              20.264117,
              39.696079
            ],
            [
              20.249027,
              39.684814
            ],
            [
              20.24603,
              39.662903
            ],
            [
              20.237245,
              39.667037
            ],
            [
              20.228563,
              39.669156
            ],
            [
              20.220088,
              39.669156
            ],
            [
              20.212027,
              39.667037
            ],
            [
              20.204172,
              39.660319
            ],
            [
              20.203035,
              39.65262
            ],
            [
              20.203449,
              39.645333
            ],
            [
              20.199935,
              39.640062
            ],
            [
              20.184122,
              39.637013
            ],
            [
              20.163761,
              39.6443
            ],
            [
              20.135236,
              39.664195
            ],
            [
              20.089347,
              39.682799
            ],
            [
              20.049556,
              39.69272
            ],
            [
              20.01607,
              39.701402
            ],
            [
              19.999848,
              39.693508
            ],
            [
              19.996837,
              39.692572
            ],
            [
              19.99586,
              39.686713
            ],
            [
              19.989024,
              39.686713
            ],
            [
              19.983572,
              39.701361
            ],
            [
              19.98699,
              39.717963
            ],
            [
              20.002696,
              39.748236
            ],
            [
              19.985606,
              39.75373
            ],
            [
              19.980642,
              39.75731
            ],
            [
              19.99586,
              39.782945
            ],
            [
              20.014171,
              39.832953
            ],
            [
              20.016287,
              39.845038
            ],
            [
              20.009776,
              39.865668
            ],
            [
              19.999278,
              39.871405
            ],
            [
              19.983735,
              39.872382
            ],
            [
              19.961681,
              39.878567
            ],
            [
              19.960216,
              39.881049
            ],
            [
              19.959972,
              39.885077
            ],
            [
              19.958832,
              39.88935
            ],
            [
              19.954845,
              39.892808
            ],
            [
              19.941173,
              39.898993
            ],
            [
              19.931163,
              39.901923
            ],
            [
              19.914073,
              39.902411
            ],
            [
              19.906423,
              39.90644
            ],
            [
              19.906423,
              39.912665
            ],
            [
              19.921235,
              39.926947
            ],
            [
              19.931,
              39.934516
            ],
            [
              19.941173,
              39.940009
            ],
            [
              19.923839,
              39.952826
            ],
            [
              19.876801,
              40.022366
            ],
            [
              19.870453,
              40.034735
            ],
            [
              19.863455,
              40.045356
            ],
            [
              19.855235,
              40.049872
            ],
            [
              19.823253,
              40.050605
            ],
            [
              19.807384,
              40.052883
            ],
            [
              19.79656,
              40.057318
            ],
            [
              19.804535,
              40.063463
            ],
            [
              19.777354,
              40.077786
            ],
            [
              19.773123,
              40.071234
            ],
            [
              19.771658,
              40.068305
            ],
            [
              19.770518,
              40.063463
            ],
            [
              19.767263,
              40.072455
            ],
            [
              19.762462,
              40.07685
            ],
            [
              19.756358,
              40.079901
            ],
            [
              19.74936,
              40.084621
            ],
            [
              19.748057,
              40.088609
            ],
            [
              19.740896,
              40.100409
            ],
            [
              19.732677,
              40.110256
            ],
            [
              19.729015,
              40.108222
            ],
            [
              19.719086,
              40.116034
            ],
            [
              19.653168,
              40.132392
            ],
            [
              19.59783,
              40.157701
            ],
            [
              19.565766,
              40.179836
            ],
            [
              19.509288,
              40.194485
            ],
            [
              19.476248,
              40.21369
            ],
            [
              19.381114,
              40.295233
            ],
            [
              19.369965,
              40.309027
            ],
            [
              19.365082,
              40.317369
            ],
            [
              19.351573,
              40.362047
            ],
            [
              19.344249,
              40.374335
            ],
            [
              19.309255,
              40.400824
            ],
            [
              19.296886,
              40.41356
            ],
            [
              19.295177,
              40.417548
            ],
            [
              19.295177,
              40.418687
            ],
            [
              19.289561,
              40.420396
            ],
            [
              19.289561,
              40.427232
            ],
            [
              19.316173,
              40.437812
            ],
            [
              19.33253,
              40.43891
            ],
            [
              19.348155,
              40.43065
            ],
            [
              19.3838,
              40.397406
            ],
            [
              19.39324,
              40.386298
            ],
            [
              19.406505,
              40.362616
            ],
            [
              19.411957,
              40.34809
            ],
            [
              19.414236,
              40.334418
            ],
            [
              19.423595,
              40.330024
            ],
            [
              19.444591,
              40.333808
            ],
            [
              19.465587,
              40.341498
            ],
            [
              19.474946,
              40.348375
            ],
            [
              19.481619,
              40.439114
            ],
            [
              19.47877,
              40.453925
            ],
            [
              19.453136,
              40.465318
            ],
            [
              19.418793,
              40.491889
            ],
            [
              19.391368,
              40.521796
            ],
            [
              19.386404,
              40.54328
            ],
            [
              19.39324,
              40.537055
            ],
            [
              19.396007,
              40.529608
            ],
            [
              19.398611,
              40.520941
            ],
            [
              19.406749,
              40.522773
            ],
            [
              19.414236,
              40.522773
            ],
            [
              19.433604,
              40.505927
            ],
            [
              19.446056,
              40.511135
            ],
            [
              19.452647,
              40.529853
            ],
            [
              19.4546,
              40.55386
            ],
            [
              19.442149,
              40.573065
            ],
            [
              19.415701,
              40.583482
            ],
            [
              19.391612,
              40.578315
            ],
            [
              19.386404,
              40.550727
            ],
            [
              19.379242,
              40.566148
            ],
            [
              19.309825,
              40.644355
            ],
            [
              19.304373,
              40.653144
            ],
            [
              19.309337,
              40.665025
            ],
            [
              19.322927,
              40.674872
            ],
            [
              19.339041,
              40.684068
            ],
            [
              19.351573,
              40.694159
            ],
            [
              19.360525,
              40.709784
            ],
            [
              19.364513,
              40.726508
            ],
            [
              19.365571,
              40.785956
            ],
            [
              19.368826,
              40.802151
            ],
            [
              19.377778,
              40.812974
            ],
            [
              19.396251,
              40.817043
            ],
            [
              19.406749,
              40.820746
            ],
            [
              19.404063,
              40.829291
            ],
            [
              19.396739,
              40.83869
            ],
            [
              19.39324,
              40.844916
            ],
            [
              19.397634,
              40.852973
            ],
            [
              19.404796,
              40.86107
            ],
            [
              19.411388,
              40.867092
            ],
            [
              19.414236,
              40.868842
            ],
            [
              19.406261,
              40.880316
            ],
            [
              19.391124,
              40.89525
            ],
            [
              19.381196,
              40.908271
            ],
            [
              19.389822,
              40.913804
            ],
            [
              19.404959,
              40.918158
            ],
            [
              19.424571,
              40.939643
            ],
            [
              19.440929,
              40.948635
            ],
            [
              19.427013,
              40.936835
            ],
            [
              19.435395,
              40.913398
            ],
            [
              19.427257,
              40.893378
            ],
            [
              19.427257,
              40.87226
            ],
            [
              19.434744,
              40.87226
            ],
            [
              19.437836,
              40.886542
            ],
            [
              19.437673,
              40.88345
            ],
            [
              19.439138,
              40.880072
            ],
            [
              19.440929,
              40.87226
            ],
            [
              19.454112,
              40.88581
            ],
            [
              19.506602,
              40.905097
            ],
            [
              19.523448,
              40.92064
            ],
            [
              19.525157,
              40.945258
            ],
            [
              19.514659,
              40.964911
            ],
            [
              19.501475,
              40.982978
            ],
            [
              19.495453,
              41.002631
            ],
            [
              19.492035,
              40.976955
            ],
            [
              19.479666,
              40.953925
            ],
            [
              19.453868,
              40.923977
            ],
            [
              19.453461,
              40.928371
            ],
            [
              19.447765,
              40.934312
            ],
            [
              19.458507,
              40.942613
            ],
            [
              19.469981,
              40.956732
            ],
            [
              19.477224,
              40.975002
            ],
            [
              19.474946,
              40.995795
            ],
            [
              19.469981,
              41.000718
            ],
            [
              19.453787,
              41.005845
            ],
            [
              19.447765,
              41.009467
            ],
            [
              19.440603,
              41.020657
            ],
            [
              19.441254,
              41.026028
            ],
            [
              19.445486,
              41.030707
            ],
            [
              19.456391,
              41.106676
            ],
            [
              19.451182,
              41.122707
            ],
            [
              19.445486,
              41.129462
            ],
            [
              19.441173,
              41.137356
            ],
            [
              19.441905,
              41.143866
            ],
            [
              19.463715,
              41.151313
            ],
            [
              19.467133,
              41.162665
            ],
            [
              19.467133,
              41.176174
            ],
            [
              19.468761,
              41.187567
            ],
            [
              19.509532,
              41.237291
            ],
            [
              19.516612,
              41.256415
            ],
            [
              19.513357,
              41.276679
            ],
            [
              19.50294,
              41.294135
            ],
            [
              19.488048,
              41.306464
            ],
            [
              19.471934,
              41.311103
            ],
            [
              19.450043,
              41.311103
            ],
            [
              19.431651,
              41.313707
            ],
            [
              19.418956,
              41.322577
            ],
            [
              19.414236,
              41.341498
            ],
            [
              19.414236,
              41.382799
            ],
            [
              19.410818,
              41.391669
            ],
            [
              19.396007,
              41.402045
            ],
            [
              19.39324,
              41.41352
            ],
            [
              19.406423,
              41.400377
            ],
            [
              19.428722,
              41.401313
            ],
            [
              19.44516,
              41.415188
            ],
            [
              19.440929,
              41.440863
            ],
            [
              19.46461,
              41.450873
            ],
            [
              19.489268,
              41.466132
            ],
            [
              19.508637,
              41.486884
            ],
            [
              19.516612,
              41.513414
            ],
            [
              19.514171,
              41.529975
            ],
            [
              19.507172,
              41.536282
            ],
            [
              19.496349,
              41.538764
            ],
            [
              19.482432,
              41.54385
            ],
            [
              19.468028,
              41.554267
            ],
            [
              19.451996,
              41.574774
            ],
            [
              19.440929,
              41.585395
            ],
            [
              19.528087,
              41.576565
            ],
            [
              19.556407,
              41.583075
            ],
            [
              19.565196,
              41.58511
            ],
            [
              19.584809,
              41.619574
            ],
            [
              19.591645,
              41.619574
            ],
            [
              19.592296,
              41.608588
            ],
            [
              19.596039,
              41.602729
            ],
            [
              19.603038,
              41.601752
            ],
            [
              19.612966,
              41.605292
            ],
            [
              19.604991,
              41.632148
            ],
            [
              19.600108,
              41.639106
            ],
            [
              19.591645,
              41.632636
            ],
            [
              19.587087,
              41.640692
            ],
            [
              19.557628,
              41.660549
            ],
            [
              19.578136,
              41.687649
            ],
            [
              19.576345,
              41.71894
            ],
            [
              19.571137,
              41.752387
            ],
            [
              19.5713,
              41.770413
            ],
            [
              19.589529,
              41.765692
            ],
            [
              19.598969,
              41.778713
            ],
            [
              19.599783,
              41.79975
            ],
            [
              19.591645,
              41.818793
            ],
            [
              19.585216,
              41.818549
            ],
            [
              19.465505,
              41.855455
            ],
            [
              19.451182,
              41.862535
            ],
            [
              19.432953,
              41.868598
            ],
            [
              19.365082,
              41.852362
            ],
            [
              19.364223,
              41.862846
            ],
            [
              19.364947,
              41.888995
            ],
            [
              19.356989,
              41.89964
            ],
            [
              19.347687,
              41.906358
            ],
            [
              19.34531,
              41.910337
            ],
            [
              19.34593,
              41.914471
            ],
            [
              19.345413,
              41.921189
            ],
            [
              19.346653,
              41.926176
            ],
            [
              19.350477,
              41.931369
            ],
            [
              19.352854,
              41.938501
            ],
            [
              19.346447,
              41.961548
            ],
            [
              19.351614,
              41.965166
            ],
            [
              19.359779,
              41.965993
            ],
            [
              19.365774,
              41.969713
            ],
            [
              19.371045,
              41.98656
            ],
            [
              19.363707,
              41.993484
            ],
            [
              19.363396,
              41.993639
            ],
            [
              19.354198,
              42.008703
            ],
            [
              19.350581,
              42.027823
            ],
            [
              19.351718,
              42.047615
            ],
            [
              19.356575,
              42.064798
            ],
            [
              19.374869,
              42.094667
            ],
            [
              19.372491,
              42.104253
            ],
            [
              19.369998,
              42.106507
            ],
            [
              19.355025,
              42.12004
            ],
            [
              19.297767,
              42.151666
            ],
            [
              19.282058,
              42.164559
            ],
            [
              19.281956,
              42.164723
            ],
            [
              19.272033,
              42.180682
            ],
            [
              19.274926,
              42.191276
            ],
            [
              19.304589,
              42.215099
            ],
            [
              19.400397,
              42.325893
            ],
            [
              19.401327,
              42.331061
            ],
            [
              19.400707,
              42.344755
            ],
            [
              19.402671,
              42.352015
            ],
            [
              19.412076,
              42.368397
            ],
            [
              19.417243,
              42.374107
            ],
            [
              19.468403,
              42.41811
            ],
            [
              19.481735,
              42.434491
            ],
            [
              19.501476,
              42.444129
            ],
            [
              19.517806,
              42.45803
            ],
            [
              19.531655,
              42.474773
            ],
            [
              19.543747,
              42.493402
            ],
            [
              19.543747,
              42.493557
            ],
            [
              19.549328,
              42.508595
            ],
            [
              19.561317,
              42.516243
            ],
            [
              19.575683,
              42.522341
            ],
            [
              19.588086,
              42.532857
            ],
            [
              19.593667,
              42.54482
            ],
            [
              19.599248,
              42.571046
            ],
            [
              19.605035,
              42.584844
            ],
            [
              19.621779,
              42.604997
            ],
            [
              19.647927,
              42.627838
            ],
            [
              19.658037,
              42.634613
            ],
            [
              19.676039,
              42.646675
            ],
            [
              19.699293,
              42.654814
            ],
            [
              19.722134,
              42.64608
            ],
            [
              19.737534,
              42.624402
            ],
            [
              19.746009,
              42.5989
            ],
            [
              19.746885,
              42.58893
            ],
            [
              19.747766,
              42.578901
            ],
            [
              19.746009,
              42.579934
            ],
            [
              19.741358,
              42.574405
            ],
            [
              19.733916,
              42.562597
            ],
            [
              19.732159,
              42.555543
            ],
            [
              19.730299,
              42.540428
            ],
            [
              19.730919,
              42.533658
            ],
            [
              19.73433,
              42.524382
            ],
            [
              19.75159,
              42.493402
            ],
            [
              19.784456,
              42.474566
            ],
            [
              19.801406,
              42.468132
            ],
            [
              19.819596,
              42.466479
            ],
            [
              19.829063,
              42.468723
            ],
            [
              19.835512,
              42.470251
            ],
            [
              19.873339,
              42.486839
            ],
            [
              19.882538,
              42.493402
            ],
            [
              19.882745,
              42.493609
            ],
            [
              19.907549,
              42.506399
            ],
            [
              19.956332,
              42.505314
            ],
            [
              19.981757,
              42.510765
            ],
            [
              20.017723,
              42.546241
            ],
            [
              20.039221,
              42.557765
            ],
            [
              20.064956,
              42.546758
            ],
            [
              20.085626,
              42.530015
            ],
            [
              20.135546,
              42.509629
            ],
            [
              20.152392,
              42.493712
            ],
            [
              20.152599,
              42.493712
            ],
            [
              20.152599,
              42.493609
            ],
            [
              20.152702,
              42.493402
            ],
            [
              20.180814,
              42.443095
            ],
            [
              20.186292,
              42.437437
            ],
            [
              20.199728,
              42.427799
            ],
            [
              20.204689,
              42.420099
            ],
            [
              20.204379,
              42.411831
            ],
            [
              20.194043,
              42.4001
            ],
            [
              20.192803,
              42.393693
            ],
            [
              20.197454,
              42.38744
            ],
            [
              20.21306,
              42.377518
            ],
            [
              20.218848,
              42.371446
            ],
            [
              20.221225,
              42.36372
            ],
            [
              20.219468,
              42.350207
            ],
            [
              20.220915,
              42.343101
            ],
            [
              20.229597,
              42.32672
            ],
            [
              20.237762,
              42.319924
            ],
            [
              20.249647,
              42.318607
            ],
            [
              20.317964,
              42.319821
            ],
            [
              20.333363,
              42.317883
            ],
            [
              20.456973,
              42.250497
            ],
            [
              20.473665,
              42.237123
            ],
            [
              20.481674,
              42.230705
            ],
            [
              20.500795,
              42.211223
            ],
            [
              20.538622,
              42.150116
            ],
            [
              20.549371,
              42.123476
            ],
            [
              20.551954,
              42.105803
            ],
            [
              20.552161,
              42.07379
            ],
            [
              20.558259,
              42.055109
            ],
            [
              20.589678,
              41.993639
            ],
            [
              20.594329,
              41.973718
            ],
            [
              20.59929,
              41.960567
            ],
            [
              20.59929,
              41.94788
            ],
            [
              20.588748,
              41.929586
            ],
            [
              20.580583,
              41.921732
            ],
            [
              20.573348,
              41.917675
            ],
            [
              20.567251,
              41.912172
            ],
            [
              20.562496,
              41.900105
            ],
            [
              20.562703,
              41.892845
            ],
            [
              20.567767,
              41.88052
            ],
            [
              20.567147,
              41.873182
            ]
          ]
        ]
      },
      "properties": {
        "id": "vH1O",
        "status": "validé",
        "pieces": [
          {
            "kind": "country"
          }
        ]
      }
    },
    {
      "type": "Feature",
      "geometry": null,
      "properties": {
        "id": "yEQq",
        "status": "rejeté",
        "pieces": []
      }
    },
    {
      "type": "Feature",
      "geometry": {
        "type": "Polygon",
        "coordinates": [
          [
            [
              20.567147,
              41.873182
            ],
            [
              20.541722,
              41.86158
            ],
            [
              20.540786,
              41.844865
            ],
            [
              20.540482,
              41.839437
            ],
            [
              20.54844,
              41.814193
            ],
            [
              20.550136,
              41.80006
            ],
            [
              20.550921,
              41.793522
            ],
            [
              20.54441,
              41.784763
            ],
            [
              20.521155,
              41.767658
            ],
            [
              20.511337,
              41.757943
            ],
            [
              20.503275,
              41.744637
            ],
            [
              20.500381,
              41.734095
            ],
            [
              20.508339,
              41.661748
            ],
            [
              20.513404,
              41.640405
            ],
            [
              20.534591,
              41.594026
            ],
            [
              20.53467,
              41.587324
            ],
            [
              20.534694,
              41.585266
            ],
            [
              20.52932,
              41.574879
            ],
            [
              20.520845,
              41.568368
            ],
            [
              20.507409,
              41.56227
            ],
            [
              20.49294,
              41.557671
            ],
            [
              20.444157,
              41.549661
            ],
            [
              20.447878,
              41.53545
            ],
            [
              20.444984,
              41.508475
            ],
            [
              20.452012,
              41.493592
            ],
            [
              20.463174,
              41.489768
            ],
            [
              20.470822,
              41.483774
            ],
            [
              20.481597,
              41.468269
            ],
            [
              20.483535,
              41.46548
            ],
            [
              20.486842,
              41.457781
            ],
            [
              20.488909,
              41.441451
            ],
            [
              20.490873,
              41.436025
            ],
            [
              20.498004,
              41.431477
            ],
            [
              20.514644,
              41.429462
            ],
            [
              20.522189,
              41.42569
            ],
            [
              20.534074,
              41.412977
            ],
            [
              20.539049,
              41.402944
            ],
            [
              20.540172,
              41.400678
            ],
            [
              20.539965,
              41.387139
            ],
            [
              20.532937,
              41.370447
            ],
            [
              20.523429,
              41.356805
            ],
            [
              20.510407,
              41.344403
            ],
            [
              20.49604,
              41.337788
            ],
            [
              20.481674,
              41.341199
            ],
            [
              20.478108,
              41.321585
            ],
            [
              20.477747,
              41.319598
            ],
            [
              20.483121,
              41.289471
            ],
            [
              20.500071,
              41.23552
            ],
            [
              20.51268,
              41.210147
            ],
            [
              20.549681,
              41.170615
            ],
            [
              20.565494,
              41.147412
            ],
            [
              20.570558,
              41.124829
            ],
            [
              20.569938,
              41.107104
            ],
            [
              20.576966,
              41.093513
            ],
            [
              20.597419,
              41.086273
            ],
            [
              20.605284,
              41.083488
            ],
            [
              20.618927,
              41.082403
            ],
            [
              20.631536,
              41.082868
            ],
            [
              20.634129,
              41.082576
            ],
            [
              20.643008,
              41.081576
            ],
            [
              20.65386,
              41.075272
            ],
            [
              20.664092,
              41.059149
            ],
            [
              20.683419,
              40.99383
            ],
            [
              20.702746,
              40.936314
            ],
            [
              20.717216,
              40.913214
            ],
            [
              20.730573,
              40.904611
            ],
            [
              20.740883,
              40.89797
            ],
            [
              20.766102,
              40.893732
            ],
            [
              20.783672,
              40.899055
            ],
            [
              20.816951,
              40.920242
            ],
            [
              20.836544,
              40.923904
            ],
            [
              20.837415,
              40.924066
            ],
            [
              20.890228,
              40.918279
            ],
            [
              20.939941,
              40.907065
            ],
            [
              20.956684,
              40.894766
            ],
            [
              20.964849,
              40.875956
            ],
            [
              20.965262,
              40.849394
            ],
            [
              20.967019,
              40.802007
            ],
            [
              20.960922,
              40.780768
            ],
            [
              20.943662,
              40.765265
            ],
            [
              20.95348,
              40.759167
            ],
            [
              20.957201,
              40.751622
            ],
            [
              20.959165,
              40.743561
            ],
            [
              20.963505,
              40.736068
            ],
            [
              20.992031,
              40.7155
            ],
            [
              21.018593,
              40.690902
            ],
            [
              21.028825,
              40.676846
            ],
            [
              21.035336,
              40.65938
            ],
            [
              21.036679,
              40.639743
            ],
            [
              21.033165,
              40.621398
            ],
            [
              21.02252,
              40.586619
            ],
            [
              21.020763,
              40.575096
            ],
            [
              21.02035,
              40.566776
            ],
            [
              21.018799,
              40.558972
            ],
            [
              21.013528,
              40.548896
            ],
            [
              21.006707,
              40.543211
            ],
            [
              20.997509,
              40.53918
            ],
            [
              20.98831,
              40.533496
            ],
            [
              20.981489,
              40.523264
            ],
            [
              20.96857,
              40.520577
            ],
            [
              20.957924,
              40.514944
            ],
            [
              20.95193,
              40.506056
            ],
            [
              20.952653,
              40.493653
            ],
            [
              20.94976,
              40.487866
            ],
            [
              20.946452,
              40.482905
            ],
            [
              20.93684,
              40.472518
            ],
            [
              20.911932,
              40.459547
            ],
            [
              20.889608,
              40.463733
            ],
            [
              20.866767,
              40.472053
            ],
            [
              20.839999,
              40.471639
            ],
            [
              20.826666,
              40.464818
            ],
            [
              20.821292,
              40.456395
            ],
            [
              20.817365,
              40.446835
            ],
            [
              20.8092,
              40.436603
            ],
            [
              20.800311,
              40.432779
            ],
            [
              20.779537,
              40.429006
            ],
            [
              20.770649,
              40.421978
            ],
            [
              20.768995,
              40.412573
            ],
            [
              20.773336,
              40.38534
            ],
            [
              20.773853,
              40.374901
            ],
            [
              20.770442,
              40.36255
            ],
            [
              20.765998,
              40.354282
            ],
            [
              20.755043,
              40.338624
            ],
            [
              20.739552,
              40.309166
            ],
            [
              20.736646,
              40.303639
            ],
            [
              20.728791,
              40.298265
            ],
            [
              20.717836,
              40.293924
            ],
            [
              20.706984,
              40.288085
            ],
            [
              20.699129,
              40.278369
            ],
            [
              20.694581,
              40.25558
            ],
            [
              20.696648,
              40.235581
            ],
            [
              20.696442,
              40.215066
            ],
            [
              20.68528,
              40.191191
            ],
            [
              20.679802,
              40.187832
            ],
            [
              20.665022,
              40.18437
            ],
            [
              20.660372,
              40.178892
            ],
            [
              20.659855,
              40.172743
            ],
            [
              20.663162,
              40.161684
            ],
            [
              20.663472,
              40.15662
            ],
            [
              20.668226,
              40.138068
            ],
            [
              20.666779,
              40.13352
            ],
            [
              20.651793,
              40.101016
            ],
            [
              20.647556,
              40.09404
            ],
            [
              20.640218,
              40.090112
            ],
            [
              20.615361,
              40.081017
            ],
            [
              20.577793,
              40.067271
            ],
            [
              20.552885,
              40.065411
            ],
            [
              20.499865,
              40.071457
            ],
            [
              20.481674,
              40.067788
            ],
            [
              20.465965,
              40.060812
            ],
            [
              20.432789,
              40.063809
            ],
            [
              20.413772,
              40.057194
            ],
            [
              20.400439,
              40.045257
            ],
            [
              20.38907,
              40.029444
            ],
            [
              20.380699,
              40.011667
            ],
            [
              20.376461,
              39.993736
            ],
            [
              20.359925,
              39.991048
            ],
            [
              20.310005,
              39.98986
            ],
            [
              20.297913,
              39.986914
            ],
            [
              20.302977,
              39.979111
            ],
            [
              20.317964,
              39.918391
            ],
            [
              20.323131,
              39.912397
            ],
            [
              20.346902,
              39.894259
            ],
            [
              20.392998,
              39.835451
            ],
            [
              20.397028,
              39.818087
            ],
            [
              20.388967,
              39.79814
            ],
            [
              20.371604,
              39.784291
            ],
            [
              20.35455,
              39.78579
            ],
            [
              20.336877,
              39.794006
            ],
            [
              20.299577,
              39.805056
            ],
            [
              20.298326,
              39.805427
            ],
            [
              20.288405,
              39.806615
            ],
            [
              20.280033,
              39.80398
            ],
            [
              20.273005,
              39.796487
            ],
            [
              20.275485,
              39.792404
            ],
            [
              20.281377,
              39.788167
            ],
            [
              20.284684,
              39.780312
            ],
            [
              20.283134,
              39.775144
            ],
            [
              20.276829,
              39.763155
            ],
            [
              20.275692,
              39.760055
            ],
            [
              20.278173,
              39.756748
            ],
            [
              20.285511,
              39.749668
            ],
            [
              20.287268,
              39.746671
            ],
            [
              20.291092,
              39.737937
            ],
            [
              20.296466,
              39.733493
            ],
            [
              20.299463,
              39.728222
            ],
            [
              20.296466,
              39.71737
            ],
            [
              20.28272,
              39.704399
            ],
            [
              20.264117,
              39.696079
            ],
            [
              20.249027,
              39.684814
            ],
            [
              20.24603,
              39.662903
            ],
            [
              20.237245,
              39.667037
            ],
            [
              20.228563,
              39.669156
            ],
            [
              20.220088,
              39.669156
            ],
            [
              20.212027,
              39.667037
            ],
            [
              20.204172,
              39.660319
            ],
            [
              20.203035,
              39.65262
            ],
            [
              20.203449,
              39.645333
            ],
            [
              20.199935,
              39.640062
            ],
            [
              20.184122,
              39.637013
            ],
            [
              20.163761,
              39.6443
            ],
            [
              20.135236,
              39.664195
            ],
            [
              20.089347,
              39.682799
            ],
            [
              20.049556,
              39.69272
            ],
            [
              20.01607,
              39.701402
            ],
            [
              19.999848,
              39.693508
            ],
            [
              19.996837,
              39.692572
            ],
            [
              19.99586,
              39.686713
            ],
            [
              19.989024,
              39.686713
            ],
            [
              19.983572,
              39.701361
            ],
            [
              19.98699,
              39.717963
            ],
            [
              20.002696,
              39.748236
            ],
            [
              19.985606,
              39.75373
            ],
            [
              19.980642,
              39.75731
            ],
            [
              19.99586,
              39.782945
            ],
            [
              20.014171,
              39.832953
            ],
            [
              20.016287,
              39.845038
            ],
            [
              20.009776,
              39.865668
            ],
            [
              19.999278,
              39.871405
            ],
            [
              19.983735,
              39.872382
            ],
            [
              19.961681,
              39.878567
            ],
            [
              19.960216,
              39.881049
            ],
            [
              19.959972,
              39.885077
            ],
            [
              19.958832,
              39.88935
            ],
            [
              19.954845,
              39.892808
            ],
            [
              19.941173,
              39.898993
            ],
            [
              19.931163,
              39.901923
            ],
            [
              19.914073,
              39.902411
            ],
            [
              19.906423,
              39.90644
            ],
            [
              19.906423,
              39.912665
            ],
            [
              19.921235,
              39.926947
            ],
            [
              19.931,
              39.934516
            ],
            [
              19.941173,
              39.940009
            ],
            [
              19.923839,
              39.952826
            ],
            [
              19.876801,
              40.022366
            ],
            [
              19.870453,
              40.034735
            ],
            [
              19.863455,
              40.045356
            ],
            [
              19.855235,
              40.049872
            ],
            [
              19.823253,
              40.050605
            ],
            [
              19.807384,
              40.052883
            ],
            [
              19.79656,
              40.057318
            ],
            [
              19.804535,
              40.063463
            ],
            [
              19.777354,
              40.077786
            ],
            [
              19.773123,
              40.071234
            ],
            [
              19.771658,
              40.068305
            ],
            [
              19.770518,
              40.063463
            ],
            [
              19.767263,
              40.072455
            ],
            [
              19.762462,
              40.07685
            ],
            [
              19.756358,
              40.079901
            ],
            [
              19.74936,
              40.084621
            ],
            [
              19.748057,
              40.088609
            ],
            [
              19.740896,
              40.100409
            ],
            [
              19.732677,
              40.110256
            ],
            [
              19.729015,
              40.108222
            ],
            [
              19.719086,
              40.116034
            ],
            [
              19.653168,
              40.132392
            ],
            [
              19.59783,
              40.157701
            ],
            [
              19.565766,
              40.179836
            ],
            [
              19.509288,
              40.194485
            ],
            [
              19.476248,
              40.21369
            ],
            [
              19.381114,
              40.295233
            ],
            [
              19.369965,
              40.309027
            ],
            [
              19.365082,
              40.317369
            ],
            [
              19.351573,
              40.362047
            ],
            [
              19.344249,
              40.374335
            ],
            [
              19.309255,
              40.400824
            ],
            [
              19.296886,
              40.41356
            ],
            [
              19.295177,
              40.417548
            ],
            [
              19.295177,
              40.418687
            ],
            [
              19.289561,
              40.420396
            ],
            [
              19.289561,
              40.427232
            ],
            [
              19.316173,
              40.437812
            ],
            [
              19.33253,
              40.43891
            ],
            [
              19.348155,
              40.43065
            ],
            [
              19.3838,
              40.397406
            ],
            [
              19.39324,
              40.386298
            ],
            [
              19.406505,
              40.362616
            ],
            [
              19.411957,
              40.34809
            ],
            [
              19.414236,
              40.334418
            ],
            [
              19.423595,
              40.330024
            ],
            [
              19.444591,
              40.333808
            ],
            [
              19.465587,
              40.341498
            ],
            [
              19.474946,
              40.348375
            ],
            [
              19.481619,
              40.439114
            ],
            [
              19.47877,
              40.453925
            ],
            [
              19.453136,
              40.465318
            ],
            [
              19.418793,
              40.491889
            ],
            [
              19.391368,
              40.521796
            ],
            [
              19.386404,
              40.54328
            ],
            [
              19.39324,
              40.537055
            ],
            [
              19.396007,
              40.529608
            ],
            [
              19.398611,
              40.520941
            ],
            [
              19.406749,
              40.522773
            ],
            [
              19.414236,
              40.522773
            ],
            [
              19.433604,
              40.505927
            ],
            [
              19.446056,
              40.511135
            ],
            [
              19.452647,
              40.529853
            ],
            [
              19.4546,
              40.55386
            ],
            [
              19.442149,
              40.573065
            ],
            [
              19.415701,
              40.583482
            ],
            [
              19.391612,
              40.578315
            ],
            [
              19.386404,
              40.550727
            ],
            [
              19.379242,
              40.566148
            ],
            [
              19.309825,
              40.644355
            ],
            [
              19.304373,
              40.653144
            ],
            [
              19.309337,
              40.665025
            ],
            [
              19.322927,
              40.674872
            ],
            [
              19.339041,
              40.684068
            ],
            [
              19.351573,
              40.694159
            ],
            [
              19.360525,
              40.709784
            ],
            [
              19.364513,
              40.726508
            ],
            [
              19.365571,
              40.785956
            ],
            [
              19.368826,
              40.802151
            ],
            [
              19.377778,
              40.812974
            ],
            [
              19.396251,
              40.817043
            ],
            [
              19.406749,
              40.820746
            ],
            [
              19.404063,
              40.829291
            ],
            [
              19.396739,
              40.83869
            ],
            [
              19.39324,
              40.844916
            ],
            [
              19.397634,
              40.852973
            ],
            [
              19.404796,
              40.86107
            ],
            [
              19.411388,
              40.867092
            ],
            [
              19.414236,
              40.868842
            ],
            [
              19.406261,
              40.880316
            ],
            [
              19.391124,
              40.89525
            ],
            [
              19.381196,
              40.908271
            ],
            [
              19.389822,
              40.913804
            ],
            [
              19.404959,
              40.918158
            ],
            [
              19.424571,
              40.939643
            ],
            [
              19.440929,
              40.948635
            ],
            [
              19.427013,
              40.936835
            ],
            [
              19.435395,
              40.913398
            ],
            [
              19.427257,
              40.893378
            ],
            [
              19.427257,
              40.87226
            ],
            [
              19.434744,
              40.87226
            ],
            [
              19.437836,
              40.886542
            ],
            [
              19.437673,
              40.88345
            ],
            [
              19.439138,
              40.880072
            ],
            [
              19.440929,
              40.87226
            ],
            [
              19.454112,
              40.88581
            ],
            [
              19.506602,
              40.905097
            ],
            [
              19.523448,
              40.92064
            ],
            [
              19.525157,
              40.945258
            ],
            [
              19.514659,
              40.964911
            ],
            [
              19.501475,
              40.982978
            ],
            [
              19.495453,
              41.002631
            ],
            [
              19.492035,
              40.976955
            ],
            [
              19.479666,
              40.953925
            ],
            [
              19.453868,
              40.923977
            ],
            [
              19.453461,
              40.928371
            ],
            [
              19.447765,
              40.934312
            ],
            [
              19.458507,
              40.942613
            ],
            [
              19.469981,
              40.956732
            ],
            [
              19.477224,
              40.975002
            ],
            [
              19.474946,
              40.995795
            ],
            [
              19.469981,
              41.000718
            ],
            [
              19.453787,
              41.005845
            ],
            [
              19.447765,
              41.009467
            ],
            [
              19.440603,
              41.020657
            ],
            [
              19.441254,
              41.026028
            ],
            [
              19.445486,
              41.030707
            ],
            [
              19.456391,
              41.106676
            ],
            [
              19.451182,
              41.122707
            ],
            [
              19.445486,
              41.129462
            ],
            [
              19.441173,
              41.137356
            ],
            [
              19.441905,
              41.143866
            ],
            [
              19.463715,
              41.151313
            ],
            [
              19.467133,
              41.162665
            ],
            [
              19.467133,
              41.176174
            ],
            [
              19.468761,
              41.187567
            ],
            [
              19.509532,
              41.237291
            ],
            [
              19.516612,
              41.256415
            ],
            [
              19.513357,
              41.276679
            ],
            [
              19.50294,
              41.294135
            ],
            [
              19.488048,
              41.306464
            ],
            [
              19.471934,
              41.311103
            ],
            [
              19.450043,
              41.311103
            ],
            [
              19.431651,
              41.313707
            ],
            [
              19.418956,
              41.322577
            ],
            [
              19.414236,
              41.341498
            ],
            [
              19.414236,
              41.382799
            ],
            [
              19.410818,
              41.391669
            ],
            [
              19.396007,
              41.402045
            ],
            [
              19.39324,
              41.41352
            ],
            [
              19.406423,
              41.400377
            ],
            [
              19.428722,
              41.401313
            ],
            [
              19.44516,
              41.415188
            ],
            [
              19.440929,
              41.440863
            ],
            [
              19.46461,
              41.450873
            ],
            [
              19.489268,
              41.466132
            ],
            [
              19.508637,
              41.486884
            ],
            [
              19.516612,
              41.513414
            ],
            [
              19.514171,
              41.529975
            ],
            [
              19.507172,
              41.536282
            ],
            [
              19.496349,
              41.538764
            ],
            [
              19.482432,
              41.54385
            ],
            [
              19.468028,
              41.554267
            ],
            [
              19.451996,
              41.574774
            ],
            [
              19.440929,
              41.585395
            ],
            [
              19.528087,
              41.576565
            ],
            [
              19.556407,
              41.583075
            ],
            [
              19.565196,
              41.58511
            ],
            [
              19.584809,
              41.619574
            ],
            [
              19.591645,
              41.619574
            ],
            [
              19.592296,
              41.608588
            ],
            [
              19.596039,
              41.602729
            ],
            [
              19.603038,
              41.601752
            ],
            [
              19.612966,
              41.605292
            ],
            [
              19.604991,
              41.632148
            ],
            [
              19.600108,
              41.639106
            ],
            [
              19.591645,
              41.632636
            ],
            [
              19.587087,
              41.640692
            ],
            [
              19.557628,
              41.660549
            ],
            [
              19.578136,
              41.687649
            ],
            [
              19.576345,
              41.71894
            ],
            [
              19.571137,
              41.752387
            ],
            [
              19.5713,
              41.770413
            ],
            [
              19.589529,
              41.765692
            ],
            [
              19.598969,
              41.778713
            ],
            [
              19.599783,
              41.79975
            ],
            [
              19.591645,
              41.818793
            ],
            [
              19.585216,
              41.818549
            ],
            [
              19.465505,
              41.855455
            ],
            [
              19.451182,
              41.862535
            ],
            [
              19.432953,
              41.868598
            ],
            [
              19.365082,
              41.852362
            ],
            [
              19.364223,
              41.862846
            ],
            [
              19.364947,
              41.888995
            ],
            [
              19.356989,
              41.89964
            ],
            [
              19.347687,
              41.906358
            ],
            [
              19.34531,
              41.910337
            ],
            [
              19.34593,
              41.914471
            ],
            [
              19.345413,
              41.921189
            ],
            [
              19.346653,
              41.926176
            ],
            [
              19.350477,
              41.931369
            ],
            [
              19.352854,
              41.938501
            ],
            [
              19.346447,
              41.961548
            ],
            [
              19.351614,
              41.965166
            ],
            [
              19.359779,
              41.965993
            ],
            [
              19.365774,
              41.969713
            ],
            [
              19.371045,
              41.98656
            ],
            [
              19.363707,
              41.993484
            ],
            [
              19.363396,
              41.993639
            ],
            [
              19.354198,
              42.008703
            ],
            [
              19.350581,
              42.027823
            ],
            [
              19.351718,
              42.047615
            ],
            [
              19.356575,
              42.064798
            ],
            [
              19.374869,
              42.094667
            ],
            [
              19.372491,
              42.104253
            ],
            [
              19.369998,
              42.106507
            ],
            [
              19.355025,
              42.12004
            ],
            [
              19.297767,
              42.151666
            ],
            [
              19.282058,
              42.164559
            ],
            [
              19.281956,
              42.164723
            ],
            [
              19.272033,
              42.180682
            ],
            [
              19.274926,
              42.191276
            ],
            [
              19.304589,
              42.215099
            ],
            [
              19.400397,
              42.325893
            ],
            [
              19.401327,
              42.331061
            ],
            [
              19.400707,
              42.344755
            ],
            [
              19.402671,
              42.352015
            ],
            [
              19.412076,
              42.368397
            ],
            [
              19.417243,
              42.374107
            ],
            [
              19.468403,
              42.41811
            ],
            [
              19.481735,
              42.434491
            ],
            [
              19.501476,
              42.444129
            ],
            [
              19.517806,
              42.45803
            ],
            [
              19.531655,
              42.474773
            ],
            [
              19.543747,
              42.493402
            ],
            [
              19.543747,
              42.493557
            ],
            [
              19.549328,
              42.508595
            ],
            [
              19.561317,
              42.516243
            ],
            [
              19.575683,
              42.522341
            ],
            [
              19.588086,
              42.532857
            ],
            [
              19.593667,
              42.54482
            ],
            [
              19.599248,
              42.571046
            ],
            [
              19.605035,
              42.584844
            ],
            [
              19.621779,
              42.604997
            ],
            [
              19.647927,
              42.627838
            ],
            [
              19.658037,
              42.634613
            ],
            [
              19.676039,
              42.646675
            ],
            [
              19.699293,
              42.654814
            ],
            [
              19.722134,
              42.64608
            ],
            [
              19.737534,
              42.624402
            ],
            [
              19.746009,
              42.5989
            ],
            [
              19.746885,
              42.58893
            ],
            [
              19.747766,
              42.578901
            ],
            [
              19.746009,
              42.579934
            ],
            [
              19.741358,
              42.574405
            ],
            [
              19.733916,
              42.562597
            ],
            [
              19.732159,
              42.555543
            ],
            [
              19.730299,
              42.540428
            ],
            [
              19.730919,
              42.533658
            ],
            [
              19.73433,
              42.524382
            ],
            [
              19.75159,
              42.493402
            ],
            [
              19.784456,
              42.474566
            ],
            [
              19.801406,
              42.468132
            ],
            [
              19.819596,
              42.466479
            ],
            [
              19.829063,
              42.468723
            ],
            [
              19.835512,
              42.470251
            ],
            [
              19.873339,
              42.486839
            ],
            [
              19.882538,
              42.493402
            ],
            [
              19.882745,
              42.493609
            ],
            [
              19.907549,
              42.506399
            ],
            [
              19.956332,
              42.505314
            ],
            [
              19.981757,
              42.510765
            ],
            [
              20.017723,
              42.546241
            ],
            [
              20.039221,
              42.557765
            ],
            [
              20.064956,
              42.546758
            ],
            [
              20.085626,
              42.530015
            ],
            [
              20.135546,
              42.509629
            ],
            [
              20.152392,
              42.493712
            ],
            [
              20.152599,
              42.493712
            ],
            [
              20.152599,
              42.493609
            ],
            [
              20.152702,
              42.493402
            ],
            [
              20.180814,
              42.443095
            ],
            [
              20.186292,
              42.437437
            ],
            [
              20.199728,
              42.427799
            ],
            [
              20.204689,
              42.420099
            ],
            [
              20.204379,
              42.411831
            ],
            [
              20.194043,
              42.4001
            ],
            [
              20.192803,
              42.393693
            ],
            [
              20.197454,
              42.38744
            ],
            [
              20.21306,
              42.377518
            ],
            [
              20.218848,
              42.371446
            ],
            [
              20.221225,
              42.36372
            ],
            [
              20.219468,
              42.350207
            ],
            [
              20.220915,
              42.343101
            ],
            [
              20.229597,
              42.32672
            ],
            [
              20.237762,
              42.319924
            ],
            [
              20.249647,
              42.318607
            ],
            [
              20.317964,
              42.319821
            ],
            [
              20.333363,
              42.317883
            ],
            [
              20.456973,
              42.250497
            ],
            [
              20.473665,
              42.237123
            ],
            [
              20.481674,
              42.230705
            ],
            [
              20.500795,
              42.211223
            ],
            [
              20.538622,
              42.150116
            ],
            [
              20.549371,
              42.123476
            ],
            [
              20.551954,
              42.105803
            ],
            [
              20.552161,
              42.07379
            ],
            [
              20.558259,
              42.055109
            ],
            [
              20.589678,
              41.993639
            ],
            [
              20.594329,
              41.973718
            ],
            [
              20.59929,
              41.960567
            ],
            [
              20.59929,
              41.94788
            ],
            [
              20.588748,
              41.929586
            ],
            [
              20.580583,
              41.921732
            ],
            [
              20.573348,
              41.917675
            ],
            [
              20.567251,
              41.912172
            ],
            [
              20.562496,
              41.900105
            ],
            [
              20.562703,
              41.892845
            ],
            [
              20.567767,
              41.88052
            ],
            [
              20.567147,
              41.873182
            ]
          ]
        ]
      },
      "properties": {
        "id": "z0A7",
        "status": "validé",
        "pieces": [
          {
            "kind": "country"
          }
        ]
      }
    }
  ]
}