{"type": "FeatureCollection", "features": [{"type": "Feature", "geometry": {"type": "MultiPolygon", "coordinates": [[[[-90.401, 15.07316], [-90.401, 15.03604], [-90.34607, 14.99361], [-90.401, 14.92995], [-90.42297, 14.86097], [-90.43396, 14.79196], [-90.44495, 14.71763], [-90.42847, 14.67514], [-90.42847, 14.63264], [-90.45593, 14.58482], [-90.53284, 14.56356], [-90.59326, 14.60076], [-90.63171, 14.66983], [-90.63171, 14.69638], [-90.69214, 14.79199], [-90.5658, 14.9565], [-90.5658, 15.05727], [-90.5603, 15.13679], [-90.46143, 15.16859], [-90.30762, 15.16329], [-90.18677, 15.13149], [-90.12085, 15.04667], [-90.401, 15.07316]]], [[[-89.90353, 15.31898], [-89.84928, 15.33023], [-89.81873, 15.3299], [-89.76826, 15.33487], [-89.70268, 15.35406], [-89.65599, 15.38814], [-89.62475, 15.43942], [-89.59591, 15.451], [-89.59969, 15.43711], [-89.63196, 15.40766], [-89.65324, 15.37292], [-89.70303, 15.33983], [-89.76482, 15.32725], [-89.79916, 15.31964], [-89.82216, 15.32443], [-89.85924, 15.32128], [-89.86919, 15.31119], [-89.88224, 15.31648], [-89.90438, 15.31466], [-89.91365, 15.3054], [-89.92001, 15.31103], [-89.90353, 15.31898]]], [[[-90.35946, 15.50828], [-90.36049, 15.52216], [-90.33543, 15.53605], [-90.33234, 15.54399], [-90.34641, 15.54266], [-90.36152, 15.56118], [-90.42915, 15.60547], [-90.4525, 15.63423], [-90.41714, 15.68776], [-90.43877, 15.72952], [-90.42778, 15.76915], [-90.41336, 15.77378], [-90.39997, 15.7926], [-90.35465, 15.7926], [-90.30281, 15.80845], [-90.28564, 15.88539], [-90.26848, 15.89265], [-90.23277, 15.90454], [-90.10849, 15.88276], [-90.10918, 15.9085], [-90.16479, 16.00221], [-90.19295, 16.00683], [-90.18951, 16.14491], [-90.18677, 16.33997], [-90.12909, 16.34128], [-90.1387, 16.48218], [-90.19638, 16.52298], [-90.19089, 16.54272], [-90.17853, 16.5572], [-90.19363, 16.63613], [-90.13733, 16.77418], [-90.09064, 16.82412], [-90.04944, 16.82543], [-90.00412, 16.85835], [-89.98627, 16.88594], [-89.94438, 16.89054], [-89.91005, 16.93059], [-89.86954, 16.91812], [-89.81392, 16.90498], [-89.71985, 16.91483], [-89.69238, 16.97721], [-89.67796, 16.97261], [-89.6965, 16.91221], [-89.73564, 16.89119], [-89.81186, 16.88988], [-89.87503, 16.90433], [-89.90044, 16.92337], [-89.9176, 16.90104], [-89.92996, 16.88594], [-89.95949, 16.86426], [-89.98833, 16.86295], [-90.01579, 16.82419], [-90.08102, 16.80054], [-90.12634, 16.74731], [-90.15656, 16.67237], [-90.17303, 16.63226], [-90.16068, 16.57701], [-90.16136, 16.55069], [-90.16136, 16.53358], [-90.1181, 16.50134], [-90.10986, 16.44737], [-90.10231, 16.34136], [-90.12016, 16.3104], [-90.1593, 16.31501], [-90.17509, 16.01836], [-90.149, 16.0078], [-90.1284, 15.957], [-90.09956, 15.92268], [-90.08995, 15.87961], [-90.09956, 15.86707], [-90.1593, 15.87697], [-90.23964, 15.88754], [-90.26779, 15.87235], [-90.28358, 15.85447], [-90.27946, 15.81155], [-90.31723, 15.78381], [-90.35912, 15.77324], [-90.38933, 15.77588], [-90.40512, 15.75276], [-90.41611, 15.74351], [-90.39963, 15.69264], [-90.41817, 15.64175], [-90.42709, 15.62655], [-90.36598, 15.59019], [-90.34195, 15.56705], [-90.32341, 15.54259], [-90.33165, 15.52143], [-90.36907, 15.4838], [-90.37697, 15.49273], [-90.35946, 15.50828]]]]}, "properties": {"id": "2nYg", "status": "validé", "pieces": [{"kind": "polygon", "ring": [[-89.91365, 15.3054], [-89.90438, 15.31466], [-89.88224, 15.31648], [-89.86919, 15.31119], [-89.85924, 15.32128], [-89.82216, 15.32443], [-89.79916, 15.31964], [-89.76482, 15.32725], [-89.70303, 15.33983], [-89.65324, 15.37292], [-89.63196, 15.40766], [-89.59969, 15.43711], [-89.59591, 15.451], [-89.62475, 15.43942], [-89.65599, 15.38814], [-89.70268, 15.35406], [-89.76826, 15.33487], [-89.81873, 15.3299], [-89.84928, 15.33023], [-89.90353, 15.31898], [-89.92001, 15.31103]]}, {"kind": "polygon", "ring": [[-90.36907, 15.4838], [-90.37697, 15.49273], [-90.35946, 15.50828], [-90.36049, 15.52216], [-90.33543, 15.53605], [-90.33234, 15.54399], [-90.34641, 15.54266], [-90.36152, 15.56118], [-90.42915, 15.60547], [-90.4525, 15.63423], [-90.41714, 15.68776], [-90.43877, 15.72952], [-90.42778, 15.76915], [-90.41336, 15.77378], [-90.39997, 15.7926], [-90.35465, 15.7926], [-90.30281, 15.80845], [-90.28564, 15.88539], [-90.26848, 15.89265], [-90.23277, 15.90454], [-90.10849, 15.88276], [-90.10918, 15.9085], [-90.16479, 16.00221], [-90.19295, 16.00683], [-90.18951, 16.14491], [-90.18677, 16.33997], [-90.12909, 16.34128], [-90.1387, 16.48218], [-90.19638, 16.52298], [-90.19089, 16.54272], [-90.17853, 16.5572], [-90.19363, 16.63613], [-90.13733, 16.77418], [-90.09064, 16.82412], [-90.04944, 16.82543], [-90.00412, 16.85835], [-89.98627, 16.88594], [-89.94438, 16.89054], [-89.91005, 16.93059], [-89.86954, 16.91812], [-89.81392, 16.90498], [-89.71985, 16.91483], [-89.69238, 16.97721], [-89.67796, 16.97261], [-89.6965, 16.91221], [-89.73564, 16.89119], [-89.81186, 16.88988], [-89.87503, 16.90433], [-89.90044, 16.92337], [-89.9176, 16.90104], [-89.92996, 16.88594], [-89.95949, 16.86426], [-89.98833, 16.86295], [-90.01579, 16.82419], [-90.08102, 16.80054], [-90.12634, 16.74731], [-90.15656, 16.67237], [-90.17303, 16.63226], [-90.16068, 16.57701], [-90.16136, 16.55069], [-90.16136, 16.53358], [-90.1181, 16.50134], [-90.10986, 16.44737], [-90.10231, 16.34136], [-90.12016, 16.3104], [-90.1593, 16.31501], [-90.17509, 16.01836], [-90.149, 16.0078], [-90.1284, 15.957], [-90.09956, 15.92268], [-90.08995, 15.87961], [-90.09956, 15.86707], [-90.1593, 15.87697], [-90.23964, 15.88754], [-90.26779, 15.87235], [-90.28358, 15.85447], [-90.27946, 15.81155], [-90.31723, 15.78381], [-90.35912, 15.77324], [-90.38933, 15.77588], [-90.40512, 15.75276], [-90.41611, 15.74351], [-90.39963, 15.69264], [-90.41817, 15.64175], [-90.42709, 15.62655], [-90.36598, 15.59019], [-90.34195, 15.56705], [-90.32341, 15.54259], [-90.33165, 15.52143]]}, {"kind": "polygon", "ring": [[-90.12085, 15.04667], [-90.18677, 15.13149], [-90.30762, 15.16329], [-90.46143, 15.16859], [-90.5603, 15.13679], [-90.5658, 15.05727], [-90.5658, 14.9565], [-90.69214, 14.79199], [-90.63171, 14.69638], [-90.63171, 14.66983], [-90.59326, 14.60076], [-90.53284, 14.56356], [-90.45593, 14.58482], [-90.42847, 14.63264], [-90.42847, 14.67514], [-90.44495, 14.71763], [-90.43396, 14.79196], [-90.42297, 14.86097], [-90.401, 14.92995], [-90.34607, 14.99361], [-90.401, 15.03604], [-90.401, 15.07316]]}]}}, {"type": "Feature", "geometry": {"type": "Polygon", "coordinates": [[[-89.36162, 14.41548], [-89.36182, 14.41551], [-89.39061, 14.43599], [-89.3917, 14.43372], [-89.39686, 14.42605], [-89.39818, 14.44537], [-89.40836, 14.44152], [-89.4311, 14.41871], [-89.44683, 14.41553], [-89.45813, 14.41959], [-89.46942, 14.42537], [-89.48528, 14.42739], [-89.49615, 14.4229], [-89.50303, 14.42005], [-89.52776, 14.39106], [-89.54135, 14.38153], [-89.54425, 14.40005], [-89.55518, 14.41083], [-89.56988, 14.41202], [-89.58406, 14.40181], [-89.59057, 14.38597], [-89.58628, 14.37468], [-89.57897, 14.36478], [-89.57608, 14.35313], [-89.58241, 14.34336], [-89.59243, 14.33639], [-89.59835, 14.32799], [-89.59217, 14.31383], [-89.57127, 14.31114], [-89.56437, 14.30815], [-89.55859, 14.30282], [-89.55569, 14.29903], [-89.54988, 14.28828], [-89.54859, 14.2836], [-89.54678, 14.26833], [-89.54492, 14.26182], [-89.54055, 14.25761], [-89.52786, 14.25146], [-89.52466, 14.24737], [-89.52451, 14.23177], [-89.53094, 14.22557], [-89.63832, 14.20056], [-89.66463, 14.18885], [-89.68984, 14.17001], [-89.70987, 14.14872], [-89.75261, 14.07524], [-89.75545, 14.06708], [-89.75446, 14.0594], [-89.74801, 14.0449], [-89.74726, 14.0432], [-89.74764, 14.03765], [-89.76227, 14.03], [-89.77694, 14.03579], [-89.80296, 14.05547], [-89.8211, 14.06007], [-89.83585, 14.05909], [-89.88012, 14.04268], [-89.89079, 14.03589], [-89.91208, 14.01519], [-90.00817, 13.94969], [-90.02298, 13.93695], [-90.03148, 13.92292], [-90.03809, 13.90838], [-90.04737, 13.89429], [-90.05964, 13.88471], [-90.08708, 13.87047], [-90.09904, 13.85851], [-90.10698, 13.84407], [-90.1123, 13.82825], [-90.11478, 13.812], [-90.11431, 13.79627], [-90.09831, 13.7314], [-90.09833, 13.73141], [-90.24555, 13.79073], [-90.40116, 13.85859], [-90.50021, 13.8947], [-90.58041, 13.91327], [-90.63802, 13.92236], [-90.70728, 13.92889], [-90.78462, 13.92154], [-90.79625, 13.91816], [-90.91033, 13.91113], [-91.04374, 13.91358], [-91.16576, 13.9267], [-91.31646, 13.95568], [-91.55187, 14.05728], [-91.63711, 14.10444], [-91.76256, 14.18017], [-91.90819, 14.28384], [-92.04959, 14.40803], [-92.24626, 14.54628], [-92.2261, 14.54935], [-92.20806, 14.57051], [-92.18607, 14.62957], [-92.16473, 14.66815], [-92.1608, 14.6835], [-92.16173, 14.70233], [-92.17938, 14.75158], [-92.1801, 14.75879], [-92.17881, 14.77339], [-92.17938, 14.78124], [-92.18866, 14.80589], [-92.19083, 14.81424], [-92.19165, 14.8353], [-92.1868, 14.84726], [-92.16602, 14.87082], [-92.15468, 14.9008], [-92.15757, 14.96304], [-92.15421, 14.99593], [-92.14236, 15.00748], [-92.12988, 15.01094], [-92.11698, 15.01239], [-92.10383, 15.01787], [-92.0936, 15.02942], [-92.07381, 15.07371], [-92.20336, 15.23716], [-92.21093, 15.25336], [-92.21129, 15.27207], [-92.20465, 15.28951], [-92.18618, 15.32038], [-92.13745, 15.40183], [-92.10593, 15.45447], [-92.06854, 15.51694], [-91.9896, 15.64897], [-91.91056, 15.78095], [-91.84168, 15.89608], [-91.79297, 15.97758], [-91.77447, 16.00843], [-91.75189, 16.04631], [-91.73985, 16.06098], [-91.72378, 16.06879], [-91.6784, 16.06889], [-91.54048, 16.06915], [-91.40261, 16.0693], [-91.26479, 16.06951], [-91.12691, 16.06977], [-90.9948, 16.06987], [-90.98899, 16.06987], [-90.85112, 16.07013], [-90.7133, 16.07034], [-90.57547, 16.0706], [-90.48574, 16.0707], [-90.46615, 16.07292], [-90.44819, 16.07926], [-90.44784, 16.07969], [-90.44416, 16.08465], [-90.43742, 16.09886], [-90.43448, 16.10718], [-90.44021, 16.10486], [-90.44274, 16.10419], [-90.44453, 16.10326], [-90.44814, 16.09974], [-90.45558, 16.09974], [-90.45949, 16.11679], [-90.4353, 16.13628], [-90.44814, 16.14821], [-90.44814, 16.15442], [-90.42613, 16.16315], [-90.43272, 16.17323], [-90.46181, 16.18914], [-90.46558, 16.20811], [-90.45851, 16.22175], [-90.44623, 16.23084], [-90.43448, 16.23632], [-90.44799, 16.24149], [-90.45783, 16.24914], [-90.45943, 16.25906], [-90.44814, 16.2711], [-90.44373, 16.26686], [-90.44062, 16.26531], [-90.42768, 16.26361], [-90.43143, 16.26893], [-90.43752, 16.28004], [-90.4413, 16.28536], [-90.43675, 16.28485], [-90.43551, 16.28624], [-90.43551, 16.28877], [-90.43448, 16.29156], [-90.42856, 16.28764], [-90.42024, 16.28536], [-90.41406, 16.28784], [-90.41401, 16.29839], [-90.42019, 16.29601], [-90.43473, 16.30123], [-90.44489, 16.30836], [-90.43789, 16.31208], [-90.41946, 16.31782], [-90.40468, 16.33151], [-90.39879, 16.34758], [-90.40719, 16.36045], [-90.41401, 16.36045], [-90.41401, 16.35301], [-90.42081, 16.35301], [-90.41822, 16.36717], [-90.40874, 16.37233], [-90.39512, 16.3714], [-90.37985, 16.36727], [-90.39138, 16.38598], [-90.3927, 16.39171], [-90.3929, 16.40484], [-90.39492, 16.41921], [-90.4006, 16.42055], [-90.40946, 16.41667], [-90.42081, 16.41512], [-90.4267, 16.41771], [-90.43411, 16.42241], [-90.44437, 16.4268], [-90.47584, 16.43073], [-90.47843, 16.43641], [-90.47708, 16.44499], [-90.4823, 16.45605], [-90.48822, 16.46158], [-90.49775, 16.46804], [-90.50892, 16.47109], [-90.53289, 16.45993], [-90.53907, 16.46887], [-90.54372, 16.49021], [-90.55341, 16.49026], [-90.57935, 16.48277], [-90.58472, 16.48024], [-90.59062, 16.48339], [-90.60467, 16.48618], [-90.62074, 16.48675], [-90.63309, 16.48334], [-90.62787, 16.4929], [-90.61899, 16.50008], [-90.61206, 16.50762], [-90.61263, 16.51811], [-90.62415, 16.52494], [-90.6395, 16.52587], [-90.64818, 16.52959], [-90.63997, 16.54483], [-90.64353, 16.56101], [-90.63702, 16.5779], [-90.63376, 16.59217], [-90.64736, 16.60007], [-90.65025, 16.59341], [-90.65361, 16.5901], [-90.65883, 16.58845], [-90.6672, 16.587], [-90.6672, 16.5932], [-90.65402, 16.61661], [-90.66772, 16.65258], [-90.73531, 16.74658], [-90.74978, 16.75769], [-90.78559, 16.775], [-90.80037, 16.78683], [-90.79696, 16.79867], [-90.79696, 16.80543], [-90.8106, 16.81293], [-90.81996, 16.80533], [-90.83174, 16.80543], [-90.90062, 16.826], [-90.91907, 16.83634], [-90.94817, 16.86471], [-90.96889, 16.87437], [-90.95276, 16.89091], [-90.95519, 16.89876], [-90.96883, 16.90104], [-90.98625, 16.90109], [-90.98796, 16.8969], [-90.98429, 16.88776], [-90.98325, 16.87861], [-90.99307, 16.87437], [-90.99834, 16.87716], [-91.0109, 16.89029], [-91.01669, 16.89484], [-91.05493, 16.90801], [-91.06687, 16.91819], [-91.07131, 16.93892], [-91.07694, 16.94951], [-91.11224, 16.99049], [-91.11611, 16.99927], [-91.12123, 17.01839], [-91.12655, 17.0246], [-91.13715, 17.02651], [-91.16123, 17.02398], [-91.1712, 17.02801], [-91.20675, 17.06537], [-91.21595, 17.07922], [-91.22024, 17.08929], [-91.22536, 17.10702], [-91.2296, 17.11399], [-91.23879, 17.11922], [-91.2592, 17.12433], [-91.26313, 17.13074], [-91.26515, 17.14624], [-91.27083, 17.16428], [-91.27951, 17.18009], [-91.29042, 17.18908], [-91.31776, 17.19048], [-91.34452, 17.18634], [-91.36488, 17.18975], [-91.37295, 17.21358], [-91.38835, 17.22159], [-91.41925, 17.22773], [-91.4425, 17.23797], [-91.43826, 17.25368], [-91.43077, 17.25497], [-90.99199, 17.25192], [-90.99144, 17.52694], [-90.9909, 17.80196], [-90.98284, 17.81054], [-90.96222, 17.81602], [-90.91912, 17.81602], [-90.69924, 17.81581], [-90.47946, 17.81561], [-90.25965, 17.81535], [-90.03977, 17.81514], [-89.82002, 17.81499], [-89.60016, 17.81473], [-89.3803, 17.81452], [-89.1605, 17.81431], [-89.15622, 17.59824], [-89.15073, 17.32103], [-89.1492, 17.03627], [-89.16607, 16.77701], [-89.18435, 16.49587], [-89.19314, 16.39263], [-89.20852, 16.18613], [-89.23413, 15.95495], [-89.23602, 15.90649], [-89.23651, 15.89391], [-89.22824, 15.88084], [-89.226, 15.88404], [-89.21654, 15.88864], [-89.20484, 15.89242], [-89.19576, 15.89293], [-89.17745, 15.90027], [-89.10091, 15.89681], [-89.07239, 15.90151], [-89.04032, 15.90172], [-88.95188, 15.87965], [-88.91397, 15.89395], [-88.90001, 15.88784], [-88.8662, 15.86034], [-88.83161, 15.86864], [-88.78734, 15.85908], [-88.75329, 15.83979], [-88.7495, 15.81879], [-88.7268, 15.81517], [-88.62597, 15.75389], [-88.63829, 15.70881], [-88.63622, 15.70209], [-88.60924, 15.70209], [-88.59838, 15.70612], [-88.5952, 15.71467], [-88.59634, 15.72215], [-88.5987, 15.72321], [-88.59899, 15.72736], [-88.60237, 15.7309], [-88.60558, 15.73554], [-88.60546, 15.74307], [-88.60045, 15.74457], [-88.59118, 15.74356], [-88.58218, 15.74502], [-88.5782, 15.75389], [-88.57433, 15.76996], [-88.5655, 15.78095], [-88.55606, 15.7895], [-88.55028, 15.79828], [-88.54906, 15.81367], [-88.55671, 15.83735], [-88.55769, 15.85293], [-88.55028, 15.85293], [-88.55065, 15.84248], [-88.55028, 15.83926], [-88.54406, 15.83926], [-88.53213, 15.84683], [-88.50304, 15.84138], [-88.48884, 15.84675], [-88.51195, 15.86758], [-88.52481, 15.87702], [-88.54328, 15.88516], [-88.55102, 15.89517], [-88.55769, 15.90656], [-88.56452, 15.91498], [-88.60757, 15.93842], [-88.61986, 15.95327], [-88.60546, 15.96963], [-88.5902, 15.96101], [-88.56184, 15.94904], [-88.55028, 15.94233], [-88.52123, 15.91275], [-88.50023, 15.90107], [-88.44791, 15.85871], [-88.34484, 15.81196], [-88.31103, 15.78242], [-88.3004, 15.77782], [-88.25634, 15.74038], [-88.22155, 15.7259], [-88.22094, 15.72565], [-88.23262, 15.72142], [-88.23575, 15.71243], [-88.23492, 15.70158], [-88.24159, 15.68824], [-88.24776, 15.69568], [-88.26499, 15.6886], [-88.2797, 15.68075], [-88.29559, 15.67501], [-88.31667, 15.6746], [-88.3223, 15.66726], [-88.35256, 15.6169], [-88.39899, 15.5728], [-88.46743, 15.52074], [-88.50002, 15.4959], [-88.58738, 15.4303], [-88.67419, 15.36506], [-88.7609, 15.29996], [-88.84703, 15.2353], [-88.97343, 15.14039], [-89.00828, 15.1244], [-89.10983, 15.09146], [-89.14052, 15.07639], [-89.14694, 15.07128], [-89.16081, 15.06025], [-89.17277, 15.04221], [-89.18858, 14.99609], [-89.1691, 14.97842], [-89.16915, 14.95206], [-89.18153, 14.92366], [-89.18922, 14.91306], [-89.19881, 14.89982], [-89.22362, 14.87902], [-89.23145, 14.86731], [-89.23243, 14.8485], [-89.22768, 14.83457], [-89.21897, 14.82168], [-89.19881, 14.79809], [-89.18941, 14.783], [-89.17055, 14.73879], [-89.15967, 14.72512], [-89.15052, 14.71729], [-89.14621, 14.71086], [-89.1445, 14.7083], [-89.14269, 14.69127], [-89.14523, 14.68345], [-89.15584, 14.67226], [-89.15941, 14.66598], [-89.15523, 14.6156], [-89.15574, 14.59784], [-89.16039, 14.58128], [-89.17215, 14.5704], [-89.1837, 14.56953], [-89.20881, 14.57795], [-89.22109, 14.58009], [-89.23811, 14.57795], [-89.24568, 14.57299], [-89.25054, 14.56518], [-89.25961, 14.55425], [-89.29093, 14.528], [-89.30485, 14.51335], [-89.3148, 14.49596], [-89.32304, 14.48746], [-89.34526, 14.48196], [-89.3555, 14.47545], [-89.36198, 14.4624], [-89.36379, 14.44656], [-89.36162, 14.41548]]]}, "properties": {"id": "7t14", "status": "validé", "pieces": [{"kind": "country"}]}}, {"type": "Feature", "geometry": {"type": "Polygon", "coordinates": [[[-89.36162, 14.41548], [-89.36182, 14.41551], [-89.39061, 14.43599], [-89.3917, 14.43372], [-89.39686, 14.42605], [-89.39818, 14.44537], [-89.40836, 14.44152], [-89.4311, 14.41871], [-89.44683, 14.41553], [-89.45813, 14.41959], [-89.46942, 14.42537], [-89.48528, 14.42739], [-89.49615, 14.4229], [-89.50303, 14.42005], [-89.52776, 14.39106], [-89.54135, 14.38153], [-89.54425, 14.40005], [-89.55518, 14.41083], [-89.56988, 14.41202], [-89.58406, 14.40181], [-89.59057, 14.38597], [-89.58628, 14.37468], [-89.57897, 14.36478], [-89.57608, 14.35313], [-89.58241, 14.34336], [-89.59243, 14.33639], [-89.59835, 14.32799], [-89.59217, 14.31383], [-89.57127, 14.31114], [-89.56437, 14.30815], [-89.55859, 14.30282], [-89.55569, 14.29903], [-89.54988, 14.28828], [-89.54859, 14.2836], [-89.54678, 14.26833], [-89.54492, 14.26182], [-89.54055, 14.25761], [-89.52786, 14.25146], [-89.52466, 14.24737], [-89.52451, 14.23177], [-89.53094, 14.22557], [-89.63832, 14.20056], [-89.66463, 14.18885], [-89.68984, 14.17001], [-89.70987, 14.14872], [-89.75261, 14.07524], [-89.75545, 14.06708], [-89.75446, 14.0594], [-89.74801, 14.0449], [-89.74726, 14.0432], [-89.74764, 14.03765], [-89.76227, 14.03], [-89.77694, 14.03579], [-89.80296, 14.05547], [-89.8211, 14.06007], [-89.83585, 14.05909], [-89.88012, 14.04268], [-89.89079, 14.03589], [-89.91208, 14.01519], [-90.00817, 13.94969], [-90.02298, 13.93695], [-90.03148, 13.92292], [-90.03809, 13.90838], [-90.04737, 13.89429], [-90.05964, 13.88471], [-90.08708, 13.87047], [-90.09904, 13.85851], [-90.10698, 13.84407], [-90.1123, 13.82825], [-90.11478, 13.812], [-90.11431, 13.79627], [-90.09831, 13.7314], [-90.09833, 13.73141], [-90.24555, 13.79073], [-90.40116, 13.85859], [-90.50021, 13.8947], [-90.58041, 13.91327], [-90.63802, 13.92236], [-90.70728, 13.92889], [-90.78462, 13.92154], [-90.79625, 13.91816], [-90.91033, 13.91113], [-91.04374, 13.91358], [-91.16576, 13.9267], [-91.31646, 13.95568], [-91.55187, 14.05728], [-91.63711, 14.10444], [-91.76256, 14.18017], [-91.90819, 14.28384], [-92.04959, 14.40803], [-92.24626, 14.54628], [-92.2261, 14.54935], [-92.20806, 14.57051], [-92.18607, 14.62957], [-92.16473, 14.66815], [-92.1608, 14.6835], [-92.16173, 14.70233], [-92.17938, 14.75158], [-92.1801, 14.75879], [-92.17881, 14.77339], [-92.17938, 14.78124], [-92.18866, 14.80589], [-92.19083, 14.81424], [-92.19165, 14.8353], [-92.1868, 14.84726], [-92.16602, 14.87082], [-92.15468, 14.9008], [-92.15757, 14.96304], [-92.15421, 14.99593], [-92.14236, 15.00748], [-92.12988, 15.01094], [-92.11698, 15.01239], [-92.10383, 15.01787], [-92.0936, 15.02942], [-92.07381, 15.07371], [-92.20336, 15.23716], [-92.21093, 15.25336], [-92.21129, 15.27207], [-92.20465, 15.28951], [-92.18618, 15.32038], [-92.13745, 15.40183], [-92.10593, 15.45447], [-92.06854, 15.51694], [-91.9896, 15.64897], [-91.91056, 15.78095], [-91.84168, 15.89608], [-91.79297, 15.97758], [-91.77447, 16.00843], [-91.75189, 16.04631], [-91.73985, 16.06098], [-91.72378, 16.06879], [-91.6784, 16.06889], [-91.54048, 16.06915], [-91.40261, 16.0693], [-91.26479, 16.06951], [-91.12691, 16.06977], [-90.9948, 16.06987], [-90.98899, 16.06987], [-90.85112, 16.07013], [-90.7133, 16.07034], [-90.57547, 16.0706], [-90.48574, 16.0707], [-90.46615, 16.07292], [-90.44819, 16.07926], [-90.44784, 16.07969], [-90.44416, 16.08465], [-90.43742, 16.09886], [-90.43448, 16.10718], [-90.44021, 16.10486], [-90.44274, 16.10419], [-90.44453, 16.10326], [-90.44814, 16.09974], [-90.45558, 16.09974], [-90.45949, 16.11679], [-90.4353, 16.13628], [-90.44814, 16.14821], [-90.44814, 16.15442], [-90.42613, 16.16315], [-90.43272, 16.17323], [-90.46181, 16.18914], [-90.46558, 16.20811], [-90.45851, 16.22175], [-90.44623, 16.23084], [-90.43448, 16.23632], [-90.44799, 16.24149], [-90.45783, 16.24914], [-90.45943, 16.25906], [-90.44814, 16.2711], [-90.44373, 16.26686], [-90.44062, 16.26531], [-90.42768, 16.26361], [-90.43143, 16.26893], [-90.43752, 16.28004], [-90.4413, 16.28536], [-90.43675, 16.28485], [-90.43551, 16.28624], [-90.43551, 16.28877], [-90.43448, 16.29156], [-90.42856, 16.28764], [-90.42024, 16.28536], [-90.41406, 16.28784], [-90.41401, 16.29839], [-90.42019, 16.29601], [-90.43473, 16.30123], [-90.44489, 16.30836], [-90.43789, 16.31208], [-90.41946, 16.31782], [-90.40468, 16.33151], [-90.39879, 16.34758], [-90.40719, 16.36045], [-90.41401, 16.36045], [-90.41401, 16.35301], [-90.42081, 16.35301], [-90.41822, 16.36717], [-90.40874, 16.37233], [-90.39512, 16.3714], [-90.37985, 16.36727], [-90.39138, 16.38598], [-90.3927, 16.39171], [-90.3929, 16.40484], [-90.39492, 16.41921], [-90.4006, 16.42055], [-90.40946, 16.41667], [-90.42081, 16.41512], [-90.4267, 16.41771], [-90.43411, 16.42241], [-90.44437, 16.4268], [-90.47584, 16.43073], [-90.47843, 16.43641], [-90.47708, 16.44499], [-90.4823, 16.45605], [-90.48822, 16.46158], [-90.49775, 16.46804], [-90.50892, 16.47109], [-90.53289, 16.45993], [-90.53907, 16.46887], [-90.54372, 16.49021], [-90.55341, 16.49026], [-90.57935, 16.48277], [-90.58472, 16.48024], [-90.59062, 16.48339], [-90.60467, 16.48618], [-90.62074, 16.48675], [-90.63309, 16.48334], [-90.62787, 16.4929], [-90.61899, 16.50008], [-90.61206, 16.50762], [-90.61263, 16.51811], [-90.62415, 16.52494], [-90.6395, 16.52587], [-90.64818, 16.52959], [-90.63997, 16.54483], [-90.64353, 16.56101], [-90.63702, 16.5779], [-90.63376, 16.59217], [-90.64736, 16.60007], [-90.65025, 16.59341], [-90.65361, 16.5901], [-90.65883, 16.58845], [-90.6672, 16.587], [-90.6672, 16.5932], [-90.65402, 16.61661], [-90.66772, 16.65258], [-90.73531, 16.74658], [-90.74978, 16.75769], [-90.78559, 16.775], [-90.80037, 16.78683], [-90.79696, 16.79867], [-90.79696, 16.80543], [-90.8106, 16.81293], [-90.81996, 16.80533], [-90.83174, 16.80543], [-90.90062, 16.826], [-90.91907, 16.83634], [-90.94817, 16.86471], [-90.96889, 16.87437], [-90.95276, 16.89091], [-90.95519, 16.89876], [-90.96883, 16.90104], [-90.98625, 16.90109], [-90.98796, 16.8969], [-90.98429, 16.88776], [-90.98325, 16.87861], [-90.99307, 16.87437], [-90.99834, 16.87716], [-91.0109, 16.89029], [-91.01669, 16.89484], [-91.05493, 16.90801], [-91.06687, 16.91819], [-91.07131, 16.93892], [-91.07694, 16.94951], [-91.11224, 16.99049], [-91.11611, 16.99927], [-91.12123, 17.01839], [-91.12655, 17.0246], [-91.13715, 17.02651], [-91.16123, 17.02398], [-91.1712, 17.02801], [-91.20675, 17.06537], [-91.21595, 17.07922], [-91.22024, 17.08929], [-91.22536, 17.10702], [-91.2296, 17.11399], [-91.23879, 17.11922], [-91.2592, 17.12433], [-91.26313, 17.13074], [-91.26515, 17.14624], [-91.27083, 17.16428], [-91.27951, 17.18009], [-91.29042, 17.18908], [-91.31776, 17.19048], [-91.34452, 17.18634], [-91.36488, 17.18975], [-91.37295, 17.21358], [-91.38835, 17.22159], [-91.41925, 17.22773], [-91.4425, 17.23797], [-91.43826, 17.25368], [-91.43077, 17.25497], [-90.99199, 17.25192], [-90.99144, 17.52694], [-90.9909, 17.80196], [-90.98284, 17.81054], [-90.96222, 17.81602], [-90.91912, 17.81602], [-90.69924, 17.81581], [-90.47946, 17.81561], [-90.25965, 17.81535], [-90.03977, 17.81514], [-89.82002, 17.81499], [-89.60016, 17.81473], [-89.3803, 17.81452], [-89.1605, 17.81431], [-89.15622, 17.59824], [-89.15073, 17.32103], [-89.1492, 17.03627], [-89.16607, 16.77701], [-89.18435, 16.49587], [-89.19314, 16.39263], [-89.20852, 16.18613], [-89.23413, 15.95495], [-89.23602, 15.90649], [-89.23651, 15.89391], [-89.22824, 15.88084], [-89.226, 15.88404], [-89.21654, 15.88864], [-89.20484, 15.89242], [-89.19576, 15.89293], [-89.17745, 15.90027], [-89.10091, 15.89681], [-89.07239, 15.90151], [-89.04032, 15.90172], [-88.95188, 15.87965], [-88.91397, 15.89395], [-88.90001, 15.88784], [-88.8662, 15.86034], [-88.83161, 15.86864], [-88.78734, 15.85908], [-88.75329, 15.83979], [-88.7495, 15.81879], [-88.7268, 15.81517], [-88.62597, 15.75389], [-88.63829, 15.70881], [-88.63622, 15.70209], [-88.60924, 15.70209], [-88.59838, 15.70612], [-88.5952, 15.71467], [-88.59634, 15.72215], [-88.5987, 15.72321], [-88.59899, 15.72736], [-88.60237, 15.7309], [-88.60558, 15.73554], [-88.60546, 15.74307], [-88.60045, 15.74457], [-88.59118, 15.74356], [-88.58218, 15.74502], [-88.5782, 15.75389], [-88.57433, 15.76996], [-88.5655, 15.78095], [-88.55606, 15.7895], [-88.55028, 15.79828], [-88.54906, 15.81367], [-88.55671, 15.83735], [-88.55769, 15.85293], [-88.55028, 15.85293], [-88.55065, 15.84248], [-88.55028, 15.83926], [-88.54406, 15.83926], [-88.53213, 15.84683], [-88.50304, 15.84138], [-88.48884, 15.84675], [-88.51195, 15.86758], [-88.52481, 15.87702], [-88.54328, 15.88516], [-88.55102, 15.89517], [-88.55769, 15.90656], [-88.56452, 15.91498], [-88.60757, 15.93842], [-88.61986, 15.95327], [-88.60546, 15.96963], [-88.5902, 15.96101], [-88.56184, 15.94904], [-88.55028, 15.94233], [-88.52123, 15.91275], [-88.50023, 15.90107], [-88.44791, 15.85871], [-88.34484, 15.81196], [-88.31103, 15.78242], [-88.3004, 15.77782], [-88.25634, 15.74038], [-88.22155, 15.7259], [-88.22094, 15.72565], [-88.23262, 15.72142], [-88.23575, 15.71243], [-88.23492, 15.70158], [-88.24159, 15.68824], [-88.24776, 15.69568], [-88.26499, 15.6886], [-88.2797, 15.68075], [-88.29559, 15.67501], [-88.31667, 15.6746], [-88.3223, 15.66726], [-88.35256, 15.6169], [-88.39899, 15.5728], [-88.46743, 15.52074], [-88.50002, 15.4959], [-88.58738, 15.4303], [-88.67419, 15.36506], [-88.7609, 15.29996], [-88.84703, 15.2353], [-88.97343, 15.14039], [-89.00828, 15.1244], [-89.10983, 15.09146], [-89.14052, 15.07639], [-89.14694, 15.07128], [-89.16081, 15.06025], [-89.17277, 15.04221], [-89.18858, 14.99609], [-89.1691, 14.97842], [-89.16915, 14.95206], [-89.18153, 14.92366], [-89.18922, 14.91306], [-89.19881, 14.89982], [-89.22362, 14.87902], [-89.23145, 14.86731], [-89.23243, 14.8485], [-89.22768, 14.83457], [-89.21897, 14.82168], [-89.19881, 14.79809], [-89.18941, 14.783], [-89.17055, 14.73879], [-89.15967, 14.72512], [-89.15052, 14.71729], [-89.14621, 14.71086], [-89.1445, 14.7083], [-89.14269, 14.69127], [-89.14523, 14.68345], [-89.15584, 14.67226], [-89.15941, 14.66598], [-89.15523, 14.6156], [-89.15574, 14.59784], [-89.16039, 14.58128], [-89.17215, 14.5704], [-89.1837, 14.56953], [-89.20881, 14.57795], [-89.22109, 14.58009], [-89.23811, 14.57795], [-89.24568, 14.57299], [-89.25054, 14.56518], [-89.25961, 14.55425], [-89.29093, 14.528], [-89.30485, 14.51335], [-89.3148, 14.49596], [-89.32304, 14.48746], [-89.34526, 14.48196], [-89.3555, 14.47545], [-89.36198, 14.4624], [-89.36379, 14.44656], [-89.36162, 14.41548]]]}, "properties": {"id": "HQly", "status": "validé", "pieces": [{"kind": "country"}]}}, {"type": "Feature", "geometry": {"type": "Polygon", "coordinates": [[[-91.95007, 14.67994], [-91.71936, 14.50459], [-91.41174, 14.39824], [-90.87341, 14.31845], [-90.4834, 14.12684], [-90.04045, 13.90479], [-90.04737, 13.89429], [-90.05964, 13.88471], [-90.08708, 13.87047], [-90.09904, 13.85851], [-90.10698, 13.84407], [-90.1123, 13.82825], [-90.11478, 13.812], [-90.11431, 13.79627], [-90.09831, 13.7314], [-90.09833, 13.73141], [-90.24555, 13.79073], [-90.40116, 13.85859], [-90.50021, 13.8947], [-90.58041, 13.91327], [-90.63802, 13.92236], [-90.70728, 13.92889], [-90.78462, 13.92154], [-90.79625, 13.91816], [-90.91033, 13.91113], [-91.04374, 13.91358], [-91.16576, 13.9267], [-91.31646, 13.95568], [-91.55187, 14.05728], [-91.63711, 14.10444], [-91.76256, 14.18017], [-91.90819, 14.28384], [-92.04959, 14.40803], [-92.24626, 14.54628], [-92.2261, 14.54935], [-92.20806, 14.57051], [-92.18607, 14.62957], [-92.16473, 14.66815], [-92.1608, 14.6835], [-92.16173, 14.70233], [-92.17938, 14.75158], [-92.1801, 14.75879], [-92.17881, 14.77339], [-92.17938, 14.78124], [-92.18866, 14.80589], [-92.19083, 14.81424], [-92.19165, 14.8353], [-92.1868, 14.84726], [-92.17777, 14.8575], [-92.14783, 14.85516], [-91.95007, 14.67994]]]}, "properties": {"id": "HmBj", "status": "validé", "pieces": [{"kind": "polygon", "ring": [[-92.14783, 14.85516], [-91.95007, 14.67994], [-91.71936, 14.50459], [-91.41174, 14.39824], [-90.87341, 14.31845], [-90.4834, 14.12684], [-89.99451, 13.88176], [-90.06042, 13.42823], [-92.22473, 14.11619], [-92.55432, 14.887]]}, {"kind": "clip"}]}}, {"type": "Feature", "geometry": {"type": "Polygon", "coordinates": [[[-89.36162, 14.41548], [-89.36182, 14.41551], [-89.39061, 14.43599], [-89.3917, 14.43372], [-89.39686, 14.42605], [-89.39818, 14.44537], [-89.40836, 14.44152], [-89.4311, 14.41871], [-89.44683, 14.41553], [-89.45813, 14.41959], [-89.46942, 14.42537], [-89.48528, 14.42739], [-89.49615, 14.4229], [-89.50303, 14.42005], [-89.52776, 14.39106], [-89.54135, 14.38153], [-89.54425, 14.40005], [-89.55518, 14.41083], [-89.56988, 14.41202], [-89.58406, 14.40181], [-89.59057, 14.38597], [-89.58628, 14.37468], [-89.57897, 14.36478], [-89.57608, 14.35313], [-89.58241, 14.34336], [-89.59243, 14.33639], [-89.59835, 14.32799], [-89.59217, 14.31383], [-89.57127, 14.31114], [-89.56437, 14.30815], [-89.55859, 14.30282], [-89.55569, 14.29903], [-89.54988, 14.28828], [-89.54859, 14.2836], [-89.54678, 14.26833], [-89.54492, 14.26182], [-89.54055, 14.25761], [-89.52786, 14.25146], [-89.52466, 14.24737], [-89.52451, 14.23177], [-89.53094, 14.22557], [-89.63832, 14.20056], [-89.66463, 14.18885], [-89.68984, 14.17001], [-89.70987, 14.14872], [-89.75261, 14.07524], [-89.75545, 14.06708], [-89.75446, 14.0594], [-89.74801, 14.0449], [-89.74726, 14.0432], [-89.74764, 14.03765], [-89.76227, 14.03], [-89.77694, 14.03579], [-89.80296, 14.05547], [-89.8211, 14.06007], [-89.83585, 14.05909], [-89.88012, 14.04268], [-89.89079, 14.03589], [-89.91208, 14.01519], [-90.00817, 13.94969], [-90.02298, 13.93695], [-90.03148, 13.92292], [-90.03809, 13.90838], [-90.04737, 13.89429], [-90.05964, 13.88471], [-90.08708, 13.87047], [-90.09904, 13.85851], [-90.10698, 13.84407], [-90.1123, 13.82825], [-90.11478, 13.812], [-90.11431, 13.79627], [-90.09831, 13.7314], [-90.09833, 13.73141], [-90.24555, 13.79073], [-90.40116, 13.85859], [-90.50021, 13.8947], [-90.58041, 13.91327], [-90.63802, 13.92236], [-90.70728, 13.92889], [-90.78462, 13.92154], [-90.79625, 13.91816], [-90.91033, 13.91113], [-91.04374, 13.91358], [-91.16576, 13.9267], [-91.31646, 13.95568], [-91.55187, 14.05728], [-91.63711, 14.10444], [-91.76256, 14.18017], [-91.90819, 14.28384], [-92.04959, 14.40803], [-92.24626, 14.54628], [-92.2261, 14.54935], [-92.20806, 14.57051], [-92.18607, 14.62957], [-92.16473, 14.66815], [-92.1608, 14.6835], [-92.16173, 14.70233], [-92.17938, 14.75158], [-92.1801, 14.75879], [-92.17881, 14.77339], [-92.17938, 14.78124], [-92.18866, 14.80589], [-92.19083, 14.81424], [-92.19165, 14.8353], [-92.1868, 14.84726], [-92.16602, 14.87082], [-92.15468, 14.9008], [-92.15757, 14.96304], [-92.15421, 14.99593], [-92.14236, 15.00748], [-92.12988, 15.01094], [-92.11698, 15.01239], [-92.10383, 15.01787], [-92.0936, 15.02942], [-92.07381, 15.07371], [-92.20336, 15.23716], [-92.21093, 15.25336], [-92.21129, 15.27207], [-92.20465, 15.28951], [-92.18618, 15.32038], [-92.13745, 15.40183], [-92.10593, 15.45447], [-92.06854, 15.51694], [-91.9896, 15.64897], [-91.91056, 15.78095], [-91.84168, 15.89608], [-91.79297, 15.97758], [-91.77447, 16.00843], [-91.75189, 16.04631], [-91.73985, 16.06098], [-91.72378, 16.06879], [-91.6784, 16.06889], [-91.54048, 16.06915], [-91.40261, 16.0693], [-91.26479, 16.06951], [-91.12691, 16.06977], [-90.9948, 16.06987], [-90.98899, 16.06987], [-90.85112, 16.07013], [-90.7133, 16.07034], [-90.57547, 16.0706], [-90.48574, 16.0707], [-90.46615, 16.07292], [-90.44819, 16.07926], [-90.44784, 16.07969], [-90.44416, 16.08465], [-90.43742, 16.09886], [-90.43448, 16.10718], [-90.44021, 16.10486], [-90.44274, 16.10419], [-90.44453, 16.10326], [-90.44814, 16.09974], [-90.45558, 16.09974], [-90.45949, 16.11679], [-90.4353, 16.13628], [-90.44814, 16.14821], [-90.44814, 16.15442], [-90.42613, 16.16315], [-90.43272, 16.17323], [-90.46181, 16.18914], [-90.46558, 16.20811], [-90.45851, 16.22175], [-90.44623, 16.23084], [-90.43448, 16.23632], [-90.44799, 16.24149], [-90.45783, 16.24914], [-90.45943, 16.25906], [-90.44814, 16.2711], [-90.44373, 16.26686], [-90.44062, 16.26531], [-90.42768, 16.26361], [-90.43143, 16.26893], [-90.43752, 16.28004], [-90.4413, 16.28536], [-90.43675, 16.28485], [-90.43551, 16.28624], [-90.43551, 16.28877], [-90.43448, 16.29156], [-90.42856, 16.28764], [-90.42024, 16.28536], [-90.41406, 16.28784], [-90.41401, 16.29839], [-90.42019, 16.29601], [-90.43473, 16.30123], [-90.44489, 16.30836], [-90.43789, 16.31208], [-90.41946, 16.31782], [-90.40468, 16.33151], [-90.39879, 16.34758], [-90.40719, 16.36045], [-90.41401, 16.36045], [-90.41401, 16.35301], [-90.42081, 16.35301], [-90.41822, 16.36717], [-90.40874, 16.37233], [-90.39512, 16.3714], [-90.37985, 16.36727], [-90.39138, 16.38598], [-90.3927, 16.39171], [-90.3929, 16.40484], [-90.39492, 16.41921], [-90.4006, 16.42055], [-90.40946, 16.41667], [-90.42081, 16.41512], [-90.4267, 16.41771], [-90.43411, 16.42241], [-90.44437, 16.4268], [-90.47584, 16.43073], [-90.47843, 16.43641], [-90.47708, 16.44499], [-90.4823, 16.45605], [-90.48822, 16.46158], [-90.49775, 16.46804], [-90.50892, 16.47109], [-90.53289, 16.45993], [-90.53907, 16.46887], [-90.54372, 16.49021], [-90.55341, 16.49026], [-90.57935, 16.48277], [-90.58472, 16.48024], [-90.59062, 16.48339], [-90.60467, 16.48618], [-90.62074, 16.48675], [-90.63309, 16.48334], [-90.62787, 16.4929], [-90.61899, 16.50008], [-90.61206, 16.50762], [-90.61263, 16.51811], [-90.62415, 16.52494], [-90.6395, 16.52587], [-90.64818, 16.52959], [-90.63997, 16.54483], [-90.64353, 16.56101], [-90.63702, 16.5779], [-90.63376, 16.59217], [-90.64736, 16.60007], [-90.65025, 16.59341], [-90.65361, 16.5901], [-90.65883, 16.58845], [-90.6672, 16.587], [-90.6672, 16.5932], [-90.65402, 16.61661], [-90.66772, 16.65258], [-90.73531, 16.74658], [-90.74978, 16.75769], [-90.78559, 16.775], [-90.80037, 16.78683], [-90.79696, 16.79867], [-90.79696, 16.80543], [-90.8106, 16.81293], [-90.81996, 16.80533], [-90.83174, 16.80543], [-90.90062, 16.826], [-90.91907, 16.83634], [-90.94817, 16.86471], [-90.96889, 16.87437], [-90.95276, 16.89091], [-90.95519, 16.89876], [-90.96883, 16.90104], [-90.98625, 16.90109], [-90.98796, 16.8969], [-90.98429, 16.88776], [-90.98325, 16.87861], [-90.99307, 16.87437], [-90.99834, 16.87716], [-91.0109, 16.89029], [-91.01669, 16.89484], [-91.05493, 16.90801], [-91.06687, 16.91819], [-91.07131, 16.93892], [-91.07694, 16.94951], [-91.11224, 16.99049], [-91.11611, 16.99927], [-91.12123, 17.01839], [-91.12655, 17.0246], [-91.13715, 17.02651], [-91.16123, 17.02398], [-91.1712, 17.02801], [-91.20675, 17.06537], [-91.21595, 17.07922], [-91.22024, 17.08929], [-91.22536, 17.10702], [-91.2296, 17.11399], [-91.23879, 17.11922], [-91.2592, 17.12433], [-91.26313, 17.13074], [-91.26515, 17.14624], [-91.27083, 17.16428], [-91.27951, 17.18009], [-91.29042, 17.18908], [-91.31776, 17.19048], [-91.34452, 17.18634], [-91.36488, 17.18975], [-91.37295, 17.21358], [-91.38835, 17.22159], [-91.41925, 17.22773], [-91.4425, 17.23797], [-91.43826, 17.25368], [-91.43077, 17.25497], [-90.99199, 17.25192], [-90.99144, 17.52694], [-90.9909, 17.80196], [-90.98284, 17.81054], [-90.96222, 17.81602], [-90.91912, 17.81602], [-90.69924, 17.81581], [-90.47946, 17.81561], [-90.25965, 17.81535], [-90.03977, 17.81514], [-89.82002, 17.81499], [-89.60016, 17.81473], [-89.3803, 17.81452], [-89.1605, 17.81431], [-89.15622, 17.59824], [-89.15073, 17.32103], [-89.1492, 17.03627], [-89.16607, 16.77701], [-89.18435, 16.49587], [-89.19314, 16.39263], [-89.20852, 16.18613], [-89.23413, 15.95495], [-89.23602, 15.90649], [-89.23651, 15.89391], [-89.22824, 15.88084], [-89.226, 15.88404], [-89.21654, 15.88864], [-89.20484, 15.89242], [-89.19576, 15.89293], [-89.17745, 15.90027], [-89.10091, 15.89681], [-89.07239, 15.90151], [-89.04032, 15.90172], [-88.95188, 15.87965], [-88.91397, 15.89395], [-88.90001, 15.88784], [-88.8662, 15.86034], [-88.83161, 15.86864], [-88.78734, 15.85908], [-88.75329, 15.83979], [-88.7495, 15.81879], [-88.7268, 15.81517], [-88.62597, 15.75389], [-88.63829, 15.70881], [-88.63622, 15.70209], [-88.60924, 15.70209], [-88.59838, 15.70612], [-88.5952, 15.71467], [-88.59634, 15.72215], [-88.5987, 15.72321], [-88.59899, 15.72736], [-88.60237, 15.7309], [-88.60558, 15.73554], [-88.60546, 15.74307], [-88.60045, 15.74457], [-88.59118, 15.74356], [-88.58218, 15.74502], [-88.5782, 15.75389], [-88.57433, 15.76996], [-88.5655, 15.78095], [-88.55606, 15.7895], [-88.55028, 15.79828], [-88.54906, 15.81367], [-88.55671, 15.83735], [-88.55769, 15.85293], [-88.55028, 15.85293], [-88.55065, 15.84248], [-88.55028, 15.83926], [-88.54406, 15.83926], [-88.53213, 15.84683], [-88.50304, 15.84138], [-88.48884, 15.84675], [-88.51195, 15.86758], [-88.52481, 15.87702], [-88.54328, 15.88516], [-88.55102, 15.89517], [-88.55769, 15.90656], [-88.56452, 15.91498], [-88.60757, 15.93842], [-88.61986, 15.95327], [-88.60546, 15.96963], [-88.5902, 15.96101], [-88.56184, 15.94904], [-88.55028, 15.94233], [-88.52123, 15.91275], [-88.50023, 15.90107], [-88.44791, 15.85871], [-88.34484, 15.81196], [-88.31103, 15.78242], [-88.3004, 15.77782], [-88.25634, 15.74038], [-88.22155, 15.7259], [-88.22094, 15.72565], [-88.23262, 15.72142], [-88.23575, 15.71243], [-88.23492, 15.70158], [-88.24159, 15.68824], [-88.24776, 15.69568], [-88.26499, 15.6886], [-88.2797, 15.68075], [-88.29559, 15.67501], [-88.31667, 15.6746], [-88.3223, 15.66726], [-88.35256, 15.6169], [-88.39899, 15.5728], [-88.46743, 15.52074], [-88.50002, 15.4959], [-88.58738, 15.4303], [-88.67419, 15.36506], [-88.7609, 15.29996], [-88.84703, 15.2353], [-88.97343, 15.14039], [-89.00828, 15.1244], [-89.10983, 15.09146], [-89.14052, 15.07639], [-89.14694, 15.07128], [-89.16081, 15.06025], [-89.17277, 15.04221], [-89.18858, 14.99609], [-89.1691, 14.97842], [-89.16915, 14.95206], [-89.18153, 14.92366], [-89.18922, 14.91306], [-89.19881, 14.89982], [-89.22362, 14.87902], [-89.23145, 14.86731], [-89.23243, 14.8485], [-89.22768, 14.83457], [-89.21897, 14.82168], [-89.19881, 14.79809], [-89.18941, 14.783], [-89.17055, 14.73879], [-89.15967, 14.72512], [-89.15052, 14.71729], [-89.14621, 14.71086], [-89.1445, 14.7083], [-89.14269, 14.69127], [-89.14523, 14.68345], [-89.15584, 14.67226], [-89.15941, 14.66598], [-89.15523, 14.6156], [-89.15574, 14.59784], [-89.16039, 14.58128], [-89.17215, 14.5704], [-89.1837, 14.56953], [-89.20881, 14.57795], [-89.22109, 14.58009], [-89.23811, 14.57795], [-89.24568, 14.57299], [-89.25054, 14.56518], [-89.25961, 14.55425], [-89.29093, 14.528], [-89.30485, 14.51335], [-89.3148, 14.49596], [-89.32304, 14.48746], [-89.34526, 14.48196], [-89.3555, 14.47545], [-89.36198, 14.4624], [-89.36379, 14.44656], [-89.36162, 14.41548]]]}, "properties": {"id": "LaQp", "status": "validé", "pieces": [{"kind": "country"}]}}, {"type": "Feature", "geometry": {"type": "Polygon", "coordinates": [[[-89.36162, 14.41548], [-89.36182, 14.41551], [-89.39061, 14.43599], [-89.3917, 14.43372], [-89.39686, 14.42605], [-89.39818, 14.44537], [-89.40836, 14.44152], [-89.4311, 14.41871], [-89.44683, 14.41553], [-89.45813, 14.41959], [-89.46942, 14.42537], [-89.48528, 14.42739], [-89.49615, 14.4229], [-89.50303, 14.42005], [-89.52776, 14.39106], [-89.54135, 14.38153], [-89.54425, 14.40005], [-89.55518, 14.41083], [-89.56988, 14.41202], [-89.58406, 14.40181], [-89.59057, 14.38597], [-89.58628, 14.37468], [-89.57897, 14.36478], [-89.57608, 14.35313], [-89.58241, 14.34336], [-89.59243, 14.33639], [-89.59835, 14.32799], [-89.59217, 14.31383], [-89.57127, 14.31114], [-89.56437, 14.30815], [-89.55859, 14.30282], [-89.55569, 14.29903], [-89.54988, 14.28828], [-89.54859, 14.2836], [-89.54678, 14.26833], [-89.54492, 14.26182], [-89.54055, 14.25761], [-89.52786, 14.25146], [-89.52466, 14.24737], [-89.52451, 14.23177], [-89.53094, 14.22557], [-89.63832, 14.20056], [-89.66463, 14.18885], [-89.68984, 14.17001], [-89.70987, 14.14872], [-89.75261, 14.07524], [-89.75545, 14.06708], [-89.75446, 14.0594], [-89.74801, 14.0449], [-89.74726, 14.0432], [-89.74764, 14.03765], [-89.76227, 14.03], [-89.77694, 14.03579], [-89.80296, 14.05547], [-89.8211, 14.06007], [-89.83585, 14.05909], [-89.88012, 14.04268], [-89.89079, 14.03589], [-89.91208, 14.01519], [-90.00817, 13.94969], [-90.02298, 13.93695], [-90.03148, 13.92292], [-90.03809, 13.90838], [-90.04737, 13.89429], [-90.05964, 13.88471], [-90.08708, 13.87047], [-90.09904, 13.85851], [-90.10698, 13.84407], [-90.1123, 13.82825], [-90.11478, 13.812], [-90.11431, 13.79627], [-90.09831, 13.7314], [-90.09833, 13.73141], [-90.24555, 13.79073], [-90.40116, 13.85859], [-90.50021, 13.8947], [-90.58041, 13.91327], [-90.63802, 13.92236], [-90.70728, 13.92889], [-90.78462, 13.92154], [-90.79625, 13.91816], [-90.91033, 13.91113], [-91.04374, 13.91358], [-91.16576, 13.9267], [-91.31646, 13.95568], [-91.55187, 14.05728], [-91.63711, 14.10444], [-91.76256, 14.18017], [-91.90819, 14.28384], [-92.04959, 14.40803], [-92.24626, 14.54628], [-92.2261, 14.54935], [-92.20806, 14.57051], [-92.18607, 14.62957], [-92.16473, 14.66815], [-92.1608, 14.6835], [-92.16173, 14.70233], [-92.17938, 14.75158], [-92.1801, 14.75879], [-92.17881, 14.77339], [-92.17938, 14.78124], [-92.18866, 14.80589], [-92.19083, 14.81424], [-92.19165, 14.8353], [-92.1868, 14.84726], [-92.16602, 14.87082], [-92.15468, 14.9008], [-92.15757, 14.96304], [-92.15421, 14.99593], [-92.14236, 15.00748], [-92.12988, 15.01094], [-92.11698, 15.01239], [-92.10383, 15.01787], [-92.0936, 15.02942], [-92.07381, 15.07371], [-92.20336, 15.23716], [-92.21093, 15.25336], [-92.21129, 15.27207], [-92.20465, 15.28951], [-92.18618, 15.32038], [-92.13745, 15.40183], [-92.10593, 15.45447], [-92.06854, 15.51694], [-91.9896, 15.64897], [-91.91056, 15.78095], [-91.84168, 15.89608], [-91.79297, 15.97758], [-91.77447, 16.00843], [-91.75189, 16.04631], [-91.73985, 16.06098], [-91.72378, 16.06879], [-91.6784, 16.06889], [-91.54048, 16.06915], [-91.40261, 16.0693], [-91.26479, 16.06951], [-91.12691, 16.06977], [-90.9948, 16.06987], [-90.98899, 16.06987], [-90.85112, 16.07013], [-90.7133, 16.07034], [-90.57547, 16.0706], [-90.48574, 16.0707], [-90.46615, 16.07292], [-90.44819, 16.07926], [-90.44784, 16.07969], [-90.44416, 16.08465], [-90.43742, 16.09886], [-90.43448, 16.10718], [-90.44021, 16.10486], [-90.44274, 16.10419], [-90.44453, 16.10326], [-90.44814, 16.09974], [-90.45558, 16.09974], [-90.45949, 16.11679], [-90.4353, 16.13628], [-90.44814, 16.14821], [-90.44814, 16.15442], [-90.42613, 16.16315], [-90.43272, 16.17323], [-90.46181, 16.18914], [-90.46558, 16.20811], [-90.45851, 16.22175], [-90.44623, 16.23084], [-90.43448, 16.23632], [-90.44799, 16.24149], [-90.45783, 16.24914], [-90.45943, 16.25906], [-90.44814, 16.2711], [-90.44373, 16.26686], [-90.44062, 16.26531], [-90.42768, 16.26361], [-90.43143, 16.26893], [-90.43752, 16.28004], [-90.4413, 16.28536], [-90.43675, 16.28485], [-90.43551, 16.28624], [-90.43551, 16.28877], [-90.43448, 16.29156], [-90.42856, 16.28764], [-90.42024, 16.28536], [-90.41406, 16.28784], [-90.41401, 16.29839], [-90.42019, 16.29601], [-90.43473, 16.30123], [-90.44489, 16.30836], [-90.43789, 16.31208], [-90.41946, 16.31782], [-90.40468, 16.33151], [-90.39879, 16.34758], [-90.40719, 16.36045], [-90.41401, 16.36045], [-90.41401, 16.35301], [-90.42081, 16.35301], [-90.41822, 16.36717], [-90.40874, 16.37233], [-90.39512, 16.3714], [-90.37985, 16.36727], [-90.39138, 16.38598], [-90.3927, 16.39171], [-90.3929, 16.40484], [-90.39492, 16.41921], [-90.4006, 16.42055], [-90.40946, 16.41667], [-90.42081, 16.41512], [-90.4267, 16.41771], [-90.43411, 16.42241], [-90.44437, 16.4268], [-90.47584, 16.43073], [-90.47843, 16.43641], [-90.47708, 16.44499], [-90.4823, 16.45605], [-90.48822, 16.46158], [-90.49775, 16.46804], [-90.50892, 16.47109], [-90.53289, 16.45993], [-90.53907, 16.46887], [-90.54372, 16.49021], [-90.55341, 16.49026], [-90.57935, 16.48277], [-90.58472, 16.48024], [-90.59062, 16.48339], [-90.60467, 16.48618], [-90.62074, 16.48675], [-90.63309, 16.48334], [-90.62787, 16.4929], [-90.61899, 16.50008], [-90.61206, 16.50762], [-90.61263, 16.51811], [-90.62415, 16.52494], [-90.6395, 16.52587], [-90.64818, 16.52959], [-90.63997, 16.54483], [-90.64353, 16.56101], [-90.63702, 16.5779], [-90.63376, 16.59217], [-90.64736, 16.60007], [-90.65025, 16.59341], [-90.65361, 16.5901], [-90.65883, 16.58845], [-90.6672, 16.587], [-90.6672, 16.5932], [-90.65402, 16.61661], [-90.66772, 16.65258], [-90.73531, 16.74658], [-90.74978, 16.75769], [-90.78559, 16.775], [-90.80037, 16.78683], [-90.79696, 16.79867], [-90.79696, 16.80543], [-90.8106, 16.81293], [-90.81996, 16.80533], [-90.83174, 16.80543], [-90.90062, 16.826], [-90.91907, 16.83634], [-90.94817, 16.86471], [-90.96889, 16.87437], [-90.95276, 16.89091], [-90.95519, 16.89876], [-90.96883, 16.90104], [-90.98625, 16.90109], [-90.98796, 16.8969], [-90.98429, 16.88776], [-90.98325, 16.87861], [-90.99307, 16.87437], [-90.99834, 16.87716], [-91.0109, 16.89029], [-91.01669, 16.89484], [-91.05493, 16.90801], [-91.06687, 16.91819], [-91.07131, 16.93892], [-91.07694, 16.94951], [-91.11224, 16.99049], [-91.11611, 16.99927], [-91.12123, 17.01839], [-91.12655, 17.0246], [-91.13715, 17.02651], [-91.16123, 17.02398], [-91.1712, 17.02801], [-91.20675, 17.06537], [-91.21595, 17.07922], [-91.22024, 17.08929], [-91.22536, 17.10702], [-91.2296, 17.11399], [-91.23879, 17.11922], [-91.2592, 17.12433], [-91.26313, 17.13074], [-91.26515, 17.14624], [-91.27083, 17.16428], [-91.27951, 17.18009], [-91.29042, 17.18908], [-91.31776, 17.19048], [-91.34452, 17.18634], [-91.36488, 17.18975], [-91.37295, 17.21358], [-91.38835, 17.22159], [-91.41925, 17.22773], [-91.4425, 17.23797], [-91.43826, 17.25368], [-91.43077, 17.25497], [-90.99199, 17.25192], [-90.99144, 17.52694], [-90.9909, 17.80196], [-90.98284, 17.81054], [-90.96222, 17.81602], [-90.91912, 17.81602], [-90.69924, 17.81581], [-90.47946, 17.81561], [-90.25965, 17.81535], [-90.03977, 17.81514], [-89.82002, 17.81499], [-89.60016, 17.81473], [-89.3803, 17.81452], [-89.1605, 17.81431], [-89.15622, 17.59824], [-89.15073, 17.32103], [-89.1492, 17.03627], [-89.16607, 16.77701], [-89.18435, 16.49587], [-89.19314, 16.39263], [-89.20852, 16.18613], [-89.23413, 15.95495], [-89.23602, 15.90649], [-89.23651, 15.89391], [-89.22824, 15.88084], [-89.226, 15.88404], [-89.21654, 15.88864], [-89.20484, 15.89242], [-89.19576, 15.89293], [-89.17745, 15.90027], [-89.10091, 15.89681], [-89.07239, 15.90151], [-89.04032, 15.90172], [-88.95188, 15.87965], [-88.91397, 15.89395], [-88.90001, 15.88784], [-88.8662, 15.86034], [-88.83161, 15.86864], [-88.78734, 15.85908], [-88.75329, 15.83979], [-88.7495, 15.81879], [-88.7268, 15.81517], [-88.62597, 15.75389], [-88.63829, 15.70881], [-88.63622, 15.70209], [-88.60924, 15.70209], [-88.59838, 15.70612], [-88.5952, 15.71467], [-88.59634, 15.72215], [-88.5987, 15.72321], [-88.59899, 15.72736], [-88.60237, 15.7309], [-88.60558, 15.73554], [-88.60546, 15.74307], [-88.60045, 15.74457], [-88.59118, 15.74356], [-88.58218, 15.74502], [-88.5782, 15.75389], [-88.57433, 15.76996], [-88.5655, 15.78095], [-88.55606, 15.7895], [-88.55028, 15.79828], [-88.54906, 15.81367], [-88.55671, 15.83735], [-88.55769, 15.85293], [-88.55028, 15.85293], [-88.55065, 15.84248], [-88.55028, 15.83926], [-88.54406, 15.83926], [-88.53213, 15.84683], [-88.50304, 15.84138], [-88.48884, 15.84675], [-88.51195, 15.86758], [-88.52481, 15.87702], [-88.54328, 15.88516], [-88.55102, 15.89517], [-88.55769, 15.90656], [-88.56452, 15.91498], [-88.60757, 15.93842], [-88.61986, 15.95327], [-88.60546, 15.96963], [-88.5902, 15.96101], [-88.56184, 15.94904], [-88.55028, 15.94233], [-88.52123, 15.91275], [-88.50023, 15.90107], [-88.44791, 15.85871], [-88.34484, 15.81196], [-88.31103, 15.78242], [-88.3004, 15.77782], [-88.25634, 15.74038], [-88.22155, 15.7259], [-88.22094, 15.72565], [-88.23262, 15.72142], [-88.23575, 15.71243], [-88.23492, 15.70158], [-88.24159, 15.68824], [-88.24776, 15.69568], [-88.26499, 15.6886], [-88.2797, 15.68075], [-88.29559, 15.67501], [-88.31667, 15.6746], [-88.3223, 15.66726], [-88.35256, 15.6169], [-88.39899, 15.5728], [-88.46743, 15.52074], [-88.50002, 15.4959], [-88.58738, 15.4303], [-88.67419, 15.36506], [-88.7609, 15.29996], [-88.84703, 15.2353], [-88.97343, 15.14039], [-89.00828, 15.1244], [-89.10983, 15.09146], [-89.14052, 15.07639], [-89.14694, 15.07128], [-89.16081, 15.06025], [-89.17277, 15.04221], [-89.18858, 14.99609], [-89.1691, 14.97842], [-89.16915, 14.95206], [-89.18153, 14.92366], [-89.18922, 14.91306], [-89.19881, 14.89982], [-89.22362, 14.87902], [-89.23145, 14.86731], [-89.23243, 14.8485], [-89.22768, 14.83457], [-89.21897, 14.82168], [-89.19881, 14.79809], [-89.18941, 14.783], [-89.17055, 14.73879], [-89.15967, 14.72512], [-89.15052, 14.71729], [-89.14621, 14.71086], [-89.1445, 14.7083], [-89.14269, 14.69127], [-89.14523, 14.68345], [-89.15584, 14.67226], [-89.15941, 14.66598], [-89.15523, 14.6156], [-89.15574, 14.59784], [-89.16039, 14.58128], [-89.17215, 14.5704], [-89.1837, 14.56953], [-89.20881, 14.57795], [-89.22109, 14.58009], [-89.23811, 14.57795], [-89.24568, 14.57299], [-89.25054, 14.56518], [-89.25961, 14.55425], [-89.29093, 14.528], [-89.30485, 14.51335], [-89.3148, 14.49596], [-89.32304, 14.48746], [-89.34526, 14.48196], [-89.3555, 14.47545], [-89.36198, 14.4624], [-89.36379, 14.44656], [-89.36162, 14.41548]]]}, "properties": {"id": "PGLM", "status": "validé", "pieces": [{"kind": "country"}]}}, {"type": "Feature", "geometry": {"type": "Polygon", "coordinates": [[[-89.36162, 14.41548], [-89.36182, 14.41551], [-89.39061, 14.43599], [-89.3917, 14.43372], [-89.39686, 14.42605], [-89.39818, 14.44537], [-89.40836, 14.44152], [-89.4311, 14.41871], [-89.44683, 14.41553], [-89.45813, 14.41959], [-89.46942, 14.42537], [-89.48528, 14.42739], [-89.49615, 14.4229], [-89.50303, 14.42005], [-89.52776, 14.39106], [-89.54135, 14.38153], [-89.54425, 14.40005], [-89.55518, 14.41083], [-89.56988, 14.41202], [-89.58406, 14.40181], [-89.59057, 14.38597], [-89.58628, 14.37468], [-89.57897, 14.36478], [-89.57608, 14.35313], [-89.58241, 14.34336], [-89.59243, 14.33639], [-89.59835, 14.32799], [-89.59217, 14.31383], [-89.57127, 14.31114], [-89.56437, 14.30815], [-89.55859, 14.30282], [-89.55569, 14.29903], [-89.54988, 14.28828], [-89.54859, 14.2836], [-89.54678, 14.26833], [-89.54492, 14.26182], [-89.54055, 14.25761], [-89.52786, 14.25146], [-89.52466, 14.24737], [-89.52451, 14.23177], [-89.53094, 14.22557], [-89.63832, 14.20056], [-89.66463, 14.18885], [-89.68984, 14.17001], [-89.70987, 14.14872], [-89.75261, 14.07524], [-89.75545, 14.06708], [-89.75446, 14.0594], [-89.74801, 14.0449], [-89.74726, 14.0432], [-89.74764, 14.03765], [-89.76227, 14.03], [-89.77694, 14.03579], [-89.80296, 14.05547], [-89.8211, 14.06007], [-89.83585, 14.05909], [-89.88012, 14.04268], [-89.89079, 14.03589], [-89.91208, 14.01519], [-90.00817, 13.94969], [-90.02298, 13.93695], [-90.03148, 13.92292], [-90.03809, 13.90838], [-90.04737, 13.89429], [-90.05964, 13.88471], [-90.08708, 13.87047], [-90.09904, 13.85851], [-90.10698, 13.84407], [-90.1123, 13.82825], [-90.11478, 13.812], [-90.11431, 13.79627], [-90.09831, 13.7314], [-90.09833, 13.73141], [-90.24555, 13.79073], [-90.40116, 13.85859], [-90.50021, 13.8947], [-90.58041, 13.91327], [-90.63802, 13.92236], [-90.70728, 13.92889], [-90.78462, 13.92154], [-90.79625, 13.91816], [-90.91033, 13.91113], [-91.04374, 13.91358], [-91.16576, 13.9267], [-91.31646, 13.95568], [-91.55187, 14.05728], [-91.63711, 14.10444], [-91.76256, 14.18017], [-91.90819, 14.28384], [-92.04959, 14.40803], [-92.24626, 14.54628], [-92.2261, 14.54935], [-92.20806, 14.57051], [-92.18607, 14.62957], [-92.16473, 14.66815], [-92.1608, 14.6835], [-92.16173, 14.70233], [-92.17938, 14.75158], [-92.1801, 14.75879], [-92.17881, 14.77339], [-92.17938, 14.78124], [-92.18866, 14.80589], [-92.19083, 14.81424], [-92.19165, 14.8353], [-92.1868, 14.84726], [-92.16602, 14.87082], [-92.15468, 14.9008], [-92.15757, 14.96304], [-92.15421, 14.99593], [-92.14236, 15.00748], [-92.12988, 15.01094], [-92.11698, 15.01239], [-92.10383, 15.01787], [-92.0936, 15.02942], [-92.07381, 15.07371], [-92.20336, 15.23716], [-92.21093, 15.25336], [-92.21129, 15.27207], [-92.20465, 15.28951], [-92.18618, 15.32038], [-92.13745, 15.40183], [-92.10593, 15.45447], [-92.06854, 15.51694], [-91.9896, 15.64897], [-91.91056, 15.78095], [-91.84168, 15.89608], [-91.79297, 15.97758], [-91.77447, 16.00843], [-91.75189, 16.04631], [-91.73985, 16.06098], [-91.72378, 16.06879], [-91.6784, 16.06889], [-91.54048, 16.06915], [-91.40261, 16.0693], [-91.26479, 16.06951], [-91.12691, 16.06977], [-90.9948, 16.06987], [-90.98899, 16.06987], [-90.85112, 16.07013], [-90.7133, 16.07034], [-90.57547, 16.0706], [-90.48574, 16.0707], [-90.46615, 16.07292], [-90.44819, 16.07926], [-90.44784, 16.07969], [-90.44416, 16.08465], [-90.43742, 16.09886], [-90.43448, 16.10718], [-90.44021, 16.10486], [-90.44274, 16.10419], [-90.44453, 16.10326], [-90.44814, 16.09974], [-90.45558, 16.09974], [-90.45949, 16.11679], [-90.4353, 16.13628], [-90.44814, 16.14821], [-90.44814, 16.15442], [-90.42613, 16.16315], [-90.43272, 16.17323], [-90.46181, 16.18914], [-90.46558, 16.20811], [-90.45851, 16.22175], [-90.44623, 16.23084], [-90.43448, 16.23632], [-90.44799, 16.24149], [-90.45783, 16.24914], [-90.45943, 16.25906], [-90.44814, 16.2711], [-90.44373, 16.26686], [-90.44062, 16.26531], [-90.42768, 16.26361], [-90.43143, 16.26893], [-90.43752, 16.28004], [-90.4413, 16.28536], [-90.43675, 16.28485], [-90.43551, 16.28624], [-90.43551, 16.28877], [-90.43448, 16.29156], [-90.42856, 16.28764], [-90.42024, 16.28536], [-90.41406, 16.28784], [-90.41401, 16.29839], [-90.42019, 16.29601], [-90.43473, 16.30123], [-90.44489, 16.30836], [-90.43789, 16.31208], [-90.41946, 16.31782], [-90.40468, 16.33151], [-90.39879, 16.34758], [-90.40719, 16.36045], [-90.41401, 16.36045], [-90.41401, 16.35301], [-90.42081, 16.35301], [-90.41822, 16.36717], [-90.40874, 16.37233], [-90.39512, 16.3714], [-90.37985, 16.36727], [-90.39138, 16.38598], [-90.3927, 16.39171], [-90.3929, 16.40484], [-90.39492, 16.41921], [-90.4006, 16.42055], [-90.40946, 16.41667], [-90.42081, 16.41512], [-90.4267, 16.41771], [-90.43411, 16.42241], [-90.44437, 16.4268], [-90.47584, 16.43073], [-90.47843, 16.43641], [-90.47708, 16.44499], [-90.4823, 16.45605], [-90.48822, 16.46158], [-90.49775, 16.46804], [-90.50892, 16.47109], [-90.53289, 16.45993], [-90.53907, 16.46887], [-90.54372, 16.49021], [-90.55341, 16.49026], [-90.57935, 16.48277], [-90.58472, 16.48024], [-90.59062, 16.48339], [-90.60467, 16.48618], [-90.62074, 16.48675], [-90.63309, 16.48334], [-90.62787, 16.4929], [-90.61899, 16.50008], [-90.61206, 16.50762], [-90.61263, 16.51811], [-90.62415, 16.52494], [-90.6395, 16.52587], [-90.64818, 16.52959], [-90.63997, 16.54483], [-90.64353, 16.56101], [-90.63702, 16.5779], [-90.63376, 16.59217], [-90.64736, 16.60007], [-90.65025, 16.59341], [-90.65361, 16.5901], [-90.65883, 16.58845], [-90.6672, 16.587], [-90.6672, 16.5932], [-90.65402, 16.61661], [-90.66772, 16.65258], [-90.73531, 16.74658], [-90.74978, 16.75769], [-90.78559, 16.775], [-90.80037, 16.78683], [-90.79696, 16.79867], [-90.79696, 16.80543], [-90.8106, 16.81293], [-90.81996, 16.80533], [-90.83174, 16.80543], [-90.90062, 16.826], [-90.91907, 16.83634], [-90.94817, 16.86471], [-90.96889, 16.87437], [-90.95276, 16.89091], [-90.95519, 16.89876], [-90.96883, 16.90104], [-90.98625, 16.90109], [-90.98796, 16.8969], [-90.98429, 16.88776], [-90.98325, 16.87861], [-90.99307, 16.87437], [-90.99834, 16.87716], [-91.0109, 16.89029], [-91.01669, 16.89484], [-91.05493, 16.90801], [-91.06687, 16.91819], [-91.07131, 16.93892], [-91.07694, 16.94951], [-91.11224, 16.99049], [-91.11611, 16.99927], [-91.12123, 17.01839], [-91.12655, 17.0246], [-91.13715, 17.02651], [-91.16123, 17.02398], [-91.1712, 17.02801], [-91.20675, 17.06537], [-91.21595, 17.07922], [-91.22024, 17.08929], [-91.22536, 17.10702], [-91.2296, 17.11399], [-91.23879, 17.11922], [-91.2592, 17.12433], [-91.26313, 17.13074], [-91.26515, 17.14624], [-91.27083, 17.16428], [-91.27951, 17.18009], [-91.29042, 17.18908], [-91.31776, 17.19048], [-91.34452, 17.18634], [-91.36488, 17.18975], [-91.37295, 17.21358], [-91.38835, 17.22159], [-91.41925, 17.22773], [-91.4425, 17.23797], [-91.43826, 17.25368], [-91.43077, 17.25497], [-90.99199, 17.25192], [-90.99144, 17.52694], [-90.9909, 17.80196], [-90.98284, 17.81054], [-90.96222, 17.81602], [-90.91912, 17.81602], [-90.69924, 17.81581], [-90.47946, 17.81561], [-90.25965, 17.81535], [-90.03977, 17.81514], [-89.82002, 17.81499], [-89.60016, 17.81473], [-89.3803, 17.81452], [-89.1605, 17.81431], [-89.15622, 17.59824], [-89.15073, 17.32103], [-89.1492, 17.03627], [-89.16607, 16.77701], [-89.18435, 16.49587], [-89.19314, 16.39263], [-89.20852, 16.18613], [-89.23413, 15.95495], [-89.23602, 15.90649], [-89.23651, 15.89391], [-89.22824, 15.88084], [-89.226, 15.88404], [-89.21654, 15.88864], [-89.20484, 15.89242], [-89.19576, 15.89293], [-89.17745, 15.90027], [-89.10091, 15.89681], [-89.07239, 15.90151], [-89.04032, 15.90172], [-88.95188, 15.87965], [-88.91397, 15.89395], [-88.90001, 15.88784], [-88.8662, 15.86034], [-88.83161, 15.86864], [-88.78734, 15.85908], [-88.75329, 15.83979], [-88.7495, 15.81879], [-88.7268, 15.81517], [-88.62597, 15.75389], [-88.63829, 15.70881], [-88.63622, 15.70209], [-88.60924, 15.70209], [-88.59838, 15.70612], [-88.5952, 15.71467], [-88.59634, 15.72215], [-88.5987, 15.72321], [-88.59899, 15.72736], [-88.60237, 15.7309], [-88.60558, 15.73554], [-88.60546, 15.74307], [-88.60045, 15.74457], [-88.59118, 15.74356], [-88.58218, 15.74502], [-88.5782, 15.75389], [-88.57433, 15.76996], [-88.5655, 15.78095], [-88.55606, 15.7895], [-88.55028, 15.79828], [-88.54906, 15.81367], [-88.55671, 15.83735], [-88.55769, 15.85293], [-88.55028, 15.85293], [-88.55065, 15.84248], [-88.55028, 15.83926], [-88.54406, 15.83926], [-88.53213, 15.84683], [-88.50304, 15.84138], [-88.48884, 15.84675], [-88.51195, 15.86758], [-88.52481, 15.87702], [-88.54328, 15.88516], [-88.55102, 15.89517], [-88.55769, 15.90656], [-88.56452, 15.91498], [-88.60757, 15.93842], [-88.61986, 15.95327], [-88.60546, 15.96963], [-88.5902, 15.96101], [-88.56184, 15.94904], [-88.55028, 15.94233], [-88.52123, 15.91275], [-88.50023, 15.90107], [-88.44791, 15.85871], [-88.34484, 15.81196], [-88.31103, 15.78242], [-88.3004, 15.77782], [-88.25634, 15.74038], [-88.22155, 15.7259], [-88.22094, 15.72565], [-88.23262, 15.72142], [-88.23575, 15.71243], [-88.23492, 15.70158], [-88.24159, 15.68824], [-88.24776, 15.69568], [-88.26499, 15.6886], [-88.2797, 15.68075], [-88.29559, 15.67501], [-88.31667, 15.6746], [-88.3223, 15.66726], [-88.35256, 15.6169], [-88.39899, 15.5728], [-88.46743, 15.52074], [-88.50002, 15.4959], [-88.58738, 15.4303], [-88.67419, 15.36506], [-88.7609, 15.29996], [-88.84703, 15.2353], [-88.97343, 15.14039], [-89.00828, 15.1244], [-89.10983, 15.09146], [-89.14052, 15.07639], [-89.14694, 15.07128], [-89.16081, 15.06025], [-89.17277, 15.04221], [-89.18858, 14.99609], [-89.1691, 14.97842], [-89.16915, 14.95206], [-89.18153, 14.92366], [-89.18922, 14.91306], [-89.19881, 14.89982], [-89.22362, 14.87902], [-89.23145, 14.86731], [-89.23243, 14.8485], [-89.22768, 14.83457], [-89.21897, 14.82168], [-89.19881, 14.79809], [-89.18941, 14.783], [-89.17055, 14.73879], [-89.15967, 14.72512], [-89.15052, 14.71729], [-89.14621, 14.71086], [-89.1445, 14.7083], [-89.14269, 14.69127], [-89.14523, 14.68345], [-89.15584, 14.67226], [-89.15941, 14.66598], [-89.15523, 14.6156], [-89.15574, 14.59784], [-89.16039, 14.58128], [-89.17215, 14.5704], [-89.1837, 14.56953], [-89.20881, 14.57795], [-89.22109, 14.58009], [-89.23811, 14.57795], [-89.24568, 14.57299], [-89.25054, 14.56518], [-89.25961, 14.55425], [-89.29093, 14.528], [-89.30485, 14.51335], [-89.3148, 14.49596], [-89.32304, 14.48746], [-89.34526, 14.48196], [-89.3555, 14.47545], [-89.36198, 14.4624], [-89.36379, 14.44656], [-89.36162, 14.41548]]]}, "properties": {"id": "PUP5", "status": "validé", "pieces": [{"kind": "country"}]}}, {"type": "Feature", "geometry": {"type": "Polygon", "coordinates": [[[-91.34892, 14.91827], [-91.33776, 14.93402], [-91.31252, 14.94132], [-91.29673, 14.95557], [-91.2957, 14.96535], [-91.28351, 14.98342], [-91.2715, 15.00016], [-91.25622, 15.01574], [-91.24506, 15.03232], [-91.23682, 15.04392], [-91.2351, 15.0406], [-91.23579, 15.03464], [-91.23493, 15.02353], [-91.23922, 15.01806], [-91.24523, 15.0184], [-91.25175, 15.00563], [-91.25793, 15.00298], [-91.27064, 14.98027], [-91.28111, 14.97331], [-91.28695, 14.95475], [-91.30051, 14.94264], [-91.30669, 14.93502], [-91.31836, 14.93253], [-91.33192, 14.92838], [-91.34016, 14.91595], [-91.34445, 14.90865], [-91.34892, 14.91827]]]}, "properties": {"id": "QYdU", "status": "validé", "pieces": [{"kind": "polygon", "ring": [[-91.34892, 14.91827], [-91.33776, 14.93402], [-91.31252, 14.94132], [-91.29673, 14.95557], [-91.2957, 14.96535], [-91.28351, 14.98342], [-91.2715, 15.00016], [-91.25622, 15.01574], [-91.24506, 15.03232], [-91.23682, 15.04392], [-91.2351, 15.0406], [-91.23579, 15.03464], [-91.23493, 15.02353], [-91.23922, 15.01806], [-91.24523, 15.0184], [-91.25175, 15.00563], [-91.25793, 15.00298], [-91.27064, 14.98027], [-91.28111, 14.97331], [-91.28695, 14.95475], [-91.30051, 14.94264], [-91.30669, 14.93502], [-91.31836, 14.93253], [-91.33192, 14.92838], [-91.34016, 14.91595], [-91.34445, 14.90865]]}]}}, {"type": "Feature", "geometry": {"type": "Polygon", "coordinates": [[[-89.36162, 14.41548], [-89.36182, 14.41551], [-89.39061, 14.43599], [-89.3917, 14.43372], [-89.39686, 14.42605], [-89.39818, 14.44537], [-89.40836, 14.44152], [-89.4311, 14.41871], [-89.44683, 14.41553], [-89.45813, 14.41959], [-89.46942, 14.42537], [-89.48528, 14.42739], [-89.49615, 14.4229], [-89.50303, 14.42005], [-89.52776, 14.39106], [-89.54135, 14.38153], [-89.54425, 14.40005], [-89.55518, 14.41083], [-89.56988, 14.41202], [-89.58406, 14.40181], [-89.59057, 14.38597], [-89.58628, 14.37468], [-89.57897, 14.36478], [-89.57608, 14.35313], [-89.58241, 14.34336], [-89.59243, 14.33639], [-89.59835, 14.32799], [-89.59217, 14.31383], [-89.57127, 14.31114], [-89.56437, 14.30815], [-89.55859, 14.30282], [-89.55569, 14.29903], [-89.54988, 14.28828], [-89.54859, 14.2836], [-89.54678, 14.26833], [-89.54492, 14.26182], [-89.54055, 14.25761], [-89.52786, 14.25146], [-89.52466, 14.24737], [-89.52451, 14.23177], [-89.53094, 14.22557], [-89.63832, 14.20056], [-89.66463, 14.18885], [-89.68984, 14.17001], [-89.70987, 14.14872], [-89.75261, 14.07524], [-89.75545, 14.06708], [-89.75446, 14.0594], [-89.74801, 14.0449], [-89.74726, 14.0432], [-89.74764, 14.03765], [-89.76227, 14.03], [-89.77694, 14.03579], [-89.80296, 14.05547], [-89.8211, 14.06007], [-89.83585, 14.05909], [-89.88012, 14.04268], [-89.89079, 14.03589], [-89.91208, 14.01519], [-90.00817, 13.94969], [-90.02298, 13.93695], [-90.03148, 13.92292], [-90.03809, 13.90838], [-90.04737, 13.89429], [-90.05964, 13.88471], [-90.08708, 13.87047], [-90.09904, 13.85851], [-90.10698, 13.84407], [-90.1123, 13.82825], [-90.11478, 13.812], [-90.11431, 13.79627], [-90.09831, 13.7314], [-90.09833, 13.73141], [-90.24555, 13.79073], [-90.40116, 13.85859], [-90.50021, 13.8947], [-90.58041, 13.91327], [-90.63802, 13.92236], [-90.70728, 13.92889], [-90.78462, 13.92154], [-90.79625, 13.91816], [-90.91033, 13.91113], [-91.04374, 13.91358], [-91.16576, 13.9267], [-91.31646, 13.95568], [-91.55187, 14.05728], [-91.63711, 14.10444], [-91.76256, 14.18017], [-91.90819, 14.28384], [-92.04959, 14.40803], [-92.24626, 14.54628], [-92.2261, 14.54935], [-92.20806, 14.57051], [-92.18607, 14.62957], [-92.16473, 14.66815], [-92.1608, 14.6835], [-92.16173, 14.70233], [-92.17938, 14.75158], [-92.1801, 14.75879], [-92.17881, 14.77339], [-92.17938, 14.78124], [-92.18866, 14.80589], [-92.19083, 14.81424], [-92.19165, 14.8353], [-92.1868, 14.84726], [-92.16602, 14.87082], [-92.15468, 14.9008], [-92.15757, 14.96304], [-92.15421, 14.99593], [-92.14236, 15.00748], [-92.12988, 15.01094], [-92.11698, 15.01239], [-92.10383, 15.01787], [-92.0936, 15.02942], [-92.07381, 15.07371], [-92.20336, 15.23716], [-92.21093, 15.25336], [-92.21129, 15.27207], [-92.20465, 15.28951], [-92.18618, 15.32038], [-92.13745, 15.40183], [-92.10593, 15.45447], [-92.06854, 15.51694], [-91.9896, 15.64897], [-91.91056, 15.78095], [-91.84168, 15.89608], [-91.79297, 15.97758], [-91.77447, 16.00843], [-91.75189, 16.04631], [-91.73985, 16.06098], [-91.72378, 16.06879], [-91.6784, 16.06889], [-91.54048, 16.06915], [-91.40261, 16.0693], [-91.26479, 16.06951], [-91.12691, 16.06977], [-90.9948, 16.06987], [-90.98899, 16.06987], [-90.85112, 16.07013], [-90.7133, 16.07034], [-90.57547, 16.0706], [-90.48574, 16.0707], [-90.46615, 16.07292], [-90.44819, 16.07926], [-90.44784, 16.07969], [-90.44416, 16.08465], [-90.43742, 16.09886], [-90.43448, 16.10718], [-90.44021, 16.10486], [-90.44274, 16.10419], [-90.44453, 16.10326], [-90.44814, 16.09974], [-90.45558, 16.09974], [-90.45949, 16.11679], [-90.4353, 16.13628], [-90.44814, 16.14821], [-90.44814, 16.15442], [-90.42613, 16.16315], [-90.43272, 16.17323], [-90.46181, 16.18914], [-90.46558, 16.20811], [-90.45851, 16.22175], [-90.44623, 16.23084], [-90.43448, 16.23632], [-90.44799, 16.24149], [-90.45783, 16.24914], [-90.45943, 16.25906], [-90.44814, 16.2711], [-90.44373, 16.26686], [-90.44062, 16.26531], [-90.42768, 16.26361], [-90.43143, 16.26893], [-90.43752, 16.28004], [-90.4413, 16.28536], [-90.43675, 16.28485], [-90.43551, 16.28624], [-90.43551, 16.28877], [-90.43448, 16.29156], [-90.42856, 16.28764], [-90.42024, 16.28536], [-90.41406, 16.28784], [-90.41401, 16.29839], [-90.42019, 16.29601], [-90.43473, 16.30123], [-90.44489, 16.30836], [-90.43789, 16.31208], [-90.41946, 16.31782], [-90.40468, 16.33151], [-90.39879, 16.34758], [-90.40719, 16.36045], [-90.41401, 16.36045], [-90.41401, 16.35301], [-90.42081, 16.35301], [-90.41822, 16.36717], [-90.40874, 16.37233], [-90.39512, 16.3714], [-90.37985, 16.36727], [-90.39138, 16.38598], [-90.3927, 16.39171], [-90.3929, 16.40484], [-90.39492, 16.41921], [-90.4006, 16.42055], [-90.40946, 16.41667], [-90.42081, 16.41512], [-90.4267, 16.41771], [-90.43411, 16.42241], [-90.44437, 16.4268], [-90.47584, 16.43073], [-90.47843, 16.43641], [-90.47708, 16.44499], [-90.4823, 16.45605], [-90.48822, 16.46158], [-90.49775, 16.46804], [-90.50892, 16.47109], [-90.53289, 16.45993], [-90.53907, 16.46887], [-90.54372, 16.49021], [-90.55341, 16.49026], [-90.57935, 16.48277], [-90.58472, 16.48024], [-90.59062, 16.48339], [-90.60467, 16.48618], [-90.62074, 16.48675], [-90.63309, 16.48334], [-90.62787, 16.4929], [-90.61899, 16.50008], [-90.61206, 16.50762], [-90.61263, 16.51811], [-90.62415, 16.52494], [-90.6395, 16.52587], [-90.64818, 16.52959], [-90.63997, 16.54483], [-90.64353, 16.56101], [-90.63702, 16.5779], [-90.63376, 16.59217], [-90.64736, 16.60007], [-90.65025, 16.59341], [-90.65361, 16.5901], [-90.65883, 16.58845], [-90.6672, 16.587], [-90.6672, 16.5932], [-90.65402, 16.61661], [-90.66772, 16.65258], [-90.73531, 16.74658], [-90.74978, 16.75769], [-90.78559, 16.775], [-90.80037, 16.78683], [-90.79696, 16.79867], [-90.79696, 16.80543], [-90.8106, 16.81293], [-90.81996, 16.80533], [-90.83174, 16.80543], [-90.90062, 16.826], [-90.91907, 16.83634], [-90.94817, 16.86471], [-90.96889, 16.87437], [-90.95276, 16.89091], [-90.95519, 16.89876], [-90.96883, 16.90104], [-90.98625, 16.90109], [-90.98796, 16.8969], [-90.98429, 16.88776], [-90.98325, 16.87861], [-90.99307, 16.87437], [-90.99834, 16.87716], [-91.0109, 16.89029], [-91.01669, 16.89484], [-91.05493, 16.90801], [-91.06687, 16.91819], [-91.07131, 16.93892], [-91.07694, 16.94951], [-91.11224, 16.99049], [-91.11611, 16.99927], [-91.12123, 17.01839], [-91.12655, 17.0246], [-91.13715, 17.02651], [-91.16123, 17.02398], [-91.1712, 17.02801], [-91.20675, 17.06537], [-91.21595, 17.07922], [-91.22024, 17.08929], [-91.22536, 17.10702], [-91.2296, 17.11399], [-91.23879, 17.11922], [-91.2592, 17.12433], [-91.26313, 17.13074], [-91.26515, 17.14624], [-91.27083, 17.16428], [-91.27951, 17.18009], [-91.29042, 17.18908], [-91.31776, 17.19048], [-91.34452, 17.18634], [-91.36488, 17.18975], [-91.37295, 17.21358], [-91.38835, 17.22159], [-91.41925, 17.22773], [-91.4425, 17.23797], [-91.43826, 17.25368], [-91.43077, 17.25497], [-90.99199, 17.25192], [-90.99144, 17.52694], [-90.9909, 17.80196], [-90.98284, 17.81054], [-90.96222, 17.81602], [-90.91912, 17.81602], [-90.69924, 17.81581], [-90.47946, 17.81561], [-90.25965, 17.81535], [-90.03977, 17.81514], [-89.82002, 17.81499], [-89.60016, 17.81473], [-89.3803, 17.81452], [-89.1605, 17.81431], [-89.15622, 17.59824], [-89.15073, 17.32103], [-89.1492, 17.03627], [-89.16607, 16.77701], [-89.18435, 16.49587], [-89.19314, 16.39263], [-89.20852, 16.18613], [-89.23413, 15.95495], [-89.23602, 15.90649], [-89.23651, 15.89391], [-89.22824, 15.88084], [-89.226, 15.88404], [-89.21654, 15.88864], [-89.20484, 15.89242], [-89.19576, 15.89293], [-89.17745, 15.90027], [-89.10091, 15.89681], [-89.07239, 15.90151], [-89.04032, 15.90172], [-88.95188, 15.87965], [-88.91397, 15.89395], [-88.90001, 15.88784], [-88.8662, 15.86034], [-88.83161, 15.86864], [-88.78734, 15.85908], [-88.75329, 15.83979], [-88.7495, 15.81879], [-88.7268, 15.81517], [-88.62597, 15.75389], [-88.63829, 15.70881], [-88.63622, 15.70209], [-88.60924, 15.70209], [-88.59838, 15.70612], [-88.5952, 15.71467], [-88.59634, 15.72215], [-88.5987, 15.72321], [-88.59899, 15.72736], [-88.60237, 15.7309], [-88.60558, 15.73554], [-88.60546, 15.74307], [-88.60045, 15.74457], [-88.59118, 15.74356], [-88.58218, 15.74502], [-88.5782, 15.75389], [-88.57433, 15.76996], [-88.5655, 15.78095], [-88.55606, 15.7895], [-88.55028, 15.79828], [-88.54906, 15.81367], [-88.55671, 15.83735], [-88.55769, 15.85293], [-88.55028, 15.85293], [-88.55065, 15.84248], [-88.55028, 15.83926], [-88.54406, 15.83926], [-88.53213, 15.84683], [-88.50304, 15.84138], [-88.48884, 15.84675], [-88.51195, 15.86758], [-88.52481, 15.87702], [-88.54328, 15.88516], [-88.55102, 15.89517], [-88.55769, 15.90656], [-88.56452, 15.91498], [-88.60757, 15.93842], [-88.61986, 15.95327], [-88.60546, 15.96963], [-88.5902, 15.96101], [-88.56184, 15.94904], [-88.55028, 15.94233], [-88.52123, 15.91275], [-88.50023, 15.90107], [-88.44791, 15.85871], [-88.34484, 15.81196], [-88.31103, 15.78242], [-88.3004, 15.77782], [-88.25634, 15.74038], [-88.22155, 15.7259], [-88.22094, 15.72565], [-88.23262, 15.72142], [-88.23575, 15.71243], [-88.23492, 15.70158], [-88.24159, 15.68824], [-88.24776, 15.69568], [-88.26499, 15.6886], [-88.2797, 15.68075], [-88.29559, 15.67501], [-88.31667, 15.6746], [-88.3223, 15.66726], [-88.35256, 15.6169], [-88.39899, 15.5728], [-88.46743, 15.52074], [-88.50002, 15.4959], [-88.58738, 15.4303], [-88.67419, 15.36506], [-88.7609, 15.29996], [-88.84703, 15.2353], [-88.97343, 15.14039], [-89.00828, 15.1244], [-89.10983, 15.09146], [-89.14052, 15.07639], [-89.14694, 15.07128], [-89.16081, 15.06025], [-89.17277, 15.04221], [-89.18858, 14.99609], [-89.1691, 14.97842], [-89.16915, 14.95206], [-89.18153, 14.92366], [-89.18922, 14.91306], [-89.19881, 14.89982], [-89.22362, 14.87902], [-89.23145, 14.86731], [-89.23243, 14.8485], [-89.22768, 14.83457], [-89.21897, 14.82168], [-89.19881, 14.79809], [-89.18941, 14.783], [-89.17055, 14.73879], [-89.15967, 14.72512], [-89.15052, 14.71729], [-89.14621, 14.71086], [-89.1445, 14.7083], [-89.14269, 14.69127], [-89.14523, 14.68345], [-89.15584, 14.67226], [-89.15941, 14.66598], [-89.15523, 14.6156], [-89.15574, 14.59784], [-89.16039, 14.58128], [-89.17215, 14.5704], [-89.1837, 14.56953], [-89.20881, 14.57795], [-89.22109, 14.58009], [-89.23811, 14.57795], [-89.24568, 14.57299], [-89.25054, 14.56518], [-89.25961, 14.55425], [-89.29093, 14.528], [-89.30485, 14.51335], [-89.3148, 14.49596], [-89.32304, 14.48746], [-89.34526, 14.48196], [-89.3555, 14.47545], [-89.36198, 14.4624], [-89.36379, 14.44656], [-89.36162, 14.41548]]]}, "properties": {"id": "TOL4", "status": "validé", "pieces": [{"kind": "country"}]}}, {"type": "Feature", "geometry": {"type": "Polygon", "coordinates": [[[-89.62166, 17.2233], [-89.64947, 17.24067], [-89.64912, 17.26984], [-89.63711, 17.38989], [-89.63539, 17.39153], [-89.63127, 17.39186], [-89.62784, 17.38072], [-89.61994, 17.3365], [-89.62852, 17.3139], [-89.63196, 17.27392], [-89.62612, 17.24442], [-89.61342, 17.22804], [-89.62166, 17.2233]]]}, "properties": {"id": "UW8N", "status": "validé", "pieces": [{"kind": "polygon", "ring": [[-89.62166, 17.2233], [-89.64947, 17.24067], [-89.64912, 17.26984], [-89.63711, 17.38989], [-89.63539, 17.39153], [-89.63127, 17.39186], [-89.62784, 17.38072], [-89.61994, 17.3365], [-89.62852, 17.3139], [-89.63196, 17.27392], [-89.62612, 17.24442], [-89.61342, 17.22804]]}]}}, {"type": "Feature", "geometry": null, "properties": {"id": "UdGx", "status": "rejeté", "pieces": []}}, {"type": "Feature", "geometry": {"type": "Polygon", "coordinates": [[[-90.70978, 14.74747], [-90.71926, 14.74778], [-90.7288, 14.74985], [-90.74195, 14.75739], [-90.76523, 14.77791], [-90.74691, 14.80514], [-90.73763, 14.83512], [-90.73182, 14.84488], [-90.72761, 14.84845], [-90.72342, 14.85129], [-90.72105, 14.85238], [-90.71841, 14.85279], [-90.71549, 14.85258], [-90.71299, 14.85155], [-90.70901, 14.85196], [-90.7041, 14.85393], [-90.68888, 14.8655], [-90.68405, 14.86829], [-90.67299, 14.87191], [-90.66849, 14.87501], [-90.66498, 14.87801], [-90.66309, 14.88075], [-90.66185, 14.88307], [-90.66079, 14.88602], [-90.66025, 14.8885], [-90.65761, 14.90395], [-90.62198, 14.89134], [-90.6071, 14.89408], [-90.59943, 14.88581], [-90.59416, 14.88354], [-90.58992, 14.88483], [-90.5854, 14.88726], [-90.57919, 14.88726], [-90.56398, 14.88493], [-90.53884, 14.89], [-90.51338, 14.89878], [-90.49724, 14.90777], [-90.48979, 14.90777], [-90.48499, 14.89857], [-90.4775, 14.89423], [-90.46781, 14.89315], [-90.45628, 14.89408], [-90.44305, 14.89749], [-90.43902, 14.90245], [-90.43662, 14.90819], [-90.42835, 14.91397], [-90.41207, 14.91702], [-90.4043, 14.91077], [-90.39993, 14.89904], [-90.41225, 14.87764], [-90.41476, 14.87506], [-90.4176, 14.87088], [-90.4176, 14.86695], [-90.41659, 14.86142], [-90.41512, 14.85816], [-90.41334, 14.85594], [-90.41145, 14.85439], [-90.40933, 14.8531], [-90.40675, 14.85212], [-90.40058, 14.85124], [-90.3943, 14.85186], [-90.38024, 14.85568], [-90.3574, 14.85734], [-90.35014, 14.85486], [-90.34859, 14.85268], [-90.34401, 14.84359], [-90.33495, 14.81848], [-90.33115, 14.79408], [-90.33259, 14.78592], [-90.33386, 14.78421], [-90.33528, 14.78282], [-90.33936, 14.77745], [-90.3434, 14.77042], [-90.34463, 14.76577], [-90.34427, 14.76153], [-90.34332, 14.7592], [-90.33885, 14.75099], [-90.31787, 14.72928], [-90.30849, 14.72225], [-90.25025, 14.70169], [-90.23671, 14.69507], [-90.23066, 14.69011], [-90.21973, 14.67776], [-90.20909, 14.6743], [-90.21818, 14.65197], [-90.22283, 14.64484], [-90.22477, 14.64329], [-90.2333, 14.63797], [-90.2658, 14.61151], [-90.27162, 14.58779], [-90.27208, 14.57208], [-90.27466, 14.56392], [-90.27709, 14.55937], [-90.28102, 14.55632], [-90.28273, 14.55017], [-90.28358, 14.54521], [-90.28521, 14.51431], [-90.29714, 14.50883], [-90.30595, 14.50883], [-90.31415, 14.50594], [-90.3197, 14.5001], [-90.33874, 14.4832], [-90.34531, 14.47927], [-90.3498, 14.47813], [-90.35153, 14.48], [-90.35267, 14.48217], [-90.35355, 14.48475], [-90.35507, 14.49679], [-90.35699, 14.49979], [-90.35965, 14.50247], [-90.36722, 14.50449], [-90.3713, 14.50408], [-90.38828, 14.49653], [-90.42938, 14.43349], [-90.44776, 14.38791], [-90.44241, 14.34104], [-90.44383, 14.32858], [-90.44876, 14.32305], [-90.45057, 14.32145], [-90.45264, 14.32001], [-90.45496, 14.31887], [-90.45765, 14.31794], [-90.46078, 14.31608], [-90.46388, 14.31349], [-90.47217, 14.30368], [-90.47401, 14.30243], [-90.47656, 14.30151], [-90.48243, 14.30026], [-90.49034, 14.29737], [-90.50966, 14.28843], [-90.52863, 14.27133], [-90.53636, 14.26621], [-90.56493, 14.25624], [-90.57103, 14.27789], [-90.58317, 14.30533], [-90.58633, 14.31727], [-90.58555, 14.35039], [-90.59216, 14.40181], [-90.59635, 14.41509], [-90.59883, 14.41612], [-90.60183, 14.41654], [-90.6148, 14.41623], [-90.62302, 14.41891], [-90.63774, 14.43152], [-90.65051, 14.46873], [-90.64188, 14.50625], [-90.63464, 14.58655], [-90.62942, 14.59875], [-90.62105, 14.60789], [-90.62302, 14.61957], [-90.61759, 14.63781], [-90.61816, 14.64531], [-90.61948, 14.64758], [-90.62911, 14.65849], [-90.6425, 14.67342], [-90.65134, 14.70205], [-90.68151, 14.73951], [-90.69159, 14.74882], [-90.69451, 14.74944], [-90.69759, 14.74949], [-90.70978, 14.74747]]]}, "properties": {"id": "VLvK", "status": "validé", "pieces": [{"kind": "admin1", "code": "GTM-1951"}]}}, {"type": "Feature", "geometry": {"type": "Polygon", "coordinates": [[[-90.70978, 14.74747], [-90.71926, 14.74778], [-90.7288, 14.74985], [-90.74195, 14.75739], [-90.76523, 14.77791], [-90.74691, 14.80514], [-90.73763, 14.83512], [-90.73182, 14.84488], [-90.72761, 14.84845], [-90.72342, 14.85129], [-90.72105, 14.85238], [-90.71841, 14.85279], [-90.71549, 14.85258], [-90.71299, 14.85155], [-90.70901, 14.85196], [-90.7041, 14.85393], [-90.68888, 14.8655], [-90.68405, 14.86829], [-90.67299, 14.87191], [-90.66849, 14.87501], [-90.66498, 14.87801], [-90.66309, 14.88075], [-90.66185, 14.88307], [-90.66079, 14.88602], [-90.66025, 14.8885], [-90.65761, 14.90395], [-90.62198, 14.89134], [-90.6071, 14.89408], [-90.59943, 14.88581], [-90.59416, 14.88354], [-90.58992, 14.88483], [-90.5854, 14.88726], [-90.57919, 14.88726], [-90.56398, 14.88493], [-90.53884, 14.89], [-90.51338, 14.89878], [-90.49724, 14.90777], [-90.48979, 14.90777], [-90.48499, 14.89857], [-90.4775, 14.89423], [-90.46781, 14.89315], [-90.45628, 14.89408], [-90.44305, 14.89749], [-90.43902, 14.90245], [-90.43662, 14.90819], [-90.42835, 14.91397], [-90.41207, 14.91702], [-90.4043, 14.91077], [-90.39993, 14.89904], [-90.41225, 14.87764], [-90.41476, 14.87506], [-90.4176, 14.87088], [-90.4176, 14.86695], [-90.41659, 14.86142], [-90.41512, 14.85816], [-90.41334, 14.85594], [-90.41145, 14.85439], [-90.40933, 14.8531], [-90.40675, 14.85212], [-90.40058, 14.85124], [-90.3943, 14.85186], [-90.38024, 14.85568], [-90.3574, 14.85734], [-90.35014, 14.85486], [-90.34859, 14.85268], [-90.34401, 14.84359], [-90.33495, 14.81848], [-90.33115, 14.79408], [-90.33259, 14.78592], [-90.33386, 14.78421], [-90.33528, 14.78282], [-90.33936, 14.77745], [-90.3434, 14.77042], [-90.34463, 14.76577], [-90.34427, 14.76153], [-90.34332, 14.7592], [-90.33885, 14.75099], [-90.31787, 14.72928], [-90.30849, 14.72225], [-90.25025, 14.70169], [-90.23671, 14.69507], [-90.23066, 14.69011], [-90.21973, 14.67776], [-90.20909, 14.6743], [-90.21818, 14.65197], [-90.22283, 14.64484], [-90.22477, 14.64329], [-90.2333, 14.63797], [-90.2658, 14.61151], [-90.27162, 14.58779], [-90.27208, 14.57208], [-90.27466, 14.56392], [-90.27709, 14.55937], [-90.28102, 14.55632], [-90.28273, 14.55017], [-90.28358, 14.54521], [-90.28521, 14.51431], [-90.29714, 14.50883], [-90.30595, 14.50883], [-90.31415, 14.50594], [-90.3197, 14.5001], [-90.33874, 14.4832], [-90.34531, 14.47927], [-90.3498, 14.47813], [-90.35153, 14.48], [-90.35267, 14.48217], [-90.35355, 14.48475], [-90.35507, 14.49679], [-90.35699, 14.49979], [-90.35965, 14.50247], [-90.36722, 14.50449], [-90.3713, 14.50408], [-90.38828, 14.49653], [-90.42938, 14.43349], [-90.44776, 14.38791], [-90.44241, 14.34104], [-90.44383, 14.32858], [-90.44876, 14.32305], [-90.45057, 14.32145], [-90.45264, 14.32001], [-90.45496, 14.31887], [-90.45765, 14.31794], [-90.46078, 14.31608], [-90.46388, 14.31349], [-90.47217, 14.30368], [-90.47401, 14.30243], [-90.47656, 14.30151], [-90.48243, 14.30026], [-90.49034, 14.29737], [-90.50966, 14.28843], [-90.52863, 14.27133], [-90.53636, 14.26621], [-90.56493, 14.25624], [-90.57103, 14.27789], [-90.58317, 14.30533], [-90.58633, 14.31727], [-90.58555, 14.35039], [-90.59216, 14.40181], [-90.59635, 14.41509], [-90.59883, 14.41612], [-90.60183, 14.41654], [-90.6148, 14.41623], [-90.62302, 14.41891], [-90.63774, 14.43152], [-90.65051, 14.46873], [-90.64188, 14.50625], [-90.63464, 14.58655], [-90.62942, 14.59875], [-90.62105, 14.60789], [-90.62302, 14.61957], [-90.61759, 14.63781], [-90.61816, 14.64531], [-90.61948, 14.64758], [-90.62911, 14.65849], [-90.6425, 14.67342], [-90.65134, 14.70205], [-90.68151, 14.73951], [-90.69159, 14.74882], [-90.69451, 14.74944], [-90.69759, 14.74949], [-90.70978, 14.74747]]]}, "properties": {"id": "Wu24", "status": "validé", "pieces": [{"kind": "admin1", "code": "GTM-1951"}]}}, {"type": "Feature", "geometry": {"type": "Polygon", "coordinates": [[[-90.70978, 14.74747], [-90.71926, 14.74778], [-90.7288, 14.74985], [-90.74195, 14.75739], [-90.76523, 14.77791], [-90.74691, 14.80514], [-90.73763, 14.83512], [-90.73182, 14.84488], [-90.72761, 14.84845], [-90.72342, 14.85129], [-90.72105, 14.85238], [-90.71841, 14.85279], [-90.71549, 14.85258], [-90.71299, 14.85155], [-90.70901, 14.85196], [-90.7041, 14.85393], [-90.68888, 14.8655], [-90.68405, 14.86829], [-90.67299, 14.87191], [-90.66849, 14.87501], [-90.66498, 14.87801], [-90.66309, 14.88075], [-90.66185, 14.88307], [-90.66079, 14.88602], [-90.66025, 14.8885], [-90.65761, 14.90395], [-90.62198, 14.89134], [-90.6071, 14.89408], [-90.59943, 14.88581], [-90.59416, 14.88354], [-90.58992, 14.88483], [-90.5854, 14.88726], [-90.57919, 14.88726], [-90.56398, 14.88493], [-90.53884, 14.89], [-90.51338, 14.89878], [-90.49724, 14.90777], [-90.48979, 14.90777], [-90.48499, 14.89857], [-90.4775, 14.89423], [-90.46781, 14.89315], [-90.45628, 14.89408], [-90.44305, 14.89749], [-90.43902, 14.90245], [-90.43662, 14.90819], [-90.42835, 14.91397], [-90.41207, 14.91702], [-90.4043, 14.91077], [-90.39993, 14.89904], [-90.41225, 14.87764], [-90.41476, 14.87506], [-90.4176, 14.87088], [-90.4176, 14.86695], [-90.41659, 14.86142], [-90.41512, 14.85816], [-90.41334, 14.85594], [-90.41145, 14.85439], [-90.40933, 14.8531], [-90.40675, 14.85212], [-90.40058, 14.85124], [-90.3943, 14.85186], [-90.38024, 14.85568], [-90.3574, 14.85734], [-90.35014, 14.85486], [-90.34859, 14.85268], [-90.34401, 14.84359], [-90.33495, 14.81848], [-90.33115, 14.79408], [-90.33259, 14.78592], [-90.33386, 14.78421], [-90.33528, 14.78282], [-90.33936, 14.77745], [-90.3434, 14.77042], [-90.34463, 14.76577], [-90.34427, 14.76153], [-90.34332, 14.7592], [-90.33885, 14.75099], [-90.31787, 14.72928], [-90.30849, 14.72225], [-90.25025, 14.70169], [-90.23671, 14.69507], [-90.23066, 14.69011], [-90.21973, 14.67776], [-90.20909, 14.6743], [-90.21818, 14.65197], [-90.22283, 14.64484], [-90.22477, 14.64329], [-90.2333, 14.63797], [-90.2658, 14.61151], [-90.27162, 14.58779], [-90.27208, 14.57208], [-90.27466, 14.56392], [-90.27709, 14.55937], [-90.28102, 14.55632], [-90.28273, 14.55017], [-90.28358, 14.54521], [-90.28521, 14.51431], [-90.29714, 14.50883], [-90.30595, 14.50883], [-90.31415, 14.50594], [-90.3197, 14.5001], [-90.33874, 14.4832], [-90.34531, 14.47927], [-90.3498, 14.47813], [-90.35153, 14.48], [-90.35267, 14.48217], [-90.35355, 14.48475], [-90.35507, 14.49679], [-90.35699, 14.49979], [-90.35965, 14.50247], [-90.36722, 14.50449], [-90.3713, 14.50408], [-90.38828, 14.49653], [-90.42938, 14.43349], [-90.44776, 14.38791], [-90.44241, 14.34104], [-90.44383, 14.32858], [-90.44876, 14.32305], [-90.45057, 14.32145], [-90.45264, 14.32001], [-90.45496, 14.31887], [-90.45765, 14.31794], [-90.46078, 14.31608], [-90.46388, 14.31349], [-90.47217, 14.30368], [-90.47401, 14.30243], [-90.47656, 14.30151], [-90.48243, 14.30026], [-90.49034, 14.29737], [-90.50966, 14.28843], [-90.52863, 14.27133], [-90.53636, 14.26621], [-90.56493, 14.25624], [-90.57103, 14.27789], [-90.58317, 14.30533], [-90.58633, 14.31727], [-90.58555, 14.35039], [-90.59216, 14.40181], [-90.59635, 14.41509], [-90.59883, 14.41612], [-90.60183, 14.41654], [-90.6148, 14.41623], [-90.62302, 14.41891], [-90.63774, 14.43152], [-90.65051, 14.46873], [-90.64188, 14.50625], [-90.63464, 14.58655], [-90.62942, 14.59875], [-90.62105, 14.60789], [-90.62302, 14.61957], [-90.61759, 14.63781], [-90.61816, 14.64531], [-90.61948, 14.64758], [-90.62911, 14.65849], [-90.6425, 14.67342], [-90.65134, 14.70205], [-90.68151, 14.73951], [-90.69159, 14.74882], [-90.69451, 14.74944], [-90.69759, 14.74949], [-90.70978, 14.74747]]]}, "properties": {"id": "acEC", "status": "validé", "pieces": [{"kind": "admin1", "code": "GTM-1951"}]}}, {"type": "Feature", "geometry": null, "properties": {"id": "bviD", "status": "rejeté", "pieces": []}}, {"type": "Feature", "geometry": {"type": "Polygon", "coordinates": [[[-90.18814, 16.01033], [-90.18539, 16.33269], [-90.17029, 16.33203], [-90.17372, 16.01825], [-90.17647, 16.01033], [-90.18814, 16.01033]]]}, "properties": {"id": "eusx", "status": "validé", "pieces": [{"kind": "polygon", "ring": [[-90.18814, 16.01033], [-90.18539, 16.33269], [-90.17029, 16.33203], [-90.17372, 16.01825], [-90.17647, 16.01033]]}]}}, {"type": "Feature", "geometry": {"type": "Polygon", "coordinates": [[[-89.06067, 15.3969], [-89.34082, 15.57152], [-89.50562, 15.78827], [-89.80225, 15.86223], [-89.91211, 15.8411], [-90.14282, 15.90976], [-90.54932, 15.96784], [-90.67317, 16.07041], [-90.57547, 16.0706], [-90.48574, 16.0707], [-90.46615, 16.07292], [-90.44819, 16.07926], [-90.44784, 16.07969], [-90.44416, 16.08465], [-90.43742, 16.09886], [-90.43448, 16.10718], [-90.44021, 16.10486], [-90.44274, 16.10419], [-90.44453, 16.10326], [-90.44814, 16.09974], [-90.45558, 16.09974], [-90.45949, 16.11679], [-90.4353, 16.13628], [-90.44814, 16.14821], [-90.44814, 16.15442], [-90.42613, 16.16315], [-90.43272, 16.17323], [-90.46181, 16.18914], [-90.46558, 16.20811], [-90.45851, 16.22175], [-90.44623, 16.23084], [-90.43448, 16.23632], [-90.44799, 16.24149], [-90.45783, 16.24914], [-90.45943, 16.25906], [-90.44814, 16.2711], [-90.44373, 16.26686], [-90.44062, 16.26531], [-90.42768, 16.26361], [-90.43143, 16.26893], [-90.43752, 16.28004], [-90.4413, 16.28536], [-90.43675, 16.28485], [-90.43551, 16.28624], [-90.43551, 16.28877], [-90.43448, 16.29156], [-90.42856, 16.28764], [-90.42024, 16.28536], [-90.41406, 16.28784], [-90.41401, 16.29839], [-90.42019, 16.29601], [-90.43473, 16.30123], [-90.44489, 16.30836], [-90.43789, 16.31208], [-90.41946, 16.31782], [-90.40468, 16.33151], [-90.39879, 16.34758], [-90.40719, 16.36045], [-90.41401, 16.36045], [-90.41401, 16.35301], [-90.42081, 16.35301], [-90.41822, 16.36717], [-90.40874, 16.37233], [-90.39512, 16.3714], [-90.37985, 16.36727], [-90.39138, 16.38598], [-90.3927, 16.39171], [-90.3929, 16.40484], [-90.39492, 16.41921], [-90.4006, 16.42055], [-90.40946, 16.41667], [-90.42081, 16.41512], [-90.4267, 16.41771], [-90.43411, 16.42241], [-90.44437, 16.4268], [-90.47584, 16.43073], [-90.47843, 16.43641], [-90.47708, 16.44499], [-90.4823, 16.45605], [-90.48822, 16.46158], [-90.49775, 16.46804], [-90.50892, 16.47109], [-90.53289, 16.45993], [-90.53907, 16.46887], [-90.54372, 16.49021], [-90.55341, 16.49026], [-90.57935, 16.48277], [-90.58472, 16.48024], [-90.59062, 16.48339], [-90.60467, 16.48618], [-90.62074, 16.48675], [-90.63309, 16.48334], [-90.62787, 16.4929], [-90.61899, 16.50008], [-90.61206, 16.50762], [-90.61263, 16.51811], [-90.62415, 16.52494], [-90.6395, 16.52587], [-90.64818, 16.52959], [-90.63997, 16.54483], [-90.64353, 16.56101], [-90.63702, 16.5779], [-90.63376, 16.59217], [-90.64736, 16.60007], [-90.65025, 16.59341], [-90.65361, 16.5901], [-90.65883, 16.58845], [-90.6672, 16.587], [-90.6672, 16.5932], [-90.65402, 16.61661], [-90.66772, 16.65258], [-90.73531, 16.74658], [-90.74978, 16.75769], [-90.78559, 16.775], [-90.80037, 16.78683], [-90.79696, 16.79867], [-90.79696, 16.80543], [-90.8106, 16.81293], [-90.81996, 16.80533], [-90.83174, 16.80543], [-90.90062, 16.826], [-90.91907, 16.83634], [-90.94817, 16.86471], [-90.96889, 16.87437], [-90.95276, 16.89091], [-90.95519, 16.89876], [-90.96883, 16.90104], [-90.98625, 16.90109], [-90.98796, 16.8969], [-90.98429, 16.88776], [-90.98325, 16.87861], [-90.99307, 16.87437], [-90.99834, 16.87716], [-91.0109, 16.89029], [-91.01669, 16.89484], [-91.05493, 16.90801], [-91.06687, 16.91819], [-91.07131, 16.93892], [-91.07694, 16.94951], [-91.11224, 16.99049], [-91.11611, 16.99927], [-91.12123, 17.01839], [-91.12655, 17.0246], [-91.13715, 17.02651], [-91.16123, 17.02398], [-91.1712, 17.02801], [-91.20675, 17.06537], [-91.21595, 17.07922], [-91.22024, 17.08929], [-91.22536, 17.10702], [-91.2296, 17.11399], [-91.23879, 17.11922], [-91.2592, 17.12433], [-91.26313, 17.13074], [-91.26515, 17.14624], [-91.27083, 17.16428], [-91.27951, 17.18009], [-91.29042, 17.18908], [-91.31776, 17.19048], [-91.34452, 17.18634], [-91.36488, 17.18975], [-91.37295, 17.21358], [-91.38835, 17.22159], [-91.41925, 17.22773], [-91.4425, 17.23797], [-91.43826, 17.25368], [-91.43077, 17.25497], [-90.99199, 17.25192], [-90.99144, 17.52694], [-90.9909, 17.80196], [-90.98284, 17.81054], [-90.96222, 17.81602], [-90.91912, 17.81602], [-90.69924, 17.81581], [-90.47946, 17.81561], [-90.25965, 17.81535], [-90.03977, 17.81514], [-89.82002, 17.81499], [-89.60016, 17.81473], [-89.3803, 17.81452], [-89.1605, 17.81431], [-89.15622, 17.59824], [-89.15073, 17.32103], [-89.1492, 17.03627], [-89.16607, 16.77701], [-89.18435, 16.49587], [-89.19314, 16.39263], [-89.20852, 16.18613], [-89.23413, 15.95495], [-89.23602, 15.90649], [-89.23651, 15.89391], [-89.22824, 15.88084], [-89.226, 15.88404], [-89.21654, 15.88864], [-89.20484, 15.89242], [-89.19576, 15.89293], [-89.17745, 15.90027], [-89.10091, 15.89681], [-89.07239, 15.90151], [-89.04032, 15.90172], [-88.95188, 15.87965], [-88.91397, 15.89395], [-88.90001, 15.88784], [-88.8662, 15.86034], [-88.83161, 15.86864], [-88.78734, 15.85908], [-88.75329, 15.83979], [-88.7495, 15.81879], [-88.7268, 15.81517], [-88.62597, 15.75389], [-88.63829, 15.70881], [-88.63622, 15.70209], [-88.60924, 15.70209], [-88.59838, 15.70612], [-88.5952, 15.71467], [-88.59634, 15.72215], [-88.5987, 15.72321], [-88.59899, 15.72736], [-88.60237, 15.7309], [-88.60558, 15.73554], [-88.60546, 15.74307], [-88.60045, 15.74457], [-88.59118, 15.74356], [-88.58218, 15.74502], [-88.5782, 15.75389], [-88.57433, 15.76996], [-88.5655, 15.78095], [-88.55606, 15.7895], [-88.55028, 15.79828], [-88.54906, 15.81367], [-88.55671, 15.83735], [-88.55769, 15.85293], [-88.55028, 15.85293], [-88.55065, 15.84248], [-88.55028, 15.83926], [-88.54406, 15.83926], [-88.53213, 15.84683], [-88.50304, 15.84138], [-88.48884, 15.84675], [-88.51195, 15.86758], [-88.52481, 15.87702], [-88.54328, 15.88516], [-88.55102, 15.89517], [-88.55769, 15.90656], [-88.56452, 15.91498], [-88.60757, 15.93842], [-88.61986, 15.95327], [-88.60546, 15.96963], [-88.5902, 15.96101], [-88.56184, 15.94904], [-88.55028, 15.94233], [-88.52123, 15.91275], [-88.50023, 15.90107], [-88.44791, 15.85871], [-88.34484, 15.81196], [-88.31103, 15.78242], [-88.3004, 15.77782], [-88.25634, 15.74038], [-88.22155, 15.7259], [-88.22094, 15.72565], [-88.23262, 15.72142], [-88.23575, 15.71243], [-88.23492, 15.70158], [-88.24159, 15.68824], [-88.24776, 15.69568], [-88.26499, 15.6886], [-88.2797, 15.68075], [-88.29559, 15.67501], [-88.31667, 15.6746], [-88.3223, 15.66726], [-88.35256, 15.6169], [-88.39899, 15.5728], [-88.46743, 15.52074], [-88.50002, 15.4959], [-88.58738, 15.4303], [-88.67419, 15.36506], [-88.7609, 15.29996], [-88.84703, 15.2353], [-88.93209, 15.17143], [-89.06067, 15.3969]]]}, "properties": {"id": "gNVA", "status": "validé", "pieces": [{"kind": "polygon", "ring": [[-90.70862, 16.09977], [-90.54932, 15.96784], [-90.14282, 15.90976], [-89.91211, 15.8411], [-89.80225, 15.86223], [-89.50562, 15.78827], [-89.34082, 15.57152], [-89.06067, 15.3969], [-88.87939, 15.07903], [-87.47314, 15.67728], [-88.30261, 17.87986], [-90.82397, 18.13052], [-91.89514, 17.53987], [-91.07666, 16.26852]]}, {"kind": "clip"}]}}, {"type": "Feature", "geometry": {"type": "Polygon", "coordinates": [[[-89.36162, 14.41548], [-89.36182, 14.41551], [-89.39061, 14.43599], [-89.3917, 14.43372], [-89.39686, 14.42605], [-89.39818, 14.44537], [-89.40836, 14.44152], [-89.4311, 14.41871], [-89.44683, 14.41553], [-89.45813, 14.41959], [-89.46942, 14.42537], [-89.48528, 14.42739], [-89.49615, 14.4229], [-89.50303, 14.42005], [-89.52776, 14.39106], [-89.54135, 14.38153], [-89.54425, 14.40005], [-89.55518, 14.41083], [-89.56988, 14.41202], [-89.58406, 14.40181], [-89.59057, 14.38597], [-89.58628, 14.37468], [-89.57897, 14.36478], [-89.57608, 14.35313], [-89.58241, 14.34336], [-89.59243, 14.33639], [-89.59835, 14.32799], [-89.59217, 14.31383], [-89.57127, 14.31114], [-89.56437, 14.30815], [-89.55859, 14.30282], [-89.55569, 14.29903], [-89.54988, 14.28828], [-89.54859, 14.2836], [-89.54678, 14.26833], [-89.54492, 14.26182], [-89.54055, 14.25761], [-89.52786, 14.25146], [-89.52466, 14.24737], [-89.52451, 14.23177], [-89.53094, 14.22557], [-89.63832, 14.20056], [-89.66463, 14.18885], [-89.68984, 14.17001], [-89.70987, 14.14872], [-89.75261, 14.07524], [-89.75545, 14.06708], [-89.75446, 14.0594], [-89.74801, 14.0449], [-89.74726, 14.0432], [-89.74764, 14.03765], [-89.76227, 14.03], [-89.77694, 14.03579], [-89.80296, 14.05547], [-89.8211, 14.06007], [-89.83585, 14.05909], [-89.88012, 14.04268], [-89.89079, 14.03589], [-89.91208, 14.01519], [-90.00817, 13.94969], [-90.02298, 13.93695], [-90.03148, 13.92292], [-90.03809, 13.90838], [-90.04737, 13.89429], [-90.05964, 13.88471], [-90.08708, 13.87047], [-90.09904, 13.85851], [-90.10698, 13.84407], [-90.1123, 13.82825], [-90.11478, 13.812], [-90.11431, 13.79627], [-90.09831, 13.7314], [-90.09833, 13.73141], [-90.24555, 13.79073], [-90.40116, 13.85859], [-90.50021, 13.8947], [-90.58041, 13.91327], [-90.63802, 13.92236], [-90.70728, 13.92889], [-90.78462, 13.92154], [-90.79625, 13.91816], [-90.91033, 13.91113], [-91.04374, 13.91358], [-91.16576, 13.9267], [-91.31646, 13.95568], [-91.55187, 14.05728], [-91.63711, 14.10444], [-91.76256, 14.18017], [-91.90819, 14.28384], [-92.04959, 14.40803], [-92.24626, 14.54628], [-92.2261, 14.54935], [-92.20806, 14.57051], [-92.18607, 14.62957], [-92.16473, 14.66815], [-92.1608, 14.6835], [-92.16173, 14.70233], [-92.17938, 14.75158], [-92.1801, 14.75879], [-92.17881, 14.77339], [-92.17938, 14.78124], [-92.18866, 14.80589], [-92.19083, 14.81424], [-92.19165, 14.8353], [-92.1868, 14.84726], [-92.16602, 14.87082], [-92.15468, 14.9008], [-92.15757, 14.96304], [-92.15421, 14.99593], [-92.14236, 15.00748], [-92.12988, 15.01094], [-92.11698, 15.01239], [-92.10383, 15.01787], [-92.0936, 15.02942], [-92.07381, 15.07371], [-92.20336, 15.23716], [-92.21093, 15.25336], [-92.21129, 15.27207], [-92.20465, 15.28951], [-92.18618, 15.32038], [-92.13745, 15.40183], [-92.10593, 15.45447], [-92.06854, 15.51694], [-91.9896, 15.64897], [-91.91056, 15.78095], [-91.84168, 15.89608], [-91.79297, 15.97758], [-91.77447, 16.00843], [-91.75189, 16.04631], [-91.73985, 16.06098], [-91.72378, 16.06879], [-91.6784, 16.06889], [-91.54048, 16.06915], [-91.40261, 16.0693], [-91.26479, 16.06951], [-91.12691, 16.06977], [-90.9948, 16.06987], [-90.98899, 16.06987], [-90.85112, 16.07013], [-90.7133, 16.07034], [-90.57547, 16.0706], [-90.48574, 16.0707], [-90.46615, 16.07292], [-90.44819, 16.07926], [-90.44784, 16.07969], [-90.44416, 16.08465], [-90.43742, 16.09886], [-90.43448, 16.10718], [-90.44021, 16.10486], [-90.44274, 16.10419], [-90.44453, 16.10326], [-90.44814, 16.09974], [-90.45558, 16.09974], [-90.45949, 16.11679], [-90.4353, 16.13628], [-90.44814, 16.14821], [-90.44814, 16.15442], [-90.42613, 16.16315], [-90.43272, 16.17323], [-90.46181, 16.18914], [-90.46558, 16.20811], [-90.45851, 16.22175], [-90.44623, 16.23084], [-90.43448, 16.23632], [-90.44799, 16.24149], [-90.45783, 16.24914], [-90.45943, 16.25906], [-90.44814, 16.2711], [-90.44373, 16.26686], [-90.44062, 16.26531], [-90.42768, 16.26361], [-90.43143, 16.26893], [-90.43752, 16.28004], [-90.4413, 16.28536], [-90.43675, 16.28485], [-90.43551, 16.28624], [-90.43551, 16.28877], [-90.43448, 16.29156], [-90.42856, 16.28764], [-90.42024, 16.28536], [-90.41406, 16.28784], [-90.41401, 16.29839], [-90.42019, 16.29601], [-90.43473, 16.30123], [-90.44489, 16.30836], [-90.43789, 16.31208], [-90.41946, 16.31782], [-90.40468, 16.33151], [-90.39879, 16.34758], [-90.40719, 16.36045], [-90.41401, 16.36045], [-90.41401, 16.35301], [-90.42081, 16.35301], [-90.41822, 16.36717], [-90.40874, 16.37233], [-90.39512, 16.3714], [-90.37985, 16.36727], [-90.39138, 16.38598], [-90.3927, 16.39171], [-90.3929, 16.40484], [-90.39492, 16.41921], [-90.4006, 16.42055], [-90.40946, 16.41667], [-90.42081, 16.41512], [-90.4267, 16.41771], [-90.43411, 16.42241], [-90.44437, 16.4268], [-90.47584, 16.43073], [-90.47843, 16.43641], [-90.47708, 16.44499], [-90.4823, 16.45605], [-90.48822, 16.46158], [-90.49775, 16.46804], [-90.50892, 16.47109], [-90.53289, 16.45993], [-90.53907, 16.46887], [-90.54372, 16.49021], [-90.55341, 16.49026], [-90.57935, 16.48277], [-90.58472, 16.48024], [-90.59062, 16.48339], [-90.60467, 16.48618], [-90.62074, 16.48675], [-90.63309, 16.48334], [-90.62787, 16.4929], [-90.61899, 16.50008], [-90.61206, 16.50762], [-90.61263, 16.51811], [-90.62415, 16.52494], [-90.6395, 16.52587], [-90.64818, 16.52959], [-90.63997, 16.54483], [-90.64353, 16.56101], [-90.63702, 16.5779], [-90.63376, 16.59217], [-90.64736, 16.60007], [-90.65025, 16.59341], [-90.65361, 16.5901], [-90.65883, 16.58845], [-90.6672, 16.587], [-90.6672, 16.5932], [-90.65402, 16.61661], [-90.66772, 16.65258], [-90.73531, 16.74658], [-90.74978, 16.75769], [-90.78559, 16.775], [-90.80037, 16.78683], [-90.79696, 16.79867], [-90.79696, 16.80543], [-90.8106, 16.81293], [-90.81996, 16.80533], [-90.83174, 16.80543], [-90.90062, 16.826], [-90.91907, 16.83634], [-90.94817, 16.86471], [-90.96889, 16.87437], [-90.95276, 16.89091], [-90.95519, 16.89876], [-90.96883, 16.90104], [-90.98625, 16.90109], [-90.98796, 16.8969], [-90.98429, 16.88776], [-90.98325, 16.87861], [-90.99307, 16.87437], [-90.99834, 16.87716], [-91.0109, 16.89029], [-91.01669, 16.89484], [-91.05493, 16.90801], [-91.06687, 16.91819], [-91.07131, 16.93892], [-91.07694, 16.94951], [-91.11224, 16.99049], [-91.11611, 16.99927], [-91.12123, 17.01839], [-91.12655, 17.0246], [-91.13715, 17.02651], [-91.16123, 17.02398], [-91.1712, 17.02801], [-91.20675, 17.06537], [-91.21595, 17.07922], [-91.22024, 17.08929], [-91.22536, 17.10702], [-91.2296, 17.11399], [-91.23879, 17.11922], [-91.2592, 17.12433], [-91.26313, 17.13074], [-91.26515, 17.14624], [-91.27083, 17.16428], [-91.27951, 17.18009], [-91.29042, 17.18908], [-91.31776, 17.19048], [-91.34452, 17.18634], [-91.36488, 17.18975], [-91.37295, 17.21358], [-91.38835, 17.22159], [-91.41925, 17.22773], [-91.4425, 17.23797], [-91.43826, 17.25368], [-91.43077, 17.25497], [-90.99199, 17.25192], [-90.99144, 17.52694], [-90.9909, 17.80196], [-90.98284, 17.81054], [-90.96222, 17.81602], [-90.91912, 17.81602], [-90.69924, 17.81581], [-90.47946, 17.81561], [-90.25965, 17.81535], [-90.03977, 17.81514], [-89.82002, 17.81499], [-89.60016, 17.81473], [-89.3803, 17.81452], [-89.1605, 17.81431], [-89.15622, 17.59824], [-89.15073, 17.32103], [-89.1492, 17.03627], [-89.16607, 16.77701], [-89.18435, 16.49587], [-89.19314, 16.39263], [-89.20852, 16.18613], [-89.23413, 15.95495], [-89.23602, 15.90649], [-89.23651, 15.89391], [-89.22824, 15.88084], [-89.226, 15.88404], [-89.21654, 15.88864], [-89.20484, 15.89242], [-89.19576, 15.89293], [-89.17745, 15.90027], [-89.10091, 15.89681], [-89.07239, 15.90151], [-89.04032, 15.90172], [-88.95188, 15.87965], [-88.91397, 15.89395], [-88.90001, 15.88784], [-88.8662, 15.86034], [-88.83161, 15.86864], [-88.78734, 15.85908], [-88.75329, 15.83979], [-88.7495, 15.81879], [-88.7268, 15.81517], [-88.62597, 15.75389], [-88.63829, 15.70881], [-88.63622, 15.70209], [-88.60924, 15.70209], [-88.59838, 15.70612], [-88.5952, 15.71467], [-88.59634, 15.72215], [-88.5987, 15.72321], [-88.59899, 15.72736], [-88.60237, 15.7309], [-88.60558, 15.73554], [-88.60546, 15.74307], [-88.60045, 15.74457], [-88.59118, 15.74356], [-88.58218, 15.74502], [-88.5782, 15.75389], [-88.57433, 15.76996], [-88.5655, 15.78095], [-88.55606, 15.7895], [-88.55028, 15.79828], [-88.54906, 15.81367], [-88.55671, 15.83735], [-88.55769, 15.85293], [-88.55028, 15.85293], [-88.55065, 15.84248], [-88.55028, 15.83926], [-88.54406, 15.83926], [-88.53213, 15.84683], [-88.50304, 15.84138], [-88.48884, 15.84675], [-88.51195, 15.86758], [-88.52481, 15.87702], [-88.54328, 15.88516], [-88.55102, 15.89517], [-88.55769, 15.90656], [-88.56452, 15.91498], [-88.60757, 15.93842], [-88.61986, 15.95327], [-88.60546, 15.96963], [-88.5902, 15.96101], [-88.56184, 15.94904], [-88.55028, 15.94233], [-88.52123, 15.91275], [-88.50023, 15.90107], [-88.44791, 15.85871], [-88.34484, 15.81196], [-88.31103, 15.78242], [-88.3004, 15.77782], [-88.25634, 15.74038], [-88.22155, 15.7259], [-88.22094, 15.72565], [-88.23262, 15.72142], [-88.23575, 15.71243], [-88.23492, 15.70158], [-88.24159, 15.68824], [-88.24776, 15.69568], [-88.26499, 15.6886], [-88.2797, 15.68075], [-88.29559, 15.67501], [-88.31667, 15.6746], [-88.3223, 15.66726], [-88.35256, 15.6169], [-88.39899, 15.5728], [-88.46743, 15.52074], [-88.50002, 15.4959], [-88.58738, 15.4303], [-88.67419, 15.36506], [-88.7609, 15.29996], [-88.84703, 15.2353], [-88.97343, 15.14039], [-89.00828, 15.1244], [-89.10983, 15.09146], [-89.14052, 15.07639], [-89.14694, 15.07128], [-89.16081, 15.06025], [-89.17277, 15.04221], [-89.18858, 14.99609], [-89.1691, 14.97842], [-89.16915, 14.95206], [-89.18153, 14.92366], [-89.18922, 14.91306], [-89.19881, 14.89982], [-89.22362, 14.87902], [-89.23145, 14.86731], [-89.23243, 14.8485], [-89.22768, 14.83457], [-89.21897, 14.82168], [-89.19881, 14.79809], [-89.18941, 14.783], [-89.17055, 14.73879], [-89.15967, 14.72512], [-89.15052, 14.71729], [-89.14621, 14.71086], [-89.1445, 14.7083], [-89.14269, 14.69127], [-89.14523, 14.68345], [-89.15584, 14.67226], [-89.15941, 14.66598], [-89.15523, 14.6156], [-89.15574, 14.59784], [-89.16039, 14.58128], [-89.17215, 14.5704], [-89.1837, 14.56953], [-89.20881, 14.57795], [-89.22109, 14.58009], [-89.23811, 14.57795], [-89.24568, 14.57299], [-89.25054, 14.56518], [-89.25961, 14.55425], [-89.29093, 14.528], [-89.30485, 14.51335], [-89.3148, 14.49596], [-89.32304, 14.48746], [-89.34526, 14.48196], [-89.3555, 14.47545], [-89.36198, 14.4624], [-89.36379, 14.44656], [-89.36162, 14.41548]]]}, "properties": {"id": "gZYw", "status": "validé", "pieces": [{"kind": "country"}]}}, {"type": "Feature", "geometry": {"type": "Polygon", "coordinates": [[[-91.30119, 14.73313], [-91.29158, 14.67006], [-91.28059, 14.6103], [-91.24832, 14.59635], [-91.16661, 14.58971], [-91.09589, 14.60963], [-91.06842, 14.68866], [-91.10138, 14.75504], [-91.18515, 14.78026], [-91.28952, 14.73247], [-91.30119, 14.73313]]]}, "properties": {"id": "hIlm", "status": "validé", "pieces": [{"kind": "polygon", "ring": [[-91.30119, 14.73313], [-91.29158, 14.67006], [-91.28059, 14.6103], [-91.24832, 14.59635], [-91.16661, 14.58971], [-91.09589, 14.60963], [-91.06842, 14.68866], [-91.10138, 14.75504], [-91.18515, 14.78026], [-91.28952, 14.73247]]}]}}, {"type": "Feature", "geometry": {"type": "Polygon", "coordinates": [[[-89.36162, 14.41548], [-89.36182, 14.41551], [-89.39061, 14.43599], [-89.3917, 14.43372], [-89.39686, 14.42605], [-89.39818, 14.44537], [-89.40836, 14.44152], [-89.4311, 14.41871], [-89.44683, 14.41553], [-89.45813, 14.41959], [-89.46942, 14.42537], [-89.48528, 14.42739], [-89.49615, 14.4229], [-89.50303, 14.42005], [-89.52776, 14.39106], [-89.54135, 14.38153], [-89.54425, 14.40005], [-89.55518, 14.41083], [-89.56988, 14.41202], [-89.58406, 14.40181], [-89.59057, 14.38597], [-89.58628, 14.37468], [-89.57897, 14.36478], [-89.57608, 14.35313], [-89.58241, 14.34336], [-89.59243, 14.33639], [-89.59835, 14.32799], [-89.59217, 14.31383], [-89.57127, 14.31114], [-89.56437, 14.30815], [-89.55859, 14.30282], [-89.55569, 14.29903], [-89.54988, 14.28828], [-89.54859, 14.2836], [-89.54678, 14.26833], [-89.54492, 14.26182], [-89.54055, 14.25761], [-89.52786, 14.25146], [-89.52466, 14.24737], [-89.52451, 14.23177], [-89.53094, 14.22557], [-89.63832, 14.20056], [-89.66463, 14.18885], [-89.68984, 14.17001], [-89.70987, 14.14872], [-89.75261, 14.07524], [-89.75545, 14.06708], [-89.75446, 14.0594], [-89.74801, 14.0449], [-89.74726, 14.0432], [-89.74764, 14.03765], [-89.76227, 14.03], [-89.77694, 14.03579], [-89.80296, 14.05547], [-89.8211, 14.06007], [-89.83585, 14.05909], [-89.88012, 14.04268], [-89.89079, 14.03589], [-89.91208, 14.01519], [-90.00817, 13.94969], [-90.02298, 13.93695], [-90.03148, 13.92292], [-90.03809, 13.90838], [-90.04737, 13.89429], [-90.05964, 13.88471], [-90.08708, 13.87047], [-90.09904, 13.85851], [-90.10698, 13.84407], [-90.1123, 13.82825], [-90.11478, 13.812], [-90.11431, 13.79627], [-90.09831, 13.7314], [-90.09833, 13.73141], [-90.24555, 13.79073], [-90.40116, 13.85859], [-90.50021, 13.8947], [-90.58041, 13.91327], [-90.63802, 13.92236], [-90.70728, 13.92889], [-90.78462, 13.92154], [-90.79625, 13.91816], [-90.91033, 13.91113], [-91.04374, 13.91358], [-91.16576, 13.9267], [-91.31646, 13.95568], [-91.55187, 14.05728], [-91.63711, 14.10444], [-91.76256, 14.18017], [-91.90819, 14.28384], [-92.04959, 14.40803], [-92.24626, 14.54628], [-92.2261, 14.54935], [-92.20806, 14.57051], [-92.18607, 14.62957], [-92.16473, 14.66815], [-92.1608, 14.6835], [-92.16173, 14.70233], [-92.17938, 14.75158], [-92.1801, 14.75879], [-92.17881, 14.77339], [-92.17938, 14.78124], [-92.18866, 14.80589], [-92.19083, 14.81424], [-92.19165, 14.8353], [-92.1868, 14.84726], [-92.16602, 14.87082], [-92.15468, 14.9008], [-92.15757, 14.96304], [-92.15421, 14.99593], [-92.14236, 15.00748], [-92.12988, 15.01094], [-92.11698, 15.01239], [-92.10383, 15.01787], [-92.0936, 15.02942], [-92.07381, 15.07371], [-92.20336, 15.23716], [-92.21093, 15.25336], [-92.21129, 15.27207], [-92.20465, 15.28951], [-92.18618, 15.32038], [-92.13745, 15.40183], [-92.10593, 15.45447], [-92.06854, 15.51694], [-91.9896, 15.64897], [-91.91056, 15.78095], [-91.84168, 15.89608], [-91.79297, 15.97758], [-91.77447, 16.00843], [-91.75189, 16.04631], [-91.73985, 16.06098], [-91.72378, 16.06879], [-91.6784, 16.06889], [-91.54048, 16.06915], [-91.40261, 16.0693], [-91.26479, 16.06951], [-91.12691, 16.06977], [-90.9948, 16.06987], [-90.98899, 16.06987], [-90.85112, 16.07013], [-90.7133, 16.07034], [-90.57547, 16.0706], [-90.48574, 16.0707], [-90.46615, 16.07292], [-90.44819, 16.07926], [-90.44784, 16.07969], [-90.44416, 16.08465], [-90.43742, 16.09886], [-90.43448, 16.10718], [-90.44021, 16.10486], [-90.44274, 16.10419], [-90.44453, 16.10326], [-90.44814, 16.09974], [-90.45558, 16.09974], [-90.45949, 16.11679], [-90.4353, 16.13628], [-90.44814, 16.14821], [-90.44814, 16.15442], [-90.42613, 16.16315], [-90.43272, 16.17323], [-90.46181, 16.18914], [-90.46558, 16.20811], [-90.45851, 16.22175], [-90.44623, 16.23084], [-90.43448, 16.23632], [-90.44799, 16.24149], [-90.45783, 16.24914], [-90.45943, 16.25906], [-90.44814, 16.2711], [-90.44373, 16.26686], [-90.44062, 16.26531], [-90.42768, 16.26361], [-90.43143, 16.26893], [-90.43752, 16.28004], [-90.4413, 16.28536], [-90.43675, 16.28485], [-90.43551, 16.28624], [-90.43551, 16.28877], [-90.43448, 16.29156], [-90.42856, 16.28764], [-90.42024, 16.28536], [-90.41406, 16.28784], [-90.41401, 16.29839], [-90.42019, 16.29601], [-90.43473, 16.30123], [-90.44489, 16.30836], [-90.43789, 16.31208], [-90.41946, 16.31782], [-90.40468, 16.33151], [-90.39879, 16.34758], [-90.40719, 16.36045], [-90.41401, 16.36045], [-90.41401, 16.35301], [-90.42081, 16.35301], [-90.41822, 16.36717], [-90.40874, 16.37233], [-90.39512, 16.3714], [-90.37985, 16.36727], [-90.39138, 16.38598], [-90.3927, 16.39171], [-90.3929, 16.40484], [-90.39492, 16.41921], [-90.4006, 16.42055], [-90.40946, 16.41667], [-90.42081, 16.41512], [-90.4267, 16.41771], [-90.43411, 16.42241], [-90.44437, 16.4268], [-90.47584, 16.43073], [-90.47843, 16.43641], [-90.47708, 16.44499], [-90.4823, 16.45605], [-90.48822, 16.46158], [-90.49775, 16.46804], [-90.50892, 16.47109], [-90.53289, 16.45993], [-90.53907, 16.46887], [-90.54372, 16.49021], [-90.55341, 16.49026], [-90.57935, 16.48277], [-90.58472, 16.48024], [-90.59062, 16.48339], [-90.60467, 16.48618], [-90.62074, 16.48675], [-90.63309, 16.48334], [-90.62787, 16.4929], [-90.61899, 16.50008], [-90.61206, 16.50762], [-90.61263, 16.51811], [-90.62415, 16.52494], [-90.6395, 16.52587], [-90.64818, 16.52959], [-90.63997, 16.54483], [-90.64353, 16.56101], [-90.63702, 16.5779], [-90.63376, 16.59217], [-90.64736, 16.60007], [-90.65025, 16.59341], [-90.65361, 16.5901], [-90.65883, 16.58845], [-90.6672, 16.587], [-90.6672, 16.5932], [-90.65402, 16.61661], [-90.66772, 16.65258], [-90.73531, 16.74658], [-90.74978, 16.75769], [-90.78559, 16.775], [-90.80037, 16.78683], [-90.79696, 16.79867], [-90.79696, 16.80543], [-90.8106, 16.81293], [-90.81996, 16.80533], [-90.83174, 16.80543], [-90.90062, 16.826], [-90.91907, 16.83634], [-90.94817, 16.86471], [-90.96889, 16.87437], [-90.95276, 16.89091], [-90.95519, 16.89876], [-90.96883, 16.90104], [-90.98625, 16.90109], [-90.98796, 16.8969], [-90.98429, 16.88776], [-90.98325, 16.87861], [-90.99307, 16.87437], [-90.99834, 16.87716], [-91.0109, 16.89029], [-91.01669, 16.89484], [-91.05493, 16.90801], [-91.06687, 16.91819], [-91.07131, 16.93892], [-91.07694, 16.94951], [-91.11224, 16.99049], [-91.11611, 16.99927], [-91.12123, 17.01839], [-91.12655, 17.0246], [-91.13715, 17.02651], [-91.16123, 17.02398], [-91.1712, 17.02801], [-91.20675, 17.06537], [-91.21595, 17.07922], [-91.22024, 17.08929], [-91.22536, 17.10702], [-91.2296, 17.11399], [-91.23879, 17.11922], [-91.2592, 17.12433], [-91.26313, 17.13074], [-91.26515, 17.14624], [-91.27083, 17.16428], [-91.27951, 17.18009], [-91.29042, 17.18908], [-91.31776, 17.19048], [-91.34452, 17.18634], [-91.36488, 17.18975], [-91.37295, 17.21358], [-91.38835, 17.22159], [-91.41925, 17.22773], [-91.4425, 17.23797], [-91.43826, 17.25368], [-91.43077, 17.25497], [-90.99199, 17.25192], [-90.99144, 17.52694], [-90.9909, 17.80196], [-90.98284, 17.81054], [-90.96222, 17.81602], [-90.91912, 17.81602], [-90.69924, 17.81581], [-90.47946, 17.81561], [-90.25965, 17.81535], [-90.03977, 17.81514], [-89.82002, 17.81499], [-89.60016, 17.81473], [-89.3803, 17.81452], [-89.1605, 17.81431], [-89.15622, 17.59824], [-89.15073, 17.32103], [-89.1492, 17.03627], [-89.16607, 16.77701], [-89.18435, 16.49587], [-89.19314, 16.39263], [-89.20852, 16.18613], [-89.23413, 15.95495], [-89.23602, 15.90649], [-89.23651, 15.89391], [-89.22824, 15.88084], [-89.226, 15.88404], [-89.21654, 15.88864], [-89.20484, 15.89242], [-89.19576, 15.89293], [-89.17745, 15.90027], [-89.10091, 15.89681], [-89.07239, 15.90151], [-89.04032, 15.90172], [-88.95188, 15.87965], [-88.91397, 15.89395], [-88.90001, 15.88784], [-88.8662, 15.86034], [-88.83161, 15.86864], [-88.78734, 15.85908], [-88.75329, 15.83979], [-88.7495, 15.81879], [-88.7268, 15.81517], [-88.62597, 15.75389], [-88.63829, 15.70881], [-88.63622, 15.70209], [-88.60924, 15.70209], [-88.59838, 15.70612], [-88.5952, 15.71467], [-88.59634, 15.72215], [-88.5987, 15.72321], [-88.59899, 15.72736], [-88.60237, 15.7309], [-88.60558, 15.73554], [-88.60546, 15.74307], [-88.60045, 15.74457], [-88.59118, 15.74356], [-88.58218, 15.74502], [-88.5782, 15.75389], [-88.57433, 15.76996], [-88.5655, 15.78095], [-88.55606, 15.7895], [-88.55028, 15.79828], [-88.54906, 15.81367], [-88.55671, 15.83735], [-88.55769, 15.85293], [-88.55028, 15.85293], [-88.55065, 15.84248], [-88.55028, 15.83926], [-88.54406, 15.83926], [-88.53213, 15.84683], [-88.50304, 15.84138], [-88.48884, 15.84675], [-88.51195, 15.86758], [-88.52481, 15.87702], [-88.54328, 15.88516], [-88.55102, 15.89517], [-88.55769, 15.90656], [-88.56452, 15.91498], [-88.60757, 15.93842], [-88.61986, 15.95327], [-88.60546, 15.96963], [-88.5902, 15.96101], [-88.56184, 15.94904], [-88.55028, 15.94233], [-88.52123, 15.91275], [-88.50023, 15.90107], [-88.44791, 15.85871], [-88.34484, 15.81196], [-88.31103, 15.78242], [-88.3004, 15.77782], [-88.25634, 15.74038], [-88.22155, 15.7259], [-88.22094, 15.72565], [-88.23262, 15.72142], [-88.23575, 15.71243], [-88.23492, 15.70158], [-88.24159, 15.68824], [-88.24776, 15.69568], [-88.26499, 15.6886], [-88.2797, 15.68075], [-88.29559, 15.67501], [-88.31667, 15.6746], [-88.3223, 15.66726], [-88.35256, 15.6169], [-88.39899, 15.5728], [-88.46743, 15.52074], [-88.50002, 15.4959], [-88.58738, 15.4303], [-88.67419, 15.36506], [-88.7609, 15.29996], [-88.84703, 15.2353], [-88.97343, 15.14039], [-89.00828, 15.1244], [-89.10983, 15.09146], [-89.14052, 15.07639], [-89.14694, 15.07128], [-89.16081, 15.06025], [-89.17277, 15.04221], [-89.18858, 14.99609], [-89.1691, 14.97842], [-89.16915, 14.95206], [-89.18153, 14.92366], [-89.18922, 14.91306], [-89.19881, 14.89982], [-89.22362, 14.87902], [-89.23145, 14.86731], [-89.23243, 14.8485], [-89.22768, 14.83457], [-89.21897, 14.82168], [-89.19881, 14.79809], [-89.18941, 14.783], [-89.17055, 14.73879], [-89.15967, 14.72512], [-89.15052, 14.71729], [-89.14621, 14.71086], [-89.1445, 14.7083], [-89.14269, 14.69127], [-89.14523, 14.68345], [-89.15584, 14.67226], [-89.15941, 14.66598], [-89.15523, 14.6156], [-89.15574, 14.59784], [-89.16039, 14.58128], [-89.17215, 14.5704], [-89.1837, 14.56953], [-89.20881, 14.57795], [-89.22109, 14.58009], [-89.23811, 14.57795], [-89.24568, 14.57299], [-89.25054, 14.56518], [-89.25961, 14.55425], [-89.29093, 14.528], [-89.30485, 14.51335], [-89.3148, 14.49596], [-89.32304, 14.48746], [-89.34526, 14.48196], [-89.3555, 14.47545], [-89.36198, 14.4624], [-89.36379, 14.44656], [-89.36162, 14.41548]]]}, "properties": {"id": "kyzr", "status": "validé", "pieces": [{"kind": "country"}]}}, {"type": "Feature", "geometry": {"type": "Polygon", "coordinates": [[[-89.36162, 14.41548], [-89.36182, 14.41551], [-89.39061, 14.43599], [-89.3917, 14.43372], [-89.39686, 14.42605], [-89.39818, 14.44537], [-89.40836, 14.44152], [-89.4311, 14.41871], [-89.44683, 14.41553], [-89.45813, 14.41959], [-89.46942, 14.42537], [-89.48528, 14.42739], [-89.49615, 14.4229], [-89.50303, 14.42005], [-89.52776, 14.39106], [-89.54135, 14.38153], [-89.54425, 14.40005], [-89.55518, 14.41083], [-89.56988, 14.41202], [-89.58406, 14.40181], [-89.59057, 14.38597], [-89.58628, 14.37468], [-89.57897, 14.36478], [-89.57608, 14.35313], [-89.58241, 14.34336], [-89.59243, 14.33639], [-89.59835, 14.32799], [-89.59217, 14.31383], [-89.57127, 14.31114], [-89.56437, 14.30815], [-89.55859, 14.30282], [-89.55569, 14.29903], [-89.54988, 14.28828], [-89.54859, 14.2836], [-89.54678, 14.26833], [-89.54492, 14.26182], [-89.54055, 14.25761], [-89.52786, 14.25146], [-89.52466, 14.24737], [-89.52451, 14.23177], [-89.53094, 14.22557], [-89.63832, 14.20056], [-89.66463, 14.18885], [-89.68984, 14.17001], [-89.70987, 14.14872], [-89.75261, 14.07524], [-89.75545, 14.06708], [-89.75446, 14.0594], [-89.74801, 14.0449], [-89.74726, 14.0432], [-89.74764, 14.03765], [-89.76227, 14.03], [-89.77694, 14.03579], [-89.80296, 14.05547], [-89.8211, 14.06007], [-89.83585, 14.05909], [-89.88012, 14.04268], [-89.89079, 14.03589], [-89.91208, 14.01519], [-90.00817, 13.94969], [-90.02298, 13.93695], [-90.03148, 13.92292], [-90.03809, 13.90838], [-90.04737, 13.89429], [-90.05964, 13.88471], [-90.08708, 13.87047], [-90.09904, 13.85851], [-90.10698, 13.84407], [-90.1123, 13.82825], [-90.11478, 13.812], [-90.11431, 13.79627], [-90.09831, 13.7314], [-90.09833, 13.73141], [-90.24555, 13.79073], [-90.40116, 13.85859], [-90.50021, 13.8947], [-90.58041, 13.91327], [-90.63802, 13.92236], [-90.70728, 13.92889], [-90.78462, 13.92154], [-90.79625, 13.91816], [-90.91033, 13.91113], [-91.04374, 13.91358], [-91.16576, 13.9267], [-91.31646, 13.95568], [-91.55187, 14.05728], [-91.63711, 14.10444], [-91.76256, 14.18017], [-91.90819, 14.28384], [-92.04959, 14.40803], [-92.24626, 14.54628], [-92.2261, 14.54935], [-92.20806, 14.57051], [-92.18607, 14.62957], [-92.16473, 14.66815], [-92.1608, 14.6835], [-92.16173, 14.70233], [-92.17938, 14.75158], [-92.1801, 14.75879], [-92.17881, 14.77339], [-92.17938, 14.78124], [-92.18866, 14.80589], [-92.19083, 14.81424], [-92.19165, 14.8353], [-92.1868, 14.84726], [-92.16602, 14.87082], [-92.15468, 14.9008], [-92.15757, 14.96304], [-92.15421, 14.99593], [-92.14236, 15.00748], [-92.12988, 15.01094], [-92.11698, 15.01239], [-92.10383, 15.01787], [-92.0936, 15.02942], [-92.07381, 15.07371], [-92.20336, 15.23716], [-92.21093, 15.25336], [-92.21129, 15.27207], [-92.20465, 15.28951], [-92.18618, 15.32038], [-92.13745, 15.40183], [-92.10593, 15.45447], [-92.06854, 15.51694], [-91.9896, 15.64897], [-91.91056, 15.78095], [-91.84168, 15.89608], [-91.79297, 15.97758], [-91.77447, 16.00843], [-91.75189, 16.04631], [-91.73985, 16.06098], [-91.72378, 16.06879], [-91.6784, 16.06889], [-91.54048, 16.06915], [-91.40261, 16.0693], [-91.26479, 16.06951], [-91.12691, 16.06977], [-90.9948, 16.06987], [-90.98899, 16.06987], [-90.85112, 16.07013], [-90.7133, 16.07034], [-90.57547, 16.0706], [-90.48574, 16.0707], [-90.46615, 16.07292], [-90.44819, 16.07926], [-90.44784, 16.07969], [-90.44416, 16.08465], [-90.43742, 16.09886], [-90.43448, 16.10718], [-90.44021, 16.10486], [-90.44274, 16.10419], [-90.44453, 16.10326], [-90.44814, 16.09974], [-90.45558, 16.09974], [-90.45949, 16.11679], [-90.4353, 16.13628], [-90.44814, 16.14821], [-90.44814, 16.15442], [-90.42613, 16.16315], [-90.43272, 16.17323], [-90.46181, 16.18914], [-90.46558, 16.20811], [-90.45851, 16.22175], [-90.44623, 16.23084], [-90.43448, 16.23632], [-90.44799, 16.24149], [-90.45783, 16.24914], [-90.45943, 16.25906], [-90.44814, 16.2711], [-90.44373, 16.26686], [-90.44062, 16.26531], [-90.42768, 16.26361], [-90.43143, 16.26893], [-90.43752, 16.28004], [-90.4413, 16.28536], [-90.43675, 16.28485], [-90.43551, 16.28624], [-90.43551, 16.28877], [-90.43448, 16.29156], [-90.42856, 16.28764], [-90.42024, 16.28536], [-90.41406, 16.28784], [-90.41401, 16.29839], [-90.42019, 16.29601], [-90.43473, 16.30123], [-90.44489, 16.30836], [-90.43789, 16.31208], [-90.41946, 16.31782], [-90.40468, 16.33151], [-90.39879, 16.34758], [-90.40719, 16.36045], [-90.41401, 16.36045], [-90.41401, 16.35301], [-90.42081, 16.35301], [-90.41822, 16.36717], [-90.40874, 16.37233], [-90.39512, 16.3714], [-90.37985, 16.36727], [-90.39138, 16.38598], [-90.3927, 16.39171], [-90.3929, 16.40484], [-90.39492, 16.41921], [-90.4006, 16.42055], [-90.40946, 16.41667], [-90.42081, 16.41512], [-90.4267, 16.41771], [-90.43411, 16.42241], [-90.44437, 16.4268], [-90.47584, 16.43073], [-90.47843, 16.43641], [-90.47708, 16.44499], [-90.4823, 16.45605], [-90.48822, 16.46158], [-90.49775, 16.46804], [-90.50892, 16.47109], [-90.53289, 16.45993], [-90.53907, 16.46887], [-90.54372, 16.49021], [-90.55341, 16.49026], [-90.57935, 16.48277], [-90.58472, 16.48024], [-90.59062, 16.48339], [-90.60467, 16.48618], [-90.62074, 16.48675], [-90.63309, 16.48334], [-90.62787, 16.4929], [-90.61899, 16.50008], [-90.61206, 16.50762], [-90.61263, 16.51811], [-90.62415, 16.52494], [-90.6395, 16.52587], [-90.64818, 16.52959], [-90.63997, 16.54483], [-90.64353, 16.56101], [-90.63702, 16.5779], [-90.63376, 16.59217], [-90.64736, 16.60007], [-90.65025, 16.59341], [-90.65361, 16.5901], [-90.65883, 16.58845], [-90.6672, 16.587], [-90.6672, 16.5932], [-90.65402, 16.61661], [-90.66772, 16.65258], [-90.73531, 16.74658], [-90.74978, 16.75769], [-90.78559, 16.775], [-90.80037, 16.78683], [-90.79696, 16.79867], [-90.79696, 16.80543], [-90.8106, 16.81293], [-90.81996, 16.80533], [-90.83174, 16.80543], [-90.90062, 16.826], [-90.91907, 16.83634], [-90.94817, 16.86471], [-90.96889, 16.87437], [-90.95276, 16.89091], [-90.95519, 16.89876], [-90.96883, 16.90104], [-90.98625, 16.90109], [-90.98796, 16.8969], [-90.98429, 16.88776], [-90.98325, 16.87861], [-90.99307, 16.87437], [-90.99834, 16.87716], [-91.0109, 16.89029], [-91.01669, 16.89484], [-91.05493, 16.90801], [-91.06687, 16.91819], [-91.07131, 16.93892], [-91.07694, 16.94951], [-91.11224, 16.99049], [-91.11611, 16.99927], [-91.12123, 17.01839], [-91.12655, 17.0246], [-91.13715, 17.02651], [-91.16123, 17.02398], [-91.1712, 17.02801], [-91.20675, 17.06537], [-91.21595, 17.07922], [-91.22024, 17.08929], [-91.22536, 17.10702], [-91.2296, 17.11399], [-91.23879, 17.11922], [-91.2592, 17.12433], [-91.26313, 17.13074], [-91.26515, 17.14624], [-91.27083, 17.16428], [-91.27951, 17.18009], [-91.29042, 17.18908], [-91.31776, 17.19048], [-91.34452, 17.18634], [-91.36488, 17.18975], [-91.37295, 17.21358], [-91.38835, 17.22159], [-91.41925, 17.22773], [-91.4425, 17.23797], [-91.43826, 17.25368], [-91.43077, 17.25497], [-90.99199, 17.25192], [-90.99144, 17.52694], [-90.9909, 17.80196], [-90.98284, 17.81054], [-90.96222, 17.81602], [-90.91912, 17.81602], [-90.69924, 17.81581], [-90.47946, 17.81561], [-90.25965, 17.81535], [-90.03977, 17.81514], [-89.82002, 17.81499], [-89.60016, 17.81473], [-89.3803, 17.81452], [-89.1605, 17.81431], [-89.15622, 17.59824], [-89.15073, 17.32103], [-89.1492, 17.03627], [-89.16607, 16.77701], [-89.18435, 16.49587], [-89.19314, 16.39263], [-89.20852, 16.18613], [-89.23413, 15.95495], [-89.23602, 15.90649], [-89.23651, 15.89391], [-89.22824, 15.88084], [-89.226, 15.88404], [-89.21654, 15.88864], [-89.20484, 15.89242], [-89.19576, 15.89293], [-89.17745, 15.90027], [-89.10091, 15.89681], [-89.07239, 15.90151], [-89.04032, 15.90172], [-88.95188, 15.87965], [-88.91397, 15.89395], [-88.90001, 15.88784], [-88.8662, 15.86034], [-88.83161, 15.86864], [-88.78734, 15.85908], [-88.75329, 15.83979], [-88.7495, 15.81879], [-88.7268, 15.81517], [-88.62597, 15.75389], [-88.63829, 15.70881], [-88.63622, 15.70209], [-88.60924, 15.70209], [-88.59838, 15.70612], [-88.5952, 15.71467], [-88.59634, 15.72215], [-88.5987, 15.72321], [-88.59899, 15.72736], [-88.60237, 15.7309], [-88.60558, 15.73554], [-88.60546, 15.74307], [-88.60045, 15.74457], [-88.59118, 15.74356], [-88.58218, 15.74502], [-88.5782, 15.75389], [-88.57433, 15.76996], [-88.5655, 15.78095], [-88.55606, 15.7895], [-88.55028, 15.79828], [-88.54906, 15.81367], [-88.55671, 15.83735], [-88.55769, 15.85293], [-88.55028, 15.85293], [-88.55065, 15.84248], [-88.55028, 15.83926], [-88.54406, 15.83926], [-88.53213, 15.84683], [-88.50304, 15.84138], [-88.48884, 15.84675], [-88.51195, 15.86758], [-88.52481, 15.87702], [-88.54328, 15.88516], [-88.55102, 15.89517], [-88.55769, 15.90656], [-88.56452, 15.91498], [-88.60757, 15.93842], [-88.61986, 15.95327], [-88.60546, 15.96963], [-88.5902, 15.96101], [-88.56184, 15.94904], [-88.55028, 15.94233], [-88.52123, 15.91275], [-88.50023, 15.90107], [-88.44791, 15.85871], [-88.34484, 15.81196], [-88.31103, 15.78242], [-88.3004, 15.77782], [-88.25634, 15.74038], [-88.22155, 15.7259], [-88.22094, 15.72565], [-88.23262, 15.72142], [-88.23575, 15.71243], [-88.23492, 15.70158], [-88.24159, 15.68824], [-88.24776, 15.69568], [-88.26499, 15.6886], [-88.2797, 15.68075], [-88.29559, 15.67501], [-88.31667, 15.6746], [-88.3223, 15.66726], [-88.35256, 15.6169], [-88.39899, 15.5728], [-88.46743, 15.52074], [-88.50002, 15.4959], [-88.58738, 15.4303], [-88.67419, 15.36506], [-88.7609, 15.29996], [-88.84703, 15.2353], [-88.97343, 15.14039], [-89.00828, 15.1244], [-89.10983, 15.09146], [-89.14052, 15.07639], [-89.14694, 15.07128], [-89.16081, 15.06025], [-89.17277, 15.04221], [-89.18858, 14.99609], [-89.1691, 14.97842], [-89.16915, 14.95206], [-89.18153, 14.92366], [-89.18922, 14.91306], [-89.19881, 14.89982], [-89.22362, 14.87902], [-89.23145, 14.86731], [-89.23243, 14.8485], [-89.22768, 14.83457], [-89.21897, 14.82168], [-89.19881, 14.79809], [-89.18941, 14.783], [-89.17055, 14.73879], [-89.15967, 14.72512], [-89.15052, 14.71729], [-89.14621, 14.71086], [-89.1445, 14.7083], [-89.14269, 14.69127], [-89.14523, 14.68345], [-89.15584, 14.67226], [-89.15941, 14.66598], [-89.15523, 14.6156], [-89.15574, 14.59784], [-89.16039, 14.58128], [-89.17215, 14.5704], [-89.1837, 14.56953], [-89.20881, 14.57795], [-89.22109, 14.58009], [-89.23811, 14.57795], [-89.24568, 14.57299], [-89.25054, 14.56518], [-89.25961, 14.55425], [-89.29093, 14.528], [-89.30485, 14.51335], [-89.3148, 14.49596], [-89.32304, 14.48746], [-89.34526, 14.48196], [-89.3555, 14.47545], [-89.36198, 14.4624], [-89.36379, 14.44656], [-89.36162, 14.41548]]]}, "properties": {"id": "lkgV", "status": "validé", "pieces": [{"kind": "country"}]}}, {"type": "Feature", "geometry": {"type": "Polygon", "coordinates": [[[-90.79514, 13.94487], [-90.79445, 14.00148], [-90.78278, 14.05276], [-90.78964, 14.14196], [-90.78072, 14.20119], [-90.78003, 14.25375], [-90.78072, 14.27703], [-90.77848, 14.27936], [-90.77024, 14.27254], [-90.76801, 14.23612], [-90.76389, 14.2052], [-90.77282, 14.17659], [-90.76424, 14.07812], [-90.77591, 14.02286], [-90.77728, 13.94626], [-90.79514, 13.94487]]]}, "properties": {"id": "lw5V", "status": "validé", "pieces": [{"kind": "polygon", "ring": [[-90.79514, 13.94487], [-90.79445, 14.00148], [-90.78278, 14.05276], [-90.78964, 14.14196], [-90.78072, 14.20119], [-90.78003, 14.25375], [-90.78072, 14.27703], [-90.77848, 14.27936], [-90.77024, 14.27254], [-90.76801, 14.23612], [-90.76389, 14.2052], [-90.77282, 14.17659], [-90.76424, 14.07812], [-90.77591, 14.02286], [-90.77728, 13.94626]]}]}}, {"type": "Feature", "geometry": {"type": "Polygon", "coordinates": [[[-89.36162, 14.41548], [-89.36182, 14.41551], [-89.39061, 14.43599], [-89.3917, 14.43372], [-89.39686, 14.42605], [-89.39818, 14.44537], [-89.40836, 14.44152], [-89.4311, 14.41871], [-89.44683, 14.41553], [-89.45813, 14.41959], [-89.46942, 14.42537], [-89.48528, 14.42739], [-89.49615, 14.4229], [-89.50303, 14.42005], [-89.52776, 14.39106], [-89.54135, 14.38153], [-89.54425, 14.40005], [-89.55518, 14.41083], [-89.56988, 14.41202], [-89.58406, 14.40181], [-89.59057, 14.38597], [-89.58628, 14.37468], [-89.57897, 14.36478], [-89.57608, 14.35313], [-89.58241, 14.34336], [-89.59243, 14.33639], [-89.59835, 14.32799], [-89.59217, 14.31383], [-89.57127, 14.31114], [-89.56437, 14.30815], [-89.55859, 14.30282], [-89.55569, 14.29903], [-89.54988, 14.28828], [-89.54859, 14.2836], [-89.54678, 14.26833], [-89.54492, 14.26182], [-89.54055, 14.25761], [-89.52786, 14.25146], [-89.52466, 14.24737], [-89.52451, 14.23177], [-89.53094, 14.22557], [-89.63832, 14.20056], [-89.66463, 14.18885], [-89.68984, 14.17001], [-89.70987, 14.14872], [-89.75261, 14.07524], [-89.75545, 14.06708], [-89.75446, 14.0594], [-89.74801, 14.0449], [-89.74726, 14.0432], [-89.74764, 14.03765], [-89.76227, 14.03], [-89.77694, 14.03579], [-89.80296, 14.05547], [-89.8211, 14.06007], [-89.83585, 14.05909], [-89.88012, 14.04268], [-89.89079, 14.03589], [-89.91208, 14.01519], [-90.00817, 13.94969], [-90.02298, 13.93695], [-90.03148, 13.92292], [-90.03809, 13.90838], [-90.04737, 13.89429], [-90.05964, 13.88471], [-90.08708, 13.87047], [-90.09904, 13.85851], [-90.10698, 13.84407], [-90.1123, 13.82825], [-90.11478, 13.812], [-90.11431, 13.79627], [-90.09831, 13.7314], [-90.09833, 13.73141], [-90.24555, 13.79073], [-90.40116, 13.85859], [-90.50021, 13.8947], [-90.58041, 13.91327], [-90.63802, 13.92236], [-90.70728, 13.92889], [-90.78462, 13.92154], [-90.79625, 13.91816], [-90.91033, 13.91113], [-91.04374, 13.91358], [-91.16576, 13.9267], [-91.31646, 13.95568], [-91.55187, 14.05728], [-91.63711, 14.10444], [-91.76256, 14.18017], [-91.90819, 14.28384], [-92.04959, 14.40803], [-92.24626, 14.54628], [-92.2261, 14.54935], [-92.20806, 14.57051], [-92.18607, 14.62957], [-92.16473, 14.66815], [-92.1608, 14.6835], [-92.16173, 14.70233], [-92.17938, 14.75158], [-92.1801, 14.75879], [-92.17881, 14.77339], [-92.17938, 14.78124], [-92.18866, 14.80589], [-92.19083, 14.81424], [-92.19165, 14.8353], [-92.1868, 14.84726], [-92.16602, 14.87082], [-92.15468, 14.9008], [-92.15757, 14.96304], [-92.15421, 14.99593], [-92.14236, 15.00748], [-92.12988, 15.01094], [-92.11698, 15.01239], [-92.10383, 15.01787], [-92.0936, 15.02942], [-92.07381, 15.07371], [-92.20336, 15.23716], [-92.21093, 15.25336], [-92.21129, 15.27207], [-92.20465, 15.28951], [-92.18618, 15.32038], [-92.13745, 15.40183], [-92.10593, 15.45447], [-92.06854, 15.51694], [-91.9896, 15.64897], [-91.91056, 15.78095], [-91.84168, 15.89608], [-91.79297, 15.97758], [-91.77447, 16.00843], [-91.75189, 16.04631], [-91.73985, 16.06098], [-91.72378, 16.06879], [-91.6784, 16.06889], [-91.54048, 16.06915], [-91.40261, 16.0693], [-91.26479, 16.06951], [-91.12691, 16.06977], [-90.9948, 16.06987], [-90.98899, 16.06987], [-90.85112, 16.07013], [-90.7133, 16.07034], [-90.57547, 16.0706], [-90.48574, 16.0707], [-90.46615, 16.07292], [-90.44819, 16.07926], [-90.44784, 16.07969], [-90.44416, 16.08465], [-90.43742, 16.09886], [-90.43448, 16.10718], [-90.44021, 16.10486], [-90.44274, 16.10419], [-90.44453, 16.10326], [-90.44814, 16.09974], [-90.45558, 16.09974], [-90.45949, 16.11679], [-90.4353, 16.13628], [-90.44814, 16.14821], [-90.44814, 16.15442], [-90.42613, 16.16315], [-90.43272, 16.17323], [-90.46181, 16.18914], [-90.46558, 16.20811], [-90.45851, 16.22175], [-90.44623, 16.23084], [-90.43448, 16.23632], [-90.44799, 16.24149], [-90.45783, 16.24914], [-90.45943, 16.25906], [-90.44814, 16.2711], [-90.44373, 16.26686], [-90.44062, 16.26531], [-90.42768, 16.26361], [-90.43143, 16.26893], [-90.43752, 16.28004], [-90.4413, 16.28536], [-90.43675, 16.28485], [-90.43551, 16.28624], [-90.43551, 16.28877], [-90.43448, 16.29156], [-90.42856, 16.28764], [-90.42024, 16.28536], [-90.41406, 16.28784], [-90.41401, 16.29839], [-90.42019, 16.29601], [-90.43473, 16.30123], [-90.44489, 16.30836], [-90.43789, 16.31208], [-90.41946, 16.31782], [-90.40468, 16.33151], [-90.39879, 16.34758], [-90.40719, 16.36045], [-90.41401, 16.36045], [-90.41401, 16.35301], [-90.42081, 16.35301], [-90.41822, 16.36717], [-90.40874, 16.37233], [-90.39512, 16.3714], [-90.37985, 16.36727], [-90.39138, 16.38598], [-90.3927, 16.39171], [-90.3929, 16.40484], [-90.39492, 16.41921], [-90.4006, 16.42055], [-90.40946, 16.41667], [-90.42081, 16.41512], [-90.4267, 16.41771], [-90.43411, 16.42241], [-90.44437, 16.4268], [-90.47584, 16.43073], [-90.47843, 16.43641], [-90.47708, 16.44499], [-90.4823, 16.45605], [-90.48822, 16.46158], [-90.49775, 16.46804], [-90.50892, 16.47109], [-90.53289, 16.45993], [-90.53907, 16.46887], [-90.54372, 16.49021], [-90.55341, 16.49026], [-90.57935, 16.48277], [-90.58472, 16.48024], [-90.59062, 16.48339], [-90.60467, 16.48618], [-90.62074, 16.48675], [-90.63309, 16.48334], [-90.62787, 16.4929], [-90.61899, 16.50008], [-90.61206, 16.50762], [-90.61263, 16.51811], [-90.62415, 16.52494], [-90.6395, 16.52587], [-90.64818, 16.52959], [-90.63997, 16.54483], [-90.64353, 16.56101], [-90.63702, 16.5779], [-90.63376, 16.59217], [-90.64736, 16.60007], [-90.65025, 16.59341], [-90.65361, 16.5901], [-90.65883, 16.58845], [-90.6672, 16.587], [-90.6672, 16.5932], [-90.65402, 16.61661], [-90.66772, 16.65258], [-90.73531, 16.74658], [-90.74978, 16.75769], [-90.78559, 16.775], [-90.80037, 16.78683], [-90.79696, 16.79867], [-90.79696, 16.80543], [-90.8106, 16.81293], [-90.81996, 16.80533], [-90.83174, 16.80543], [-90.90062, 16.826], [-90.91907, 16.83634], [-90.94817, 16.86471], [-90.96889, 16.87437], [-90.95276, 16.89091], [-90.95519, 16.89876], [-90.96883, 16.90104], [-90.98625, 16.90109], [-90.98796, 16.8969], [-90.98429, 16.88776], [-90.98325, 16.87861], [-90.99307, 16.87437], [-90.99834, 16.87716], [-91.0109, 16.89029], [-91.01669, 16.89484], [-91.05493, 16.90801], [-91.06687, 16.91819], [-91.07131, 16.93892], [-91.07694, 16.94951], [-91.11224, 16.99049], [-91.11611, 16.99927], [-91.12123, 17.01839], [-91.12655, 17.0246], [-91.13715, 17.02651], [-91.16123, 17.02398], [-91.1712, 17.02801], [-91.20675, 17.06537], [-91.21595, 17.07922], [-91.22024, 17.08929], [-91.22536, 17.10702], [-91.2296, 17.11399], [-91.23879, 17.11922], [-91.2592, 17.12433], [-91.26313, 17.13074], [-91.26515, 17.14624], [-91.27083, 17.16428], [-91.27951, 17.18009], [-91.29042, 17.18908], [-91.31776, 17.19048], [-91.34452, 17.18634], [-91.36488, 17.18975], [-91.37295, 17.21358], [-91.38835, 17.22159], [-91.41925, 17.22773], [-91.4425, 17.23797], [-91.43826, 17.25368], [-91.43077, 17.25497], [-90.99199, 17.25192], [-90.99144, 17.52694], [-90.9909, 17.80196], [-90.98284, 17.81054], [-90.96222, 17.81602], [-90.91912, 17.81602], [-90.69924, 17.81581], [-90.47946, 17.81561], [-90.25965, 17.81535], [-90.03977, 17.81514], [-89.82002, 17.81499], [-89.60016, 17.81473], [-89.3803, 17.81452], [-89.1605, 17.81431], [-89.15622, 17.59824], [-89.15073, 17.32103], [-89.1492, 17.03627], [-89.16607, 16.77701], [-89.18435, 16.49587], [-89.19314, 16.39263], [-89.20852, 16.18613], [-89.23413, 15.95495], [-89.23602, 15.90649], [-89.23651, 15.89391], [-89.22824, 15.88084], [-89.226, 15.88404], [-89.21654, 15.88864], [-89.20484, 15.89242], [-89.19576, 15.89293], [-89.17745, 15.90027], [-89.10091, 15.89681], [-89.07239, 15.90151], [-89.04032, 15.90172], [-88.95188, 15.87965], [-88.91397, 15.89395], [-88.90001, 15.88784], [-88.8662, 15.86034], [-88.83161, 15.86864], [-88.78734, 15.85908], [-88.75329, 15.83979], [-88.7495, 15.81879], [-88.7268, 15.81517], [-88.62597, 15.75389], [-88.63829, 15.70881], [-88.63622, 15.70209], [-88.60924, 15.70209], [-88.59838, 15.70612], [-88.5952, 15.71467], [-88.59634, 15.72215], [-88.5987, 15.72321], [-88.59899, 15.72736], [-88.60237, 15.7309], [-88.60558, 15.73554], [-88.60546, 15.74307], [-88.60045, 15.74457], [-88.59118, 15.74356], [-88.58218, 15.74502], [-88.5782, 15.75389], [-88.57433, 15.76996], [-88.5655, 15.78095], [-88.55606, 15.7895], [-88.55028, 15.79828], [-88.54906, 15.81367], [-88.55671, 15.83735], [-88.55769, 15.85293], [-88.55028, 15.85293], [-88.55065, 15.84248], [-88.55028, 15.83926], [-88.54406, 15.83926], [-88.53213, 15.84683], [-88.50304, 15.84138], [-88.48884, 15.84675], [-88.51195, 15.86758], [-88.52481, 15.87702], [-88.54328, 15.88516], [-88.55102, 15.89517], [-88.55769, 15.90656], [-88.56452, 15.91498], [-88.60757, 15.93842], [-88.61986, 15.95327], [-88.60546, 15.96963], [-88.5902, 15.96101], [-88.56184, 15.94904], [-88.55028, 15.94233], [-88.52123, 15.91275], [-88.50023, 15.90107], [-88.44791, 15.85871], [-88.34484, 15.81196], [-88.31103, 15.78242], [-88.3004, 15.77782], [-88.25634, 15.74038], [-88.22155, 15.7259], [-88.22094, 15.72565], [-88.23262, 15.72142], [-88.23575, 15.71243], [-88.23492, 15.70158], [-88.24159, 15.68824], [-88.24776, 15.69568], [-88.26499, 15.6886], [-88.2797, 15.68075], [-88.29559, 15.67501], [-88.31667, 15.6746], [-88.3223, 15.66726], [-88.35256, 15.6169], [-88.39899, 15.5728], [-88.46743, 15.52074], [-88.50002, 15.4959], [-88.58738, 15.4303], [-88.67419, 15.36506], [-88.7609, 15.29996], [-88.84703, 15.2353], [-88.97343, 15.14039], [-89.00828, 15.1244], [-89.10983, 15.09146], [-89.14052, 15.07639], [-89.14694, 15.07128], [-89.16081, 15.06025], [-89.17277, 15.04221], [-89.18858, 14.99609], [-89.1691, 14.97842], [-89.16915, 14.95206], [-89.18153, 14.92366], [-89.18922, 14.91306], [-89.19881, 14.89982], [-89.22362, 14.87902], [-89.23145, 14.86731], [-89.23243, 14.8485], [-89.22768, 14.83457], [-89.21897, 14.82168], [-89.19881, 14.79809], [-89.18941, 14.783], [-89.17055, 14.73879], [-89.15967, 14.72512], [-89.15052, 14.71729], [-89.14621, 14.71086], [-89.1445, 14.7083], [-89.14269, 14.69127], [-89.14523, 14.68345], [-89.15584, 14.67226], [-89.15941, 14.66598], [-89.15523, 14.6156], [-89.15574, 14.59784], [-89.16039, 14.58128], [-89.17215, 14.5704], [-89.1837, 14.56953], [-89.20881, 14.57795], [-89.22109, 14.58009], [-89.23811, 14.57795], [-89.24568, 14.57299], [-89.25054, 14.56518], [-89.25961, 14.55425], [-89.29093, 14.528], [-89.30485, 14.51335], [-89.3148, 14.49596], [-89.32304, 14.48746], [-89.34526, 14.48196], [-89.3555, 14.47545], [-89.36198, 14.4624], [-89.36379, 14.44656], [-89.36162, 14.41548]]]}, "properties": {"id": "mgoz", "status": "validé", "pieces": [{"kind": "country"}]}}, {"type": "Feature", "geometry": {"type": "Polygon", "coordinates": [[[-89.36162, 14.41548], [-89.36182, 14.41551], [-89.39061, 14.43599], [-89.3917, 14.43372], [-89.39686, 14.42605], [-89.39818, 14.44537], [-89.40836, 14.44152], [-89.4311, 14.41871], [-89.44683, 14.41553], [-89.45813, 14.41959], [-89.46942, 14.42537], [-89.48528, 14.42739], [-89.49615, 14.4229], [-89.50303, 14.42005], [-89.52776, 14.39106], [-89.54135, 14.38153], [-89.54425, 14.40005], [-89.55518, 14.41083], [-89.56988, 14.41202], [-89.58406, 14.40181], [-89.59057, 14.38597], [-89.58628, 14.37468], [-89.57897, 14.36478], [-89.57608, 14.35313], [-89.58241, 14.34336], [-89.59243, 14.33639], [-89.59835, 14.32799], [-89.59217, 14.31383], [-89.57127, 14.31114], [-89.56437, 14.30815], [-89.55859, 14.30282], [-89.55569, 14.29903], [-89.54988, 14.28828], [-89.54859, 14.2836], [-89.54678, 14.26833], [-89.54492, 14.26182], [-89.54055, 14.25761], [-89.52786, 14.25146], [-89.52466, 14.24737], [-89.52451, 14.23177], [-89.53094, 14.22557], [-89.63832, 14.20056], [-89.66463, 14.18885], [-89.68984, 14.17001], [-89.70987, 14.14872], [-89.75261, 14.07524], [-89.75545, 14.06708], [-89.75446, 14.0594], [-89.74801, 14.0449], [-89.74726, 14.0432], [-89.74764, 14.03765], [-89.76227, 14.03], [-89.77694, 14.03579], [-89.80296, 14.05547], [-89.8211, 14.06007], [-89.83585, 14.05909], [-89.88012, 14.04268], [-89.89079, 14.03589], [-89.91208, 14.01519], [-90.00817, 13.94969], [-90.02298, 13.93695], [-90.03148, 13.92292], [-90.03809, 13.90838], [-90.04737, 13.89429], [-90.05964, 13.88471], [-90.08708, 13.87047], [-90.09904, 13.85851], [-90.10698, 13.84407], [-90.1123, 13.82825], [-90.11478, 13.812], [-90.11431, 13.79627], [-90.09831, 13.7314], [-90.09833, 13.73141], [-90.24555, 13.79073], [-90.40116, 13.85859], [-90.50021, 13.8947], [-90.58041, 13.91327], [-90.63802, 13.92236], [-90.70728, 13.92889], [-90.78462, 13.92154], [-90.79625, 13.91816], [-90.91033, 13.91113], [-91.04374, 13.91358], [-91.16576, 13.9267], [-91.31646, 13.95568], [-91.55187, 14.05728], [-91.63711, 14.10444], [-91.76256, 14.18017], [-91.90819, 14.28384], [-92.04959, 14.40803], [-92.24626, 14.54628], [-92.2261, 14.54935], [-92.20806, 14.57051], [-92.18607, 14.62957], [-92.16473, 14.66815], [-92.1608, 14.6835], [-92.16173, 14.70233], [-92.17938, 14.75158], [-92.1801, 14.75879], [-92.17881, 14.77339], [-92.17938, 14.78124], [-92.18866, 14.80589], [-92.19083, 14.81424], [-92.19165, 14.8353], [-92.1868, 14.84726], [-92.16602, 14.87082], [-92.15468, 14.9008], [-92.15757, 14.96304], [-92.15421, 14.99593], [-92.14236, 15.00748], [-92.12988, 15.01094], [-92.11698, 15.01239], [-92.10383, 15.01787], [-92.0936, 15.02942], [-92.07381, 15.07371], [-92.20336, 15.23716], [-92.21093, 15.25336], [-92.21129, 15.27207], [-92.20465, 15.28951], [-92.18618, 15.32038], [-92.13745, 15.40183], [-92.10593, 15.45447], [-92.06854, 15.51694], [-91.9896, 15.64897], [-91.91056, 15.78095], [-91.84168, 15.89608], [-91.79297, 15.97758], [-91.77447, 16.00843], [-91.75189, 16.04631], [-91.73985, 16.06098], [-91.72378, 16.06879], [-91.6784, 16.06889], [-91.54048, 16.06915], [-91.40261, 16.0693], [-91.26479, 16.06951], [-91.12691, 16.06977], [-90.9948, 16.06987], [-90.98899, 16.06987], [-90.85112, 16.07013], [-90.7133, 16.07034], [-90.57547, 16.0706], [-90.48574, 16.0707], [-90.46615, 16.07292], [-90.44819, 16.07926], [-90.44784, 16.07969], [-90.44416, 16.08465], [-90.43742, 16.09886], [-90.43448, 16.10718], [-90.44021, 16.10486], [-90.44274, 16.10419], [-90.44453, 16.10326], [-90.44814, 16.09974], [-90.45558, 16.09974], [-90.45949, 16.11679], [-90.4353, 16.13628], [-90.44814, 16.14821], [-90.44814, 16.15442], [-90.42613, 16.16315], [-90.43272, 16.17323], [-90.46181, 16.18914], [-90.46558, 16.20811], [-90.45851, 16.22175], [-90.44623, 16.23084], [-90.43448, 16.23632], [-90.44799, 16.24149], [-90.45783, 16.24914], [-90.45943, 16.25906], [-90.44814, 16.2711], [-90.44373, 16.26686], [-90.44062, 16.26531], [-90.42768, 16.26361], [-90.43143, 16.26893], [-90.43752, 16.28004], [-90.4413, 16.28536], [-90.43675, 16.28485], [-90.43551, 16.28624], [-90.43551, 16.28877], [-90.43448, 16.29156], [-90.42856, 16.28764], [-90.42024, 16.28536], [-90.41406, 16.28784], [-90.41401, 16.29839], [-90.42019, 16.29601], [-90.43473, 16.30123], [-90.44489, 16.30836], [-90.43789, 16.31208], [-90.41946, 16.31782], [-90.40468, 16.33151], [-90.39879, 16.34758], [-90.40719, 16.36045], [-90.41401, 16.36045], [-90.41401, 16.35301], [-90.42081, 16.35301], [-90.41822, 16.36717], [-90.40874, 16.37233], [-90.39512, 16.3714], [-90.37985, 16.36727], [-90.39138, 16.38598], [-90.3927, 16.39171], [-90.3929, 16.40484], [-90.39492, 16.41921], [-90.4006, 16.42055], [-90.40946, 16.41667], [-90.42081, 16.41512], [-90.4267, 16.41771], [-90.43411, 16.42241], [-90.44437, 16.4268], [-90.47584, 16.43073], [-90.47843, 16.43641], [-90.47708, 16.44499], [-90.4823, 16.45605], [-90.48822, 16.46158], [-90.49775, 16.46804], [-90.50892, 16.47109], [-90.53289, 16.45993], [-90.53907, 16.46887], [-90.54372, 16.49021], [-90.55341, 16.49026], [-90.57935, 16.48277], [-90.58472, 16.48024], [-90.59062, 16.48339], [-90.60467, 16.48618], [-90.62074, 16.48675], [-90.63309, 16.48334], [-90.62787, 16.4929], [-90.61899, 16.50008], [-90.61206, 16.50762], [-90.61263, 16.51811], [-90.62415, 16.52494], [-90.6395, 16.52587], [-90.64818, 16.52959], [-90.63997, 16.54483], [-90.64353, 16.56101], [-90.63702, 16.5779], [-90.63376, 16.59217], [-90.64736, 16.60007], [-90.65025, 16.59341], [-90.65361, 16.5901], [-90.65883, 16.58845], [-90.6672, 16.587], [-90.6672, 16.5932], [-90.65402, 16.61661], [-90.66772, 16.65258], [-90.73531, 16.74658], [-90.74978, 16.75769], [-90.78559, 16.775], [-90.80037, 16.78683], [-90.79696, 16.79867], [-90.79696, 16.80543], [-90.8106, 16.81293], [-90.81996, 16.80533], [-90.83174, 16.80543], [-90.90062, 16.826], [-90.91907, 16.83634], [-90.94817, 16.86471], [-90.96889, 16.87437], [-90.95276, 16.89091], [-90.95519, 16.89876], [-90.96883, 16.90104], [-90.98625, 16.90109], [-90.98796, 16.8969], [-90.98429, 16.88776], [-90.98325, 16.87861], [-90.99307, 16.87437], [-90.99834, 16.87716], [-91.0109, 16.89029], [-91.01669, 16.89484], [-91.05493, 16.90801], [-91.06687, 16.91819], [-91.07131, 16.93892], [-91.07694, 16.94951], [-91.11224, 16.99049], [-91.11611, 16.99927], [-91.12123, 17.01839], [-91.12655, 17.0246], [-91.13715, 17.02651], [-91.16123, 17.02398], [-91.1712, 17.02801], [-91.20675, 17.06537], [-91.21595, 17.07922], [-91.22024, 17.08929], [-91.22536, 17.10702], [-91.2296, 17.11399], [-91.23879, 17.11922], [-91.2592, 17.12433], [-91.26313, 17.13074], [-91.26515, 17.14624], [-91.27083, 17.16428], [-91.27951, 17.18009], [-91.29042, 17.18908], [-91.31776, 17.19048], [-91.34452, 17.18634], [-91.36488, 17.18975], [-91.37295, 17.21358], [-91.38835, 17.22159], [-91.41925, 17.22773], [-91.4425, 17.23797], [-91.43826, 17.25368], [-91.43077, 17.25497], [-90.99199, 17.25192], [-90.99144, 17.52694], [-90.9909, 17.80196], [-90.98284, 17.81054], [-90.96222, 17.81602], [-90.91912, 17.81602], [-90.69924, 17.81581], [-90.47946, 17.81561], [-90.25965, 17.81535], [-90.03977, 17.81514], [-89.82002, 17.81499], [-89.60016, 17.81473], [-89.3803, 17.81452], [-89.1605, 17.81431], [-89.15622, 17.59824], [-89.15073, 17.32103], [-89.1492, 17.03627], [-89.16607, 16.77701], [-89.18435, 16.49587], [-89.19314, 16.39263], [-89.20852, 16.18613], [-89.23413, 15.95495], [-89.23602, 15.90649], [-89.23651, 15.89391], [-89.22824, 15.88084], [-89.226, 15.88404], [-89.21654, 15.88864], [-89.20484, 15.89242], [-89.19576, 15.89293], [-89.17745, 15.90027], [-89.10091, 15.89681], [-89.07239, 15.90151], [-89.04032, 15.90172], [-88.95188, 15.87965], [-88.91397, 15.89395], [-88.90001, 15.88784], [-88.8662, 15.86034], [-88.83161, 15.86864], [-88.78734, 15.85908], [-88.75329, 15.83979], [-88.7495, 15.81879], [-88.7268, 15.81517], [-88.62597, 15.75389], [-88.63829, 15.70881], [-88.63622, 15.70209], [-88.60924, 15.70209], [-88.59838, 15.70612], [-88.5952, 15.71467], [-88.59634, 15.72215], [-88.5987, 15.72321], [-88.59899, 15.72736], [-88.60237, 15.7309], [-88.60558, 15.73554], [-88.60546, 15.74307], [-88.60045, 15.74457], [-88.59118, 15.74356], [-88.58218, 15.74502], [-88.5782, 15.75389], [-88.57433, 15.76996], [-88.5655, 15.78095], [-88.55606, 15.7895], [-88.55028, 15.79828], [-88.54906, 15.81367], [-88.55671, 15.83735], [-88.55769, 15.85293], [-88.55028, 15.85293], [-88.55065, 15.84248], [-88.55028, 15.83926], [-88.54406, 15.83926], [-88.53213, 15.84683], [-88.50304, 15.84138], [-88.48884, 15.84675], [-88.51195, 15.86758], [-88.52481, 15.87702], [-88.54328, 15.88516], [-88.55102, 15.89517], [-88.55769, 15.90656], [-88.56452, 15.91498], [-88.60757, 15.93842], [-88.61986, 15.95327], [-88.60546, 15.96963], [-88.5902, 15.96101], [-88.56184, 15.94904], [-88.55028, 15.94233], [-88.52123, 15.91275], [-88.50023, 15.90107], [-88.44791, 15.85871], [-88.34484, 15.81196], [-88.31103, 15.78242], [-88.3004, 15.77782], [-88.25634, 15.74038], [-88.22155, 15.7259], [-88.22094, 15.72565], [-88.23262, 15.72142], [-88.23575, 15.71243], [-88.23492, 15.70158], [-88.24159, 15.68824], [-88.24776, 15.69568], [-88.26499, 15.6886], [-88.2797, 15.68075], [-88.29559, 15.67501], [-88.31667, 15.6746], [-88.3223, 15.66726], [-88.35256, 15.6169], [-88.39899, 15.5728], [-88.46743, 15.52074], [-88.50002, 15.4959], [-88.58738, 15.4303], [-88.67419, 15.36506], [-88.7609, 15.29996], [-88.84703, 15.2353], [-88.97343, 15.14039], [-89.00828, 15.1244], [-89.10983, 15.09146], [-89.14052, 15.07639], [-89.14694, 15.07128], [-89.16081, 15.06025], [-89.17277, 15.04221], [-89.18858, 14.99609], [-89.1691, 14.97842], [-89.16915, 14.95206], [-89.18153, 14.92366], [-89.18922, 14.91306], [-89.19881, 14.89982], [-89.22362, 14.87902], [-89.23145, 14.86731], [-89.23243, 14.8485], [-89.22768, 14.83457], [-89.21897, 14.82168], [-89.19881, 14.79809], [-89.18941, 14.783], [-89.17055, 14.73879], [-89.15967, 14.72512], [-89.15052, 14.71729], [-89.14621, 14.71086], [-89.1445, 14.7083], [-89.14269, 14.69127], [-89.14523, 14.68345], [-89.15584, 14.67226], [-89.15941, 14.66598], [-89.15523, 14.6156], [-89.15574, 14.59784], [-89.16039, 14.58128], [-89.17215, 14.5704], [-89.1837, 14.56953], [-89.20881, 14.57795], [-89.22109, 14.58009], [-89.23811, 14.57795], [-89.24568, 14.57299], [-89.25054, 14.56518], [-89.25961, 14.55425], [-89.29093, 14.528], [-89.30485, 14.51335], [-89.3148, 14.49596], [-89.32304, 14.48746], [-89.34526, 14.48196], [-89.3555, 14.47545], [-89.36198, 14.4624], [-89.36379, 14.44656], [-89.36162, 14.41548]]]}, "properties": {"id": "quLJ", "status": "validé", "pieces": [{"kind": "country"}]}}, {"type": "Feature", "geometry": {"type": "Polygon", "coordinates": [[[-90.31311, 14.0045], [-90.5658, 14.14831], [-90.85693, 14.25477], [-91.34033, 14.39309], [-91.78528, 14.60573], [-92.16638, 14.7153], [-92.17938, 14.75158], [-92.1801, 14.75879], [-92.17881, 14.77339], [-92.17938, 14.78124], [-92.18866, 14.80589], [-92.19083, 14.81424], [-92.19165, 14.8353], [-92.1868, 14.84726], [-92.16602, 14.87082], [-92.15468, 14.9008], [-92.15757, 14.96304], [-92.15421, 14.99593], [-92.14236, 15.00748], [-92.12988, 15.01094], [-92.11698, 15.01239], [-92.10383, 15.01787], [-92.0936, 15.02942], [-92.07381, 15.07371], [-92.20336, 15.23716], [-92.21093, 15.25336], [-92.21129, 15.27207], [-92.20465, 15.28951], [-92.18618, 15.32038], [-92.13745, 15.40183], [-92.10593, 15.45447], [-92.06854, 15.51694], [-91.9896, 15.64897], [-91.91056, 15.78095], [-91.84168, 15.89608], [-91.79297, 15.97758], [-91.77447, 16.00843], [-91.75189, 16.04631], [-91.73985, 16.06098], [-91.72378, 16.06879], [-91.6784, 16.06889], [-91.54048, 16.06915], [-91.40261, 16.0693], [-91.26479, 16.06951], [-91.12691, 16.06977], [-90.9948, 16.06987], [-90.98899, 16.06987], [-90.85112, 16.07013], [-90.7133, 16.07034], [-90.57547, 16.0706], [-90.48574, 16.0707], [-90.46615, 16.07292], [-90.44819, 16.07926], [-90.44784, 16.07969], [-90.44664, 16.08131], [-90.16479, 15.98277], [-89.86816, 15.90886], [-89.56604, 16.01972], [-89.40125, 16.22544], [-89.25842, 16.41515], [-89.18964, 16.4337], [-89.19314, 16.39263], [-89.20852, 16.18613], [-89.23413, 15.95495], [-89.23602, 15.90649], [-89.23651, 15.89391], [-89.22824, 15.88084], [-89.226, 15.88404], [-89.21654, 15.88864], [-89.20484, 15.89242], [-89.19576, 15.89293], [-89.17745, 15.90027], [-89.10091, 15.89681], [-89.07239, 15.90151], [-89.04032, 15.90172], [-88.95188, 15.87965], [-88.91397, 15.89395], [-88.90001, 15.88784], [-88.8662, 15.86034], [-88.83161, 15.86864], [-88.81034, 15.86404], [-88.76404, 15.78737], [-88.63239, 15.7304], [-88.63829, 15.70881], [-88.63622, 15.70209], [-88.60924, 15.70209], [-88.59838, 15.70612], [-88.59532, 15.71436], [-88.35804, 15.6117], [-88.39899, 15.5728], [-88.46743, 15.52074], [-88.50002, 15.4959], [-88.58738, 15.4303], [-88.67419, 15.36506], [-88.7609, 15.29996], [-88.84703, 15.2353], [-88.97343, 15.14039], [-89.00828, 15.1244], [-89.10983, 15.09146], [-89.14052, 15.07639], [-89.14694, 15.07128], [-89.16081, 15.06025], [-89.17277, 15.04221], [-89.18858, 14.99609], [-89.1691, 14.97842], [-89.16915, 14.95206], [-89.18153, 14.92366], [-89.18922, 14.91306], [-89.19881, 14.89982], [-89.22362, 14.87902], [-89.23145, 14.86731], [-89.23243, 14.8485], [-89.22768, 14.83457], [-89.21897, 14.82168], [-89.19881, 14.79809], [-89.18941, 14.783], [-89.17055, 14.73879], [-89.15967, 14.72512], [-89.15052, 14.71729], [-89.14621, 14.71086], [-89.1445, 14.7083], [-89.14269, 14.69127], [-89.14523, 14.68345], [-89.15584, 14.67226], [-89.15941, 14.66598], [-89.15523, 14.6156], [-89.15574, 14.59784], [-89.16039, 14.58128], [-89.17215, 14.5704], [-89.1837, 14.56953], [-89.20881, 14.57795], [-89.22109, 14.58009], [-89.23811, 14.57795], [-89.24568, 14.57299], [-89.25054, 14.56518], [-89.25961, 14.55425], [-89.29093, 14.528], [-89.30485, 14.51335], [-89.3148, 14.49596], [-89.32304, 14.48746], [-89.34526, 14.48196], [-89.3555, 14.47545], [-89.36198, 14.4624], [-89.36379, 14.44656], [-89.36162, 14.41548], [-89.36182, 14.41551], [-89.39061, 14.43599], [-89.3917, 14.43372], [-89.39686, 14.42605], [-89.39818, 14.44537], [-89.40836, 14.44152], [-89.4311, 14.41871], [-89.44683, 14.41553], [-89.45813, 14.41959], [-89.46942, 14.42537], [-89.48528, 14.42739], [-89.49615, 14.4229], [-89.50303, 14.42005], [-89.52776, 14.39106], [-89.54135, 14.38153], [-89.54425, 14.40005], [-89.55518, 14.41083], [-89.56988, 14.41202], [-89.58406, 14.40181], [-89.59057, 14.38597], [-89.58628, 14.37468], [-89.57897, 14.36478], [-89.57608, 14.35313], [-89.58241, 14.34336], [-89.59243, 14.33639], [-89.59835, 14.32799], [-89.59217, 14.31383], [-89.57127, 14.31114], [-89.56437, 14.30815], [-89.55859, 14.30282], [-89.55569, 14.29903], [-89.54988, 14.28828], [-89.54859, 14.2836], [-89.54678, 14.26833], [-89.54492, 14.26182], [-89.54055, 14.25761], [-89.52786, 14.25146], [-89.52466, 14.24737], [-89.52451, 14.23177], [-89.53094, 14.22557], [-89.63832, 14.20056], [-89.66463, 14.18885], [-89.68984, 14.17001], [-89.70987, 14.14872], [-89.75261, 14.07524], [-89.75545, 14.06708], [-89.75446, 14.0594], [-89.74801, 14.0449], [-89.74726, 14.0432], [-89.74764, 14.03765], [-89.76227, 14.03], [-89.77694, 14.03579], [-89.80296, 14.05547], [-89.8211, 14.06007], [-89.83585, 14.05909], [-89.88012, 14.04268], [-89.89079, 14.03589], [-89.91208, 14.01519], [-90.00817, 13.94969], [-90.02298, 13.93695], [-90.03148, 13.92292], [-90.03524, 13.91464], [-90.31311, 14.0045]]]}, "properties": {"id": "rIJc", "status": "validé", "pieces": [{"kind": "polygon", "ring": [[-92.19177, 14.7226], [-91.78528, 14.60573], [-91.34033, 14.39309], [-90.85693, 14.25477], [-90.5658, 14.14831], [-90.31311, 14.0045], [-89.85168, 13.85528], [-88.16528, 15.5283], [-88.76404, 15.78737], [-89.02222, 16.2149], [-89.08264, 16.46255], [-89.25842, 16.41515], [-89.40125, 16.22544], [-89.56604, 16.01972], [-89.86816, 15.90886], [-90.16479, 15.98277], [-91.17554, 16.33613], [-92.54333, 15.98805], [-92.54333, 15.23712]]}, {"kind": "clip"}]}}, {"type": "Feature", "geometry": {"type": "MultiPolygon", "coordinates": [[[[-91.35681, 14.27377], [-91.3163, 14.28042], [-91.29639, 14.26246], [-91.30394, 14.23053], [-91.36917, 14.17996], [-91.42891, 14.12405], [-91.46942, 14.05948], [-91.49071, 14.0415], [-91.52779, 14.05349], [-91.45981, 14.18262], [-91.43646, 14.22786], [-91.35681, 14.27377]]], [[[-92.00226, 14.74775], [-91.95969, 14.73049], [-91.96655, 14.68999], [-92.01736, 14.67074], [-92.11143, 14.63023], [-92.1492, 14.65613], [-92.14165, 14.71057], [-92.07916, 14.73978], [-92.00226, 14.74775]]], [[[-88.3651, 15.62982], [-88.37436, 15.59619], [-88.39899, 15.5728], [-88.40091, 15.57134], [-88.545, 15.62189], [-88.52509, 15.67278], [-88.3651, 15.62982]]], [[[-89.20418, 15.88224], [-89.23645, 15.8697], [-89.31885, 15.9984], [-89.28589, 16.02413], [-89.23427, 15.95146], [-89.23602, 15.90649], [-89.23651, 15.89391], [-89.22824, 15.88084], [-89.226, 15.88404], [-89.21654, 15.88864], [-89.20527, 15.89228], [-89.20418, 15.88224]]], [[[-90.14557, 16.20167], [-90.1593, 16.02363], [-90.20599, 16.02891], [-90.21286, 16.58621], [-90.12085, 16.58621], [-90.07828, 16.36374], [-90.14557, 16.20167]]]]}, "properties": {"id": "urVz", "status": "validé", "pieces": [{"kind": "polygon", "ring": [[-90.20599, 16.02891], [-90.21286, 16.58621], [-90.12085, 16.58621], [-90.07828, 16.36374], [-90.14557, 16.20167], [-90.1593, 16.02363]]}, {"kind": "polygon", "ring": [[-89.23645, 15.8697], [-89.31885, 15.9984], [-89.28589, 16.02413], [-89.20761, 15.91393], [-89.20418, 15.88224]]}, {"kind": "polygon", "ring": [[-88.38295, 15.56504], [-88.545, 15.62189], [-88.52509, 15.67278], [-88.3651, 15.62982]]}, {"kind": "polygon", "ring": [[-92.1492, 14.65613], [-92.14165, 14.71057], [-92.07916, 14.73978], [-92.00226, 14.74775], [-91.95969, 14.73049], [-91.96655, 14.68999], [-92.01736, 14.67074], [-92.11143, 14.63023]]}, {"kind": "polygon", "ring": [[-91.52779, 14.05349], [-91.45981, 14.18262], [-91.43646, 14.22786], [-91.35681, 14.27377], [-91.3163, 14.28042], [-91.29639, 14.26246], [-91.30394, 14.23053], [-91.36917, 14.17996], [-91.42891, 14.12405], [-91.46942, 14.05948], [-91.49071, 14.0415]]}, {"kind": "clip"}]}}, {"type": "Feature", "geometry": {"type": "MultiPolygon", "coordinates": [[[[-90.39001, 14.36089], [-90.22247, 14.31833], [-90.10437, 14.23585], [-89.93408, 14.13278], [-89.86791, 14.04721], [-89.88012, 14.04268], [-89.89079, 14.03589], [-89.91208, 14.01519], [-90.00817, 13.94969], [-90.02298, 13.93695], [-90.03148, 13.92292], [-90.03809, 13.90838], [-90.04737, 13.89429], [-90.05964, 13.88471], [-90.08708, 13.87047], [-90.09904, 13.85851], [-90.10698, 13.84407], [-90.1123, 13.82825], [-90.11257, 13.8265], [-90.36804, 13.97828], [-90.47241, 14.01557], [-90.7196, 14.1221], [-90.802, 14.22325], [-90.76355, 14.37755], [-90.67017, 14.43073], [-90.48889, 14.52643], [-90.42572, 14.50978], [-90.39001, 14.36089]]], [[[-89.4603, 14.56638], [-89.50836, 14.66998], [-89.51111, 14.72447], [-89.51729, 14.74768], [-89.54063, 14.77887], [-89.54132, 14.80475], [-89.52484, 14.85319], [-89.59213, 15.03357], [-89.58183, 15.03953], [-89.54544, 14.96793], [-89.52827, 14.94936], [-89.51866, 14.93212], [-89.52553, 14.91952], [-89.49944, 14.85518], [-89.52209, 14.79878], [-89.5118, 14.76095], [-89.48914, 14.71847], [-89.49532, 14.67333], [-89.4706, 14.63747], [-89.44038, 14.64942], [-89.44038, 14.6109], [-89.43901, 14.56441], [-89.45755, 14.51923], [-89.44588, 14.44879], [-89.43229, 14.41847], [-89.44683, 14.41553], [-89.45362, 14.41797], [-89.4548, 14.41885], [-89.47609, 14.49994], [-89.47884, 14.55508], [-89.4603, 14.56638]]], [[[-89.15062, 17.09151], [-89.15062, 17.01452], [-89.15073, 17.01277], [-89.18015, 17.01277], [-89.18015, 17.09151], [-89.15062, 17.09151]]]]}, "properties": {"id": "wuun", "status": "validé", "pieces": [{"kind": "rect", "bounds": [-89.18015, 17.01277, -89.15062, 17.09151]}, {"kind": "polygon", "ring": [[-89.4548, 14.41885], [-89.47609, 14.49994], [-89.47884, 14.55508], [-89.4603, 14.56638], [-89.50836, 14.66998], [-89.51111, 14.72447], [-89.51729, 14.74768], [-89.54063, 14.77887], [-89.54132, 14.80475], [-89.52484, 14.85319], [-89.59213, 15.03357], [-89.58183, 15.03953], [-89.54544, 14.96793], [-89.52827, 14.94936], [-89.51866, 14.93212], [-89.52553, 14.91952], [-89.49944, 14.85518], [-89.52209, 14.79878], [-89.5118, 14.76095], [-89.48914, 14.71847], [-89.49532, 14.67333], [-89.4706, 14.63747], [-89.44038, 14.64942], [-89.44038, 14.6109], [-89.43901, 14.56441], [-89.45755, 14.51923], [-89.44588, 14.44879], [-89.42116, 14.39361]]}, {"kind": "clip"}, {"kind": "polygon", "ring": [[-90.48889, 14.52643], [-90.67017, 14.43073], [-90.76355, 14.37755], [-90.802, 14.22325], [-90.7196, 14.1221], [-90.47241, 14.01557], [-90.36804, 13.97828], [-90.09888, 13.81837], [-90.01099, 13.83437], [-89.85168, 14.02623], [-89.93408, 14.13278], [-90.10437, 14.23585], [-90.22247, 14.31833], [-90.39001, 14.36089], [-90.42572, 14.50978]]}]}}, {"type": "Feature", "geometry": null, "properties": {"id": "xmWF", "status": "rejeté", "pieces": []}}]}