{
  "type": "FeatureCollection",
  "features": [
    {
      "type": "Feature",
      "geometry": {
        "type": "Polygon",
        "coordinates": [
          [
            [
              35.105235,
              33.089016
            ],
            [
              35.105235,
              33.090644
            ],
            [
              35.106456,
              33.095038
            ],
            [
              35.101899,
              33.094468
            ],
            [
              35.100434,
              33.095689
            ],
            [
              35.100434,
              33.098212
            ],
            [
              35.09962,
              33.101264
            ],
            [
              35.105805,
              33.112454
            ],
            [
              35.114757,
              33.123725
            ],
            [
              35.125499,
              33.132514
            ],
            [
              35.147634,
              33.140326
            ],
            [
              35.154796,
              33.150295
            ],
            [
              35.160981,
              33.161689
            ],
            [
              35.167817,
              33.170152
            ],
            [
              35.161794,
              33.176947
            ],
            [
              35.167817,
              33.177883
            ],
            [
              35.171072,
              33.176581
            ],
            [
              35.174653,
              33.170152
            ],
            [
              35.204763,
              33.224799
            ],
            [
              35.209158,
              33.254625
            ],
            [
              35.188324,
              33.280015
            ],
            [
              35.209727,
              33.293402
            ],
            [
              35.224783,
              33.311998
            ],
            [
              35.243663,
              33.355699
            ],
            [
              35.246104,
              33.368883
            ],
            [
              35.246755,
              33.395819
            ],
            [
              35.250499,
              33.409735
            ],
            [
              35.268728,
              33.432603
            ],
            [
              35.275076,
              33.444973
            ],
            [
              35.271007,
              33.457506
            ],
            [
              35.323009,
              33.490912
            ],
            [
              35.349132,
              33.513861
            ],
            [
              35.360362,
              33.543443
            ],
            [
              35.362478,
              33.556342
            ],
            [
              35.400645,
              33.643134
            ],
            [
              35.394379,
              33.64997
            ],
            [
              35.409923,
              33.661282
            ],
            [
              35.421641,
              33.702338
            ],
            [
              35.438487,
              33.711371
            ],
            [
              35.437836,
              33.723375
            ],
            [
              35.477306,
              33.8039
            ],
            [
              35.481293,
              33.823676
            ],
            [
              35.483002,
              33.86518
            ],
            [
              35.483246,
              33.872463
            ],
            [
              35.479991,
              33.884263
            ],
            [
              35.473806,
              33.893866
            ],
            [
              35.47047,
              33.902086
            ],
            [
              35.475841,
              33.90998
            ],
            [
              35.486583,
              33.912991
            ],
            [
              35.499766,
              33.9112
            ],
            [
              35.511241,
              33.90705
            ],
            [
              35.517345,
              33.902533
            ],
            [
              35.524181,
              33.902533
            ],
            [
              35.533865,
              33.90705
            ],
            [
              35.548106,
              33.906195
            ],
            [
              35.557465,
              33.905666
            ],
            [
              35.572032,
              33.90998
            ],
            [
              35.57838,
              33.916693
            ],
            [
              35.587901,
              33.936591
            ],
            [
              35.59311,
              33.94477
            ],
            [
              35.593435,
              33.94892
            ],
            [
              35.59197,
              33.950426
            ],
            [
              35.585704,
              33.950914
            ],
            [
              35.594249,
              33.959296
            ],
            [
              35.606293,
              33.983222
            ],
            [
              35.613536,
              33.99315
            ],
            [
              35.620128,
              33.995103
            ],
            [
              35.636729,
              33.995307
            ],
            [
              35.64088,
              33.999416
            ],
            [
              35.640391,
              34.008531
            ],
            [
              35.635753,
              34.013251
            ],
            [
              35.630382,
              34.016099
            ],
            [
              35.627208,
              34.019843
            ],
            [
              35.626964,
              34.044257
            ],
            [
              35.643321,
              34.08808
            ],
            [
              35.647716,
              34.119127
            ],
            [
              35.644542,
              34.130845
            ],
            [
              35.630382,
              34.152818
            ],
            [
              35.627208,
              34.166938
            ],
            [
              35.627208,
              34.201117
            ],
            [
              35.630382,
              34.208441
            ],
            [
              35.644542,
              34.216986
            ],
            [
              35.647716,
              34.222154
            ],
            [
              35.648285,
              34.253607
            ],
            [
              35.653005,
              34.284857
            ],
            [
              35.665212,
              34.311347
            ],
            [
              35.688731,
              34.328315
            ],
            [
              35.705821,
              34.316596
            ],
            [
              35.722179,
              34.33747
            ],
            [
              35.737315,
              34.369208
            ],
            [
              35.750743,
              34.389797
            ],
            [
              35.806163,
              34.414984
            ],
            [
              35.823578,
              34.434516
            ],
            [
              35.805431,
              34.458686
            ],
            [
              35.805431,
              34.464911
            ],
            [
              35.823985,
              34.460842
            ],
            [
              35.903331,
              34.477973
            ],
            [
              35.956798,
              34.520087
            ],
            [
              35.972911,
              34.529771
            ],
            [
              35.983165,
              34.538642
            ],
            [
              35.98878,
              34.55272
            ],
            [
              35.989594,
              34.599677
            ],
            [
              35.986827,
              34.620795
            ],
            [
              35.980642,
              34.638495
            ],
            [
              35.9699,
              34.649849
            ],
            [
              35.98264,
              34.650238
            ],
            [
              35.991425,
              34.648222
            ],
            [
              35.998763,
              34.64538
            ],
            [
              36.01623,
              34.633649
            ],
            [
              36.037934,
              34.62843
            ],
            [
              36.060775,
              34.627913
            ],
            [
              36.087234,
              34.631014
            ],
            [
              36.11214,
              34.629532
            ],
            [
              36.15586,
              34.626931
            ],
            [
              36.160201,
              34.628068
            ],
            [
              36.17219,
              34.634063
            ],
            [
              36.178287,
              34.635303
            ],
            [
              36.183352,
              34.633494
            ],
            [
              36.195134,
              34.626208
            ],
            [
              36.201232,
              34.624451
            ],
            [
              36.26159,
              34.627242
            ],
            [
              36.271512,
              34.630962
            ],
            [
              36.28071,
              34.639127
            ],
            [
              36.284431,
              34.648326
            ],
            [
              36.284844,
              34.667911
            ],
            [
              36.288151,
              34.675559
            ],
            [
              36.308925,
              34.687548
            ],
            [
              36.323808,
              34.679486
            ],
            [
              36.347373,
              34.64414
            ],
            [
              36.367526,
              34.629205
            ],
            [
              36.391194,
              34.622487
            ],
            [
              36.415999,
              34.622901
            ],
            [
              36.440184,
              34.62936
            ],
            [
              36.436256,
              34.597838
            ],
            [
              36.429125,
              34.593187
            ],
            [
              36.418479,
              34.600318
            ],
            [
              36.4037,
              34.603832
            ],
            [
              36.388921,
              34.596236
            ],
            [
              36.386853,
              34.584247
            ],
            [
              36.388094,
              34.569519
            ],
            [
              36.383546,
              34.553809
            ],
            [
              36.364012,
              34.541097
            ],
            [
              36.336624,
              34.52885
            ],
            [
              36.319881,
              34.514122
            ],
            [
              36.329851,
              34.498603
            ],
            [
              36.332697,
              34.494175
            ],
            [
              36.335384,
              34.493477
            ],
            [
              36.338174,
              34.493296
            ],
            [
              36.340965,
              34.493477
            ],
            [
              36.343652,
              34.494175
            ],
            [
              36.363082,
              34.499032
            ],
            [
              36.392331,
              34.500143
            ],
            [
              36.41972,
              34.498335
            ],
            [
              36.433466,
              34.49433
            ],
            [
              36.433466,
              34.494175
            ],
            [
              36.439873,
              34.477457
            ],
            [
              36.449795,
              34.464538
            ],
            [
              36.463231,
              34.455237
            ],
            [
              36.480181,
              34.449139
            ],
            [
              36.494651,
              34.434256
            ],
            [
              36.501885,
              34.430303
            ],
            [
              36.509223,
              34.432421
            ],
            [
              36.52514,
              34.422939
            ],
            [
              36.530617,
              34.41418
            ],
            [
              36.52979,
              34.403095
            ],
            [
              36.526276,
              34.386688
            ],
            [
              36.523589,
              34.379789
            ],
            [
              36.519972,
              34.375061
            ],
            [
              36.516768,
              34.369867
            ],
            [
              36.515941,
              34.36165
            ],
            [
              36.518628,
              34.353641
            ],
            [
              36.523589,
              34.345889
            ],
            [
              36.54519,
              34.320723
            ],
            [
              36.555835,
              34.311085
            ],
            [
              36.562967,
              34.308501
            ],
            [
              36.570305,
              34.308966
            ],
            [
              36.576816,
              34.307674
            ],
            [
              36.581984,
              34.299897
            ],
            [
              36.579917,
              34.286901
            ],
            [
              36.570305,
              34.275868
            ],
            [
              36.56276,
              34.262949
            ],
            [
              36.567514,
              34.244138
            ],
            [
              36.574026,
              34.229746
            ],
            [
              36.59821,
              34.209851
            ],
            [
              36.603554,
              34.200101
            ],
            [
              36.604101,
              34.199102
            ],
            [
              36.575886,
              34.173264
            ],
            [
              36.552735,
              34.140992
            ],
            [
              36.507983,
              34.109185
            ],
            [
              36.488449,
              34.088644
            ],
            [
              36.482662,
              34.07451
            ],
            [
              36.480698,
              34.062754
            ],
            [
              36.47522,
              34.053504
            ],
            [
              36.45889,
              34.046708
            ],
            [
              36.445144,
              34.04614
            ],
            [
              36.423647,
              34.052806
            ],
            [
              36.412175,
              34.053633
            ],
            [
              36.391091,
              34.044719
            ],
            [
              36.357811,
              34.009553
            ],
            [
              36.31802,
              33.980511
            ],
            [
              36.302311,
              33.964388
            ],
            [
              36.288565,
              33.946508
            ],
            [
              36.267171,
              33.910386
            ],
            [
              36.268928,
              33.906769
            ],
            [
              36.275336,
              33.897209
            ],
            [
              36.28164,
              33.891111
            ],
            [
              36.311096,
              33.87199
            ],
            [
              36.35037,
              33.866409
            ],
            [
              36.36763,
              33.857547
            ],
            [
              36.369594,
              33.837006
            ],
            [
              36.357501,
              33.823776
            ],
            [
              36.338278,
              33.821193
            ],
            [
              36.300554,
              33.828686
            ],
            [
              36.249187,
              33.849744
            ],
            [
              36.231824,
              33.852534
            ],
            [
              36.216631,
              33.847754
            ],
            [
              36.202679,
              33.838297
            ],
            [
              36.186556,
              33.83021
            ],
            [
              36.165678,
              33.829797
            ],
            [
              36.157617,
              33.83406
            ],
            [
              36.144904,
              33.847418
            ],
            [
              36.13829,
              33.850622
            ],
            [
              36.102426,
              33.832277
            ],
            [
              36.085063,
              33.82605
            ],
            [
              36.06646,
              33.821994
            ],
            [
              36.05044,
              33.816438
            ],
            [
              36.040518,
              33.805612
            ],
            [
              36.027082,
              33.784296
            ],
            [
              35.994009,
              33.760705
            ],
            [
              35.980263,
              33.743549
            ],
            [
              35.974165,
              33.732154
            ],
            [
              35.955872,
              33.718124
            ],
            [
              35.948431,
              33.70921
            ],
            [
              35.946984,
              33.700838
            ],
            [
              35.949878,
              33.6827
            ],
            [
              35.94719,
              33.673088
            ],
            [
              35.942436,
              33.669212
            ],
            [
              35.929414,
              33.665078
            ],
            [
              35.925383,
              33.661667
            ],
            [
              35.921559,
              33.640299
            ],
            [
              35.934788,
              33.6334
            ],
            [
              35.956906,
              33.629938
            ],
            [
              35.980263,
              33.619008
            ],
            [
              35.994526,
              33.615701
            ],
            [
              36.012923,
              33.608027
            ],
            [
              36.029666,
              33.59764
            ],
            [
              36.038451,
              33.586349
            ],
            [
              36.035247,
              33.567797
            ],
            [
              36.019847,
              33.55263
            ],
            [
              35.99928,
              33.541261
            ],
            [
              35.980263,
              33.533949
            ],
            [
              35.956802,
              33.534207
            ],
            [
              35.933238,
              33.527825
            ],
            [
              35.921869,
              33.51457
            ],
            [
              35.935408,
              33.494262
            ],
            [
              35.919492,
              33.462351
            ],
            [
              35.888486,
              33.440415
            ],
            [
              35.870089,
              33.431242
            ],
            [
              35.845116,
              33.418742
            ],
            [
              35.8211,
              33.406722
            ],
            [
              35.8057,
              33.391348
            ],
            [
              35.785753,
              33.357887
            ],
            [
              35.769423,
              33.342643
            ],
            [
              35.757538,
              33.336313
            ],
            [
              35.743689,
              33.331171
            ],
            [
              35.729426,
              33.327812
            ],
            [
              35.716197,
              33.326727
            ],
            [
              35.698523,
              33.32267
            ],
            [
              35.66049,
              33.289261
            ],
            [
              35.652143,
              33.27666
            ],
            [
              35.631092,
              33.274565
            ],
            [
              35.620065,
              33.269536
            ],
            [
              35.61806,
              33.256125
            ],
            [
              35.604576,
              33.244354
            ],
            [
              35.604576,
              33.244251
            ],
            [
              35.603892,
              33.240323
            ],
            [
              35.603852,
              33.240091
            ],
            [
              35.598064,
              33.244251
            ],
            [
              35.597858,
              33.24438
            ],
            [
              35.597754,
              33.244354
            ],
            [
              35.585042,
              33.252209
            ],
            [
              35.566955,
              33.276187
            ],
            [
              35.561167,
              33.28213
            ],
            [
              35.549489,
              33.281019
            ],
            [
              35.542771,
              33.271536
            ],
            [
              35.53688,
              33.257868
            ],
            [
              35.527784,
              33.244251
            ],
            [
              35.520033,
              33.222185
            ],
            [
              35.517656,
              33.172886
            ],
            [
              35.512282,
              33.147409
            ],
            [
              35.503703,
              33.130615
            ],
            [
              35.4851,
              33.102606
            ],
            [
              35.480139,
              33.087387
            ],
            [
              35.449443,
              33.085217
            ],
            [
              35.401591,
              33.067931
            ],
            [
              35.34516,
              33.05558
            ],
            [
              35.331931,
              33.057156
            ],
            [
              35.322629,
              33.067363
            ],
            [
              35.315704,
              33.079222
            ],
            [
              35.305783,
              33.089377
            ],
            [
              35.29462,
              33.096973
            ],
            [
              35.288825,
              33.099201
            ],
            [
              35.283665,
              33.101185
            ],
            [
              35.271469,
              33.101185
            ],
            [
              35.234469,
              33.090927
            ],
            [
              35.227338,
              33.091366
            ],
            [
              35.213178,
              33.094441
            ],
            [
              35.207184,
              33.094803
            ],
            [
              35.200673,
              33.092736
            ],
            [
              35.189614,
              33.085527
            ],
            [
              35.185273,
              33.083977
            ],
            [
              35.105235,
              33.089016
            ]
          ]
        ]
      },
      "properties": {
        "id": "2BL4",
        "status": "validé",
        "pieces": [
          {
            "kind": "country"
          }
        ]
      }
    },
    {
      "type": "Feature",
      "geometry": {
        "type": "Polygon",
        "coordinates": [
          [
            [
              36.0197925567627,
              34.24559234218726
            ],
            [
              36.0197925567627,
              34.25133677718632
            ],
            [
              36.00116729736329,
              34.25133677718632
            ],
            [
              36.00116729736329,
              34.24559234218726
            ],
            [
              36.0197925567627,
              34.24559234218726
            ]
          ]
        ]
      },
      "properties": {
        "id": "3ac6",
        "status": "validé",
        "pieces": [
          {
            "kind": "rect",
            "bounds": [
              36.00116729736329,
              34.24559234218726,
              36.0197925567627,
              34.25133677718632
            ]
          }
        ]
      }
    },
    {
      "type": "Feature",
      "geometry": {
        "type": "Polygon",
        "coordinates": [
          [
            [
              35.105235,
              33.089016
            ],
            [
              35.105235,
              33.090644
            ],
            [
              35.106456,
              33.095038
            ],
            [
              35.101899,
              33.094468
            ],
            [
              35.100434,
              33.095689
            ],
            [
              35.100434,
              33.098212
            ],
            [
              35.09962,
              33.101264
            ],
            [
              35.105805,
              33.112454
            ],
            [
              35.114757,
              33.123725
            ],
            [
              35.125499,
              33.132514
            ],
            [
              35.147634,
              33.140326
            ],
            [
              35.154796,
              33.150295
            ],
            [
              35.160981,
              33.161689
            ],
            [
              35.167817,
              33.170152
            ],
            [
              35.161794,
              33.176947
            ],
            [
              35.167817,
              33.177883
            ],
            [
              35.171072,
              33.176581
            ],
            [
              35.174653,
              33.170152
            ],
            [
              35.204763,
              33.224799
            ],
            [
              35.209158,
              33.254625
            ],
            [
              35.188324,
              33.280015
            ],
            [
              35.209727,
              33.293402
            ],
            [
              35.224783,
              33.311998
            ],
            [
              35.243663,
              33.355699
            ],
            [
              35.246104,
              33.368883
            ],
            [
              35.246755,
              33.395819
            ],
            [
              35.250499,
              33.409735
            ],
            [
              35.268728,
              33.432603
            ],
            [
              35.275076,
              33.444973
            ],
            [
              35.271007,
              33.457506
            ],
            [
              35.323009,
              33.490912
            ],
            [
              35.349132,
              33.513861
            ],
            [
              35.360362,
              33.543443
            ],
            [
              35.362478,
              33.556342
            ],
            [
              35.400645,
              33.643134
            ],
            [
              35.394379,
              33.64997
            ],
            [
              35.409923,
              33.661282
            ],
            [
              35.421641,
              33.702338
            ],
            [
              35.438487,
              33.711371
            ],
            [
              35.437836,
              33.723375
            ],
            [
              35.477306,
              33.8039
            ],
            [
              35.481293,
              33.823676
            ],
            [
              35.483002,
              33.86518
            ],
            [
              35.483246,
              33.872463
            ],
            [
              35.479991,
              33.884263
            ],
            [
              35.473806,
              33.893866
            ],
            [
              35.47047,
              33.902086
            ],
            [
              35.475841,
              33.90998
            ],
            [
              35.486583,
              33.912991
            ],
            [
              35.499766,
              33.9112
            ],
            [
              35.511241,
              33.90705
            ],
            [
              35.517345,
              33.902533
            ],
            [
              35.524181,
              33.902533
            ],
            [
              35.533865,
              33.90705
            ],
            [
              35.548106,
              33.906195
            ],
            [
              35.557465,
              33.905666
            ],
            [
              35.572032,
              33.90998
            ],
            [
              35.57838,
              33.916693
            ],
            [
              35.587901,
              33.936591
            ],
            [
              35.59311,
              33.94477
            ],
            [
              35.593435,
              33.94892
            ],
            [
              35.59197,
              33.950426
            ],
            [
              35.585704,
              33.950914
            ],
            [
              35.594249,
              33.959296
            ],
            [
              35.606293,
              33.983222
            ],
            [
              35.613536,
              33.99315
            ],
            [
              35.620128,
              33.995103
            ],
            [
              35.636729,
              33.995307
            ],
            [
              35.64088,
              33.999416
            ],
            [
              35.640391,
              34.008531
            ],
            [
              35.635753,
              34.013251
            ],
            [
              35.630382,
              34.016099
            ],
            [
              35.627208,
              34.019843
            ],
            [
              35.626964,
              34.044257
            ],
            [
              35.643321,
              34.08808
            ],
            [
              35.647716,
              34.119127
            ],
            [
              35.644542,
              34.130845
            ],
            [
              35.630382,
              34.152818
            ],
            [
              35.627208,
              34.166938
            ],
            [
              35.627208,
              34.201117
            ],
            [
              35.630382,
              34.208441
            ],
            [
              35.644542,
              34.216986
            ],
            [
              35.647716,
              34.222154
            ],
            [
              35.648285,
              34.253607
            ],
            [
              35.653005,
              34.284857
            ],
            [
              35.665212,
              34.311347
            ],
            [
              35.688731,
              34.328315
            ],
            [
              35.705821,
              34.316596
            ],
            [
              35.722179,
              34.33747
            ],
            [
              35.737315,
              34.369208
            ],
            [
              35.750743,
              34.389797
            ],
            [
              35.806163,
              34.414984
            ],
            [
              35.823578,
              34.434516
            ],
            [
              35.805431,
              34.458686
            ],
            [
              35.805431,
              34.464911
            ],
            [
              35.823985,
              34.460842
            ],
            [
              35.903331,
              34.477973
            ],
            [
              35.956798,
              34.520087
            ],
            [
              35.972911,
              34.529771
            ],
            [
              35.983165,
              34.538642
            ],
            [
              35.98878,
              34.55272
            ],
            [
              35.989594,
              34.599677
            ],
            [
              35.986827,
              34.620795
            ],
            [
              35.980642,
              34.638495
            ],
            [
              35.9699,
              34.649849
            ],
            [
              35.98264,
              34.650238
            ],
            [
              35.991425,
              34.648222
            ],
            [
              35.998763,
              34.64538
            ],
            [
              36.01623,
              34.633649
            ],
            [
              36.037934,
              34.62843
            ],
            [
              36.060775,
              34.627913
            ],
            [
              36.087234,
              34.631014
            ],
            [
              36.11214,
              34.629532
            ],
            [
              36.15586,
              34.626931
            ],
            [
              36.160201,
              34.628068
            ],
            [
              36.17219,
              34.634063
            ],
            [
              36.178287,
              34.635303
            ],
            [
              36.183352,
              34.633494
            ],
            [
              36.195134,
              34.626208
            ],
            [
              36.201232,
              34.624451
            ],
            [
              36.26159,
              34.627242
            ],
            [
              36.271512,
              34.630962
            ],
            [
              36.28071,
              34.639127
            ],
            [
              36.284431,
              34.648326
            ],
            [
              36.284844,
              34.667911
            ],
            [
              36.288151,
              34.675559
            ],
            [
              36.308925,
              34.687548
            ],
            [
              36.323808,
              34.679486
            ],
            [
              36.347373,
              34.64414
            ],
            [
              36.367526,
              34.629205
            ],
            [
              36.391194,
              34.622487
            ],
            [
              36.415999,
              34.622901
            ],
            [
              36.440184,
              34.62936
            ],
            [
              36.436256,
              34.597838
            ],
            [
              36.429125,
              34.593187
            ],
            [
              36.418479,
              34.600318
            ],
            [
              36.4037,
              34.603832
            ],
            [
              36.388921,
              34.596236
            ],
            [
              36.386853,
              34.584247
            ],
            [
              36.388094,
              34.569519
            ],
            [
              36.383546,
              34.553809
            ],
            [
              36.364012,
              34.541097
            ],
            [
              36.336624,
              34.52885
            ],
            [
              36.319881,
              34.514122
            ],
            [
              36.329851,
              34.498603
            ],
            [
              36.332697,
              34.494175
            ],
            [
              36.335384,
              34.493477
            ],
            [
              36.338174,
              34.493296
            ],
            [
              36.340965,
              34.493477
            ],
            [
              36.343652,
              34.494175
            ],
            [
              36.363082,
              34.499032
            ],
            [
              36.392331,
              34.500143
            ],
            [
              36.41972,
              34.498335
            ],
            [
              36.433466,
              34.49433
            ],
            [
              36.433466,
              34.494175
            ],
            [
              36.439873,
              34.477457
            ],
            [
              36.449795,
              34.464538
            ],
            [
              36.463231,
              34.455237
            ],
            [
              36.480181,
              34.449139
            ],
            [
              36.494651,
              34.434256
            ],
            [
              36.501885,
              34.430303
            ],
            [
              36.509223,
              34.432421
            ],
            [
              36.52514,
              34.422939
            ],
            [
              36.530617,
              34.41418
            ],
            [
              36.52979,
              34.403095
            ],
            [
              36.526276,
              34.386688
            ],
            [
              36.523589,
              34.379789
            ],
            [
              36.519972,
              34.375061
            ],
            [
              36.516768,
              34.369867
            ],
            [
              36.515941,
              34.36165
            ],
            [
              36.518628,
              34.353641
            ],
            [
              36.523589,
              34.345889
            ],
            [
              36.54519,
              34.320723
            ],
            [
              36.555835,
              34.311085
            ],
            [
              36.562967,
              34.308501
            ],
            [
              36.570305,
              34.308966
            ],
            [
              36.576816,
              34.307674
            ],
            [
              36.581984,
              34.299897
            ],
            [
              36.579917,
              34.286901
            ],
            [
              36.570305,
              34.275868
            ],
            [
              36.56276,
              34.262949
            ],
            [
              36.567514,
              34.244138
            ],
            [
              36.574026,
              34.229746
            ],
            [
              36.59821,
              34.209851
            ],
            [
              36.603554,
              34.200101
            ],
            [
              36.604101,
              34.199102
            ],
            [
              36.575886,
              34.173264
            ],
            [
              36.552735,
              34.140992
            ],
            [
              36.507983,
              34.109185
            ],
            [
              36.488449,
              34.088644
            ],
            [
              36.482662,
              34.07451
            ],
            [
              36.480698,
              34.062754
            ],
            [
              36.47522,
              34.053504
            ],
            [
              36.45889,
              34.046708
            ],
            [
              36.445144,
              34.04614
            ],
            [
              36.423647,
              34.052806
            ],
            [
              36.412175,
              34.053633
            ],
            [
              36.391091,
              34.044719
            ],
            [
              36.357811,
              34.009553
            ],
            [
              36.31802,
              33.980511
            ],
            [
              36.302311,
              33.964388
            ],
            [
              36.288565,
              33.946508
            ],
            [
              36.267171,
              33.910386
            ],
            [
              36.268928,
              33.906769
            ],
            [
              36.275336,
              33.897209
            ],
            [
              36.28164,
              33.891111
            ],
            [
              36.311096,
              33.87199
            ],
            [
              36.35037,
              33.866409
            ],
            [
              36.36763,
              33.857547
            ],
            [
              36.369594,
              33.837006
            ],
            [
              36.357501,
              33.823776
            ],
            [
              36.338278,
              33.821193
            ],
            [
              36.300554,
              33.828686
            ],
            [
              36.249187,
              33.849744
            ],
            [
              36.231824,
              33.852534
            ],
            [
              36.216631,
              33.847754
            ],
            [
              36.202679,
              33.838297
            ],
            [
              36.186556,
              33.83021
            ],
            [
              36.165678,
              33.829797
            ],
            [
              36.157617,
              33.83406
            ],
            [
              36.144904,
              33.847418
            ],
            [
              36.13829,
              33.850622
            ],
            [
              36.102426,
              33.832277
            ],
            [
              36.085063,
              33.82605
            ],
            [
              36.06646,
              33.821994
            ],
            [
              36.05044,
              33.816438
            ],
            [
              36.040518,
              33.805612
            ],
            [
              36.027082,
              33.784296
            ],
            [
              35.994009,
              33.760705
            ],
            [
              35.980263,
              33.743549
            ],
            [
              35.974165,
              33.732154
            ],
            [
              35.955872,
              33.718124
            ],
            [
              35.948431,
              33.70921
            ],
            [
              35.946984,
              33.700838
            ],
            [
              35.949878,
              33.6827
            ],
            [
              35.94719,
              33.673088
            ],
            [
              35.942436,
              33.669212
            ],
            [
              35.929414,
              33.665078
            ],
            [
              35.925383,
              33.661667
            ],
            [
              35.921559,
              33.640299
            ],
            [
              35.934788,
              33.6334
            ],
            [
              35.956906,
              33.629938
            ],
            [
              35.980263,
              33.619008
            ],
            [
              35.994526,
              33.615701
            ],
            [
              36.012923,
              33.608027
            ],
            [
              36.029666,
              33.59764
            ],
            [
              36.038451,
              33.586349
            ],
            [
              36.035247,
              33.567797
            ],
            [
              36.019847,
              33.55263
            ],
            [
              35.99928,
              33.541261
            ],
            [
              35.980263,
              33.533949
            ],
            [
              35.956802,
              33.534207
            ],
            [
              35.933238,
              33.527825
            ],
            [
              35.921869,
              33.51457
            ],
            [
              35.935408,
              33.494262
            ],
            [
              35.919492,
              33.462351
            ],
            [
              35.888486,
              33.440415
            ],
            [
              35.870089,
              33.431242
            ],
            [
              35.845116,
              33.418742
            ],
            [
              35.8211,
              33.406722
            ],
            [
              35.8057,
              33.391348
            ],
            [
              35.785753,
              33.357887
            ],
            [
              35.769423,
              33.342643
            ],
            [
              35.757538,
              33.336313
            ],
            [
              35.743689,
              33.331171
            ],
            [
              35.729426,
              33.327812
            ],
            [
              35.716197,
              33.326727
            ],
            [
              35.698523,
              33.32267
            ],
            [
              35.66049,
              33.289261
            ],
            [
              35.652143,
              33.27666
            ],
            [
              35.631092,
              33.274565
            ],
            [
              35.620065,
              33.269536
            ],
            [
              35.61806,
              33.256125
            ],
            [
              35.604576,
              33.244354
            ],
            [
              35.604576,
              33.244251
            ],
            [
              35.603892,
              33.240323
            ],
            [
              35.603852,
              33.240091
            ],
            [
              35.598064,
              33.244251
            ],
            [
              35.597858,
              33.24438
            ],
            [
              35.597754,
              33.244354
            ],
            [
              35.585042,
              33.252209
            ],
            [
              35.566955,
              33.276187
            ],
            [
              35.561167,
              33.28213
            ],
            [
              35.549489,
              33.281019
            ],
            [
              35.542771,
              33.271536
            ],
            [
              35.53688,
              33.257868
            ],
            [
              35.527784,
              33.244251
            ],
            [
              35.520033,
              33.222185
            ],
            [
              35.517656,
              33.172886
            ],
            [
              35.512282,
              33.147409
            ],
            [
              35.503703,
              33.130615
            ],
            [
              35.4851,
              33.102606
            ],
            [
              35.480139,
              33.087387
            ],
            [
              35.449443,
              33.085217
            ],
            [
              35.401591,
              33.067931
            ],
            [
              35.34516,
              33.05558
            ],
            [
              35.331931,
              33.057156
            ],
            [
              35.322629,
              33.067363
            ],
            [
              35.315704,
              33.079222
            ],
            [
              35.305783,
              33.089377
            ],
            [
              35.29462,
              33.096973
            ],
            [
              35.288825,
              33.099201
            ],
            [
              35.283665,
              33.101185
            ],
            [
              35.271469,
              33.101185
            ],
            [
              35.234469,
              33.090927
            ],
            [
              35.227338,
              33.091366
            ],
            [
              35.213178,
              33.094441
            ],
            [
              35.207184,
              33.094803
            ],
            [
              35.200673,
              33.092736
            ],
            [
              35.189614,
              33.085527
            ],
            [
              35.185273,
              33.083977
            ],
            [
              35.105235,
              33.089016
            ]
          ]
        ]
      },
      "properties": {
        "id": "6bXU",
        "status": "validé",
        "pieces": [
          {
            "kind": "country"
          }
        ]
      }
    },
    {
      "type": "Feature",
      "geometry": {
        "type": "Polygon",
        "coordinates": [
          [
            [
              35.69505214691163,
              34.27240570692927
            ],
            [
              35.69505214691163,
              34.27743936882585
            ],
            [
              35.68779945373536,
              34.27743936882585
            ],
            [
              35.68779945373536,
              34.27240570692927
            ],
            [
              35.69505214691163,
              34.27240570692927
            ]
          ]
        ]
      },
      "properties": {
        "id": "AGko",
        "status": "validé",
        "pieces": [
          {
            "kind": "rect",
            "bounds": [
              35.68779945373536,
              34.27240570692927,
              35.69505214691163,
              34.27743936882585
            ]
          }
        ]
      }
    },
    {
      "type": "Feature",
      "geometry": {
        "type": "Polygon",
        "coordinates": [
          [
            [
              35.105235,
              33.089016
            ],
            [
              35.105235,
              33.090644
            ],
            [
              35.106456,
              33.095038
            ],
            [
              35.101899,
              33.094468
            ],
            [
              35.100434,
              33.095689
            ],
            [
              35.100434,
              33.098212
            ],
            [
              35.09962,
              33.101264
            ],
            [
              35.105805,
              33.112454
            ],
            [
              35.114757,
              33.123725
            ],
            [
              35.125499,
              33.132514
            ],
            [
              35.147634,
              33.140326
            ],
            [
              35.154796,
              33.150295
            ],
            [
              35.160981,
              33.161689
            ],
            [
              35.167817,
              33.170152
            ],
            [
              35.161794,
              33.176947
            ],
            [
              35.167817,
              33.177883
            ],
            [
              35.171072,
              33.176581
            ],
            [
              35.174653,
              33.170152
            ],
            [
              35.204763,
              33.224799
            ],
            [
              35.209158,
              33.254625
            ],
            [
              35.188324,
              33.280015
            ],
            [
              35.209727,
              33.293402
            ],
            [
              35.224783,
              33.311998
            ],
            [
              35.243663,
              33.355699
            ],
            [
              35.246104,
              33.368883
            ],
            [
              35.246755,
              33.395819
            ],
            [
              35.250499,
              33.409735
            ],
            [
              35.268728,
              33.432603
            ],
            [
              35.275076,
              33.444973
            ],
            [
              35.271007,
              33.457506
            ],
            [
              35.323009,
              33.490912
            ],
            [
              35.349132,
              33.513861
            ],
            [
              35.360362,
              33.543443
            ],
            [
              35.362478,
              33.556342
            ],
            [
              35.400645,
              33.643134
            ],
            [
              35.394379,
              33.64997
            ],
            [
              35.409923,
              33.661282
            ],
            [
              35.421641,
              33.702338
            ],
            [
              35.438487,
              33.711371
            ],
            [
              35.437836,
              33.723375
            ],
            [
              35.477306,
              33.8039
            ],
            [
              35.481293,
              33.823676
            ],
            [
              35.483002,
              33.86518
            ],
            [
              35.483246,
              33.872463
            ],
            [
              35.479991,
              33.884263
            ],
            [
              35.473806,
              33.893866
            ],
            [
              35.47047,
              33.902086
            ],
            [
              35.475841,
              33.90998
            ],
            [
              35.486583,
              33.912991
            ],
            [
              35.499766,
              33.9112
            ],
            [
              35.511241,
              33.90705
            ],
            [
              35.517345,
              33.902533
            ],
            [
              35.524181,
              33.902533
            ],
            [
              35.533865,
              33.90705
            ],
            [
              35.548106,
              33.906195
            ],
            [
              35.557465,
              33.905666
            ],
            [
              35.572032,
              33.90998
            ],
            [
              35.57838,
              33.916693
            ],
            [
              35.587901,
              33.936591
            ],
            [
              35.59311,
              33.94477
            ],
            [
              35.593435,
              33.94892
            ],
            [
              35.59197,
              33.950426
            ],
            [
              35.585704,
              33.950914
            ],
            [
              35.594249,
              33.959296
            ],
            [
              35.606293,
              33.983222
            ],
            [
              35.613536,
              33.99315
            ],
            [
              35.620128,
              33.995103
            ],
            [
              35.636729,
              33.995307
            ],
            [
              35.64088,
              33.999416
            ],
            [
              35.640391,
              34.008531
            ],
            [
              35.635753,
              34.013251
            ],
            [
              35.630382,
              34.016099
            ],
            [
              35.627208,
              34.019843
            ],
            [
              35.626964,
              34.044257
            ],
            [
              35.643321,
              34.08808
            ],
            [
              35.647716,
              34.119127
            ],
            [
              35.644542,
              34.130845
            ],
            [
              35.630382,
              34.152818
            ],
            [
              35.627208,
              34.166938
            ],
            [
              35.627208,
              34.201117
            ],
            [
              35.630382,
              34.208441
            ],
            [
              35.644542,
              34.216986
            ],
            [
              35.647716,
              34.222154
            ],
            [
              35.648285,
              34.253607
            ],
            [
              35.653005,
              34.284857
            ],
            [
              35.665212,
              34.311347
            ],
            [
              35.688731,
              34.328315
            ],
            [
              35.705821,
              34.316596
            ],
            [
              35.722179,
              34.33747
            ],
            [
              35.737315,
              34.369208
            ],
            [
              35.750743,
              34.389797
            ],
            [
              35.806163,
              34.414984
            ],
            [
              35.823578,
              34.434516
            ],
            [
              35.805431,
              34.458686
            ],
            [
              35.805431,
              34.464911
            ],
            [
              35.823985,
              34.460842
            ],
            [
              35.903331,
              34.477973
            ],
            [
              35.956798,
              34.520087
            ],
            [
              35.972911,
              34.529771
            ],
            [
              35.983165,
              34.538642
            ],
            [
              35.98878,
              34.55272
            ],
            [
              35.989594,
              34.599677
            ],
            [
              35.986827,
              34.620795
            ],
            [
              35.980642,
              34.638495
            ],
            [
              35.9699,
              34.649849
            ],
            [
              35.98264,
              34.650238
            ],
            [
              35.991425,
              34.648222
            ],
            [
              35.998763,
              34.64538
            ],
            [
              36.01623,
              34.633649
            ],
            [
              36.037934,
              34.62843
            ],
            [
              36.060775,
              34.627913
            ],
            [
              36.087234,
              34.631014
            ],
            [
              36.11214,
              34.629532
            ],
            [
              36.15586,
              34.626931
            ],
            [
              36.160201,
              34.628068
            ],
            [
              36.17219,
              34.634063
            ],
            [
              36.178287,
              34.635303
            ],
            [
              36.183352,
              34.633494
            ],
            [
              36.195134,
              34.626208
            ],
            [
              36.201232,
              34.624451
            ],
            [
              36.26159,
              34.627242
            ],
            [
              36.271512,
              34.630962
            ],
            [
              36.28071,
              34.639127
            ],
            [
              36.284431,
              34.648326
            ],
            [
              36.284844,
              34.667911
            ],
            [
              36.288151,
              34.675559
            ],
            [
              36.308925,
              34.687548
            ],
            [
              36.323808,
              34.679486
            ],
            [
              36.347373,
              34.64414
            ],
            [
              36.367526,
              34.629205
            ],
            [
              36.391194,
              34.622487
            ],
            [
              36.415999,
              34.622901
            ],
            [
              36.440184,
              34.62936
            ],
            [
              36.436256,
              34.597838
            ],
            [
              36.429125,
              34.593187
            ],
            [
              36.418479,
              34.600318
            ],
            [
              36.4037,
              34.603832
            ],
            [
              36.388921,
              34.596236
            ],
            [
              36.386853,
              34.584247
            ],
            [
              36.388094,
              34.569519
            ],
            [
              36.383546,
              34.553809
            ],
            [
              36.364012,
              34.541097
            ],
            [
              36.336624,
              34.52885
            ],
            [
              36.319881,
              34.514122
            ],
            [
              36.329851,
              34.498603
            ],
            [
              36.332697,
              34.494175
            ],
            [
              36.335384,
              34.493477
            ],
            [
              36.338174,
              34.493296
            ],
            [
              36.340965,
              34.493477
            ],
            [
              36.343652,
              34.494175
            ],
            [
              36.363082,
              34.499032
            ],
            [
              36.392331,
              34.500143
            ],
            [
              36.41972,
              34.498335
            ],
            [
              36.433466,
              34.49433
            ],
            [
              36.433466,
              34.494175
            ],
            [
              36.439873,
              34.477457
            ],
            [
              36.449795,
              34.464538
            ],
            [
              36.463231,
              34.455237
            ],
            [
              36.480181,
              34.449139
            ],
            [
              36.494651,
              34.434256
            ],
            [
              36.501885,
              34.430303
            ],
            [
              36.509223,
              34.432421
            ],
            [
              36.52514,
              34.422939
            ],
            [
              36.530617,
              34.41418
            ],
            [
              36.52979,
              34.403095
            ],
            [
              36.526276,
              34.386688
            ],
            [
              36.523589,
              34.379789
            ],
            [
              36.519972,
              34.375061
            ],
            [
              36.516768,
              34.369867
            ],
            [
              36.515941,
              34.36165
            ],
            [
              36.518628,
              34.353641
            ],
            [
              36.523589,
              34.345889
            ],
            [
              36.54519,
              34.320723
            ],
            [
              36.555835,
              34.311085
            ],
            [
              36.562967,
              34.308501
            ],
            [
              36.570305,
              34.308966
            ],
            [
              36.576816,
              34.307674
            ],
            [
              36.581984,
              34.299897
            ],
            [
              36.579917,
              34.286901
            ],
            [
              36.570305,
              34.275868
            ],
            [
              36.56276,
              34.262949
            ],
            [
              36.567514,
              34.244138
            ],
            [
              36.574026,
              34.229746
            ],
            [
              36.59821,
              34.209851
            ],
            [
              36.603554,
              34.200101
            ],
            [
              36.604101,
              34.199102
            ],
            [
              36.575886,
              34.173264
            ],
            [
              36.552735,
              34.140992
            ],
            [
              36.507983,
              34.109185
            ],
            [
              36.488449,
              34.088644
            ],
            [
              36.482662,
              34.07451
            ],
            [
              36.480698,
              34.062754
            ],
            [
              36.47522,
              34.053504
            ],
            [
              36.45889,
              34.046708
            ],
            [
              36.445144,
              34.04614
            ],
            [
              36.423647,
              34.052806
            ],
            [
              36.412175,
              34.053633
            ],
            [
              36.391091,
              34.044719
            ],
            [
              36.357811,
              34.009553
            ],
            [
              36.31802,
              33.980511
            ],
            [
              36.302311,
              33.964388
            ],
            [
              36.288565,
              33.946508
            ],
            [
              36.267171,
              33.910386
            ],
            [
              36.268928,
              33.906769
            ],
            [
              36.275336,
              33.897209
            ],
            [
              36.28164,
              33.891111
            ],
            [
              36.311096,
              33.87199
            ],
            [
              36.35037,
              33.866409
            ],
            [
              36.36763,
              33.857547
            ],
            [
              36.369594,
              33.837006
            ],
            [
              36.357501,
              33.823776
            ],
            [
              36.338278,
              33.821193
            ],
            [
              36.300554,
              33.828686
            ],
            [
              36.249187,
              33.849744
            ],
            [
              36.231824,
              33.852534
            ],
            [
              36.216631,
              33.847754
            ],
            [
              36.202679,
              33.838297
            ],
            [
              36.186556,
              33.83021
            ],
            [
              36.165678,
              33.829797
            ],
            [
              36.157617,
              33.83406
            ],
            [
              36.144904,
              33.847418
            ],
            [
              36.13829,
              33.850622
            ],
            [
              36.102426,
              33.832277
            ],
            [
              36.085063,
              33.82605
            ],
            [
              36.06646,
              33.821994
            ],
            [
              36.05044,
              33.816438
            ],
            [
              36.040518,
              33.805612
            ],
            [
              36.027082,
              33.784296
            ],
            [
              35.994009,
              33.760705
            ],
            [
              35.980263,
              33.743549
            ],
            [
              35.974165,
              33.732154
            ],
            [
              35.955872,
              33.718124
            ],
            [
              35.948431,
              33.70921
            ],
            [
              35.946984,
              33.700838
            ],
            [
              35.949878,
              33.6827
            ],
            [
              35.94719,
              33.673088
            ],
            [
              35.942436,
              33.669212
            ],
            [
              35.929414,
              33.665078
            ],
            [
              35.925383,
              33.661667
            ],
            [
              35.921559,
              33.640299
            ],
            [
              35.934788,
              33.6334
            ],
            [
              35.956906,
              33.629938
            ],
            [
              35.980263,
              33.619008
            ],
            [
              35.994526,
              33.615701
            ],
            [
              36.012923,
              33.608027
            ],
            [
              36.029666,
              33.59764
            ],
            [
              36.038451,
              33.586349
            ],
            [
              36.035247,
              33.567797
            ],
            [
              36.019847,
              33.55263
            ],
            [
              35.99928,
              33.541261
            ],
            [
              35.980263,
              33.533949
            ],
            [
              35.956802,
              33.534207
            ],
            [
              35.933238,
              33.527825
            ],
            [
              35.921869,
              33.51457
            ],
            [
              35.935408,
              33.494262
            ],
            [
              35.919492,
              33.462351
            ],
            [
              35.888486,
              33.440415
            ],
            [
              35.870089,
              33.431242
            ],
            [
              35.845116,
              33.418742
            ],
            [
              35.8211,
              33.406722
            ],
            [
              35.8057,
              33.391348
            ],
            [
              35.785753,
              33.357887
            ],
            [
              35.769423,
              33.342643
            ],
            [
              35.757538,
              33.336313
            ],
            [
              35.743689,
              33.331171
            ],
            [
              35.729426,
              33.327812
            ],
            [
              35.716197,
              33.326727
            ],
            [
              35.698523,
              33.32267
            ],
            [
              35.66049,
              33.289261
            ],
            [
              35.652143,
              33.27666
            ],
            [
              35.631092,
              33.274565
            ],
            [
              35.620065,
              33.269536
            ],
            [
              35.61806,
              33.256125
            ],
            [
              35.604576,
              33.244354
            ],
            [
              35.604576,
              33.244251
            ],
            [
              35.603892,
              33.240323
            ],
            [
              35.603852,
              33.240091
            ],
            [
              35.598064,
              33.244251
            ],
            [
              35.597858,
              33.24438
            ],
            [
              35.597754,
              33.244354
            ],
            [
              35.585042,
              33.252209
            ],
            [
              35.566955,
              33.276187
            ],
            [
              35.561167,
              33.28213
            ],
            [
              35.549489,
              33.281019
            ],
            [
              35.542771,
              33.271536
            ],
            [
              35.53688,
              33.257868
            ],
            [
              35.527784,
              33.244251
            ],
            [
              35.520033,
              33.222185
            ],
            [
              35.517656,
              33.172886
            ],
            [
              35.512282,
              33.147409
            ],
            [
              35.503703,
              33.130615
            ],
            [
              35.4851,
              33.102606
            ],
            [
              35.480139,
              33.087387
            ],
            [
              35.449443,
              33.085217
            ],
            [
              35.401591,
              33.067931
            ],
            [
              35.34516,
              33.05558
            ],
            [
              35.331931,
              33.057156
            ],
            [
              35.322629,
              33.067363
            ],
            [
              35.315704,
              33.079222
            ],
            [
              35.305783,
              33.089377
            ],
            [
              35.29462,
              33.096973
            ],
            [
              35.288825,
              33.099201
            ],
            [
              35.283665,
              33.101185
            ],
            [
              35.271469,
              33.101185
            ],
            [
              35.234469,
              33.090927
            ],
            [
              35.227338,
              33.091366
            ],
            [
              35.213178,
              33.094441
            ],
            [
              35.207184,
              33.094803
            ],
            [
              35.200673,
              33.092736
            ],
            [
              35.189614,
              33.085527
            ],
            [
              35.185273,
              33.083977
            ],
            [
              35.105235,
              33.089016
            ]
          ]
        ]
      },
      "properties": {
        "id": "C649",
        "status": "validé",
        "pieces": [
          {
            "kind": "country"
          }
        ]
      }
    },
    {
      "type": "Feature",
      "geometry": {
        "type": "Polygon",
        "coordinates": [
          [
            [
              35.105235,
              33.089016
            ],
            [
              35.105235,
              33.090644
            ],
            [
              35.106456,
              33.095038
            ],
            [
              35.101899,
              33.094468
            ],
            [
              35.100434,
              33.095689
            ],
            [
              35.100434,
              33.098212
            ],
            [
              35.09962,
              33.101264
            ],
            [
              35.105805,
              33.112454
            ],
            [
              35.114757,
              33.123725
            ],
            [
              35.125499,
              33.132514
            ],
            [
              35.147634,
              33.140326
            ],
            [
              35.154796,
              33.150295
            ],
            [
              35.160981,
              33.161689
            ],
            [
              35.167817,
              33.170152
            ],
            [
              35.161794,
              33.176947
            ],
            [
              35.167817,
              33.177883
            ],
            [
              35.171072,
              33.176581
            ],
            [
              35.174653,
              33.170152
            ],
            [
              35.204763,
              33.224799
            ],
            [
              35.209158,
              33.254625
            ],
            [
              35.188324,
              33.280015
            ],
            [
              35.209727,
              33.293402
            ],
            [
              35.224783,
              33.311998
            ],
            [
              35.243663,
              33.355699
            ],
            [
              35.246104,
              33.368883
            ],
            [
              35.246755,
              33.395819
            ],
            [
              35.250499,
              33.409735
            ],
            [
              35.268728,
              33.432603
            ],
            [
              35.275076,
              33.444973
            ],
            [
              35.271007,
              33.457506
            ],
            [
              35.323009,
              33.490912
            ],
            [
              35.349132,
              33.513861
            ],
            [
              35.360362,
              33.543443
            ],
            [
              35.362478,
              33.556342
            ],
            [
              35.400645,
              33.643134
            ],
            [
              35.394379,
              33.64997
            ],
            [
              35.409923,
              33.661282
            ],
            [
              35.421641,
              33.702338
            ],
            [
              35.438487,
              33.711371
            ],
            [
              35.437836,
              33.723375
            ],
            [
              35.477306,
              33.8039
            ],
            [
              35.481293,
              33.823676
            ],
            [
              35.483002,
              33.86518
            ],
            [
              35.483246,
              33.872463
            ],
            [
              35.479991,
              33.884263
            ],
            [
              35.473806,
              33.893866
            ],
            [
              35.47047,
              33.902086
            ],
            [
              35.475841,
              33.90998
            ],
            [
              35.486583,
              33.912991
            ],
            [
              35.499766,
              33.9112
            ],
            [
              35.511241,
              33.90705
            ],
            [
              35.517345,
              33.902533
            ],
            [
              35.524181,
              33.902533
            ],
            [
              35.533865,
              33.90705
            ],
            [
              35.548106,
              33.906195
            ],
            [
              35.557465,
              33.905666
            ],
            [
              35.572032,
              33.90998
            ],
            [
              35.57838,
              33.916693
            ],
            [
              35.587901,
              33.936591
            ],
            [
              35.59311,
              33.94477
            ],
            [
              35.593435,
              33.94892
            ],
            [
              35.59197,
              33.950426
            ],
            [
              35.585704,
              33.950914
            ],
            [
              35.594249,
              33.959296
            ],
            [
              35.606293,
              33.983222
            ],
            [
              35.613536,
              33.99315
            ],
            [
              35.620128,
              33.995103
            ],
            [
              35.636729,
              33.995307
            ],
            [
              35.64088,
              33.999416
            ],
            [
              35.640391,
              34.008531
            ],
            [
              35.635753,
              34.013251
            ],
            [
              35.630382,
              34.016099
            ],
            [
              35.627208,
              34.019843
            ],
            [
              35.626964,
              34.044257
            ],
            [
              35.643321,
              34.08808
            ],
            [
              35.647716,
              34.119127
            ],
            [
              35.644542,
              34.130845
            ],
            [
              35.630382,
              34.152818
            ],
            [
              35.627208,
              34.166938
            ],
            [
              35.627208,
              34.201117
            ],
            [
              35.630382,
              34.208441
            ],
            [
              35.644542,
              34.216986
            ],
            [
              35.647716,
              34.222154
            ],
            [
              35.648285,
              34.253607
            ],
            [
              35.653005,
              34.284857
            ],
            [
              35.665212,
              34.311347
            ],
            [
              35.688731,
              34.328315
            ],
            [
              35.705821,
              34.316596
            ],
            [
              35.722179,
              34.33747
            ],
            [
              35.737315,
              34.369208
            ],
            [
              35.750743,
              34.389797
            ],
            [
              35.806163,
              34.414984
            ],
            [
              35.823578,
              34.434516
            ],
            [
              35.805431,
              34.458686
            ],
            [
              35.805431,
              34.464911
            ],
            [
              35.823985,
              34.460842
            ],
            [
              35.903331,
              34.477973
            ],
            [
              35.956798,
              34.520087
            ],
            [
              35.972911,
              34.529771
            ],
            [
              35.983165,
              34.538642
            ],
            [
              35.98878,
              34.55272
            ],
            [
              35.989594,
              34.599677
            ],
            [
              35.986827,
              34.620795
            ],
            [
              35.980642,
              34.638495
            ],
            [
              35.9699,
              34.649849
            ],
            [
              35.98264,
              34.650238
            ],
            [
              35.991425,
              34.648222
            ],
            [
              35.998763,
              34.64538
            ],
            [
              36.01623,
              34.633649
            ],
            [
              36.037934,
              34.62843
            ],
            [
              36.060775,
              34.627913
            ],
            [
              36.087234,
              34.631014
            ],
            [
              36.11214,
              34.629532
            ],
            [
              36.15586,
              34.626931
            ],
            [
              36.160201,
              34.628068
            ],
            [
              36.17219,
              34.634063
            ],
            [
              36.178287,
              34.635303
            ],
            [
              36.183352,
              34.633494
            ],
            [
              36.195134,
              34.626208
            ],
            [
              36.201232,
              34.624451
            ],
            [
              36.26159,
              34.627242
            ],
            [
              36.271512,
              34.630962
            ],
            [
              36.28071,
              34.639127
            ],
            [
              36.284431,
              34.648326
            ],
            [
              36.284844,
              34.667911
            ],
            [
              36.288151,
              34.675559
            ],
            [
              36.308925,
              34.687548
            ],
            [
              36.323808,
              34.679486
            ],
            [
              36.347373,
              34.64414
            ],
            [
              36.367526,
              34.629205
            ],
            [
              36.391194,
              34.622487
            ],
            [
              36.415999,
              34.622901
            ],
            [
              36.440184,
              34.62936
            ],
            [
              36.436256,
              34.597838
            ],
            [
              36.429125,
              34.593187
            ],
            [
              36.418479,
              34.600318
            ],
            [
              36.4037,
              34.603832
            ],
            [
              36.388921,
              34.596236
            ],
            [
              36.386853,
              34.584247
            ],
            [
              36.388094,
              34.569519
            ],
            [
              36.383546,
              34.553809
            ],
            [
              36.364012,
              34.541097
            ],
            [
              36.336624,
              34.52885
            ],
            [
              36.319881,
              34.514122
            ],
            [
              36.329851,
              34.498603
            ],
            [
              36.332697,
              34.494175
            ],
            [
              36.335384,
              34.493477
            ],
            [
              36.338174,
              34.493296
            ],
            [
              36.340965,
              34.493477
            ],
            [
              36.343652,
              34.494175
            ],
            [
              36.363082,
              34.499032
            ],
            [
              36.392331,
              34.500143
            ],
            [
              36.41972,
              34.498335
            ],
            [
              36.433466,
              34.49433
            ],
            [
              36.433466,
              34.494175
            ],
            [
              36.439873,
              34.477457
            ],
            [
              36.449795,
              34.464538
            ],
            [
              36.463231,
              34.455237
            ],
            [
              36.480181,
              34.449139
            ],
            [
              36.494651,
              34.434256
            ],
            [
              36.501885,
              34.430303
            ],
            [
              36.509223,
              34.432421
            ],
            [
              36.52514,
              34.422939
            ],
            [
              36.530617,
              34.41418
            ],
            [
              36.52979,
              34.403095
            ],
            [
              36.526276,
              34.386688
            ],
            [
              36.523589,
              34.379789
            ],
            [
              36.519972,
              34.375061
            ],
            [
              36.516768,
              34.369867
            ],
            [
              36.515941,
              34.36165
            ],
            [
              36.518628,
              34.353641
            ],
            [
              36.523589,
              34.345889
            ],
            [
              36.54519,
              34.320723
            ],
            [
              36.555835,
              34.311085
            ],
            [
              36.562967,
              34.308501
            ],
            [
              36.570305,
              34.308966
            ],
            [
              36.576816,
              34.307674
            ],
            [
              36.581984,
              34.299897
            ],
            [
              36.579917,
              34.286901
            ],
            [
              36.570305,
              34.275868
            ],
            [
              36.56276,
              34.262949
            ],
            [
              36.567514,
              34.244138
            ],
            [
              36.574026,
              34.229746
            ],
            [
              36.59821,
              34.209851
            ],
            [
              36.603554,
              34.200101
            ],
            [
              36.604101,
              34.199102
            ],
            [
              36.575886,
              34.173264
            ],
            [
              36.552735,
              34.140992
            ],
            [
              36.507983,
              34.109185
            ],
            [
              36.488449,
              34.088644
            ],
            [
              36.482662,
              34.07451
            ],
            [
              36.480698,
              34.062754
            ],
            [
              36.47522,
              34.053504
            ],
            [
              36.45889,
              34.046708
            ],
            [
              36.445144,
              34.04614
            ],
            [
              36.423647,
              34.052806
            ],
            [
              36.412175,
              34.053633
            ],
            [
              36.391091,
              34.044719
            ],
            [
              36.357811,
              34.009553
            ],
            [
              36.31802,
              33.980511
            ],
            [
              36.302311,
              33.964388
            ],
            [
              36.288565,
              33.946508
            ],
            [
              36.267171,
              33.910386
            ],
            [
              36.268928,
              33.906769
            ],
            [
              36.275336,
              33.897209
            ],
            [
              36.28164,
              33.891111
            ],
            [
              36.311096,
              33.87199
            ],
            [
              36.35037,
              33.866409
            ],
            [
              36.36763,
              33.857547
            ],
            [
              36.369594,
              33.837006
            ],
            [
              36.357501,
              33.823776
            ],
            [
              36.338278,
              33.821193
            ],
            [
              36.300554,
              33.828686
            ],
            [
              36.249187,
              33.849744
            ],
            [
              36.231824,
              33.852534
            ],
            [
              36.216631,
              33.847754
            ],
            [
              36.202679,
              33.838297
            ],
            [
              36.186556,
              33.83021
            ],
            [
              36.165678,
              33.829797
            ],
            [
              36.157617,
              33.83406
            ],
            [
              36.144904,
              33.847418
            ],
            [
              36.13829,
              33.850622
            ],
            [
              36.102426,
              33.832277
            ],
            [
              36.085063,
              33.82605
            ],
            [
              36.06646,
              33.821994
            ],
            [
              36.05044,
              33.816438
            ],
            [
              36.040518,
              33.805612
            ],
            [
              36.027082,
              33.784296
            ],
            [
              35.994009,
              33.760705
            ],
            [
              35.980263,
              33.743549
            ],
            [
              35.974165,
              33.732154
            ],
            [
              35.955872,
              33.718124
            ],
            [
              35.948431,
              33.70921
            ],
            [
              35.946984,
              33.700838
            ],
            [
              35.949878,
              33.6827
            ],
            [
              35.94719,
              33.673088
            ],
            [
              35.942436,
              33.669212
            ],
            [
              35.929414,
              33.665078
            ],
            [
              35.925383,
              33.661667
            ],
            [
              35.921559,
              33.640299
            ],
            [
              35.934788,
              33.6334
            ],
            [
              35.956906,
              33.629938
            ],
            [
              35.980263,
              33.619008
            ],
            [
              35.994526,
              33.615701
            ],
            [
              36.012923,
              33.608027
            ],
            [
              36.029666,
              33.59764
            ],
            [
              36.038451,
              33.586349
            ],
            [
              36.035247,
              33.567797
            ],
            [
              36.019847,
              33.55263
            ],
            [
              35.99928,
              33.541261
            ],
            [
              35.980263,
              33.533949
            ],
            [
              35.956802,
              33.534207
            ],
            [
              35.933238,
              33.527825
            ],
            [
              35.921869,
              33.51457
            ],
            [
              35.935408,
              33.494262
            ],
            [
              35.919492,
              33.462351
            ],
            [
              35.888486,
              33.440415
            ],
            [
              35.870089,
              33.431242
            ],
            [
              35.845116,
              33.418742
            ],
            [
              35.8211,
              33.406722
            ],
            [
              35.8057,
              33.391348
            ],
            [
              35.785753,
              33.357887
            ],
            [
              35.769423,
              33.342643
            ],
            [
              35.757538,
              33.336313
            ],
            [
              35.743689,
              33.331171
            ],
            [
              35.729426,
              33.327812
            ],
            [
              35.716197,
              33.326727
            ],
            [
              35.698523,
              33.32267
            ],
            [
              35.66049,
              33.289261
            ],
            [
              35.652143,
              33.27666
            ],
            [
              35.631092,
              33.274565
            ],
            [
              35.620065,
              33.269536
            ],
            [
              35.61806,
              33.256125
            ],
            [
              35.604576,
              33.244354
            ],
            [
              35.604576,
              33.244251
            ],
            [
              35.603892,
              33.240323
            ],
            [
              35.603852,
              33.240091
            ],
            [
              35.598064,
              33.244251
            ],
            [
              35.597858,
              33.24438
            ],
            [
              35.597754,
              33.244354
            ],
            [
              35.585042,
              33.252209
            ],
            [
              35.566955,
              33.276187
            ],
            [
              35.561167,
              33.28213
            ],
            [
              35.549489,
              33.281019
            ],
            [
              35.542771,
              33.271536
            ],
            [
              35.53688,
              33.257868
            ],
            [
              35.527784,
              33.244251
            ],
            [
              35.520033,
              33.222185
            ],
            [
              35.517656,
              33.172886
            ],
            [
              35.512282,
              33.147409
            ],
            [
              35.503703,
              33.130615
            ],
            [
              35.4851,
              33.102606
            ],
            [
              35.480139,
              33.087387
            ],
            [
              35.449443,
              33.085217
            ],
            [
              35.401591,
              33.067931
            ],
            [
              35.34516,
              33.05558
            ],
            [
              35.331931,
              33.057156
            ],
            [
              35.322629,
              33.067363
            ],
            [
              35.315704,
              33.079222
            ],
            [
              35.305783,
              33.089377
            ],
            [
              35.29462,
              33.096973
            ],
            [
              35.288825,
              33.099201
            ],
            [
              35.283665,
              33.101185
            ],
            [
              35.271469,
              33.101185
            ],
            [
              35.234469,
              33.090927
            ],
            [
              35.227338,
              33.091366
            ],
            [
              35.213178,
              33.094441
            ],
            [
              35.207184,
              33.094803
            ],
            [
              35.200673,
              33.092736
            ],
            [
              35.189614,
              33.085527
            ],
            [
              35.185273,
              33.083977
            ],
            [
              35.105235,
              33.089016
            ]
          ]
        ]
      },
      "properties": {
        "id": "DdnD",
        "status": "validé",
        "pieces": [
          {
            "kind": "country"
          }
        ]
      }
    },
    {
      "type": "Feature",
      "geometry": null,
      "properties": {
        "id": "Dzfp",
        "status": "rejeté",
        "pieces": []
      }
    },
    {
      "type": "Feature",
      "geometry": {
        "type": "Polygon",
        "coordinates": [
          [
            [
              35.860662460327156,
              33.684298354765524
            ],
            [
              35.860662460327156,
              33.6956487644722
            ],
            [
              35.84589958190919,
              33.6956487644722
            ],
            [
              35.84589958190919,
              33.684298354765524
            ],
            [
              35.860662460327156,
              33.684298354765524
            ]
          ]
        ]
      },
      "properties": {
        "id": "E5A0",
        "status": "validé",
        "pieces": [
          {
            "kind": "rect",
            "bounds": [
              35.84589958190919,
              33.684298354765524,
              35.860662460327156,
              33.6956487644722
            ]
          }
        ]
      }
    },
    {
      "type": "Feature",
      "geometry": {
        "type": "Polygon",
        "coordinates": [
          [
            [
              36.20793342590333,
              34.00330658062933
            ],
            [
              36.20793342590333,
              34.00835629840194
            ],
            [
              36.201238632202156,
              34.00835629840194
            ],
            [
              36.201238632202156,
              34.00330658062933
            ],
            [
              36.20793342590333,
              34.00330658062933
            ]
          ]
        ]
      },
      "properties": {
        "id": "Iemd",
        "status": "validé",
        "pieces": [
          {
            "kind": "rect",
            "bounds": [
              36.201238632202156,
              34.00330658062933,
              36.20793342590333,
              34.00835629840194
            ]
          }
        ]
      }
    },
    {
      "type": "Feature",
      "geometry": {
        "type": "Polygon",
        "coordinates": [
          [
            [
              35.87860107421876,
              33.86623905446099
            ],
            [
              35.82092285156251,
              33.825195255398356
            ],
            [
              35.79620361328126,
              33.745331453286724
            ],
            [
              35.84838867187501,
              33.708797488826185
            ],
            [
              35.94177246093751,
              33.708797488826185
            ],
            [
              35.98022460937501,
              33.8730777704848
            ],
            [
              35.87860107421876,
              33.86623905446099
            ]
          ]
        ]
      },
      "properties": {
        "id": "JCQE",
        "status": "validé",
        "pieces": [
          {
            "kind": "polygon",
            "ring": [
              [
                35.87860107421876,
                33.86623905446099
              ],
              [
                35.82092285156251,
                33.825195255398356
              ],
              [
                35.79620361328126,
                33.745331453286724
              ],
              [
                35.84838867187501,
                33.708797488826185
              ],
              [
                35.94177246093751,
                33.708797488826185
              ],
              [
                35.98022460937501,
                33.8730777704848
              ]
            ]
          }
        ]
      }
    },
    {
      "type": "Feature",
      "geometry": {
        "type": "Polygon",
        "coordinates": [
          [
            [
              35.677371025085456,
              34.11383463990543
            ],
            [
              35.677371025085456,
              34.116853454951006
            ],
            [
              35.66998958587647,
              34.116853454951006
            ],
            [
              35.66998958587647,
              34.11383463990543
            ],
            [
              35.677371025085456,
              34.11383463990543
            ]
          ]
        ]
      },
      "properties": {
        "id": "LBig",
        "status": "validé",
        "pieces": [
          {
            "kind": "rect",
            "bounds": [
              35.66998958587647,
              34.11383463990543,
              35.677371025085456,
              34.116853454951006
            ]
          }
        ]
      }
    },
    {
      "type": "Feature",
      "geometry": {
        "type": "Polygon",
        "coordinates": [
          [
            [
              35.105235,
              33.089016
            ],
            [
              35.105235,
              33.090644
            ],
            [
              35.106456,
              33.095038
            ],
            [
              35.101899,
              33.094468
            ],
            [
              35.100434,
              33.095689
            ],
            [
              35.100434,
              33.098212
            ],
            [
              35.09962,
              33.101264
            ],
            [
              35.105805,
              33.112454
            ],
            [
              35.114757,
              33.123725
            ],
            [
              35.125499,
              33.132514
            ],
            [
              35.147634,
              33.140326
            ],
            [
              35.154796,
              33.150295
            ],
            [
              35.160981,
              33.161689
            ],
            [
              35.167817,
              33.170152
            ],
            [
              35.161794,
              33.176947
            ],
            [
              35.167817,
              33.177883
            ],
            [
              35.171072,
              33.176581
            ],
            [
              35.174653,
              33.170152
            ],
            [
              35.204763,
              33.224799
            ],
            [
              35.209158,
              33.254625
            ],
            [
              35.188324,
              33.280015
            ],
            [
              35.209727,
              33.293402
            ],
            [
              35.224783,
              33.311998
            ],
            [
              35.243663,
              33.355699
            ],
            [
              35.246104,
              33.368883
            ],
            [
              35.246755,
              33.395819
            ],
            [
              35.250499,
              33.409735
            ],
            [
              35.268728,
              33.432603
            ],
            [
              35.275076,
              33.444973
            ],
            [
              35.271007,
              33.457506
            ],
            [
              35.323009,
              33.490912
            ],
            [
              35.349132,
              33.513861
            ],
            [
              35.360362,
              33.543443
            ],
            [
              35.362478,
              33.556342
            ],
            [
              35.400645,
              33.643134
            ],
            [
              35.394379,
              33.64997
            ],
            [
              35.409923,
              33.661282
            ],
            [
              35.421641,
              33.702338
            ],
            [
              35.438487,
              33.711371
            ],
            [
              35.437836,
              33.723375
            ],
            [
              35.477306,
              33.8039
            ],
            [
              35.481293,
              33.823676
            ],
            [
              35.483002,
              33.86518
            ],
            [
              35.483246,
              33.872463
            ],
            [
              35.479991,
              33.884263
            ],
            [
              35.473806,
              33.893866
            ],
            [
              35.47047,
              33.902086
            ],
            [
              35.475841,
              33.90998
            ],
            [
              35.486583,
              33.912991
            ],
            [
              35.499766,
              33.9112
            ],
            [
              35.511241,
              33.90705
            ],
            [
              35.517345,
              33.902533
            ],
            [
              35.524181,
              33.902533
            ],
            [
              35.533865,
              33.90705
            ],
            [
              35.548106,
              33.906195
            ],
            [
              35.557465,
              33.905666
            ],
            [
              35.572032,
              33.90998
            ],
            [
              35.57838,
              33.916693
            ],
            [
              35.587901,
              33.936591
            ],
            [
              35.59311,
              33.94477
            ],
            [
              35.593435,
              33.94892
            ],
            [
              35.59197,
              33.950426
            ],
            [
              35.585704,
              33.950914
            ],
            [
              35.594249,
              33.959296
            ],
            [
              35.606293,
              33.983222
            ],
            [
              35.613536,
              33.99315
            ],
            [
              35.620128,
              33.995103
            ],
            [
              35.636729,
              33.995307
            ],
            [
              35.64088,
              33.999416
            ],
            [
              35.640391,
              34.008531
            ],
            [
              35.635753,
              34.013251
            ],
            [
              35.630382,
              34.016099
            ],
            [
              35.627208,
              34.019843
            ],
            [
              35.626964,
              34.044257
            ],
            [
              35.643321,
              34.08808
            ],
            [
              35.647716,
              34.119127
            ],
            [
              35.644542,
              34.130845
            ],
            [
              35.630382,
              34.152818
            ],
            [
              35.627208,
              34.166938
            ],
            [
              35.627208,
              34.201117
            ],
            [
              35.630382,
              34.208441
            ],
            [
              35.644542,
              34.216986
            ],
            [
              35.647716,
              34.222154
            ],
            [
              35.648285,
              34.253607
            ],
            [
              35.653005,
              34.284857
            ],
            [
              35.665212,
              34.311347
            ],
            [
              35.688731,
              34.328315
            ],
            [
              35.705821,
              34.316596
            ],
            [
              35.722179,
              34.33747
            ],
            [
              35.737315,
              34.369208
            ],
            [
              35.750743,
              34.389797
            ],
            [
              35.806163,
              34.414984
            ],
            [
              35.823578,
              34.434516
            ],
            [
              35.805431,
              34.458686
            ],
            [
              35.805431,
              34.464911
            ],
            [
              35.823985,
              34.460842
            ],
            [
              35.903331,
              34.477973
            ],
            [
              35.956798,
              34.520087
            ],
            [
              35.972911,
              34.529771
            ],
            [
              35.983165,
              34.538642
            ],
            [
              35.98878,
              34.55272
            ],
            [
              35.989594,
              34.599677
            ],
            [
              35.986827,
              34.620795
            ],
            [
              35.980642,
              34.638495
            ],
            [
              35.9699,
              34.649849
            ],
            [
              35.98264,
              34.650238
            ],
            [
              35.991425,
              34.648222
            ],
            [
              35.998763,
              34.64538
            ],
            [
              36.01623,
              34.633649
            ],
            [
              36.037934,
              34.62843
            ],
            [
              36.060775,
              34.627913
            ],
            [
              36.087234,
              34.631014
            ],
            [
              36.11214,
              34.629532
            ],
            [
              36.15586,
              34.626931
            ],
            [
              36.160201,
              34.628068
            ],
            [
              36.17219,
              34.634063
            ],
            [
              36.178287,
              34.635303
            ],
            [
              36.183352,
              34.633494
            ],
            [
              36.195134,
              34.626208
            ],
            [
              36.201232,
              34.624451
            ],
            [
              36.26159,
              34.627242
            ],
            [
              36.271512,
              34.630962
            ],
            [
              36.28071,
              34.639127
            ],
            [
              36.284431,
              34.648326
            ],
            [
              36.284844,
              34.667911
            ],
            [
              36.288151,
              34.675559
            ],
            [
              36.308925,
              34.687548
            ],
            [
              36.323808,
              34.679486
            ],
            [
              36.347373,
              34.64414
            ],
            [
              36.367526,
              34.629205
            ],
            [
              36.391194,
              34.622487
            ],
            [
              36.415999,
              34.622901
            ],
            [
              36.440184,
              34.62936
            ],
            [
              36.436256,
              34.597838
            ],
            [
              36.429125,
              34.593187
            ],
            [
              36.418479,
              34.600318
            ],
            [
              36.4037,
              34.603832
            ],
            [
              36.388921,
              34.596236
            ],
            [
              36.386853,
              34.584247
            ],
            [
              36.388094,
              34.569519
            ],
            [
              36.383546,
              34.553809
            ],
            [
              36.364012,
              34.541097
            ],
            [
              36.336624,
              34.52885
            ],
            [
              36.319881,
              34.514122
            ],
            [
              36.329851,
              34.498603
            ],
            [
              36.332697,
              34.494175
            ],
            [
              36.335384,
              34.493477
            ],
            [
              36.338174,
              34.493296
            ],
            [
              36.340965,
              34.493477
            ],
            [
              36.343652,
              34.494175
            ],
            [
              36.363082,
              34.499032
            ],
            [
              36.392331,
              34.500143
            ],
            [
              36.41972,
              34.498335
            ],
            [
              36.433466,
              34.49433
            ],
            [
              36.433466,
              34.494175
            ],
            [
              36.439873,
              34.477457
            ],
            [
              36.449795,
              34.464538
            ],
            [
              36.463231,
              34.455237
            ],
            [
              36.480181,
              34.449139
            ],
            [
              36.494651,
              34.434256
            ],
            [
              36.501885,
              34.430303
            ],
            [
              36.509223,
              34.432421
            ],
            [
              36.52514,
              34.422939
            ],
            [
              36.530617,
              34.41418
            ],
            [
              36.52979,
              34.403095
            ],
            [
              36.526276,
              34.386688
            ],
            [
              36.523589,
              34.379789
            ],
            [
              36.519972,
              34.375061
            ],
            [
              36.516768,
              34.369867
            ],
            [
              36.515941,
              34.36165
            ],
            [
              36.518628,
              34.353641
            ],
            [
              36.523589,
              34.345889
            ],
            [
              36.54519,
              34.320723
            ],
            [
              36.555835,
              34.311085
            ],
            [
              36.562967,
              34.308501
            ],
            [
              36.570305,
              34.308966
            ],
            [
              36.576816,
              34.307674
            ],
            [
              36.581984,
              34.299897
            ],
            [
              36.579917,
              34.286901
            ],
            [
              36.570305,
              34.275868
            ],
            [
              36.56276,
              34.262949
            ],
            [
              36.567514,
              34.244138
            ],
            [
              36.574026,
              34.229746
            ],
            [
              36.59821,
              34.209851
            ],
            [
              36.603554,
              34.200101
            ],
            [
              36.604101,
              34.199102
            ],
            [
              36.575886,
              34.173264
            ],
            [
              36.552735,
              34.140992
            ],
            [
              36.507983,
              34.109185
            ],
            [
              36.488449,
              34.088644
            ],
            [
              36.482662,
              34.07451
            ],
            [
              36.480698,
              34.062754
            ],
            [
              36.47522,
              34.053504
            ],
            [
              36.45889,
              34.046708
            ],
            [
              36.445144,
              34.04614
            ],
            [
              36.423647,
              34.052806
            ],
            [
              36.412175,
              34.053633
            ],
            [
              36.391091,
              34.044719
            ],
            [
              36.357811,
              34.009553
            ],
            [
              36.31802,
              33.980511
            ],
            [
              36.302311,
              33.964388
            ],
            [
              36.288565,
              33.946508
            ],
            [
              36.267171,
              33.910386
            ],
            [
              36.268928,
              33.906769
            ],
            [
              36.275336,
              33.897209
            ],
            [
              36.28164,
              33.891111
            ],
            [
              36.311096,
              33.87199
            ],
            [
              36.35037,
              33.866409
            ],
            [
              36.36763,
              33.857547
            ],
            [
              36.369594,
              33.837006
            ],
            [
              36.357501,
              33.823776
            ],
            [
              36.338278,
              33.821193
            ],
            [
              36.300554,
              33.828686
            ],
            [
              36.249187,
              33.849744
            ],
            [
              36.231824,
              33.852534
            ],
            [
              36.216631,
              33.847754
            ],
            [
              36.202679,
              33.838297
            ],
            [
              36.186556,
              33.83021
            ],
            [
              36.165678,
              33.829797
            ],
            [
              36.157617,
              33.83406
            ],
            [
              36.144904,
              33.847418
            ],
            [
              36.13829,
              33.850622
            ],
            [
              36.102426,
              33.832277
            ],
            [
              36.085063,
              33.82605
            ],
            [
              36.06646,
              33.821994
            ],
            [
              36.05044,
              33.816438
            ],
            [
              36.040518,
              33.805612
            ],
            [
              36.027082,
              33.784296
            ],
            [
              35.994009,
              33.760705
            ],
            [
              35.980263,
              33.743549
            ],
            [
              35.974165,
              33.732154
            ],
            [
              35.955872,
              33.718124
            ],
            [
              35.948431,
              33.70921
            ],
            [
              35.946984,
              33.700838
            ],
            [
              35.949878,
              33.6827
            ],
            [
              35.94719,
              33.673088
            ],
            [
              35.942436,
              33.669212
            ],
            [
              35.929414,
              33.665078
            ],
            [
              35.925383,
              33.661667
            ],
            [
              35.921559,
              33.640299
            ],
            [
              35.934788,
              33.6334
            ],
            [
              35.956906,
              33.629938
            ],
            [
              35.980263,
              33.619008
            ],
            [
              35.994526,
              33.615701
            ],
            [
              36.012923,
              33.608027
            ],
            [
              36.029666,
              33.59764
            ],
            [
              36.038451,
              33.586349
            ],
            [
              36.035247,
              33.567797
            ],
            [
              36.019847,
              33.55263
            ],
            [
              35.99928,
              33.541261
            ],
            [
              35.980263,
              33.533949
            ],
            [
              35.956802,
              33.534207
            ],
            [
              35.933238,
              33.527825
            ],
            [
              35.921869,
              33.51457
            ],
            [
              35.935408,
              33.494262
            ],
            [
              35.919492,
              33.462351
            ],
            [
              35.888486,
              33.440415
            ],
            [
              35.870089,
              33.431242
            ],
            [
              35.845116,
              33.418742
            ],
            [
              35.8211,
              33.406722
            ],
            [
              35.8057,
              33.391348
            ],
            [
              35.785753,
              33.357887
            ],
            [
              35.769423,
              33.342643
            ],
            [
              35.757538,
              33.336313
            ],
            [
              35.743689,
              33.331171
            ],
            [
              35.729426,
              33.327812
            ],
            [
              35.716197,
              33.326727
            ],
            [
              35.698523,
              33.32267
            ],
            [
              35.66049,
              33.289261
            ],
            [
              35.652143,
              33.27666
            ],
            [
              35.631092,
              33.274565
            ],
            [
              35.620065,
              33.269536
            ],
            [
              35.61806,
              33.256125
            ],
            [
              35.604576,
              33.244354
            ],
            [
              35.604576,
              33.244251
            ],
            [
              35.603892,
              33.240323
            ],
            [
              35.603852,
              33.240091
            ],
            [
              35.598064,
              33.244251
            ],
            [
              35.597858,
              33.24438
            ],
            [
              35.597754,
              33.244354
            ],
            [
              35.585042,
              33.252209
            ],
            [
              35.566955,
              33.276187
            ],
            [
              35.561167,
              33.28213
            ],
            [
              35.549489,
              33.281019
            ],
            [
              35.542771,
              33.271536
            ],
            [
              35.53688,
              33.257868
            ],
            [
              35.527784,
              33.244251
            ],
            [
              35.520033,
              33.222185
            ],
            [
              35.517656,
              33.172886
            ],
            [
              35.512282,
              33.147409
            ],
            [
              35.503703,
              33.130615
            ],
            [
              35.4851,
              33.102606
            ],
            [
              35.480139,
              33.087387
            ],
            [
              35.449443,
              33.085217
            ],
            [
              35.401591,
              33.067931
            ],
            [
              35.34516,
              33.05558
            ],
            [
              35.331931,
              33.057156
            ],
            [
              35.322629,
              33.067363
            ],
            [
              35.315704,
              33.079222
            ],
            [
              35.305783,
              33.089377
            ],
            [
              35.29462,
              33.096973
            ],
            [
              35.288825,
              33.099201
            ],
            [
              35.283665,
              33.101185
            ],
            [
              35.271469,
              33.101185
            ],
            [
              35.234469,
              33.090927
            ],
            [
              35.227338,
              33.091366
            ],
            [
              35.213178,
              33.094441
            ],
            [
              35.207184,
              33.094803
            ],
            [
              35.200673,
              33.092736
            ],
            [
              35.189614,
              33.085527
            ],
            [
              35.185273,
              33.083977
            ],
            [
              35.105235,
              33.089016
            ]
          ]
        ]
      },
      "properties": {
        "id": "Lgc7",
        "status": "validé",
        "pieces": [
          {
            "kind": "country"
          }
        ]
      }
    },
    {
      "type": "Feature",
      "geometry": {
        "type": "Polygon",
        "coordinates": [
          [
            [
              35.70153236389161,
              34.30723731577073
            ],
            [
              35.70153236389161,
              34.31496172334717
            ],
            [
              35.686361789703376,
              34.31496172334717
            ],
            [
              35.686361789703376,
              34.30723731577073
            ],
            [
              35.70153236389161,
              34.30723731577073
            ]
          ]
        ]
      },
      "properties": {
        "id": "Mi4i",
        "status": "validé",
        "pieces": [
          {
            "kind": "rect",
            "bounds": [
              35.686361789703376,
              34.30723731577073,
              35.70153236389161,
              34.31496172334717
            ]
          }
        ]
      }
    },
    {
      "type": "Feature",
      "geometry": {
        "type": "Polygon",
        "coordinates": [
          [
            [
              35.470154285430915,
              33.66994895721199
            ],
            [
              35.470154285430915,
              33.679694894406204
            ],
            [
              35.455434322357185,
              33.679694894406204
            ],
            [
              35.455434322357185,
              33.66994895721199
            ],
            [
              35.470154285430915,
              33.66994895721199
            ]
          ]
        ]
      },
      "properties": {
        "id": "RzjR",
        "status": "validé",
        "pieces": [
          {
            "kind": "rect",
            "bounds": [
              35.455434322357185,
              33.66994895721199,
              35.470154285430915,
              33.679694894406204
            ]
          }
        ]
      }
    },
    {
      "type": "Feature",
      "geometry": {
        "type": "Polygon",
        "coordinates": [
          [
            [
              35.49201965332032,
              33.89907205354843
            ],
            [
              35.49201965332032,
              33.90533848540116
            ],
            [
              35.470132827758796,
              33.90533848540116
            ],
            [
              35.470132827758796,
              33.89907205354843
            ],
            [
              35.49201965332032,
              33.89907205354843
            ]
          ]
        ]
      },
      "properties": {
        "id": "SrSV",
        "status": "validé",
        "pieces": [
          {
            "kind": "rect",
            "bounds": [
              35.470132827758796,
              33.89907205354843,
              35.49201965332032,
              33.90533848540116
            ]
          }
        ]
      }
    },
    {
      "type": "Feature",
      "geometry": {
        "type": "Polygon",
        "coordinates": [
          [
            [
              35.105235,
              33.089016
            ],
            [
              35.105235,
              33.090644
            ],
            [
              35.106456,
              33.095038
            ],
            [
              35.101899,
              33.094468
            ],
            [
              35.100434,
              33.095689
            ],
            [
              35.100434,
              33.098212
            ],
            [
              35.09962,
              33.101264
            ],
            [
              35.105805,
              33.112454
            ],
            [
              35.114757,
              33.123725
            ],
            [
              35.125499,
              33.132514
            ],
            [
              35.147634,
              33.140326
            ],
            [
              35.154796,
              33.150295
            ],
            [
              35.160981,
              33.161689
            ],
            [
              35.167817,
              33.170152
            ],
            [
              35.161794,
              33.176947
            ],
            [
              35.167817,
              33.177883
            ],
            [
              35.171072,
              33.176581
            ],
            [
              35.174653,
              33.170152
            ],
            [
              35.204763,
              33.224799
            ],
            [
              35.209158,
              33.254625
            ],
            [
              35.188324,
              33.280015
            ],
            [
              35.209727,
              33.293402
            ],
            [
              35.224783,
              33.311998
            ],
            [
              35.243663,
              33.355699
            ],
            [
              35.246104,
              33.368883
            ],
            [
              35.246755,
              33.395819
            ],
            [
              35.250499,
              33.409735
            ],
            [
              35.268728,
              33.432603
            ],
            [
              35.275076,
              33.444973
            ],
            [
              35.271007,
              33.457506
            ],
            [
              35.323009,
              33.490912
            ],
            [
              35.349132,
              33.513861
            ],
            [
              35.360362,
              33.543443
            ],
            [
              35.362478,
              33.556342
            ],
            [
              35.400645,
              33.643134
            ],
            [
              35.394379,
              33.64997
            ],
            [
              35.409923,
              33.661282
            ],
            [
              35.421641,
              33.702338
            ],
            [
              35.438487,
              33.711371
            ],
            [
              35.437836,
              33.723375
            ],
            [
              35.477306,
              33.8039
            ],
            [
              35.481293,
              33.823676
            ],
            [
              35.483002,
              33.86518
            ],
            [
              35.483246,
              33.872463
            ],
            [
              35.479991,
              33.884263
            ],
            [
              35.473806,
              33.893866
            ],
            [
              35.47047,
              33.902086
            ],
            [
              35.475841,
              33.90998
            ],
            [
              35.486583,
              33.912991
            ],
            [
              35.499766,
              33.9112
            ],
            [
              35.511241,
              33.90705
            ],
            [
              35.517345,
              33.902533
            ],
            [
              35.524181,
              33.902533
            ],
            [
              35.533865,
              33.90705
            ],
            [
              35.548106,
              33.906195
            ],
            [
              35.557465,
              33.905666
            ],
            [
              35.572032,
              33.90998
            ],
            [
              35.57838,
              33.916693
            ],
            [
              35.587901,
              33.936591
            ],
            [
              35.59311,
              33.94477
            ],
            [
              35.593435,
              33.94892
            ],
            [
              35.59197,
              33.950426
            ],
            [
              35.585704,
              33.950914
            ],
            [
              35.594249,
              33.959296
            ],
            [
              35.606293,
              33.983222
            ],
            [
              35.613536,
              33.99315
            ],
            [
              35.620128,
              33.995103
            ],
            [
              35.636729,
              33.995307
            ],
            [
              35.64088,
              33.999416
            ],
            [
              35.640391,
              34.008531
            ],
            [
              35.635753,
              34.013251
            ],
            [
              35.630382,
              34.016099
            ],
            [
              35.627208,
              34.019843
            ],
            [
              35.626964,
              34.044257
            ],
            [
              35.643321,
              34.08808
            ],
            [
              35.647716,
              34.119127
            ],
            [
              35.644542,
              34.130845
            ],
            [
              35.630382,
              34.152818
            ],
            [
              35.627208,
              34.166938
            ],
            [
              35.627208,
              34.201117
            ],
            [
              35.630382,
              34.208441
            ],
            [
              35.644542,
              34.216986
            ],
            [
              35.647716,
              34.222154
            ],
            [
              35.648285,
              34.253607
            ],
            [
              35.653005,
              34.284857
            ],
            [
              35.665212,
              34.311347
            ],
            [
              35.688731,
              34.328315
            ],
            [
              35.705821,
              34.316596
            ],
            [
              35.722179,
              34.33747
            ],
            [
              35.737315,
              34.369208
            ],
            [
              35.750743,
              34.389797
            ],
            [
              35.806163,
              34.414984
            ],
            [
              35.823578,
              34.434516
            ],
            [
              35.805431,
              34.458686
            ],
            [
              35.805431,
              34.464911
            ],
            [
              35.823985,
              34.460842
            ],
            [
              35.903331,
              34.477973
            ],
            [
              35.956798,
              34.520087
            ],
            [
              35.972911,
              34.529771
            ],
            [
              35.983165,
              34.538642
            ],
            [
              35.98878,
              34.55272
            ],
            [
              35.989594,
              34.599677
            ],
            [
              35.986827,
              34.620795
            ],
            [
              35.980642,
              34.638495
            ],
            [
              35.9699,
              34.649849
            ],
            [
              35.98264,
              34.650238
            ],
            [
              35.991425,
              34.648222
            ],
            [
              35.998763,
              34.64538
            ],
            [
              36.01623,
              34.633649
            ],
            [
              36.037934,
              34.62843
            ],
            [
              36.060775,
              34.627913
            ],
            [
              36.087234,
              34.631014
            ],
            [
              36.11214,
              34.629532
            ],
            [
              36.15586,
              34.626931
            ],
            [
              36.160201,
              34.628068
            ],
            [
              36.17219,
              34.634063
            ],
            [
              36.178287,
              34.635303
            ],
            [
              36.183352,
              34.633494
            ],
            [
              36.195134,
              34.626208
            ],
            [
              36.201232,
              34.624451
            ],
            [
              36.26159,
              34.627242
            ],
            [
              36.271512,
              34.630962
            ],
            [
              36.28071,
              34.639127
            ],
            [
              36.284431,
              34.648326
            ],
            [
              36.284844,
              34.667911
            ],
            [
              36.288151,
              34.675559
            ],
            [
              36.308925,
              34.687548
            ],
            [
              36.323808,
              34.679486
            ],
            [
              36.347373,
              34.64414
            ],
            [
              36.367526,
              34.629205
            ],
            [
              36.391194,
              34.622487
            ],
            [
              36.415999,
              34.622901
            ],
            [
              36.440184,
              34.62936
            ],
            [
              36.436256,
              34.597838
            ],
            [
              36.429125,
              34.593187
            ],
            [
              36.418479,
              34.600318
            ],
            [
              36.4037,
              34.603832
            ],
            [
              36.388921,
              34.596236
            ],
            [
              36.386853,
              34.584247
            ],
            [
              36.388094,
              34.569519
            ],
            [
              36.383546,
              34.553809
            ],
            [
              36.364012,
              34.541097
            ],
            [
              36.336624,
              34.52885
            ],
            [
              36.319881,
              34.514122
            ],
            [
              36.329851,
              34.498603
            ],
            [
              36.332697,
              34.494175
            ],
            [
              36.335384,
              34.493477
            ],
            [
              36.338174,
              34.493296
            ],
            [
              36.340965,
              34.493477
            ],
            [
              36.343652,
              34.494175
            ],
            [
              36.363082,
              34.499032
            ],
            [
              36.392331,
              34.500143
            ],
            [
              36.41972,
              34.498335
            ],
            [
              36.433466,
              34.49433
            ],
            [
              36.433466,
              34.494175
            ],
            [
              36.439873,
              34.477457
            ],
            [
              36.449795,
              34.464538
            ],
            [
              36.463231,
              34.455237
            ],
            [
              36.480181,
              34.449139
            ],
            [
              36.494651,
              34.434256
            ],
            [
              36.501885,
              34.430303
            ],
            [
              36.509223,
              34.432421
            ],
            [
              36.52514,
              34.422939
            ],
            [
              36.530617,
              34.41418
            ],
            [
              36.52979,
              34.403095
            ],
            [
              36.526276,
              34.386688
            ],
            [
              36.523589,
              34.379789
            ],
            [
              36.519972,
              34.375061
            ],
            [
              36.516768,
              34.369867
            ],
            [
              36.515941,
              34.36165
            ],
            [
              36.518628,
              34.353641
            ],
            [
              36.523589,
              34.345889
            ],
            [
              36.54519,
              34.320723
            ],
            [
              36.555835,
              34.311085
            ],
            [
              36.562967,
              34.308501
            ],
            [
              36.570305,
              34.308966
            ],
            [
              36.576816,
              34.307674
            ],
            [
              36.581984,
              34.299897
            ],
            [
              36.579917,
              34.286901
            ],
            [
              36.570305,
              34.275868
            ],
            [
              36.56276,
              34.262949
            ],
            [
              36.567514,
              34.244138
            ],
            [
              36.574026,
              34.229746
            ],
            [
              36.59821,
              34.209851
            ],
            [
              36.603554,
              34.200101
            ],
            [
              36.604101,
              34.199102
            ],
            [
              36.575886,
              34.173264
            ],
            [
              36.552735,
              34.140992
            ],
            [
              36.507983,
              34.109185
            ],
            [
              36.488449,
              34.088644
            ],
            [
              36.482662,
              34.07451
            ],
            [
              36.480698,
              34.062754
            ],
            [
              36.47522,
              34.053504
            ],
            [
              36.45889,
              34.046708
            ],
            [
              36.445144,
              34.04614
            ],
            [
              36.423647,
              34.052806
            ],
            [
              36.412175,
              34.053633
            ],
            [
              36.391091,
              34.044719
            ],
            [
              36.357811,
              34.009553
            ],
            [
              36.31802,
              33.980511
            ],
            [
              36.302311,
              33.964388
            ],
            [
              36.288565,
              33.946508
            ],
            [
              36.267171,
              33.910386
            ],
            [
              36.268928,
              33.906769
            ],
            [
              36.275336,
              33.897209
            ],
            [
              36.28164,
              33.891111
            ],
            [
              36.311096,
              33.87199
            ],
            [
              36.35037,
              33.866409
            ],
            [
              36.36763,
              33.857547
            ],
            [
              36.369594,
              33.837006
            ],
            [
              36.357501,
              33.823776
            ],
            [
              36.338278,
              33.821193
            ],
            [
              36.300554,
              33.828686
            ],
            [
              36.249187,
              33.849744
            ],
            [
              36.231824,
              33.852534
            ],
            [
              36.216631,
              33.847754
            ],
            [
              36.202679,
              33.838297
            ],
            [
              36.186556,
              33.83021
            ],
            [
              36.165678,
              33.829797
            ],
            [
              36.157617,
              33.83406
            ],
            [
              36.144904,
              33.847418
            ],
            [
              36.13829,
              33.850622
            ],
            [
              36.102426,
              33.832277
            ],
            [
              36.085063,
              33.82605
            ],
            [
              36.06646,
              33.821994
            ],
            [
              36.05044,
              33.816438
            ],
            [
              36.040518,
              33.805612
            ],
            [
              36.027082,
              33.784296
            ],
            [
              35.994009,
              33.760705
            ],
            [
              35.980263,
              33.743549
            ],
            [
              35.974165,
              33.732154
            ],
            [
              35.955872,
              33.718124
            ],
            [
              35.948431,
              33.70921
            ],
            [
              35.946984,
              33.700838
            ],
            [
              35.949878,
              33.6827
            ],
            [
              35.94719,
              33.673088
            ],
            [
              35.942436,
              33.669212
            ],
            [
              35.929414,
              33.665078
            ],
            [
              35.925383,
              33.661667
            ],
            [
              35.921559,
              33.640299
            ],
            [
              35.934788,
              33.6334
            ],
            [
              35.956906,
              33.629938
            ],
            [
              35.980263,
              33.619008
            ],
            [
              35.994526,
              33.615701
            ],
            [
              36.012923,
              33.608027
            ],
            [
              36.029666,
              33.59764
            ],
            [
              36.038451,
              33.586349
            ],
            [
              36.035247,
              33.567797
            ],
            [
              36.019847,
              33.55263
            ],
            [
              35.99928,
              33.541261
            ],
            [
              35.980263,
              33.533949
            ],
            [
              35.956802,
              33.534207
            ],
            [
              35.933238,
              33.527825
            ],
            [
              35.921869,
              33.51457
            ],
            [
              35.935408,
              33.494262
            ],
            [
              35.919492,
              33.462351
            ],
            [
              35.888486,
              33.440415
            ],
            [
              35.870089,
              33.431242
            ],
            [
              35.845116,
              33.418742
            ],
            [
              35.8211,
              33.406722
            ],
            [
              35.8057,
              33.391348
            ],
            [
              35.785753,
              33.357887
            ],
            [
              35.769423,
              33.342643
            ],
            [
              35.757538,
              33.336313
            ],
            [
              35.743689,
              33.331171
            ],
            [
              35.729426,
              33.327812
            ],
            [
              35.716197,
              33.326727
            ],
            [
              35.698523,
              33.32267
            ],
            [
              35.66049,
              33.289261
            ],
            [
              35.652143,
              33.27666
            ],
            [
              35.631092,
              33.274565
            ],
            [
              35.620065,
              33.269536
            ],
            [
              35.61806,
              33.256125
            ],
            [
              35.604576,
              33.244354
            ],
            [
              35.604576,
              33.244251
            ],
            [
              35.603892,
              33.240323
            ],
            [
              35.603852,
              33.240091
            ],
            [
              35.598064,
              33.244251
            ],
            [
              35.597858,
              33.24438
            ],
            [
              35.597754,
              33.244354
            ],
            [
              35.585042,
              33.252209
            ],
            [
              35.566955,
              33.276187
            ],
            [
              35.561167,
              33.28213
            ],
            [
              35.549489,
              33.281019
            ],
            [
              35.542771,
              33.271536
            ],
            [
              35.53688,
              33.257868
            ],
            [
              35.527784,
              33.244251
            ],
            [
              35.520033,
              33.222185
            ],
            [
              35.517656,
              33.172886
            ],
            [
              35.512282,
              33.147409
            ],
            [
              35.503703,
              33.130615
            ],
            [
              35.4851,
              33.102606
            ],
            [
              35.480139,
              33.087387
            ],
            [
              35.449443,
              33.085217
            ],
            [
              35.401591,
              33.067931
            ],
            [
              35.34516,
              33.05558
            ],
            [
              35.331931,
              33.057156
            ],
            [
              35.322629,
              33.067363
            ],
            [
              35.315704,
              33.079222
            ],
            [
              35.305783,
              33.089377
            ],
            [
              35.29462,
              33.096973
            ],
            [
              35.288825,
              33.099201
            ],
            [
              35.283665,
              33.101185
            ],
            [
              35.271469,
              33.101185
            ],
            [
              35.234469,
              33.090927
            ],
            [
              35.227338,
              33.091366
            ],
            [
              35.213178,
              33.094441
            ],
            [
              35.207184,
              33.094803
            ],
            [
              35.200673,
              33.092736
            ],
            [
              35.189614,
              33.085527
            ],
            [
              35.185273,
              33.083977
            ],
            [
              35.105235,
              33.089016
            ]
          ]
        ]
      },
      "properties": {
        "id": "cdUJ",
        "status": "validé",
        "pieces": [
          {
            "kind": "country"
          }
        ]
      }
    },
    {
      "type": "Feature",
      "geometry": {
        "type": "Polygon",
        "coordinates": [
          [
            [
              35.51579475402833,
              33.88032758308478
            ],
            [
              35.51579475402833,
              33.88381767000929
            ],
            [
              35.51077365875245,
              33.88381767000929
            ],
            [
              35.51077365875245,
              33.88032758308478
            ],
            [
              35.51579475402833,
              33.88032758308478
            ]
          ]
        ]
      },
      "properties": {
        "id": "eF7M",
        "status": "validé",
        "pieces": [
          {
            "kind": "rect",
            "bounds": [
              35.51077365875245,
              33.88032758308478,
              35.51579475402833,
              33.88381767000929
            ]
          }
        ]
      }
    },
    {
      "type": "Feature",
      "geometry": null,
      "properties": {
        "id": "eRJg",
        "status": "rejeté",
        "pieces": []
      }
    },
    {
      "type": "Feature",
      "geometry": {
        "type": "Polygon",
        "coordinates": [
          [
            [
              35.654668807983406,
              34.116367077486174
            ],
            [
              35.654668807983406,
              34.12446411930027
            ],
            [
              35.642480850219734,
              34.12446411930027
            ],
            [
              35.642480850219734,
              34.116367077486174
            ],
            [
              35.654668807983406,
              34.116367077486174
            ]
          ]
        ]
      },
      "properties": {
        "id": "fPLp",
        "status": "validé",
        "pieces": [
          {
            "kind": "rect",
            "bounds": [
              35.642480850219734,
              34.116367077486174,
              35.654668807983406,
              34.12446411930027
            ]
          }
        ]
      }
    },
    {
      "type": "Feature",
      "geometry": {
        "type": "Polygon",
        "coordinates": [
          [
            [
              35.89782714843751,
              33.89568010631721
            ],
            [
              35.87036132812501,
              33.884284960748495
            ],
            [
              35.84838867187501,
              33.85693040131738
            ],
            [
              35.84289550781251,
              33.81816310667234
            ],
            [
              35.86074829101563,
              33.78850566604349
            ],
            [
              35.88821411132813,
              33.771390929547195
            ],
            [
              35.94589233398438,
              33.769108706309034
            ],
            [
              35.95962524414063,
              33.79078737251073
            ],
            [
              35.97198486328126,
              33.84210968863553
            ],
            [
              35.97473144531251,
              33.87402802825661
            ],
            [
              35.95413208007813,
              33.89454066026597
            ],
            [
              35.89782714843751,
              33.89568010631721
            ]
          ]
        ]
      },
      "properties": {
        "id": "i6sF",
        "status": "validé",
        "pieces": [
          {
            "kind": "polygon",
            "ring": [
              [
                35.89782714843751,
                33.89568010631721
              ],
              [
                35.87036132812501,
                33.884284960748495
              ],
              [
                35.84838867187501,
                33.85693040131738
              ],
              [
                35.84289550781251,
                33.81816310667234
              ],
              [
                35.86074829101563,
                33.78850566604349
              ],
              [
                35.88821411132813,
                33.771390929547195
              ],
              [
                35.94589233398438,
                33.769108706309034
              ],
              [
                35.95962524414063,
                33.79078737251073
              ],
              [
                35.97198486328126,
                33.84210968863553
              ],
              [
                35.97473144531251,
                33.87402802825661
              ],
              [
                35.95413208007813,
                33.89454066026597
              ]
            ]
          }
        ]
      }
    },
    {
      "type": "Feature",
      "geometry": {
        "type": "Polygon",
        "coordinates": [
          [
            [
              35.492362976074226,
              33.88546490264588
            ],
            [
              35.492362976074226,
              33.900491723024594
            ],
            [
              35.47545433044434,
              33.900491723024594
            ],
            [
              35.47545433044434,
              33.88546490264588
            ],
            [
              35.492362976074226,
              33.88546490264588
            ]
          ]
        ]
      },
      "properties": {
        "id": "kaHF",
        "status": "validé",
        "pieces": [
          {
            "kind": "rect",
            "bounds": [
              35.47545433044434,
              33.88546490264588,
              35.492362976074226,
              33.900491723024594
            ]
          }
        ]
      }
    },
    {
      "type": "Feature",
      "geometry": {
        "type": "Polygon",
        "coordinates": [
          [
            [
              36.06674194335938,
              34.16883824346777
            ],
            [
              35.93078613281251,
              34.19155070166848
            ],
            [
              35.91979980468751,
              34.25965137797597
            ],
            [
              35.86486816406251,
              34.32429599637421
            ],
            [
              35.97610473632813,
              34.429661948302915
            ],
            [
              36.02691650390626,
              34.44551200623845
            ],
            [
              36.10519409179688,
              34.47267653833882
            ],
            [
              36.16149902343751,
              34.47267653833882
            ],
            [
              36.30020141601563,
              34.45796351385128
            ],
            [
              36.31668090820313,
              34.40021815136659
            ],
            [
              36.31256103515626,
              34.374163076193874
            ],
            [
              36.22329711914063,
              34.32769696668532
            ],
            [
              36.12991333007813,
              34.31069073678375
            ],
            [
              36.07086181640626,
              34.305021227802555
            ],
            [
              36.11068725585938,
              34.238092121536646
            ],
            [
              36.09558105468751,
              34.18019523683603
            ],
            [
              36.06674194335938,
              34.16883824346777
            ]
          ]
        ]
      },
      "properties": {
        "id": "lWQ6",
        "status": "validé",
        "pieces": [
          {
            "kind": "polygon",
            "ring": [
              [
                36.06674194335938,
                34.16883824346777
              ],
              [
                35.93078613281251,
                34.19155070166848
              ],
              [
                35.91979980468751,
                34.25965137797597
              ],
              [
                35.86486816406251,
                34.32429599637421
              ],
              [
                35.97610473632813,
                34.429661948302915
              ],
              [
                36.02691650390626,
                34.44551200623845
              ],
              [
                36.10519409179688,
                34.47267653833882
              ],
              [
                36.16149902343751,
                34.47267653833882
              ],
              [
                36.30020141601563,
                34.45796351385128
              ],
              [
                36.31668090820313,
                34.40021815136659
              ],
              [
                36.31256103515626,
                34.374163076193874
              ],
              [
                36.22329711914063,
                34.32769696668532
              ],
              [
                36.12991333007813,
                34.31069073678375
              ],
              [
                36.07086181640626,
                34.305021227802555
              ],
              [
                36.11068725585938,
                34.238092121536646
              ],
              [
                36.09558105468751,
                34.18019523683603
              ]
            ]
          }
        ]
      }
    },
    {
      "type": "Feature",
      "geometry": {
        "type": "Polygon",
        "coordinates": [
          [
            [
              35.105235,
              33.089016
            ],
            [
              35.105235,
              33.090644
            ],
            [
              35.106456,
              33.095038
            ],
            [
              35.101899,
              33.094468
            ],
            [
              35.100434,
              33.095689
            ],
            [
              35.100434,
              33.098212
            ],
            [
              35.09962,
              33.101264
            ],
            [
              35.105805,
              33.112454
            ],
            [
              35.114757,
              33.123725
            ],
            [
              35.125499,
              33.132514
            ],
            [
              35.147634,
              33.140326
            ],
            [
              35.154796,
              33.150295
            ],
            [
              35.160981,
              33.161689
            ],
            [
              35.167817,
              33.170152
            ],
            [
              35.161794,
              33.176947
            ],
            [
              35.167817,
              33.177883
            ],
            [
              35.171072,
              33.176581
            ],
            [
              35.174653,
              33.170152
            ],
            [
              35.204763,
              33.224799
            ],
            [
              35.209158,
              33.254625
            ],
            [
              35.188324,
              33.280015
            ],
            [
              35.209727,
              33.293402
            ],
            [
              35.224783,
              33.311998
            ],
            [
              35.243663,
              33.355699
            ],
            [
              35.246104,
              33.368883
            ],
            [
              35.246755,
              33.395819
            ],
            [
              35.250499,
              33.409735
            ],
            [
              35.268728,
              33.432603
            ],
            [
              35.275076,
              33.444973
            ],
            [
              35.271007,
              33.457506
            ],
            [
              35.323009,
              33.490912
            ],
            [
              35.349132,
              33.513861
            ],
            [
              35.360362,
              33.543443
            ],
            [
              35.362478,
              33.556342
            ],
            [
              35.400645,
              33.643134
            ],
            [
              35.394379,
              33.64997
            ],
            [
              35.409923,
              33.661282
            ],
            [
              35.421641,
              33.702338
            ],
            [
              35.438487,
              33.711371
            ],
            [
              35.437836,
              33.723375
            ],
            [
              35.477306,
              33.8039
            ],
            [
              35.481293,
              33.823676
            ],
            [
              35.483002,
              33.86518
            ],
            [
              35.483246,
              33.872463
            ],
            [
              35.479991,
              33.884263
            ],
            [
              35.473806,
              33.893866
            ],
            [
              35.47047,
              33.902086
            ],
            [
              35.475841,
              33.90998
            ],
            [
              35.486583,
              33.912991
            ],
            [
              35.499766,
              33.9112
            ],
            [
              35.511241,
              33.90705
            ],
            [
              35.517345,
              33.902533
            ],
            [
              35.524181,
              33.902533
            ],
            [
              35.533865,
              33.90705
            ],
            [
              35.548106,
              33.906195
            ],
            [
              35.557465,
              33.905666
            ],
            [
              35.572032,
              33.90998
            ],
            [
              35.57838,
              33.916693
            ],
            [
              35.587901,
              33.936591
            ],
            [
              35.59311,
              33.94477
            ],
            [
              35.593435,
              33.94892
            ],
            [
              35.59197,
              33.950426
            ],
            [
              35.585704,
              33.950914
            ],
            [
              35.594249,
              33.959296
            ],
            [
              35.606293,
              33.983222
            ],
            [
              35.613536,
              33.99315
            ],
            [
              35.620128,
              33.995103
            ],
            [
              35.636729,
              33.995307
            ],
            [
              35.64088,
              33.999416
            ],
            [
              35.640391,
              34.008531
            ],
            [
              35.635753,
              34.013251
            ],
            [
              35.630382,
              34.016099
            ],
            [
              35.627208,
              34.019843
            ],
            [
              35.626964,
              34.044257
            ],
            [
              35.643321,
              34.08808
            ],
            [
              35.647716,
              34.119127
            ],
            [
              35.644542,
              34.130845
            ],
            [
              35.630382,
              34.152818
            ],
            [
              35.627208,
              34.166938
            ],
            [
              35.627208,
              34.201117
            ],
            [
              35.630382,
              34.208441
            ],
            [
              35.644542,
              34.216986
            ],
            [
              35.647716,
              34.222154
            ],
            [
              35.648285,
              34.253607
            ],
            [
              35.653005,
              34.284857
            ],
            [
              35.665212,
              34.311347
            ],
            [
              35.688731,
              34.328315
            ],
            [
              35.705821,
              34.316596
            ],
            [
              35.722179,
              34.33747
            ],
            [
              35.737315,
              34.369208
            ],
            [
              35.750743,
              34.389797
            ],
            [
              35.806163,
              34.414984
            ],
            [
              35.823578,
              34.434516
            ],
            [
              35.805431,
              34.458686
            ],
            [
              35.805431,
              34.464911
            ],
            [
              35.823985,
              34.460842
            ],
            [
              35.903331,
              34.477973
            ],
            [
              35.956798,
              34.520087
            ],
            [
              35.972911,
              34.529771
            ],
            [
              35.983165,
              34.538642
            ],
            [
              35.98878,
              34.55272
            ],
            [
              35.989594,
              34.599677
            ],
            [
              35.986827,
              34.620795
            ],
            [
              35.980642,
              34.638495
            ],
            [
              35.9699,
              34.649849
            ],
            [
              35.98264,
              34.650238
            ],
            [
              35.991425,
              34.648222
            ],
            [
              35.998763,
              34.64538
            ],
            [
              36.01623,
              34.633649
            ],
            [
              36.037934,
              34.62843
            ],
            [
              36.060775,
              34.627913
            ],
            [
              36.087234,
              34.631014
            ],
            [
              36.11214,
              34.629532
            ],
            [
              36.15586,
              34.626931
            ],
            [
              36.160201,
              34.628068
            ],
            [
              36.17219,
              34.634063
            ],
            [
              36.178287,
              34.635303
            ],
            [
              36.183352,
              34.633494
            ],
            [
              36.195134,
              34.626208
            ],
            [
              36.201232,
              34.624451
            ],
            [
              36.26159,
              34.627242
            ],
            [
              36.271512,
              34.630962
            ],
            [
              36.28071,
              34.639127
            ],
            [
              36.284431,
              34.648326
            ],
            [
              36.284844,
              34.667911
            ],
            [
              36.288151,
              34.675559
            ],
            [
              36.308925,
              34.687548
            ],
            [
              36.323808,
              34.679486
            ],
            [
              36.347373,
              34.64414
            ],
            [
              36.367526,
              34.629205
            ],
            [
              36.391194,
              34.622487
            ],
            [
              36.415999,
              34.622901
            ],
            [
              36.440184,
              34.62936
            ],
            [
              36.436256,
              34.597838
            ],
            [
              36.429125,
              34.593187
            ],
            [
              36.418479,
              34.600318
            ],
            [
              36.4037,
              34.603832
            ],
            [
              36.388921,
              34.596236
            ],
            [
              36.386853,
              34.584247
            ],
            [
              36.388094,
              34.569519
            ],
            [
              36.383546,
              34.553809
            ],
            [
              36.364012,
              34.541097
            ],
            [
              36.336624,
              34.52885
            ],
            [
              36.319881,
              34.514122
            ],
            [
              36.329851,
              34.498603
            ],
            [
              36.332697,
              34.494175
            ],
            [
              36.335384,
              34.493477
            ],
            [
              36.338174,
              34.493296
            ],
            [
              36.340965,
              34.493477
            ],
            [
              36.343652,
              34.494175
            ],
            [
              36.363082,
              34.499032
            ],
            [
              36.392331,
              34.500143
            ],
            [
              36.41972,
              34.498335
            ],
            [
              36.433466,
              34.49433
            ],
            [
              36.433466,
              34.494175
            ],
            [
              36.439873,
              34.477457
            ],
            [
              36.449795,
              34.464538
            ],
            [
              36.463231,
              34.455237
            ],
            [
              36.480181,
              34.449139
            ],
            [
              36.494651,
              34.434256
            ],
            [
              36.501885,
              34.430303
            ],
            [
              36.509223,
              34.432421
            ],
            [
              36.52514,
              34.422939
            ],
            [
              36.530617,
              34.41418
            ],
            [
              36.52979,
              34.403095
            ],
            [
              36.526276,
              34.386688
            ],
            [
              36.523589,
              34.379789
            ],
            [
              36.519972,
              34.375061
            ],
            [
              36.516768,
              34.369867
            ],
            [
              36.515941,
              34.36165
            ],
            [
              36.518628,
              34.353641
            ],
            [
              36.523589,
              34.345889
            ],
            [
              36.54519,
              34.320723
            ],
            [
              36.555835,
              34.311085
            ],
            [
              36.562967,
              34.308501
            ],
            [
              36.570305,
              34.308966
            ],
            [
              36.576816,
              34.307674
            ],
            [
              36.581984,
              34.299897
            ],
            [
              36.579917,
              34.286901
            ],
            [
              36.570305,
              34.275868
            ],
            [
              36.56276,
              34.262949
            ],
            [
              36.567514,
              34.244138
            ],
            [
              36.574026,
              34.229746
            ],
            [
              36.59821,
              34.209851
            ],
            [
              36.603554,
              34.200101
            ],
            [
              36.604101,
              34.199102
            ],
            [
              36.575886,
              34.173264
            ],
            [
              36.552735,
              34.140992
            ],
            [
              36.507983,
              34.109185
            ],
            [
              36.488449,
              34.088644
            ],
            [
              36.482662,
              34.07451
            ],
            [
              36.480698,
              34.062754
            ],
            [
              36.47522,
              34.053504
            ],
            [
              36.45889,
              34.046708
            ],
            [
              36.445144,
              34.04614
            ],
            [
              36.423647,
              34.052806
            ],
            [
              36.412175,
              34.053633
            ],
            [
              36.391091,
              34.044719
            ],
            [
              36.357811,
              34.009553
            ],
            [
              36.31802,
              33.980511
            ],
            [
              36.302311,
              33.964388
            ],
            [
              36.288565,
              33.946508
            ],
            [
              36.267171,
              33.910386
            ],
            [
              36.268928,
              33.906769
            ],
            [
              36.275336,
              33.897209
            ],
            [
              36.28164,
              33.891111
            ],
            [
              36.311096,
              33.87199
            ],
            [
              36.35037,
              33.866409
            ],
            [
              36.36763,
              33.857547
            ],
            [
              36.369594,
              33.837006
            ],
            [
              36.357501,
              33.823776
            ],
            [
              36.338278,
              33.821193
            ],
            [
              36.300554,
              33.828686
            ],
            [
              36.249187,
              33.849744
            ],
            [
              36.231824,
              33.852534
            ],
            [
              36.216631,
              33.847754
            ],
            [
              36.202679,
              33.838297
            ],
            [
              36.186556,
              33.83021
            ],
            [
              36.165678,
              33.829797
            ],
            [
              36.157617,
              33.83406
            ],
            [
              36.144904,
              33.847418
            ],
            [
              36.13829,
              33.850622
            ],
            [
              36.102426,
              33.832277
            ],
            [
              36.085063,
              33.82605
            ],
            [
              36.06646,
              33.821994
            ],
            [
              36.05044,
              33.816438
            ],
            [
              36.040518,
              33.805612
            ],
            [
              36.027082,
              33.784296
            ],
            [
              35.994009,
              33.760705
            ],
            [
              35.980263,
              33.743549
            ],
            [
              35.974165,
              33.732154
            ],
            [
              35.955872,
              33.718124
            ],
            [
              35.948431,
              33.70921
            ],
            [
              35.946984,
              33.700838
            ],
            [
              35.949878,
              33.6827
            ],
            [
              35.94719,
              33.673088
            ],
            [
              35.942436,
              33.669212
            ],
            [
              35.929414,
              33.665078
            ],
            [
              35.925383,
              33.661667
            ],
            [
              35.921559,
              33.640299
            ],
            [
              35.934788,
              33.6334
            ],
            [
              35.956906,
              33.629938
            ],
            [
              35.980263,
              33.619008
            ],
            [
              35.994526,
              33.615701
            ],
            [
              36.012923,
              33.608027
            ],
            [
              36.029666,
              33.59764
            ],
            [
              36.038451,
              33.586349
            ],
            [
              36.035247,
              33.567797
            ],
            [
              36.019847,
              33.55263
            ],
            [
              35.99928,
              33.541261
            ],
            [
              35.980263,
              33.533949
            ],
            [
              35.956802,
              33.534207
            ],
            [
              35.933238,
              33.527825
            ],
            [
              35.921869,
              33.51457
            ],
            [
              35.935408,
              33.494262
            ],
            [
              35.919492,
              33.462351
            ],
            [
              35.888486,
              33.440415
            ],
            [
              35.870089,
              33.431242
            ],
            [
              35.845116,
              33.418742
            ],
            [
              35.8211,
              33.406722
            ],
            [
              35.8057,
              33.391348
            ],
            [
              35.785753,
              33.357887
            ],
            [
              35.769423,
              33.342643
            ],
            [
              35.757538,
              33.336313
            ],
            [
              35.743689,
              33.331171
            ],
            [
              35.729426,
              33.327812
            ],
            [
              35.716197,
              33.326727
            ],
            [
              35.698523,
              33.32267
            ],
            [
              35.66049,
              33.289261
            ],
            [
              35.652143,
              33.27666
            ],
            [
              35.631092,
              33.274565
            ],
            [
              35.620065,
              33.269536
            ],
            [
              35.61806,
              33.256125
            ],
            [
              35.604576,
              33.244354
            ],
            [
              35.604576,
              33.244251
            ],
            [
              35.603892,
              33.240323
            ],
            [
              35.603852,
              33.240091
            ],
            [
              35.598064,
              33.244251
            ],
            [
              35.597858,
              33.24438
            ],
            [
              35.597754,
              33.244354
            ],
            [
              35.585042,
              33.252209
            ],
            [
              35.566955,
              33.276187
            ],
            [
              35.561167,
              33.28213
            ],
            [
              35.549489,
              33.281019
            ],
            [
              35.542771,
              33.271536
            ],
            [
              35.53688,
              33.257868
            ],
            [
              35.527784,
              33.244251
            ],
            [
              35.520033,
              33.222185
            ],
            [
              35.517656,
              33.172886
            ],
            [
              35.512282,
              33.147409
            ],
            [
              35.503703,
              33.130615
            ],
            [
              35.4851,
              33.102606
            ],
            [
              35.480139,
              33.087387
            ],
            [
              35.449443,
              33.085217
            ],
            [
              35.401591,
              33.067931
            ],
            [
              35.34516,
              33.05558
            ],
            [
              35.331931,
              33.057156
            ],
            [
              35.322629,
              33.067363
            ],
            [
              35.315704,
              33.079222
            ],
            [
              35.305783,
              33.089377
            ],
            [
              35.29462,
              33.096973
            ],
            [
              35.288825,
              33.099201
            ],
            [
              35.283665,
              33.101185
            ],
            [
              35.271469,
              33.101185
            ],
            [
              35.234469,
              33.090927
            ],
            [
              35.227338,
              33.091366
            ],
            [
              35.213178,
              33.094441
            ],
            [
              35.207184,
              33.094803
            ],
            [
              35.200673,
              33.092736
            ],
            [
              35.189614,
              33.085527
            ],
            [
              35.185273,
              33.083977
            ],
            [
              35.105235,
              33.089016
            ]
          ]
        ]
      },
      "properties": {
        "id": "p2gU",
        "status": "validé",
        "pieces": [
          {
            "kind": "country"
          }
        ]
      }
    },
    {
      "type": "Feature",
      "geometry": {
        "type": "Polygon",
        "coordinates": [
          [
            [
              35.7851529121399,
              34.36356392956132
            ],
            [
              35.7851529121399,
              34.368432787619234
            ],
            [
              35.77987432479859,
              34.368432787619234
            ],
            [
              35.77987432479859,
              34.36356392956132
            ],
            [
              35.7851529121399,
              34.36356392956132
            ]
          ]
        ]
      },
      "properties": {
        "id": "vjEC",
        "status": "validé",
        "pieces": [
          {
            "kind": "rect",
            "bounds": [
              35.77987432479859,
              34.36356392956132,
              35.7851529121399,
              34.368432787619234
            ]
          }
        ]
      }
    },
    {
      "type": "Feature",
      "geometry": {
        "type": "Polygon",
        "coordinates": [
          [
            [
              35.95825195312501,
              34.50835464689553
            ],
            [
              35.97541809082032,
              34.492516519811375
            ],
            [
              36.00906372070313,
              34.488556517904485
            ],
            [
              36.061935424804695,
              34.48742505425086
            ],
            [
              36.08253479003907,
              34.51740365413428
            ],
            [
              36.09420776367188,
              34.55019806618213
            ],
            [
              36.09146118164063,
              34.576198241022375
            ],
            [
              36.07223510742188,
              34.59428052461167
            ],
            [
              36.04408264160157,
              34.6027552404961
            ],
            [
              36.001510620117195,
              34.59880048068944
            ],
            [
              35.987777709960945,
              34.59710552598261
            ],
            [
              35.95825195312501,
              34.50835464689553
            ]
          ]
        ]
      },
      "properties": {
        "id": "x8uj",
        "status": "validé",
        "pieces": [
          {
            "kind": "polygon",
            "ring": [
              [
                35.95825195312501,
                34.50835464689553
              ],
              [
                35.97541809082032,
                34.492516519811375
              ],
              [
                36.00906372070313,
                34.488556517904485
              ],
              [
                36.061935424804695,
                34.48742505425086
              ],
              [
                36.08253479003907,
                34.51740365413428
              ],
              [
                36.09420776367188,
                34.55019806618213
              ],
              [
                36.09146118164063,
                34.576198241022375
              ],
              [
                36.07223510742188,
                34.59428052461167
              ],
              [
                36.04408264160157,
                34.6027552404961
              ],
              [
                36.001510620117195,
                34.59880048068944
              ],
              [
                35.987777709960945,
                34.59710552598261
              ]
            ]
          }
        ]
      }
    }
  ]
}