{"type": "FeatureCollection", "features": [{"type": "Feature", "geometry": null, "properties": {"id": "1Otq", "status": "validé", "pieces": [{"kind": "admin1", "code": "MEX-2715"}, {"kind": "admin1", "code": "MEX-2733"}, {"kind": "admin1", "code": "MEX-2730"}, {"kind": "admin1", "code": "MEX-2728"}]}}, {"type": "Feature", "geometry": {"type": "Polygon", "coordinates": [[[-110.83557, 28.97122], [-110.83557, 29.2315], [-111.10199, 29.2315], [-111.10199, 28.97122], [-110.83557, 28.97122]]]}, "properties": {"id": "2quT", "status": "validé", "pieces": [{"kind": "rect", "bounds": [-111.10199, 28.97122, -110.83557, 29.2315]}]}}, {"type": "Feature", "geometry": null, "properties": {"id": "2urx", "status": "validé", "pieces": [{"kind": "country"}]}}, {"type": "Feature", "geometry": {"type": "MultiPolygon", "coordinates": [[[[-115.00488, 32.19557], [-114.81524, 32.49806], [-114.78015, 32.48724], [-114.37092, 32.36069], [-113.9617, 32.23413], [-113.55244, 32.1076], [-113.14322, 31.98105], [-112.73397, 31.85454], [-112.32471, 31.72799], [-111.91546, 31.60143], [-111.50624, 31.47498], [-111.45477, 31.45834], [-111.4033, 31.44186], [-111.3518, 31.42532], [-111.30033, 31.40873], [-111.24886, 31.39214], [-111.19745, 31.37555], [-111.14592, 31.35907], [-111.09445, 31.34253], [-111.06712, 31.33364], [-111.023, 31.32896], [-110.76416, 29.9192], [-110.56641, 28.75125], [-110.43457, 27.58956], [-110.60496, 27.55936], [-110.62671, 27.60854], [-110.6271, 27.6411], [-110.61701, 27.65748], [-110.59919, 27.66462], [-110.57897, 27.66836], [-110.56794, 27.68138], [-110.57014, 27.69741], [-110.58194, 27.70014], [-110.59561, 27.69355], [-110.60334, 27.68138], [-110.59472, 27.7145], [-110.58902, 27.72236], [-110.57584, 27.72797], [-110.56338, 27.72948], [-110.55346, 27.73249], [-110.54809, 27.74282], [-110.5819, 27.74482], [-110.59952, 27.75235], [-110.60171, 27.76708], [-110.58902, 27.79125], [-110.60326, 27.79316], [-110.61286, 27.80093], [-110.61559, 27.8122], [-110.60953, 27.82477], [-110.60399, 27.81509], [-110.59724, 27.81289], [-110.59146, 27.81757], [-110.58658, 27.83706], [-110.58015, 27.83885], [-110.57116, 27.83796], [-110.52107, 27.84455], [-110.50837, 27.85366], [-110.51329, 27.8732], [-110.53327, 27.86595], [-110.59166, 27.88752], [-110.61632, 27.88618], [-110.60411, 27.87564], [-110.60912, 27.87084], [-110.62377, 27.87299], [-110.65465, 27.89224], [-110.67097, 27.89838], [-110.74185, 27.91413], [-110.77697, 27.9169], [-110.81212, 27.91454], [-110.84911, 27.90668], [-110.84911, 27.91413], [-110.83849, 27.91657], [-110.80818, 27.9278], [-110.81599, 27.94107], [-110.81998, 27.95026], [-110.82152, 27.95938], [-110.82185, 27.97215], [-110.82714, 27.98286], [-110.83886, 27.98941], [-110.85066, 27.98908], [-110.85595, 27.97931], [-110.85656, 27.95161], [-110.86059, 27.93488], [-110.87092, 27.9206], [-110.8907, 27.89985], [-110.87584, 27.90192], [-110.86742, 27.89842], [-110.86364, 27.8898], [-110.86278, 27.87629], [-110.86718, 27.86311], [-110.87678, 27.84711], [-110.8863, 27.83885], [-110.8907, 27.84894], [-110.89513, 27.85082], [-110.91804, 27.87938], [-110.92321, 27.8815], [-110.93908, 27.88337], [-110.94591, 27.88618], [-110.95031, 27.8911], [-110.95373, 27.89672], [-110.95824, 27.90229], [-110.96581, 27.90668], [-110.95324, 27.91657], [-110.94762, 27.91909], [-110.93847, 27.92036], [-110.95539, 27.93647], [-110.97594, 27.95213], [-110.99926, 27.96406], [-111.02102, 27.96189], [-111.04056, 27.95591], [-111.05915, 27.93702], [-111.08745, 27.93621], [-111.10502, 27.93537], [-111.10209, 27.94484], [-111.09524, 27.95171], [-111.10399, 27.96205], [-111.11864, 27.96983], [-111.12844, 27.96899], [-111.14259, 27.98406], [-111.1718, 27.99009], [-111.18347, 28.00642], [-111.19807, 28.02187], [-111.22046, 28.04427], [-111.25066, 28.05201], [-111.26334, 28.07352], [-111.28184, 28.09153], [-111.30037, 28.12935], [-111.33265, 28.16041], [-111.34044, 28.20527], [-111.34936, 28.21577], [-111.35245, 28.21654], [-111.36677, 28.21577], [-111.37279, 28.21772], [-111.3756, 28.22232], [-111.37731, 28.22793], [-111.38484, 28.24164], [-111.38834, 28.26337], [-111.39411, 28.27383], [-111.43883, 28.3085], [-111.45177, 28.32563], [-111.45832, 28.34724], [-111.45206, 28.35883], [-111.44229, 28.36929], [-111.43814, 28.38711], [-111.4735, 28.38105], [-111.51623, 28.39379], [-111.5862, 28.41541], [-111.64954, 28.4444], [-111.67367, 28.45228], [-111.6978, 28.45752], [-111.70835, 28.46014], [-111.72364, 28.5012], [-111.74194, 28.53962], [-111.76061, 28.58397], [-111.9204, 28.72004], [-111.94007, 28.74645], [-111.94938, 28.75651], [-111.94508, 28.76342], [-111.93291, 28.76341], [-111.92145, 28.76779], [-111.90354, 28.7797], [-111.89436, 28.78067], [-111.88736, 28.7709], [-111.88231, 28.76081], [-111.87637, 28.75283], [-111.86705, 28.74958], [-111.86119, 28.75324], [-111.85749, 28.76227], [-111.85603, 28.77363], [-111.85709, 28.78437], [-111.86823, 28.80313], [-111.88362, 28.80329], [-111.90201, 28.79999], [-111.92502, 28.80172], [-111.95294, 28.82498], [-111.96727, 28.84132], [-112.00451, 28.85515], [-112.0303, 28.86143], [-112.03527, 28.88056], [-112.04892, 28.88589], [-112.04677, 28.89593], [-112.0611, 28.90852], [-112.08402, 28.92354], [-112.09119, 28.93858], [-112.09887, 28.95087], [-112.10553, 28.95738], [-112.11558, 28.96176], [-112.12922, 28.96425], [-112.15072, 28.96298], [-112.16651, 28.96673], [-112.17082, 28.97299], [-112.16079, 28.98053], [-112.15218, 28.98744], [-112.15502, 28.99665], [-112.15734, 29.00605], [-112.17092, 29.04716], [-112.17309, 29.07037], [-112.18602, 29.07475], [-112.18387, 29.08416], [-112.17384, 29.09859], [-112.16495, 29.10993], [-112.16613, 29.12043], [-112.17747, 29.1406], [-112.19475, 29.15752], [-112.19115, 29.16692], [-112.20914, 29.18098], [-112.22704, 29.18842], [-112.21358, 29.22775], [-112.21143, 29.25281], [-112.22446, 29.28043], [-112.23945, 29.31534], [-112.26347, 29.32998], [-112.314, 29.33054], [-112.32335, 29.32675], [-112.33053, 29.32109], [-112.33214, 29.31635], [-112.32946, 29.30825], [-112.33308, 29.29654], [-112.3413, 29.30093], [-112.35676, 29.31879], [-112.39389, 29.33283], [-112.41122, 29.34473], [-112.41982, 29.37591], [-112.40738, 29.40436], [-112.38536, 29.44318], [-112.37784, 29.46279], [-112.37775, 29.48573], [-112.38715, 29.49827], [-112.40804, 29.50271], [-112.4196, 29.51021], [-112.43045, 29.52022], [-112.42909, 29.54156], [-112.432, 29.56118], [-112.46662, 29.58564], [-112.50597, 29.61692], [-112.53087, 29.67601], [-112.53588, 29.68822], [-112.54377, 29.69823], [-112.56048, 29.69634], [-112.58019, 29.718], [-112.58703, 29.73265], [-112.59582, 29.77131], [-112.61026, 29.7919], [-112.62654, 29.80988], [-112.63793, 29.82587], [-112.65832, 29.88345], [-112.66945, 29.89762], [-112.68635, 29.90778], [-112.69338, 29.90318], [-112.70934, 29.90999], [-112.72958, 29.90301], [-112.74629, 29.91046], [-112.75147, 29.92426], [-112.73927, 29.94125], [-112.74449, 29.95883], [-112.736, 29.98775], [-112.73046, 30.01337], [-112.73794, 30.02802], [-112.74694, 30.04169], [-112.75881, 30.05918], [-112.75961, 30.07609], [-112.75276, 30.1294], [-112.75324, 30.18588], [-112.76429, 30.21152], [-112.77962, 30.22988], [-112.79575, 30.24673], [-112.80895, 30.25858], [-112.82878, 30.26918], [-112.83679, 30.26976], [-112.84626, 30.27159], [-112.85492, 30.26276], [-112.86079, 30.269], [-112.84859, 30.28853], [-112.84665, 30.31929], [-112.84774, 30.36135], [-112.85603, 30.40058], [-112.87068, 30.42853], [-112.9154, 30.47513], [-112.98654, 30.53235], [-113.04126, 30.60853], [-113.07989, 30.67044], [-113.11386, 30.78118], [-113.12884, 30.81244], [-113.11091, 30.84333], [-113.09994, 30.90684], [-113.09736, 30.94601], [-113.09992, 30.97924], [-113.13078, 31.05055], [-113.13096, 31.06499], [-113.12292, 31.06693], [-113.11619, 31.05694], [-113.11239, 31.04566], [-113.10408, 31.02501], [-113.08982, 30.99312], [-113.08319, 30.98941], [-113.07677, 30.99706], [-113.0559, 31.03071], [-113.0538, 31.07889], [-113.05352, 31.12342], [-113.04872, 31.15669], [-113.06942, 31.17222], [-113.09174, 31.20215], [-113.11687, 31.21765], [-113.1455, 31.21929], [-113.14394, 31.20991], [-113.12847, 31.20314], [-113.11668, 31.19759], [-113.12099, 31.19003], [-113.13867, 31.19553], [-113.15564, 31.2048], [-113.19705, 31.22519], [-113.20865, 31.24844], [-113.222, 31.2604], [-113.2329, 31.28803], [-113.24584, 31.28693], [-113.26171, 31.28058], [-113.27599, 31.27827], [-113.26431, 31.26284], [-113.25202, 31.25605], [-113.23786, 31.25178], [-113.22935, 31.2451], [-113.24144, 31.24124], [-113.27839, 31.25064], [-113.43402, 31.27624], [-113.48186, 31.28645], [-113.54895, 31.2957], [-113.55846, 31.31561], [-113.58538, 31.32316], [-113.62227, 31.32558], [-113.64349, 31.34177], [-113.63688, 31.34758], [-113.6184, 31.34494], [-113.60931, 31.35291], [-113.61962, 31.38178], [-113.63583, 31.43485], [-113.63468, 31.46563], [-113.65958, 31.49754], [-113.71359, 31.5319], [-113.75754, 31.54922], [-113.77458, 31.56331], [-113.80399, 31.56435], [-113.84887, 31.58451], [-113.87572, 31.59675], [-113.88488, 31.61469], [-113.91299, 31.60464], [-113.92618, 31.60147], [-113.93952, 31.60041], [-113.95783, 31.61595], [-113.96251, 31.65522], [-113.97769, 31.66307], [-113.98038, 31.65029], [-113.97989, 31.59593], [-113.98107, 31.58674], [-113.97403, 31.57909], [-113.96679, 31.57705], [-113.96142, 31.57811], [-113.96003, 31.5799], [-113.951, 31.56802], [-113.9547, 31.56566], [-113.96288, 31.56289], [-113.97967, 31.54521], [-113.98277, 31.53229], [-113.99274, 31.52713], [-114.0053, 31.52551], [-114.01041, 31.51626], [-114.015, 31.51073], [-114.01879, 31.50406], [-114.02894, 31.49154], [-114.0714, 31.49201], [-114.11787, 31.49231], [-114.15901, 31.49451], [-114.20889, 31.51228], [-114.23195, 31.53049], [-114.25982, 31.5386], [-114.28785, 31.55243], [-114.29813, 31.56155], [-114.31208, 31.57587], [-114.32466, 31.58255], [-114.32748, 31.59466], [-114.36054, 31.60837], [-114.41254, 31.63526], [-114.43213, 31.64634], [-114.44814, 31.64891], [-114.46123, 31.66726], [-114.49426, 31.67737], [-114.54068, 31.71724], [-114.58471, 31.76075], [-114.60391, 31.76533], [-114.67723, 31.76406], [-114.68684, 31.76553], [-114.69591, 31.77106], [-114.71443, 31.78852], [-114.71752, 31.79222], [-114.72704, 31.79548], [-114.74698, 31.81], [-114.75886, 31.8133], [-114.79095, 31.81631], [-115.00488, 32.19557]]], [[[-114.76318, 31.76709], [-114.78319, 31.80255], [-114.75524, 31.7978], [-114.71007, 31.76374], [-114.66954, 31.72093], [-114.6527, 31.68977], [-114.66609, 31.68977], [-114.67797, 31.6944], [-114.68741, 31.70181], [-114.69367, 31.71027], [-114.7097, 31.69925], [-114.76318, 31.76709]]], [[[-112.49868, 29.08409], [-112.49205, 29.11762], [-112.48029, 29.15493], [-112.47387, 29.16852], [-112.46471, 29.18183], [-112.45299, 29.19355], [-112.43871, 29.20209], [-112.42229, 29.18939], [-112.40145, 29.18944], [-112.37995, 29.20516], [-112.36275, 29.21774], [-112.34336, 29.22088], [-112.31607, 29.2203], [-112.29957, 29.22282], [-112.28733, 29.233], [-112.27799, 29.24247], [-112.26434, 29.24689], [-112.2672, 29.2381], [-112.28157, 29.22547], [-112.27724, 29.20913], [-112.26574, 29.19785], [-112.26357, 29.19284], [-112.26715, 29.18467], [-112.26856, 29.17527], [-112.27429, 29.16522], [-112.26848, 29.15273], [-112.27275, 29.13768], [-112.23531, 29.09573], [-112.19561, 29.02133], [-112.21354, 28.98675], [-112.2149, 28.95415], [-112.22842, 28.90395], [-112.24347, 28.8895], [-112.23768, 28.87634], [-112.25016, 28.86159], [-112.49868, 29.08409]]]]}, "properties": {"id": "3nP6", "status": "validé", "pieces": [{"kind": "polygon", "ring": [[-114.80713, 32.51099], [-115.00488, 32.19557], [-114.76318, 31.76709], [-113.00537, 29.53774], [-110.76416, 27.53115], [-110.43457, 27.58956], [-110.56641, 28.75125], [-110.76416, 29.9192], [-111.1377, 31.95363]]}, {"kind": "clip"}]}}, {"type": "Feature", "geometry": null, "properties": {"id": "3pdP", "status": "validé", "pieces": [{"kind": "admin1", "code": "MEX-2728"}]}}, {"type": "Feature", "geometry": null, "properties": {"id": "5mCi", "status": "validé", "pieces": [{"kind": "country"}]}}, {"type": "Feature", "geometry": null, "properties": {"id": "7E67", "status": "validé", "pieces": [{"kind": "admin1", "code": "MEX-2725"}, {"kind": "admin1", "code": "MEX-2734"}, {"kind": "admin1", "code": "MEX-2735"}]}}, {"type": "Feature", "geometry": {"type": "Polygon", "coordinates": [[[-100.30243, 20.49035], [-100.30243, 20.6921], [-100.52216, 20.6921], [-100.52216, 20.49035], [-100.30243, 20.49035]]]}, "properties": {"id": "7cgL", "status": "validé", "pieces": [{"kind": "rect", "bounds": [-100.52216, 20.49035, -100.30243, 20.6921]}]}}, {"type": "Feature", "geometry": null, "properties": {"id": "83dD", "status": "validé", "pieces": [{"kind": "admin1", "code": "MEX-2719"}]}}, {"type": "Feature", "geometry": null, "properties": {"id": "8Ipc", "status": "validé", "pieces": [{"kind": "admin1", "code": "MEX-2734"}]}}, {"type": "Feature", "geometry": {"type": "Polygon", "coordinates": [[[-97.20016, 19.52878], [-97.20531, 19.48738], [-97.19021, 19.43237], [-97.16549, 19.43463], [-97.13562, 19.44758], [-97.103, 19.50873], [-97.1085, 19.5566], [-97.12292, 19.56145], [-97.17373, 19.55304], [-97.20016, 19.52878]]]}, "properties": {"id": "8VA3", "status": "validé", "pieces": [{"kind": "polygon", "ring": [[-97.20016, 19.52878], [-97.20531, 19.48738], [-97.19021, 19.43237], [-97.16549, 19.43463], [-97.13562, 19.44758], [-97.103, 19.50873], [-97.1085, 19.5566], [-97.12292, 19.56145], [-97.17373, 19.55304]]}]}}, {"type": "Feature", "geometry": null, "properties": {"id": "8Vzg", "status": "validé", "pieces": [{"kind": "admin1", "code": "MEX-2736"}, {"kind": "admin1", "code": "MEX-2737"}, {"kind": "admin1", "code": "MEX-2722"}]}}, {"type": "Feature", "geometry": {"type": "MultiPolygon", "coordinates": [[[[-94.01915, 16.03107], [-93.98534, 16.01797], [-93.97061, 16.00979], [-93.9639, 15.9975], [-94.34378, 16.14773], [-94.35831, 16.15835], [-94.3922, 16.17768], [-94.43957, 16.18679], [-94.53307, 16.18936], [-94.52623, 16.18936], [-94.57962, 16.18985], [-94.60574, 16.19355], [-94.62243, 16.20234], [-94.63943, 16.19571], [-94.6599, 16.194], [-94.70096, 16.19558], [-94.7224, 16.19965], [-94.72899, 16.20938], [-94.72427, 16.22085], [-94.71182, 16.23029], [-94.62536, 16.2565], [-94.58715, 16.28242], [-94.58084, 16.32648], [-94.59142, 16.33723], [-94.63024, 16.34821], [-94.64574, 16.35696], [-94.65441, 16.36359], [-94.66246, 16.36538], [-94.67003, 16.36384], [-94.67703, 16.36066], [-94.68029, 16.34492], [-94.68326, 16.34015], [-94.68859, 16.33759], [-94.70035, 16.33454], [-94.70434, 16.33271], [-94.71573, 16.32282], [-94.72216, 16.31558], [-94.7211, 16.3122], [-94.74905, 16.29861], [-94.76329, 16.29352], [-94.7799, 16.26813], [-94.79312, 16.25764], [-94.80431, 16.27521], [-94.8085, 16.28644], [-94.8074, 16.29861], [-94.79662, 16.30817], [-94.78112, 16.3166], [-94.77269, 16.32718], [-94.78319, 16.34321], [-94.79764, 16.35834], [-94.80191, 16.36941], [-94.80285, 16.38032], [-94.8074, 16.3948], [-94.81436, 16.4031], [-94.82706, 16.41446], [-94.84109, 16.42459], [-94.85208, 16.4289], [-94.87865, 16.42463], [-94.90172, 16.41287], [-94.92138, 16.39533], [-94.96508, 16.33316], [-94.97496, 16.32648], [-95.03332, 16.32648], [-95.02746, 16.30854], [-95.03555, 16.30256], [-95.0476, 16.30073], [-95.05382, 16.29519], [-95.06517, 16.27827], [-95.06383, 16.26826], [-95.0438, 16.26104], [-94.99935, 16.25104], [-94.96462, 16.24772], [-94.93057, 16.24973], [-94.90206, 16.25174], [-94.88954, 16.25308], [-94.86889, 16.25764], [-94.85924, 16.26447], [-94.84183, 16.28372], [-94.8341, 16.28555], [-94.82803, 16.27033], [-94.85875, 16.25629], [-94.90115, 16.24653], [-94.93033, 16.24396], [-94.89635, 16.2344], [-94.80553, 16.23713], [-94.77636, 16.22659], [-94.7615, 16.20393], [-94.76696, 16.19868], [-94.81912, 16.21365], [-94.89588, 16.21169], [-94.9487, 16.20167], [-94.99279, 16.19644], [-95.01814, 16.19032], [-95.06534, 16.18364], [-95.10281, 16.1843], [-95.12293, 16.1883], [-95.13612, 16.18829], [-95.1493, 16.18695], [-95.15554, 16.18161], [-95.15415, 16.17562], [-95.14929, 16.16828], [-95.16104, 16.16324], [-95.18814, 16.1676], [-95.19855, 16.15827], [-95.2159, 16.15826], [-95.23325, 16.15825], [-95.24711, 16.14757], [-95.24849, 16.13424], [-95.26861, 16.12823], [-95.28109, 16.11889], [-95.28039, 16.10823], [-95.28455, 16.10422], [-95.29769, 16.10153], [-95.30537, 16.09354], [-95.33729, 16.08884], [-95.35326, 16.07949], [-95.37824, 16.04745], [-95.37265, 16.02746], [-95.38444, 16.02144], [-95.39918, 16.00876], [-95.42552, 15.99939], [-95.42826, 15.98539], [-95.43448, 15.97538], [-95.49278, 15.97465], [-95.49689, 15.96531], [-95.57237, 15.95712], [-95.58134, 15.9451], [-95.60905, 15.9417], [-95.61456, 15.92902], [-95.66231, 15.91157], [-95.70589, 15.90883], [-95.73295, 15.9034], [-95.75513, 15.89932], [-95.77103, 15.89061], [-95.77863, 15.88458], [-95.77858, 15.87326], [-95.80076, 15.87051], [-95.82292, 15.8651], [-95.84805, 15.8583], [-95.87897, 15.85089], [-95.88794, 15.84353], [-95.95988, 15.82791], [-95.96815, 15.81722], [-96.0034, 15.80841], [-96.03104, 15.79229], [-96.05249, 15.78753], [-96.07859, 15.77013], [-96.09119, 15.76873], [-96.09597, 15.76204], [-96.10631, 15.75733], [-96.11674, 15.76195], [-96.12774, 15.75256], [-96.12553, 15.73789], [-96.20423, 15.7035], [-96.23664, 15.68333], [-96.28715, 15.68577], [-96.36187, 15.68397], [-96.40137, 15.69171], [-96.43114, 15.69587], [-96.44652, 15.68195], [-96.47031, 15.67225], [-96.48613, 15.66081], [-96.50486, 15.65805], [-96.52631, 15.65991], [-96.54918, 15.66442], [-96.55604, 15.65902], [-96.61362, 15.67993], [-96.68098, 15.70941], [-96.8037, 15.73177], [-96.84512, 15.73257], [-96.93067, 15.78266], [-96.99176, 15.80011], [-97.02228, 15.80717], [-97.0495, 15.82892], [-97.04538, 15.83228], [-97.06226, 15.85941], [-97.07609, 15.85665], [-97.10254, 15.86907], [-97.16067, 15.90375], [-97.20585, 15.91967], [-97.26602, 15.93591], [-97.28519, 15.93556], [-97.34548, 15.94586], [-97.36857, 15.9346], [-97.45924, 15.945], [-97.5297, 15.96819], [-97.55742, 15.96224], [-97.61609, 15.9756], [-97.65999, 15.9765], [-97.67306, 15.96932], [-97.68174, 15.96218], [-97.71841, 15.9688], [-97.77272, 15.97945], [-97.79187, 15.98769], [-97.81113, 16.00297], [-97.83572, 16.01056], [-97.84604, 16.01885], [-97.85458, 16.02517], [-97.86122, 16.02877], [-97.87735, 16.04005], [-97.9444, 16.08738], [-97.9813, 16.10938], [-98.08523, 16.16507], [-98.12161, 16.17621], [-98.15416, 16.19025], [-98.17215, 16.20917], [-98.11319, 16.19269], [-98.08214, 16.18928], [-98.06847, 16.20234], [-98.08336, 16.20075], [-98.09732, 16.21088], [-98.11075, 16.21857], [-98.12377, 16.20917], [-98.14379, 16.2176], [-98.1647, 16.22285], [-98.16544, 16.2248], [-98.16832, 16.22931], [-98.17272, 16.23395], [-98.17838, 16.23652], [-98.17821, 16.23416], [-98.18297, 16.22952], [-98.18993, 16.22492], [-98.1964, 16.22285], [-98.21593, 16.22468], [-98.31579, 16.25568], [-98.4453, 16.2781], [-98.50859, 16.30045], [-98.53177, 16.30956], [-98.5454, 16.3124], [-98.55285, 16.31475], [-98.55455, 16.31827], [-98.55254, 16.32171], [-98.537, 16.33807], [-98.51943, 16.35068], [-98.49918, 16.35936], [-98.4737, 16.36577], [-98.44564, 16.36841], [-98.41887, 16.36856], [-98.39329, 16.37213], [-98.36854, 16.3852], [-98.3426, 16.4097], [-98.32193, 16.43719], [-98.31531, 16.46747], [-98.33174, 16.50096], [-98.34549, 16.52447], [-98.3459, 16.54726], [-98.33319, 16.56607], [-98.30735, 16.5777], [-98.28823, 16.57672], [-98.27232, 16.57258], [-98.25599, 16.57113], [-98.23563, 16.57826], [-98.23377, 16.58095], [-98.23201, 16.58364], [-98.2302, 16.58638], [-98.22839, 16.58912], [-98.21966, 16.61806], [-98.22395, 16.64606], [-98.23335, 16.67397], [-98.24017, 16.7026], [-98.22736, 16.70715], [-98.21516, 16.70885], [-98.20281, 16.70808], [-98.18953, 16.70518], [-98.17382, 16.70301], [-98.16059, 16.70529], [-98.14798, 16.71076], [-98.13424, 16.71831], [-98.12793, 16.72058], [-98.12194, 16.72358], [-98.1163, 16.7272], [-98.11119, 16.73133], [-98.10886, 16.735], [-98.10664, 16.73872], [-98.10457, 16.74249], [-98.10261, 16.74637], [-98.08825, 16.75593], [-98.07874, 16.76626], [-98.07295, 16.77908], [-98.06995, 16.79644], [-98.06757, 16.81453], [-98.06463, 16.83251], [-98.06168, 16.8505], [-98.059, 16.86858], [-98.0576, 16.88062], [-98.05889, 16.89091], [-98.059, 16.90042], [-98.05403, 16.91008], [-98.04391, 16.92243], [-98.03471, 16.93504], [-98.02623, 16.94827], [-98.01838, 16.96212], [-98.01342, 16.97214], [-98.00908, 16.98243], [-98.00556, 16.99312], [-98.00329, 17.00398], [-98.00174, 17.01503], [-98.00303, 17.02589], [-98.00691, 17.03617], [-98.01306, 17.04563], [-98.04246, 17.08557], [-98.07212, 17.12495], [-98.10292, 17.1634], [-98.13579, 17.20045], [-98.1392, 17.20412], [-98.14271, 17.20779], [-98.14612, 17.2114], [-98.14959, 17.21513], [-98.16188, 17.21905], [-98.17599, 17.21978], [-98.19056, 17.21895], [-98.20462, 17.21817], [-98.22762, 17.22288], [-98.24452, 17.24525], [-98.25826, 17.27321], [-98.27221, 17.2945], [-98.29273, 17.30111], [-98.31113, 17.30711], [-98.32477, 17.3175], [-98.33076, 17.33719], [-98.3273, 17.35827], [-98.32022, 17.3776], [-98.31769, 17.39672], [-98.32792, 17.41708], [-98.32926, 17.41873], [-98.33056, 17.42049], [-98.33169, 17.4223], [-98.33267, 17.42421], [-98.32895, 17.43702], [-98.32503, 17.45077], [-98.32373, 17.46483], [-98.32771, 17.47878], [-98.33376, 17.48648], [-98.34012, 17.49397], [-98.34673, 17.50131], [-98.3535, 17.50839], [-98.35562, 17.5103], [-98.35769, 17.51232], [-98.35975, 17.51433], [-98.36182, 17.51629], [-98.36487, 17.51914], [-98.36792, 17.52198], [-98.37091, 17.52487], [-98.37396, 17.52777], [-98.37836, 17.54162], [-98.38017, 17.55547], [-98.37717, 17.56823], [-98.36688, 17.57898], [-98.36254, 17.58451], [-98.36234, 17.58973], [-98.3658, 17.59453], [-98.37226, 17.59908], [-98.38647, 17.61717], [-98.38869, 17.64063], [-98.38445, 17.66626], [-98.37923, 17.69122], [-98.37644, 17.7044], [-98.37288, 17.71732], [-98.36906, 17.73024], [-98.36559, 17.74331], [-98.36182, 17.76238], [-98.35722, 17.7815], [-98.35164, 17.80031], [-98.34477, 17.8185], [-98.33381, 17.84186], [-98.32802, 17.85798], [-98.33143, 17.87266], [-98.34782, 17.89219], [-98.3426, 17.89627], [-98.33738, 17.90025], [-98.33216, 17.90428], [-98.32689, 17.90831], [-98.3226, 17.91193], [-98.31831, 17.91565], [-98.31407, 17.91932], [-98.30978, 17.92299], [-98.30167, 17.91989], [-98.29361, 17.91668], [-98.28555, 17.91374], [-98.27728, 17.91105], [-98.24281, 17.91379], [-98.21558, 17.93844], [-98.19511, 17.97311], [-98.18111, 18.00588], [-98.1731, 18.01745], [-98.16209, 18.02386], [-98.14902, 18.02634], [-98.13506, 18.02634], [-98.12607, 18.02614], [-98.11718, 18.02583], [-98.10819, 18.02562], [-98.09925, 18.02541], [-98.08287, 18.02469], [-98.06644, 18.02397], [-98.05006, 18.02329], [-98.03368, 18.02262], [-98.02422, 18.02236], [-98.01481, 18.02241], [-98.00546, 18.02273], [-97.996, 18.02329], [-97.98696, 18.02479], [-97.97802, 18.02644], [-97.96908, 18.02831], [-97.96009, 18.03022], [-97.94882, 18.03223], [-97.93683, 18.03502], [-97.9251, 18.03585], [-97.91441, 18.03203], [-97.9081, 18.02262], [-97.90448, 18.00831], [-97.90257, 17.99322], [-97.90138, 17.98118], [-97.90056, 17.97384], [-97.89921, 17.96671], [-97.89746, 17.95958], [-97.89518, 17.9526], [-97.89074, 17.93741], [-97.88412, 17.92459], [-97.87358, 17.91653], [-97.85756, 17.91555], [-97.84521, 17.92077], [-97.83286, 17.92578], [-97.82051, 17.93059], [-97.80811, 17.93524], [-97.79612, 17.94273], [-97.78501, 17.9511], [-97.77467, 17.96045], [-97.76496, 17.97074], [-97.75529, 17.97787], [-97.74625, 17.98552], [-97.7385, 17.9943], [-97.7325, 18.00484], [-97.73271, 18.01451], [-97.73395, 18.02417], [-97.73628, 18.03368], [-97.73953, 18.04298], [-97.74723, 18.05549], [-97.75638, 18.06737], [-97.76666, 18.07833], [-97.77762, 18.08825], [-97.77984, 18.09042], [-97.78232, 18.09228], [-97.78485, 18.09393], [-97.78759, 18.09538], [-97.80273, 18.10577], [-97.81374, 18.12008], [-97.81782, 18.13703], [-97.8125, 18.15465], [-97.80537, 18.16638], [-97.79767, 18.1776], [-97.79018, 18.18897], [-97.78366, 18.20111], [-97.77364, 18.21765], [-97.76413, 18.23449], [-97.75457, 18.25124], [-97.74429, 18.26752], [-97.73602, 18.28317], [-97.72486, 18.30219], [-97.71204, 18.3147], [-97.69855, 18.31067], [-97.67287, 18.31852], [-97.6353, 18.34746], [-97.6061, 18.36043], [-97.60564, 18.32038], [-97.61706, 18.28679], [-97.6321, 18.24421], [-97.64248, 18.20225], [-97.64021, 18.17052], [-97.62833, 18.15651], [-97.61308, 18.14592], [-97.59639, 18.13719], [-97.57996, 18.12861], [-97.57169, 18.12241], [-97.56301, 18.11657], [-97.55422, 18.11104], [-97.54533, 18.10551], [-97.53634, 18.09481], [-97.53427, 18.08086], [-97.53443, 18.06551], [-97.532, 18.05079], [-97.52569, 18.03911], [-97.51743, 18.02831], [-97.50895, 18.01745], [-97.50203, 18.00577], [-97.49304, 17.99373], [-97.48141, 17.98531], [-97.46787, 17.98025], [-97.45309, 17.97828], [-97.43852, 17.98138], [-97.42699, 17.99007], [-97.41857, 18.00247], [-97.41335, 18.01663], [-97.38813, 18.06768], [-97.35563, 18.11099], [-97.31361, 18.14458], [-97.26023, 18.16659], [-97.25796, 18.16752], [-97.25563, 18.16835], [-97.25326, 18.16907], [-97.25088, 18.16969], [-97.2285, 18.17352], [-97.20799, 18.17693], [-97.18794, 18.17631], [-97.1668, 18.16824], [-97.15032, 18.15925], [-97.13466, 18.15212], [-97.11854, 18.14649], [-97.10061, 18.14189], [-97.09874, 18.14168], [-97.09688, 18.14148], [-97.09502, 18.14122], [-97.09316, 18.14096], [-97.05906, 18.13124], [-97.02573, 18.12225], [-96.99462, 18.12349], [-96.96718, 18.14447], [-96.96206, 18.1514], [-96.95736, 18.15853], [-96.95312, 18.16587], [-96.94919, 18.17357], [-96.94837, 18.17512], [-96.94733, 18.17667], [-96.94625, 18.17806], [-96.94501, 18.17941], [-96.94051, 18.1852], [-96.93596, 18.19109], [-96.93147, 18.19703], [-96.92697, 18.20302], [-96.92217, 18.20742], [-96.91736, 18.21176], [-96.91255, 18.2161], [-96.90765, 18.22039], [-96.9048, 18.22431], [-96.90165, 18.22788], [-96.89803, 18.23114], [-96.89421, 18.23413], [-96.88114, 18.244], [-96.86589, 18.25015], [-96.84977, 18.25449], [-96.83406, 18.2592], [-96.82734, 18.26157], [-96.82078, 18.26457], [-96.81458, 18.26808], [-96.80874, 18.27222], [-96.78951, 18.28369], [-96.77747, 18.29971], [-96.76884, 18.31857], [-96.76006, 18.33883], [-96.74921, 18.35821], [-96.73954, 18.37412], [-96.73215, 18.3902], [-96.72812, 18.41025], [-96.73732, 18.42611], [-96.75437, 18.44203], [-96.77267, 18.45918], [-96.78564, 18.4783], [-96.78889, 18.50233], [-96.79091, 18.5307], [-96.80021, 18.55055], [-96.82548, 18.54895], [-96.82755, 18.54869], [-96.82951, 18.54843], [-96.83158, 18.54796], [-96.83354, 18.54734], [-96.85855, 18.54114], [-96.88362, 18.53732], [-96.90868, 18.53318], [-96.93369, 18.52631], [-96.94707, 18.52275], [-96.96061, 18.52042], [-96.9741, 18.51778], [-96.98728, 18.51355], [-97.00108, 18.50476], [-97.01415, 18.49329], [-97.02702, 18.48337], [-97.04014, 18.47898], [-97.05596, 18.48482], [-97.07187, 18.48342], [-97.08696, 18.4813], [-97.1005, 18.48513], [-97.10929, 18.50011], [-97.10644, 18.51841], [-97.09838, 18.53659], [-97.09141, 18.55106], [-97.09632, 18.56698], [-97.10815, 18.57969], [-97.11993, 18.59385], [-97.12448, 18.61437], [-97.12458, 18.62217], [-97.12593, 18.62966], [-97.12851, 18.63685], [-97.13223, 18.64377], [-97.13321, 18.64532], [-97.1342, 18.64687], [-97.13523, 18.64842], [-97.13636, 18.64987], [-97.14494, 18.65493], [-97.15456, 18.65747], [-97.16494, 18.65876], [-97.1759, 18.65989], [-97.18877, 18.66227], [-97.19853, 18.66852], [-97.2083, 18.67436], [-97.22086, 18.67561], [-97.23765, 18.66847], [-97.25326, 18.66165], [-97.26923, 18.65865], [-97.2871, 18.6632], [-97.29625, 18.66873], [-97.30406, 18.67591], [-97.31041, 18.68454], [-97.31501, 18.69421], [-97.32829, 18.7216], [-97.33899, 18.75209], [-97.34162, 18.78258], [-97.33088, 18.80986], [-97.33036, 18.81038], [-97.32974, 18.81089], [-97.32917, 18.81141], [-97.32855, 18.81193], [-97.3209, 18.81771], [-97.31336, 18.8234], [-97.30597, 18.82939], [-97.29889, 18.83591], [-97.29222, 18.84707], [-97.28778, 18.85844], [-97.28209, 18.86846], [-97.27155, 18.87528], [-97.24995, 18.882], [-97.23445, 18.88484], [-97.22633, 18.89249], [-97.2269, 18.91342], [-97.23005, 18.9251], [-97.23445, 18.93657], [-97.239, 18.94815], [-97.24225, 18.95993], [-97.24246, 18.96406], [-97.24292, 18.96809], [-97.24359, 18.97202], [-97.24458, 18.9759], [-97.24535, 18.97833], [-97.24592, 18.98081], [-97.24644, 18.98329], [-97.24664, 18.98582], [-97.24711, 18.99042], [-97.24747, 18.99497], [-97.24757, 18.99951], [-97.24747, 19.00416], [-97.2484, 19.01584], [-97.25057, 19.02726], [-97.25336, 19.03858], [-97.25631, 19.04995], [-97.26297, 19.07424], [-97.26969, 19.10566], [-97.27171, 19.13692], [-97.26411, 19.16043], [-97.2531, 19.16436], [-97.24158, 19.16638], [-97.2299, 19.16767], [-97.21822, 19.16953], [-97.20437, 19.17439], [-97.19228, 19.18214], [-97.18034, 19.18968], [-97.16696, 19.19382], [-97.14789, 19.1904], [-97.12743, 19.18255], [-97.10908, 19.17867], [-97.09626, 19.18705], [-97.09322, 19.19661], [-97.08851, 19.20425], [-97.08169, 19.20896], [-97.07218, 19.20978], [-97.06846, 19.20952], [-97.06474, 19.20906], [-97.06102, 19.20839], [-97.0574, 19.20746], [-97.05027, 19.20922], [-97.04355, 19.21252], [-97.03746, 19.21728], [-97.03234, 19.22322], [-97.02795, 19.22844], [-97.02361, 19.23366], [-97.01927, 19.23888], [-97.01482, 19.2441], [-97.01038, 19.25009], [-97.00531, 19.25552], [-96.99968, 19.26037], [-96.99363, 19.26466], [-96.98749, 19.269], [-96.9834, 19.27443], [-96.98154, 19.28084], [-96.98201, 19.28797], [-96.99394, 19.295], [-97.00743, 19.30161], [-97.02133, 19.30745], [-97.03441, 19.31205], [-97.04939, 19.31722], [-97.05999, 19.31949], [-97.07099, 19.31758], [-97.08712, 19.31014], [-97.08825, 19.30952], [-97.08929, 19.30895], [-97.09037, 19.30833], [-97.09146, 19.30771], [-97.11249, 19.30322], [-97.13869, 19.31133], [-97.16639, 19.3227], [-97.19187, 19.32786], [-97.1961, 19.32833], [-97.2005, 19.32879], [-97.20479, 19.32921], [-97.20902, 19.32967], [-97.22576, 19.33872], [-97.24054, 19.35897], [-97.2547, 19.38212], [-97.26964, 19.39959], [-97.28189, 19.40068], [-97.29326, 19.39628], [-97.30473, 19.3905], [-97.31682, 19.3876], [-97.32354, 19.39473], [-97.32896, 19.40316], [-97.33439, 19.41127], [-97.34121, 19.41757], [-97.35516, 19.42155], [-97.37123, 19.42181], [-97.38684, 19.42295], [-97.39919, 19.42977], [-97.40751, 19.446], [-97.39867, 19.4523], [-97.38209, 19.45282], [-97.36705, 19.45199], [-97.34741, 19.45545], [-97.32922, 19.46558], [-97.32064, 19.48083], [-97.32994, 19.49984], [-97.33584, 19.50496], [-97.34219, 19.50956], [-97.34875, 19.5138], [-97.35537, 19.51803], [-97.35919, 19.52475], [-97.35785, 19.53333], [-97.35547, 19.54232], [-97.35645, 19.55007], [-97.36844, 19.5603], [-97.38271, 19.56687], [-97.39242, 19.57581], [-97.39103, 19.59296], [-97.39087, 19.59534], [-97.39072, 19.59772], [-97.39051, 19.6002], [-97.3903, 19.60263], [-97.38917, 19.62325], [-97.38379, 19.64722], [-97.37294, 19.66459], [-97.35516, 19.66572], [-97.32452, 19.69446], [-97.30752, 19.7483], [-97.30214, 19.80732], [-97.30628, 19.85166], [-97.30824, 19.85941], [-97.30958, 19.86732], [-97.31041, 19.87527], [-97.31057, 19.88323], [-97.31046, 19.89016], [-97.30886, 19.89682], [-97.30597, 19.90302], [-97.30173, 19.90876], [-97.2994, 19.91243], [-97.29703, 19.91605], [-97.2947, 19.91977], [-97.29233, 19.92349], [-97.28116, 19.94307], [-97.26876, 19.96162], [-97.25455, 19.97873], [-97.23786, 19.99382], [-97.22933, 20.00183], [-97.22153, 20.01046], [-97.21388, 20.01929], [-97.20613, 20.02808], [-97.19311, 20.04115], [-97.17962, 20.05361], [-97.16639, 20.06642], [-97.15425, 20.08032], [-97.13554, 20.12172], [-97.1529, 20.1458], [-97.18959, 20.15986], [-97.22887, 20.17117], [-97.23806, 20.175], [-97.24711, 20.17918], [-97.25605, 20.18342], [-97.26494, 20.18792], [-97.28349, 20.19603], [-97.30132, 20.20611], [-97.31868, 20.21716], [-97.33547, 20.22838], [-97.36007, 20.24595], [-97.38121, 20.25701], [-97.40348, 20.25959], [-97.43175, 20.25184], [-97.43562, 20.25117], [-97.43945, 20.25055], [-97.44332, 20.24998], [-97.4472, 20.24936], [-97.4704, 20.23753], [-97.48136, 20.21975], [-97.48942, 20.19965], [-97.50378, 20.18068], [-97.51288, 20.16895], [-97.52249, 20.15789], [-97.53252, 20.14725], [-97.54306, 20.1367], [-97.54921, 20.13205], [-97.55556, 20.12771], [-97.56228, 20.12379], [-97.56931, 20.12037], [-97.57231, 20.11888], [-97.57551, 20.11836], [-97.57882, 20.11882], [-97.58207, 20.12006], [-97.58781, 20.12379], [-97.59215, 20.12859], [-97.5951, 20.13443], [-97.59639, 20.14115], [-97.59861, 20.16895], [-97.60548, 20.18709], [-97.62135, 20.19262], [-97.65065, 20.18275], [-97.65297, 20.18156], [-97.65525, 20.18063], [-97.65757, 20.1797], [-97.65995, 20.17898], [-97.67778, 20.17887], [-97.69003, 20.18817], [-97.69768, 20.20331], [-97.70145, 20.22052], [-97.70264, 20.22337], [-97.70419, 20.2261], [-97.70589, 20.22874], [-97.7078, 20.23122], [-97.7109, 20.23535], [-97.71431, 20.23913], [-97.71819, 20.24259], [-97.72227, 20.24564], [-97.73902, 20.25365], [-97.75855, 20.26192], [-97.77405, 20.27323], [-97.7787, 20.29023], [-97.77214, 20.30166], [-97.76563, 20.31313], [-97.76082, 20.3246], [-97.75948, 20.33607], [-97.76377, 20.34248], [-97.76692, 20.3494], [-97.76888, 20.35664], [-97.76976, 20.36429], [-97.76966, 20.36465], [-97.76961, 20.36501], [-97.7695, 20.36537], [-97.7694, 20.36573], [-97.76651, 20.38237], [-97.76744, 20.3986], [-97.77152, 20.41436], [-97.77808, 20.42992], [-97.76971, 20.4387], [-97.75622, 20.43973], [-97.74088, 20.43839], [-97.72697, 20.44025], [-97.71209, 20.45172], [-97.70331, 20.46299], [-97.69344, 20.46578], [-97.67535, 20.45188], [-97.66455, 20.43798], [-97.65334, 20.42361], [-97.6398, 20.41576], [-97.62202, 20.42134], [-97.60905, 20.43436], [-97.59603, 20.45265], [-97.58373, 20.47183], [-97.57298, 20.4879], [-97.56822, 20.49079], [-97.5643, 20.49431], [-97.56104, 20.4988], [-97.55856, 20.50423], [-97.55975, 20.52903], [-97.57096, 20.55776], [-97.58884, 20.58221], [-97.61034, 20.59404], [-97.62316, 20.59755], [-97.63618, 20.60133], [-97.64925, 20.60469], [-97.66222, 20.60691], [-97.67256, 20.60639], [-97.6847, 20.60427], [-97.69633, 20.60241], [-97.70563, 20.60262], [-97.72243, 20.61078], [-97.72134, 20.62055], [-97.71121, 20.63182], [-97.70083, 20.64437], [-97.7108, 20.66215], [-97.72294, 20.6774], [-97.73405, 20.69326], [-97.74088, 20.7131], [-97.74134, 20.73605], [-97.73989, 20.7578], [-97.74284, 20.77811], [-97.75659, 20.79646], [-97.77922, 20.81377], [-97.7971, 20.81723], [-97.81627, 20.81465], [-97.84299, 20.81382], [-97.85384, 20.82013], [-97.86474, 20.82462], [-97.87586, 20.82534], [-97.88728, 20.82007], [-97.89642, 20.80638], [-97.89658, 20.79031], [-97.89441, 20.77356], [-97.89616, 20.75796], [-97.90484, 20.74902], [-97.9173, 20.74494], [-97.92908, 20.74044], [-97.93585, 20.73047], [-97.93663, 20.71656], [-97.93725, 20.70199], [-97.9419, 20.69047], [-97.95476, 20.68602], [-97.96639, 20.6822], [-97.96402, 20.67305], [-97.95595, 20.66277], [-97.95037, 20.65564], [-97.94748, 20.64561], [-97.94582, 20.63497], [-97.94495, 20.62386], [-97.94438, 20.61202], [-97.94427, 20.59146], [-97.94629, 20.57048], [-97.95089, 20.54996], [-97.95833, 20.53079], [-97.96536, 20.51611], [-97.97476, 20.50345], [-97.98644, 20.49286], [-98.00019, 20.48449], [-98.01078, 20.49642], [-98.01967, 20.50996], [-98.0251, 20.52485], [-98.0252, 20.54081], [-98.01848, 20.55456], [-98.00846, 20.56732], [-98.00143, 20.58066], [-98.00396, 20.59606], [-98.00815, 20.60169], [-98.01311, 20.60675], [-98.01802, 20.61192], [-98.0221, 20.61791], [-98.02479, 20.62866], [-98.02344, 20.63926], [-98.02143, 20.64985], [-98.02158, 20.66081], [-98.03135, 20.673], [-98.0468, 20.67321], [-98.06179, 20.6744], [-98.06974, 20.68943], [-98.07161, 20.69181], [-98.07398, 20.69393], [-98.07657, 20.69569], [-98.07936, 20.69708], [-98.11083, 20.6884], [-98.14612, 20.6544], [-98.17878, 20.61285], [-98.20255, 20.58143], [-98.21971, 20.56448], [-98.23609, 20.5466], [-98.25196, 20.52831], [-98.26756, 20.50991], [-98.27945, 20.49534], [-98.29299, 20.48221], [-98.30648, 20.46904], [-98.3181, 20.45415], [-98.33577, 20.43498], [-98.34869, 20.43824], [-98.3612, 20.45214], [-98.37727, 20.4648], [-98.39045, 20.45513], [-98.39748, 20.44041], [-98.40192, 20.42351], [-98.4074, 20.40749], [-98.43427, 20.37106], [-98.46843, 20.35364], [-98.50062, 20.36243], [-98.52129, 20.40387], [-98.53442, 20.42635], [-98.55333, 20.44929], [-98.56853, 20.47229], [-98.5708, 20.49492], [-98.56196, 20.50392], [-98.55152, 20.51281], [-98.54155, 20.5218], [-98.53406, 20.53141], [-98.52781, 20.54794], [-98.5245, 20.56696], [-98.52248, 20.58634], [-98.52031, 20.60407], [-98.50786, 20.62453], [-98.48429, 20.64117], [-98.45794, 20.6574], [-98.43722, 20.67677], [-98.42755, 20.69171], [-98.41866, 20.70943], [-98.41391, 20.72778], [-98.41691, 20.74478], [-98.42838, 20.74876], [-98.43954, 20.74333], [-98.45143, 20.73491], [-98.46492, 20.72974], [-98.48243, 20.73253], [-98.49344, 20.74271], [-98.49494, 20.75692], [-98.48409, 20.77201], [-98.47081, 20.77646], [-98.45732, 20.77749], [-98.44409, 20.77806], [-98.43138, 20.78111], [-98.41913, 20.78834], [-98.41536, 20.79578], [-98.41525, 20.80473], [-98.41417, 20.81646], [-98.41484, 20.82896], [-98.4213, 20.83754], [-98.42838, 20.84581], [-98.43117, 20.85743], [-98.42445, 20.86911], [-98.41009, 20.87526], [-98.39324, 20.87697], [-98.37918, 20.87532], [-98.36585, 20.8732], [-98.35273, 20.8701], [-98.33981, 20.86596], [-98.3274, 20.861], [-98.30585, 20.84772], [-98.284, 20.83594], [-98.26095, 20.82865], [-98.23573, 20.82896], [-98.22958, 20.83093], [-98.22674, 20.83418], [-98.22684, 20.83878], [-98.22989, 20.84457], [-98.23718, 20.86999], [-98.23816, 20.90482], [-98.23242, 20.93831], [-98.21992, 20.95996], [-98.21191, 20.96807], [-98.20431, 20.97665], [-98.19733, 20.98575], [-98.19087, 20.99515], [-98.18493, 21.00306], [-98.17852, 21.01076], [-98.17232, 21.01732], [-98.167, 21.02218], [-98.16328, 21.02285], [-98.15904, 21.02151], [-98.15439, 21.02078], [-98.14979, 21.02326], [-98.14431, 21.03236], [-98.13734, 21.04745], [-98.1316, 21.06275], [-98.1299, 21.07215], [-98.13599, 21.08218], [-98.14457, 21.086], [-98.1532, 21.08833], [-98.15945, 21.09386], [-98.16581, 21.10491], [-98.17237, 21.11261], [-98.18069, 21.11788], [-98.19212, 21.12192], [-98.21242, 21.1506], [-98.22901, 21.14181], [-98.24854, 21.12352], [-98.27754, 21.12414], [-98.28823, 21.14336], [-98.27872, 21.1692], [-98.26617, 21.197], [-98.26808, 21.22232], [-98.27325, 21.23886], [-98.28627, 21.2463], [-98.29722, 21.2432], [-98.29583, 21.22806], [-98.2949, 21.20842], [-98.31293, 21.18837], [-98.33826, 21.16992], [-98.35934, 21.1553], [-98.3734, 21.15514], [-98.38621, 21.16062], [-98.3983, 21.16894], [-98.41014, 21.17757], [-98.42631, 21.19597], [-98.44264, 21.21736], [-98.46021, 21.23473], [-98.47995, 21.24093], [-98.48564, 21.24485], [-98.48972, 21.24992], [-98.49225, 21.25612], [-98.49323, 21.26335], [-98.49049, 21.29167], [-98.47799, 21.31332], [-98.46052, 21.3326], [-98.4428, 21.35368], [-98.45923, 21.36469], [-98.47571, 21.3757], [-98.4923, 21.38645], [-98.5092, 21.39663], [-98.51065, 21.3972], [-98.51215, 21.39771], [-98.51364, 21.39828], [-98.51381, 21.39835], [-98.62427, 21.15832], [-99.01978, 21.2607], [-99.17358, 21.5572], [-99.04175, 22.39228], [-98.5902, 22.40135], [-98.59297, 22.40297], [-98.5986, 22.40706], [-98.60439, 22.41098], [-98.61023, 22.41491], [-98.61617, 22.41858], [-98.58196, 22.42261], [-98.54698, 22.42995], [-98.51364, 22.43527], [-98.48383, 22.43341], [-98.47706, 22.43321], [-98.47158, 22.43445], [-98.46641, 22.43434], [-98.46031, 22.42969], [-98.45236, 22.4237], [-98.44771, 22.42618], [-98.44409, 22.43119], [-98.43923, 22.43274], [-98.42347, 22.42359], [-98.41262, 22.41455], [-98.40228, 22.41253], [-98.38812, 22.42452], [-98.37815, 22.4269], [-98.37179, 22.413], [-98.36368, 22.40085], [-98.34838, 22.4085], [-98.33598, 22.40344], [-98.3226, 22.39946], [-98.30942, 22.39951], [-98.29774, 22.40664], [-98.29407, 22.42339], [-98.29397, 22.44773], [-98.28978, 22.46679], [-98.27381, 22.46752], [-98.26193, 22.46121], [-98.25568, 22.45858], [-98.24973, 22.45894], [-98.23904, 22.46157], [-98.22943, 22.46566], [-98.22059, 22.4715], [-98.21056, 22.47713], [-98.1977, 22.48054], [-98.17852, 22.47325], [-98.1701, 22.45212], [-98.16194, 22.42778], [-98.14343, 22.41088], [-98.12664, 22.3993], [-98.10969, 22.38447], [-98.09279, 22.37264], [-98.07595, 22.36995], [-98.05342, 22.36969], [-98.02892, 22.36262], [-98.0037, 22.35497], [-97.97874, 22.35295], [-97.96298, 22.34949], [-97.94396, 22.33946], [-97.92479, 22.32773], [-97.90862, 22.3191], [-97.89518, 22.30758], [-97.90242, 22.29564], [-97.91379, 22.28252], [-97.9128, 22.26743], [-97.90087, 22.25782], [-97.89136, 22.25001], [-97.88262, 22.24169], [-97.87317, 22.23022], [-97.86278, 22.21978], [-97.85177, 22.2203], [-97.84164, 22.23012], [-97.83487, 22.24128], [-97.82583, 22.2466], [-97.81648, 22.25027], [-97.78847, 22.26784], [-97.78186, 22.27334], [-97.77428, 22.25349], [-97.77135, 22.13166], [-97.76061, 22.09585], [-97.61046, 21.83576], [-97.50813, 21.72281], [-97.48998, 21.71284], [-97.43529, 21.66535], [-97.42488, 21.66104], [-97.41381, 21.64672], [-97.34228, 21.60297], [-97.31623, 21.56094], [-97.31916, 21.51984], [-97.33361, 21.47834], [-97.34228, 21.43513], [-97.34789, 21.41791], [-97.37584, 21.37328], [-97.38732, 21.35936], [-97.39818, 21.34162], [-97.40421, 21.31892], [-97.4112, 21.27338], [-97.41861, 21.27338], [-97.43171, 21.34227], [-97.45613, 21.39228], [-97.46377, 21.42402], [-97.47155, 21.43073], [-97.47224, 21.43781], [-97.45564, 21.45527], [-97.43981, 21.46662], [-97.41942, 21.47675], [-97.40087, 21.48054], [-97.39074, 21.47264], [-97.38048, 21.4892], [-97.37426, 21.5043], [-97.37108, 21.51984], [-97.37023, 21.5375], [-97.37898, 21.55435], [-97.39924, 21.57062], [-97.43855, 21.59553], [-97.48689, 21.63642], [-97.50162, 21.66055], [-97.55582, 21.71284], [-97.60204, 21.77705], [-97.62507, 21.79442], [-97.63028, 21.80439], [-97.63097, 21.81684], [-97.64761, 21.88434], [-97.65884, 21.90746], [-97.6859, 21.92451], [-97.76757, 22.06379], [-97.78112, 22.09585], [-97.77701, 22.07306], [-97.76012, 22.03685], [-97.75145, 22.0257], [-97.74429, 22.00642], [-97.71972, 21.95181], [-97.71264, 21.91096], [-97.70836, 21.82746], [-97.68814, 21.76081], [-97.6726, 21.67528], [-97.65758, 21.63654], [-97.57763, 21.50104], [-97.562, 21.48566], [-97.54564, 21.47736], [-97.53067, 21.47626], [-97.5161, 21.48184], [-97.5006, 21.49311], [-97.48941, 21.48078], [-97.49071, 21.46214], [-97.5006, 21.42109], [-97.49682, 21.40062], [-97.42951, 21.27167], [-97.42829, 21.2604], [-97.41251, 21.25519], [-97.4049, 21.24189], [-97.39753, 21.20515], [-97.33804, 21.055], [-97.26814, 20.92788], [-97.19717, 20.81021], [-97.187, 20.7768], [-97.17785, 20.75947], [-97.18322, 20.75605], [-97.18814, 20.75178], [-97.19831, 20.73896], [-97.15054, 20.64704], [-97.03441, 20.51455], [-97.00032, 20.48575], [-96.95987, 20.46483], [-96.94034, 20.44916], [-96.92565, 20.41035], [-96.91088, 20.39281], [-96.88362, 20.36848], [-96.81481, 20.29043], [-96.75329, 20.24079], [-96.73428, 20.22102], [-96.72155, 20.19269], [-96.71158, 20.18244], [-96.70116, 20.17398], [-96.69522, 20.17048], [-96.68444, 20.16673], [-96.67602, 20.15786], [-96.6411, 20.10025], [-96.5751, 20.02643], [-96.50988, 19.92976], [-96.45613, 19.8688], [-96.44009, 19.83771], [-96.40514, 19.74185], [-96.39367, 19.65412], [-96.36002, 19.53685], [-96.34923, 19.51936], [-96.3155, 19.48224], [-96.31029, 19.46296], [-96.32071, 19.43883], [-96.31916, 19.42471], [-96.3048, 19.392], [-96.29845, 19.35415], [-96.29035, 19.33259], [-96.27831, 19.3146], [-96.25451, 19.30146], [-96.17162, 19.23412], [-96.15738, 19.22517], [-96.13195, 19.23591], [-96.12214, 19.22207], [-96.11872, 19.19847], [-96.11242, 19.18012], [-96.1029, 19.16584], [-96.08849, 19.1153], [-96.07738, 19.0961], [-96.06143, 19.07852], [-96.04125, 19.06566], [-96.01716, 19.06061], [-95.9912, 19.06102], [-95.97716, 19.05825], [-95.97033, 19.04609], [-95.95629, 18.97582], [-95.94176, 18.93895], [-95.92369, 18.90766], [-95.90355, 18.8819], [-95.86775, 18.84911], [-95.84435, 18.8334], [-95.82437, 18.82665], [-95.80826, 18.82453], [-95.78604, 18.81883], [-95.76521, 18.81045], [-95.75276, 18.79999], [-95.75121, 18.79279], [-95.75276, 18.76581], [-95.7779, 18.77851], [-95.82457, 18.8133], [-95.87951, 18.82852], [-95.91478, 18.86249], [-95.93765, 18.86823], [-95.95885, 18.85639], [-95.93651, 18.83836], [-95.90099, 18.82233], [-95.88244, 18.81704], [-95.87291, 18.79877], [-95.8507, 18.77985], [-95.80736, 18.75214], [-95.80736, 18.7447], [-95.82421, 18.74527], [-95.85131, 18.75617], [-95.86632, 18.75898], [-95.87731, 18.75239], [-95.87304, 18.73786], [-95.86189, 18.72338], [-95.85204, 18.71678], [-95.83585, 18.7176], [-95.82433, 18.72012], [-95.80114, 18.73102], [-95.79776, 18.73505], [-95.79719, 18.73949], [-95.79418, 18.74323], [-95.78344, 18.7447], [-95.77473, 18.74404], [-95.6693, 18.71434], [-95.64688, 18.7106], [-95.62841, 18.70034], [-95.60644, 18.68106], [-95.58503, 18.66966], [-95.56835, 18.6833], [-95.60827, 18.70767], [-95.67431, 18.7294], [-95.72838, 18.75723], [-95.73282, 18.79999], [-95.66417, 18.75104], [-95.58361, 18.72167], [-95.49519, 18.70734], [-95.36473, 18.70327], [-95.27526, 18.70991], [-95.20836, 18.70865], [-95.19005, 18.70515], [-95.173, 18.69672], [-95.13809, 18.66706], [-95.05142, 18.61225], [-95.0384, 18.59797], [-95.03332, 18.57713], [-95.02424, 18.56403], [-95.00255, 18.55541], [-94.87194, 18.53583], [-94.85505, 18.5279], [-94.80785, 18.52363], [-94.78694, 18.51195], [-94.76919, 18.48334], [-94.7386, 18.40681], [-94.71801, 18.37482], [-94.65274, 18.31379], [-94.62829, 18.28535], [-94.58088, 18.18985], [-94.57502, 18.1883], [-94.54332, 18.16621], [-94.53087, 18.16063], [-94.50023, 18.15762], [-94.46695, 18.14423], [-94.43847, 18.1472], [-94.41006, 18.15355], [-94.38842, 18.15571], [-94.35416, 18.16852], [-94.20714, 18.18964], [-94.13707, 18.20744], [-94.13355, 18.19811], [-94.13226, 18.18706], [-94.13061, 18.17651], [-94.12559, 18.16747], [-94.11557, 18.16277], [-94.10456, 18.16194], [-94.09603, 18.15822], [-94.0935, 18.1452], [-94.0949, 18.13362], [-94.09583, 18.11946], [-94.09371, 18.10613], [-94.08585, 18.09704], [-94.07779, 18.08959], [-94.08053, 18.08334], [-94.08683, 18.07776], [-94.08978, 18.07275], [-94.08683, 18.06649], [-94.08218, 18.06117], [-94.07691, 18.05518], [-94.072, 18.04722], [-94.06952, 18.03631], [-94.06958, 18.02588], [-94.06782, 18.01621], [-94.05996, 18.00743], [-94.05076, 17.99368], [-94.05779, 17.98004], [-94.06921, 17.96609], [-94.0734, 17.9512], [-94.07588, 17.931], [-94.07908, 17.90537], [-94.07671, 17.88201], [-94.06229, 17.86873], [-94.05521, 17.86801], [-94.04704, 17.86821], [-94.03924, 17.86795], [-94.03283, 17.86578], [-94.02937, 17.86149], [-94.0272, 17.85581], [-94.02555, 17.85044], [-94.02338, 17.84718], [-94.01061, 17.84181], [-93.99764, 17.83896], [-93.98426, 17.83653], [-93.97046, 17.8323], [-93.94969, 17.81075], [-93.94622, 17.783], [-93.93687, 17.75856], [-93.89837, 17.74677], [-93.87724, 17.74646], [-93.86215, 17.7445], [-93.85305, 17.73613], [-93.84985, 17.7169], [-93.84602, 17.71029], [-93.83667, 17.70843], [-93.82494, 17.70843], [-93.81398, 17.70734], [-93.78742, 17.69959], [-93.75859, 17.68812], [-93.73378, 17.67148], [-93.71926, 17.64828], [-93.70856, 17.63143], [-93.68789, 17.60781], [-93.66619, 17.58647], [-93.65203, 17.57608], [-93.62268, 17.56301], [-93.61482, 17.54653], [-93.61906, 17.52617], [-93.62562, 17.50141], [-93.62738, 17.49201], [-93.6294, 17.48157], [-93.6312, 17.47165], [-93.63239, 17.46348], [-93.63487, 17.45217], [-93.6388, 17.44012], [-93.64226, 17.42907], [-93.6434, 17.4208], [-93.63704, 17.40137], [-93.62444, 17.38928], [-93.60785, 17.38163], [-93.5895, 17.37553], [-93.57596, 17.40416], [-93.56242, 17.43289], [-93.54878, 17.46157], [-93.53524, 17.49025], [-93.52682, 17.51542], [-93.52227, 17.52875], [-93.51747, 17.53454], [-93.51142, 17.54637], [-93.50584, 17.55299], [-93.48873, 17.56394], [-93.4847, 17.56725], [-93.47922, 17.57076], [-93.47514, 17.57066], [-93.47261, 17.57283], [-93.47054, 17.59009], [-93.46749, 17.59598], [-93.45742, 17.60756], [-93.44346, 17.61825], [-93.42755, 17.6274], [-93.41442, 17.63768], [-93.409, 17.65195], [-93.40114, 17.67117], [-93.39768, 17.68982], [-93.39344, 17.70631], [-93.37577, 17.76579], [-93.35809, 17.82553], [-93.33866, 17.88454], [-93.31572, 17.94221], [-93.31345, 17.96386], [-93.30166, 17.96743], [-93.29484, 17.97208], [-93.28239, 17.98805], [-93.27102, 17.99368], [-93.2565, 17.99229], [-93.23149, 17.98433], [-93.19588, 17.97895], [-93.18648, 17.97441], [-93.16617, 17.96082], [-93.14209, 17.94955], [-93.12044, 17.92211], [-93.08757, 17.9003], [-93.05455, 17.89467], [-93.03222, 17.91544], [-93.01078, 17.91245], [-92.99791, 17.93291], [-92.99553, 17.91555], [-92.9946, 17.90945], [-92.9944, 17.88899], [-92.99414, 17.88713], [-92.99388, 17.88527], [-92.99367, 17.8834], [-92.99341, 17.88165], [-92.99233, 17.86377], [-92.99078, 17.84558], [-92.98985, 17.82739], [-92.99088, 17.80971], [-92.99476, 17.79411], [-93.0006, 17.77985], [-93.00664, 17.76532], [-93.01114, 17.74884], [-93.01072, 17.70827], [-93.00132, 17.66817], [-92.99197, 17.62781], [-92.99186, 17.58621], [-92.98974, 17.56125], [-92.98313, 17.54213], [-92.96871, 17.53149], [-92.94318, 17.53159], [-92.91021, 17.5258], [-92.89373, 17.50606], [-92.88226, 17.47826], [-92.86427, 17.44808], [-92.85378, 17.43258], [-92.84216, 17.41661], [-92.82934, 17.40183], [-92.81529, 17.38979], [-92.78728, 17.37413], [-92.75524, 17.36426], [-92.7232, 17.36561], [-92.69545, 17.38354], [-92.69157, 17.38685], [-92.68775, 17.39015], [-92.68387, 17.39341], [-92.68005, 17.39672], [-92.66475, 17.41015], [-92.64951, 17.42354], [-92.63421, 17.43697], [-92.61886, 17.45036], [-92.60899, 17.45935], [-92.59912, 17.46829], [-92.58925, 17.47723], [-92.57933, 17.48612], [-92.55783, 17.50415], [-92.53623, 17.52219], [-92.51474, 17.54022], [-92.49319, 17.55826], [-92.47711, 17.57484], [-92.45929, 17.59298], [-92.43949, 17.60735], [-92.41779, 17.61303], [-92.38301, 17.62332], [-92.37521, 17.64073], [-92.37624, 17.66523], [-92.36808, 17.69685], [-92.34348, 17.71298], [-92.30901, 17.72393], [-92.27248, 17.73199], [-92.24168, 17.73928], [-92.21646, 17.74843], [-92.19165, 17.76016], [-92.16845, 17.77354], [-92.14814, 17.7878], [-92.11683, 17.78336], [-92.08076, 17.78729], [-92.06081, 17.80263], [-92.07781, 17.83276], [-92.05249, 17.85891], [-92.02536, 17.8863], [-91.99559, 17.90475], [-91.97348, 17.90873], [-91.96686, 17.90924], [-91.95353, 17.90232], [-91.95394, 17.8678], [-91.94294, 17.854], [-91.93596, 17.86346], [-91.93183, 17.87348], [-91.92624, 17.88227], [-91.91498, 17.88816], [-91.89994, 17.8893], [-91.8862, 17.88609], [-91.86041, 17.87447], [-91.84036, 17.88909], [-91.81876, 17.88542], [-91.79922, 17.86935], [-91.78527, 17.84656], [-91.78403, 17.8402], [-91.78527, 17.82046], [-91.78372, 17.81442], [-91.7814, 17.81013], [-91.77938, 17.80496], [-91.77555, 17.77432], [-91.78145, 17.76455], [-91.79126, 17.74595], [-91.79426, 17.72884], [-91.78155, 17.72088], [-91.76016, 17.72109], [-91.73928, 17.72161], [-91.71882, 17.7199], [-91.69814, 17.7136], [-91.67975, 17.68528], [-91.66672, 17.65102], [-91.65758, 17.61526], [-91.65086, 17.58218], [-91.64962, 17.57092], [-91.65009, 17.56131], [-91.65112, 17.55206], [-91.65174, 17.54193], [-91.64471, 17.52492], [-91.62786, 17.51356], [-91.6074, 17.50591], [-91.58952, 17.49986], [-91.58621, 17.49857], [-91.58285, 17.49723], [-91.57955, 17.49583], [-91.57624, 17.49454], [-91.558, 17.48829], [-91.53671, 17.48147], [-91.51655, 17.47371], [-91.50983, 17.46782], [-91.50069, 17.46359], [-91.49273, 17.45707], [-91.49237, 17.44198], [-91.49728, 17.41237], [-91.49232, 17.40147], [-91.48033, 17.39403], [-91.46565, 17.38979], [-91.45258, 17.38845], [-91.43144, 17.38938], [-91.42374, 17.38566], [-91.41475, 17.3748], [-91.39108, 17.33657], [-91.38741, 17.33326], [-91.39098, 17.31889], [-91.40193, 17.31631], [-91.41609, 17.31703], [-91.42901, 17.31274], [-91.43475, 17.30303], [-91.43883, 17.28763], [-91.43976, 17.27109], [-91.43583, 17.25812], [-91.43327, 17.25454], [-91.43826, 17.25368], [-91.4425, 17.23797], [-91.41925, 17.22773], [-91.38835, 17.22159], [-91.37295, 17.21358], [-91.36488, 17.18975], [-91.34452, 17.18634], [-91.31776, 17.19048], [-91.29042, 17.18908], [-91.27951, 17.18009], [-91.27083, 17.16428], [-91.26515, 17.14624], [-91.26313, 17.13074], [-91.2592, 17.12433], [-91.23879, 17.11922], [-91.2296, 17.11399], [-91.22536, 17.10702], [-91.22024, 17.08929], [-91.21595, 17.07922], [-91.20675, 17.06537], [-91.1712, 17.02801], [-91.16123, 17.02398], [-91.13715, 17.02651], [-91.12655, 17.0246], [-91.12123, 17.01839], [-91.11611, 16.99927], [-91.11224, 16.99049], [-91.07694, 16.94951], [-91.07131, 16.93892], [-91.06687, 16.91819], [-91.05493, 16.90801], [-91.01669, 16.89484], [-91.0109, 16.89029], [-90.99834, 16.87716], [-90.99307, 16.87437], [-90.98325, 16.87861], [-90.98429, 16.88776], [-90.98796, 16.8969], [-90.98625, 16.90109], [-90.96883, 16.90104], [-90.95519, 16.89876], [-90.95276, 16.89091], [-90.96889, 16.87437], [-90.94817, 16.86471], [-90.91907, 16.83634], [-90.90062, 16.826], [-90.83174, 16.80543], [-90.81996, 16.80533], [-90.8106, 16.81293], [-90.79696, 16.80543], [-90.79696, 16.79867], [-90.80037, 16.78683], [-90.78559, 16.775], [-90.74978, 16.75769], [-90.73531, 16.74658], [-90.66772, 16.65258], [-90.65402, 16.61661], [-90.6672, 16.5932], [-90.6672, 16.587], [-90.65883, 16.58845], [-90.65361, 16.5901], [-90.65025, 16.59341], [-90.64736, 16.60007], [-90.63376, 16.59217], [-90.63702, 16.5779], [-90.64353, 16.56101], [-90.63997, 16.54483], [-90.64818, 16.52959], [-90.6395, 16.52587], [-90.62415, 16.52494], [-90.61263, 16.51811], [-90.61206, 16.50762], [-90.61899, 16.50008], [-90.62787, 16.4929], [-90.63309, 16.48334], [-90.62074, 16.48675], [-90.60467, 16.48618], [-90.59062, 16.48339], [-90.58472, 16.48024], [-90.57935, 16.48277], [-90.55341, 16.49026], [-90.54372, 16.49021], [-90.53907, 16.46887], [-90.53289, 16.45993], [-90.50892, 16.47109], [-90.49775, 16.46804], [-90.48822, 16.46158], [-90.4823, 16.45605], [-90.47708, 16.44499], [-90.47843, 16.43641], [-90.47584, 16.43073], [-90.44437, 16.4268], [-90.43411, 16.42241], [-90.4267, 16.41771], [-90.42081, 16.41512], [-90.40946, 16.41667], [-90.4006, 16.42055], [-90.39492, 16.41921], [-90.3929, 16.40484], [-90.3927, 16.39171], [-90.39138, 16.38598], [-90.37985, 16.36727], [-90.39512, 16.3714], [-90.40874, 16.37233], [-90.41822, 16.36717], [-90.42081, 16.35301], [-90.41401, 16.35301], [-90.41401, 16.36045], [-90.40719, 16.36045], [-90.39879, 16.34758], [-90.40468, 16.33151], [-90.41946, 16.31782], [-90.43789, 16.31208], [-90.44489, 16.30836], [-90.43473, 16.30123], [-90.42019, 16.29601], [-90.41401, 16.29839], [-90.41406, 16.28784], [-90.42024, 16.28536], [-90.42856, 16.28764], [-90.43448, 16.29156], [-90.43551, 16.28877], [-90.43551, 16.28624], [-90.43675, 16.28485], [-90.4413, 16.28536], [-90.43752, 16.28004], [-90.43143, 16.26893], [-90.42768, 16.26361], [-90.44062, 16.26531], [-90.44373, 16.26686], [-90.44814, 16.2711], [-90.45943, 16.25906], [-90.45783, 16.24914], [-90.44799, 16.24149], [-90.43448, 16.23632], [-90.44623, 16.23084], [-90.45851, 16.22175], [-90.46558, 16.20811], [-90.46181, 16.18914], [-90.43272, 16.17323], [-90.42613, 16.16315], [-90.44814, 16.15442], [-90.44814, 16.14821], [-90.4353, 16.13628], [-90.45949, 16.11679], [-90.45558, 16.09974], [-90.44814, 16.09974], [-90.44453, 16.10326], [-90.44274, 16.10419], [-90.44021, 16.10486], [-90.43448, 16.10718], [-90.43742, 16.09886], [-90.44416, 16.08465], [-90.44784, 16.07969], [-90.44819, 16.07926], [-90.46615, 16.07292], [-90.48574, 16.0707], [-90.57547, 16.0706], [-90.7133, 16.07034], [-90.85112, 16.07013], [-90.98899, 16.06987], [-90.9948, 16.06987], [-91.12691, 16.06977], [-91.26479, 16.06951], [-91.40261, 16.0693], [-91.54048, 16.06915], [-91.6784, 16.06889], [-91.72378, 16.06879], [-91.73985, 16.06098], [-91.75189, 16.04631], [-91.77447, 16.00843], [-91.79297, 15.97758], [-91.84168, 15.89608], [-91.91056, 15.78095], [-91.9896, 15.64897], [-92.06854, 15.51694], [-92.10593, 15.45447], [-92.13745, 15.40183], [-92.18618, 15.32038], [-92.20465, 15.28951], [-92.21129, 15.27207], [-92.21093, 15.25336], [-92.20336, 15.23716], [-92.07381, 15.07371], [-92.0936, 15.02942], [-92.10383, 15.01787], [-92.11698, 15.01239], [-92.12988, 15.01094], [-92.14236, 15.00748], [-92.15421, 14.99593], [-92.15757, 14.96304], [-92.15468, 14.9008], [-92.16602, 14.87082], [-92.1868, 14.84726], [-92.19165, 14.8353], [-92.19083, 14.81424], [-92.18866, 14.80589], [-92.17938, 14.78124], [-92.17881, 14.77339], [-92.1801, 14.75879], [-92.17938, 14.75158], [-92.16173, 14.70233], [-92.1608, 14.6835], [-92.16473, 14.66815], [-92.18607, 14.62957], [-92.20806, 14.57051], [-92.2261, 14.54935], [-92.24626, 14.54628], [-92.25076, 14.55073], [-92.30594, 14.61506], [-92.38207, 14.68464], [-92.50784, 14.80707], [-92.69986, 14.99909], [-92.82486, 15.13565], [-92.84061, 15.16116], [-92.84044, 15.18195], [-92.824, 15.1728], [-92.78087, 15.15884], [-92.77213, 15.15034], [-92.77017, 15.13174], [-92.76403, 15.11294], [-92.75316, 15.09841], [-92.73742, 15.0926], [-92.74816, 15.11298], [-92.75634, 15.15412], [-92.76842, 15.17145], [-92.78226, 15.17988], [-92.80297, 15.1883], [-92.82433, 15.19269], [-92.84044, 15.18879], [-92.84317, 15.20588], [-92.85403, 15.20852], [-92.85973, 15.20132], [-92.84667, 15.18879], [-92.86352, 15.19111], [-92.923, 15.23721], [-92.96377, 15.25381], [-92.98314, 15.26557], [-92.9982, 15.29397], [-93.07811, 15.34866], [-93.17003, 15.44888], [-93.1881, 15.47757], [-93.19961, 15.49099], [-93.22863, 15.50186], [-93.47082, 15.70071], [-93.48815, 15.70893], [-93.65604, 15.83926], [-93.75919, 15.90616], [-93.94339, 16.01056], [-93.93118, 16.01606], [-93.90709, 16.01443], [-93.89562, 16.0174], [-93.88907, 16.00642], [-93.87804, 16.0054], [-93.86539, 16.01215], [-93.85403, 16.02485], [-93.87393, 16.04853], [-93.88524, 16.07083], [-93.8981, 16.08893], [-93.92296, 16.09992], [-94.04263, 16.12531], [-94.07376, 16.14094], [-94.08361, 16.14887], [-94.10265, 16.16413], [-94.11636, 16.17914], [-94.12218, 16.19245], [-94.12784, 16.22085], [-94.14244, 16.22675], [-94.16226, 16.21967], [-94.18362, 16.20917], [-94.22423, 16.20356], [-94.26671, 16.21528], [-94.30712, 16.23762], [-94.3413, 16.26382], [-94.36356, 16.28701], [-94.37767, 16.29536], [-94.39928, 16.29861], [-94.41727, 16.29251], [-94.41906, 16.27774], [-94.41527, 16.25979], [-94.41637, 16.24396], [-94.42321, 16.24396], [-94.43228, 16.24881], [-94.43651, 16.24555], [-94.43493, 16.23969], [-94.42663, 16.23652], [-94.41421, 16.23404], [-94.41454, 16.22858], [-94.42333, 16.22382], [-94.43688, 16.22285], [-94.34549, 16.16315], [-94.29263, 16.14114], [-94.26553, 16.14838], [-94.3413, 16.17569], [-94.3413, 16.18191], [-94.3153, 16.18049], [-94.27477, 16.16572], [-94.25561, 16.16201], [-94.23001, 16.16327], [-94.21947, 16.16132], [-94.20409, 16.15457], [-94.16995, 16.13471], [-94.16995, 16.12727], [-94.18362, 16.12727], [-94.18362, 16.12043], [-94.11282, 16.10566], [-94.08218, 16.09475], [-94.05667, 16.07575], [-94.03038, 16.03974], [-94.01915, 16.03107]]], [[[-91.5244, 18.76659], [-91.52457, 18.75214], [-91.5288, 18.75528], [-91.53205, 18.75898], [-91.55394, 18.74494], [-91.56591, 18.74018], [-91.57921, 18.73851], [-91.57461, 18.74592], [-91.56851, 18.75165], [-91.5609, 18.75593], [-91.55187, 18.75898], [-91.57165, 18.75723], [-91.60603, 18.74372], [-91.62084, 18.7447], [-91.66006, 18.69233], [-91.68887, 18.66942], [-91.72321, 18.66279], [-91.70275, 18.6975], [-91.75512, 18.66714], [-91.78596, 18.65436], [-91.81627, 18.64911], [-91.83568, 18.64911], [-91.84268, 18.65119], [-91.83825, 18.65819], [-91.82315, 18.67333], [-91.81216, 18.67976], [-91.76822, 18.6975], [-91.74022, 18.7038], [-91.68589, 18.73153], [-91.64655, 18.75584], [-91.60033, 18.77204], [-91.55573, 18.79169], [-91.53889, 18.79312], [-91.53246, 18.78535], [-91.52733, 18.77709], [-91.5244, 18.76659]]], [[[-97.66348, 21.77847], [-97.67927, 21.82319], [-97.68493, 21.86245], [-97.67032, 21.84862], [-97.66454, 21.82909], [-97.66055, 21.80756], [-97.65144, 21.78791], [-97.61473, 21.76439], [-97.60171, 21.75194], [-97.61046, 21.74018], [-97.63996, 21.7451], [-97.66348, 21.77847]]], [[[-87.31013, 18.56721], [-87.32815, 18.5327], [-87.32209, 18.48924], [-87.3345, 18.45437], [-87.3732, 18.40249], [-87.37942, 18.40249], [-87.37564, 18.41026], [-87.35851, 18.42939], [-87.34874, 18.44257], [-87.34362, 18.45234], [-87.33747, 18.47777], [-87.33121, 18.53242], [-87.32815, 18.54125], [-87.32433, 18.54979], [-87.31847, 18.55842], [-87.31013, 18.56721]]], [[[-87.25862, 18.65697], [-87.26915, 18.73851], [-87.25548, 18.72427], [-87.24816, 18.67621], [-87.24987, 18.65086], [-87.26293, 18.62865], [-87.25862, 18.65697]]], [[[-89.60016, 17.81473], [-89.82002, 17.81499], [-90.03977, 17.81514], [-90.25965, 17.81535], [-90.47946, 17.81561], [-90.69924, 17.81581], [-90.91912, 17.81602], [-90.96222, 17.81602], [-90.98284, 17.81054], [-90.9909, 17.80196], [-90.99168, 17.85126], [-90.99168, 17.90036], [-90.99168, 17.9495], [-90.99168, 17.96821], [-91.05162, 17.97048], [-91.08056, 17.97167], [-91.10945, 17.97281], [-91.12371, 17.9758], [-91.13177, 17.98221], [-91.1389, 17.99079], [-91.15027, 18.00009], [-91.168, 18.00681], [-91.18763, 18.00846], [-91.20784, 18.00753], [-91.22737, 18.00645], [-91.24567, 18.01063], [-91.26463, 18.02128], [-91.28277, 18.03446], [-91.29837, 18.04634], [-91.316, 18.05843], [-91.33196, 18.06686], [-91.34933, 18.07192], [-91.37145, 18.07378], [-91.39041, 18.0759], [-91.40705, 18.0806], [-91.42364, 18.08639], [-91.44245, 18.09197], [-91.45413, 18.09549], [-91.46519, 18.09931], [-91.47656, 18.1022], [-91.48958, 18.10298], [-91.51211, 18.10334], [-91.54084, 18.10458], [-91.56875, 18.10365], [-91.5889, 18.09786], [-91.59143, 18.09321], [-91.59603, 18.0835], [-91.60058, 18.07326], [-91.60306, 18.06717], [-91.60409, 18.05631], [-91.60249, 18.045], [-91.60037, 18.03461], [-91.59986, 18.02634], [-91.60471, 18.00877], [-91.61422, 17.98397], [-91.62476, 17.96149], [-91.63308, 17.95089], [-91.68171, 17.95105], [-91.73034, 17.95131], [-91.77897, 17.95151], [-91.82765, 17.95167], [-91.85932, 17.95358], [-91.89095, 17.96666], [-91.92128, 17.98464], [-91.94914, 18.00138], [-91.96541, 18.01084], [-91.96976, 18.02603], [-91.97513, 18.04164], [-91.99404, 18.05259], [-92.00882, 18.05714], [-92.02226, 18.06324], [-92.03502, 18.07047], [-92.04794, 18.07833], [-92.07109, 18.0945], [-92.09316, 18.11259], [-92.1159, 18.13042], [-92.14122, 18.14608], [-92.15564, 18.16881], [-92.15806, 18.20773], [-92.15471, 18.24896], [-92.15197, 18.27863], [-92.15124, 18.32441], [-92.15057, 18.3702], [-92.1498, 18.41603], [-92.14907, 18.46187], [-92.19445, 18.46032], [-92.24235, 18.45774], [-92.28994, 18.45763], [-92.33418, 18.46373], [-92.34343, 18.46321], [-92.35035, 18.45944], [-92.35759, 18.45701], [-92.36808, 18.46079], [-92.37624, 18.46673], [-92.3842, 18.47309], [-92.39205, 18.47944], [-92.40032, 18.48523], [-92.4165, 18.50332], [-92.42451, 18.52714], [-92.42968, 18.55282], [-92.43727, 18.57633], [-92.44916, 18.59385], [-92.46389, 18.6122], [-92.47587, 18.63142], [-92.48614, 18.64848], [-92.40514, 18.67106], [-92.29271, 18.67683], [-92.18676, 18.68623], [-92.06013, 18.70162], [-91.97931, 18.69843], [-91.94806, 18.69122], [-91.92081, 18.66193], [-91.86693, 18.62836], [-91.86042, 18.62181], [-91.86042, 18.60981], [-91.86657, 18.59838], [-91.87662, 18.59015], [-91.88829, 18.58763], [-91.88366, 18.59431], [-91.88085, 18.6013], [-91.89265, 18.59662], [-91.9051, 18.59443], [-91.93236, 18.5939], [-91.94254, 18.59838], [-91.94066, 18.60887], [-91.93725, 18.62055], [-91.94294, 18.62865], [-91.95019, 18.62954], [-91.95629, 18.62739], [-91.97606, 18.61156], [-91.9807, 18.61127], [-91.98534, 18.61384], [-91.99446, 18.61563], [-92.00821, 18.61298], [-92.01138, 18.60737], [-92.00504, 18.60236], [-91.99071, 18.6013], [-91.99071, 18.5939], [-92.00357, 18.59024], [-92.01647, 18.58967], [-92.02847, 18.59308], [-92.03913, 18.6013], [-92.03726, 18.59545], [-92.03669, 18.59105], [-92.03539, 18.58674], [-92.03165, 18.5808], [-92.03991, 18.5742], [-92.04601, 18.56664], [-92.05016, 18.5576], [-92.05281, 18.5467], [-92.04776, 18.55073], [-92.03165, 18.56037], [-92.01374, 18.54633], [-92.0039, 18.54173], [-91.99071, 18.53925], [-91.96862, 18.54572], [-91.95519, 18.54768], [-91.94913, 18.54304], [-91.94262, 18.52998], [-91.92663, 18.5183], [-91.90673, 18.50971], [-91.88829, 18.50576], [-91.91503, 18.52558], [-91.94298, 18.54198], [-91.96418, 18.56232], [-91.97029, 18.5939], [-91.95006, 18.5843], [-91.93883, 18.57526], [-91.92626, 18.57233], [-91.90197, 18.5808], [-91.91503, 18.56037], [-91.90136, 18.55573], [-91.88817, 18.54816], [-91.87816, 18.53799], [-91.87401, 18.52558], [-91.88829, 18.53242], [-91.88931, 18.52924], [-91.88907, 18.5268], [-91.89005, 18.52546], [-91.89452, 18.52558], [-91.87694, 18.51439], [-91.83723, 18.50324], [-91.82628, 18.49144], [-91.82909, 18.47728], [-91.85424, 18.44831], [-91.86042, 18.43317], [-91.85228, 18.42015], [-91.83397, 18.40278], [-91.81428, 18.38866], [-91.80207, 18.38565], [-91.79235, 18.40156], [-91.7965, 18.41592], [-91.80602, 18.43122], [-91.81261, 18.45051], [-91.80443, 18.44221], [-91.79454, 18.43732], [-91.78344, 18.43561], [-91.7716, 18.43683], [-91.78209, 18.45014], [-91.7965, 18.46263], [-91.80517, 18.4759], [-91.79833, 18.49144], [-91.77282, 18.4785], [-91.71174, 18.46279], [-91.68224, 18.45051], [-91.66356, 18.4562], [-91.61815, 18.44526], [-91.59288, 18.44306], [-91.54442, 18.44916], [-91.52131, 18.45506], [-91.50406, 18.46418], [-91.50259, 18.44969], [-91.49584, 18.4396], [-91.48648, 18.43643], [-91.47741, 18.44306], [-91.47541, 18.45466], [-91.48249, 18.48469], [-91.48363, 18.49828], [-91.49047, 18.49828], [-91.49201, 18.49286], [-91.49584, 18.48518], [-91.4973, 18.47777], [-91.50805, 18.4772], [-91.53405, 18.46581], [-91.53889, 18.47102], [-91.53405, 18.48086], [-91.51163, 18.50528], [-91.50406, 18.51195], [-91.48046, 18.52432], [-91.42382, 18.54434], [-91.39489, 18.56037], [-91.3793, 18.55484], [-91.36164, 18.55801], [-91.34504, 18.56562], [-91.33283, 18.57343], [-91.32409, 18.5843], [-91.30724, 18.61538], [-91.30175, 18.62181], [-91.26822, 18.61913], [-91.25133, 18.6197], [-91.24401, 18.62519], [-91.23615, 18.6354], [-91.19701, 18.64639], [-91.182, 18.65656], [-91.19913, 18.66324], [-91.21231, 18.66132], [-91.23721, 18.64911], [-91.28482, 18.6367], [-91.29865, 18.62865], [-91.26643, 18.70429], [-91.26553, 18.73566], [-91.28563, 18.76581], [-91.30236, 18.78095], [-91.31062, 18.78449], [-91.32258, 18.78563], [-91.33259, 18.7829], [-91.33666, 18.7766], [-91.33967, 18.76992], [-91.34651, 18.76581], [-91.36701, 18.77123], [-91.39538, 18.80659], [-91.4147, 18.81362], [-91.40111, 18.83739], [-91.38073, 18.85944], [-91.35774, 18.87564], [-91.31111, 18.89081], [-91.28051, 18.91201], [-91.25304, 18.93708], [-91.23721, 18.95759], [-91.26085, 18.95262], [-91.326, 18.90298], [-91.39127, 18.87128], [-91.41682, 18.85017], [-91.4147, 18.82665], [-91.42418, 18.82184], [-91.42903, 18.82665], [-91.45214, 18.81159], [-91.46426, 18.8083], [-91.48363, 18.80736], [-91.50341, 18.80956], [-91.50528, 18.81656], [-91.48241, 18.84264], [-91.43119, 18.88012], [-91.36691, 18.91407], [-91.28175, 18.96556], [-91.16161, 19.01626], [-91.07958, 19.08735], [-91.05899, 19.09715], [-91.01366, 19.11335], [-90.93554, 19.16307], [-90.85656, 19.25829], [-90.83593, 19.27228], [-90.80309, 19.2829], [-90.76936, 19.30923], [-90.74242, 19.34296], [-90.73009, 19.37592], [-90.71434, 19.56989], [-90.70494, 19.61188], [-90.70279, 19.63255], [-90.70499, 19.65477], [-90.70873, 19.67097], [-90.70946, 19.68749], [-90.70279, 19.71113], [-90.68371, 19.75292], [-90.66454, 19.78193], [-90.60673, 19.82122], [-90.51686, 19.88165], [-90.47782, 19.9221], [-90.46825, 19.9643], [-90.46386, 19.97785], [-90.46255, 19.99567], [-90.46719, 20.01333], [-90.49738, 20.06737], [-90.50023, 20.07925], [-90.50015, 20.08812], [-90.49738, 20.10834], [-90.49665, 20.18464], [-90.48729, 20.2346], [-90.4899, 20.29023], [-90.48827, 20.31208], [-90.47566, 20.36848], [-90.47448, 20.40852], [-90.48957, 20.49055], [-90.4899, 20.53412], [-90.46691, 20.61888], [-90.45938, 20.71552], [-90.44913, 20.74213], [-90.39322, 20.80414], [-90.38114, 20.82403], [-90.37906, 20.82746], [-90.36705, 20.8815], [-90.34191, 20.93915], [-90.3391, 20.97236], [-90.34655, 20.97236], [-90.36018, 20.91771], [-90.37808, 20.88068], [-90.38069, 20.87303], [-90.38532, 20.84911], [-90.39806, 20.82075], [-90.41755, 20.7971], [-90.44213, 20.78742], [-90.44213, 20.79426], [-90.42223, 20.81957], [-90.3601, 21.00039], [-90.34968, 21.01675], [-90.33239, 21.03246], [-90.22008, 21.09838], [-90.19945, 21.11416], [-90.13362, 21.13687], [-90.09948, 21.16413], [-90.07775, 21.17373], [-90.06575, 21.17715], [-90.0349, 21.18057], [-89.98217, 21.19892], [-89.92154, 21.24067], [-89.90429, 21.24673], [-89.88638, 21.24982], [-89.78596, 21.28457], [-89.67756, 21.30191], [-89.59805, 21.30191], [-89.45906, 21.3251], [-89.26915, 21.343], [-89.18708, 21.36555], [-89.14737, 21.37027], [-89.12316, 21.36347], [-89.11262, 21.36278], [-89.10269, 21.36538], [-89.08153, 21.37442], [-89.07478, 21.37641], [-88.98908, 21.39008], [-88.92296, 21.4086], [-88.87877, 21.41307], [-88.85953, 21.41791], [-88.82396, 21.43163], [-88.70271, 21.45856], [-88.66755, 21.48013], [-88.60546, 21.53408], [-88.58593, 21.54181], [-88.52355, 21.54841], [-88.50414, 21.55419], [-88.46764, 21.57014], [-88.44782, 21.5751], [-88.36929, 21.5751], [-88.35241, 21.57184], [-88.31819, 21.55777], [-88.3004, 21.55459], [-88.2827, 21.55671], [-88.25036, 21.56611], [-88.19518, 21.57144], [-88.17723, 21.57673], [-88.16389, 21.58564], [-88.14928, 21.59113], [-88.08479, 21.5893], [-88.10456, 21.59658], [-88.12865, 21.60151], [-88.15221, 21.60114], [-88.18676, 21.58316], [-88.22696, 21.57477], [-88.2351, 21.5738], [-88.23058, 21.58226], [-88.21019, 21.59325], [-88.18798, 21.60041], [-88.16076, 21.60497], [-88.1389, 21.614], [-88.12946, 21.61603], [-88.11498, 21.6142], [-88.07112, 21.60297], [-87.98542, 21.60297], [-87.96207, 21.60008], [-87.89977, 21.5751], [-87.8579, 21.5644], [-87.76985, 21.55264], [-87.70979, 21.53685], [-87.70629, 21.53343], [-87.71483, 21.52668], [-87.72501, 21.52326], [-87.73762, 21.52241], [-87.74983, 21.5246], [-87.75919, 21.53034], [-87.77432, 21.53677], [-87.84455, 21.54841], [-87.86563, 21.55459], [-87.84171, 21.53632], [-87.81135, 21.52106], [-87.77807, 21.51065], [-87.74551, 21.50678], [-87.67691, 21.50678], [-87.64485, 21.50031], [-87.62841, 21.4995], [-87.61181, 21.50678], [-87.65429, 21.50861], [-87.67455, 21.51358], [-87.69058, 21.52359], [-87.68566, 21.52875], [-87.61856, 21.52045], [-87.56273, 21.50141], [-87.53978, 21.49933], [-87.51065, 21.50068], [-87.50194, 21.49933], [-87.49844, 21.49527], [-87.49454, 21.48811], [-87.48754, 21.48176], [-87.4746, 21.48013], [-87.48152, 21.47598], [-87.48754, 21.47358], [-87.49242, 21.47443], [-87.49572, 21.48013], [-87.50194, 21.48013], [-87.49275, 21.46849], [-87.47411, 21.46711], [-87.42992, 21.47264], [-87.40836, 21.47028], [-87.35106, 21.45213], [-87.2893, 21.45458], [-87.27257, 21.44843], [-87.25695, 21.44062], [-87.23819, 21.44302], [-87.16613, 21.47264], [-87.15559, 21.48176], [-87.14244, 21.50137], [-87.13512, 21.5102], [-87.12999, 21.51944], [-87.13191, 21.52847], [-87.13634, 21.53685], [-87.13878, 21.54462], [-87.13687, 21.55268], [-87.13484, 21.55834], [-87.13834, 21.56306], [-87.15307, 21.56826], [-87.17577, 21.56904], [-87.19986, 21.56232], [-87.22183, 21.55085], [-87.23811, 21.5375], [-87.25658, 21.52802], [-87.28051, 21.5279], [-87.3048, 21.53339], [-87.32437, 21.54092], [-87.33121, 21.53408], [-87.33678, 21.54825], [-87.33747, 21.55459], [-87.35338, 21.54682], [-87.37951, 21.52709], [-87.39953, 21.52045], [-87.39786, 21.51606], [-87.39733, 21.51533], [-87.39607, 21.51545], [-87.39208, 21.51362], [-87.40233, 21.50947], [-87.41039, 21.5124], [-87.41446, 21.52106], [-87.41316, 21.53408], [-87.38244, 21.5583], [-87.37218, 21.56916], [-87.36531, 21.57396], [-87.35774, 21.57514], [-87.33397, 21.57437], [-87.30264, 21.56924], [-87.29304, 21.56513], [-87.27213, 21.56078], [-87.24389, 21.56855], [-87.13419, 21.61945], [-87.11148, 21.62344], [-87.04332, 21.60212], [-87.02619, 21.59243], [-86.99791, 21.5659], [-86.94469, 21.49307], [-86.94017, 21.48286], [-86.93367, 21.47484], [-86.92919, 21.46621], [-86.92479, 21.44611], [-86.91853, 21.4396], [-86.90941, 21.435], [-86.89859, 21.43163], [-86.89477, 21.44383], [-86.88536, 21.44522], [-86.86449, 21.43854], [-86.83877, 21.43793], [-86.82795, 21.4333], [-86.81257, 21.3828], [-86.81046, 21.37027], [-86.81249, 21.3548], [-86.82144, 21.32998], [-86.82348, 21.31835], [-86.82286, 21.26952], [-86.81505, 21.20478], [-86.79092, 21.15835], [-86.74157, 21.16413], [-86.74425, 21.15469], [-86.74747, 21.14899], [-86.75109, 21.14403], [-86.77257, 21.09903], [-86.77717, 21.09199], [-86.78995, 21.06489], [-86.78881, 21.05854], [-86.78368, 21.04906], [-86.78254, 21.04401], [-86.78368, 21.03596], [-86.78673, 21.0351], [-86.79113, 21.0362], [-86.79621, 21.03384], [-86.80223, 21.02985], [-86.81754, 21.02473], [-86.82348, 21.02017], [-86.82775, 21.01264], [-86.82994, 21.00446], [-86.83092, 20.98261], [-86.83316, 20.97102], [-86.85082, 20.91771], [-86.87515, 20.8653], [-86.87532, 20.85505], [-86.94323, 20.76227], [-87.03637, 20.66327], [-87.05679, 20.63044], [-87.06745, 20.61921], [-87.12263, 20.58666], [-87.13809, 20.57184], [-87.18041, 20.54719], [-87.23498, 20.49258], [-87.35391, 20.32697], [-87.36535, 20.29393], [-87.37841, 20.291], [-87.38467, 20.28417], [-87.38467, 20.27538], [-87.37902, 20.26667], [-87.41006, 20.24628], [-87.43049, 20.22102], [-87.444, 20.19115], [-87.46589, 20.11176], [-87.4713, 20.06904], [-87.46776, 19.98485], [-87.46044, 19.96239], [-87.43782, 19.92154], [-87.43301, 19.89985], [-87.43419, 19.88923], [-87.44254, 19.85309], [-87.44774, 19.84894], [-87.45446, 19.84711], [-87.46093, 19.8415], [-87.47427, 19.79706], [-87.47981, 19.78433], [-87.48274, 19.82551], [-87.48176, 19.83666], [-87.47834, 19.8415], [-87.46703, 19.84243], [-87.46044, 19.84955], [-87.45238, 19.852], [-87.44734, 19.86197], [-87.44522, 19.87433], [-87.44392, 19.91348], [-87.46166, 19.92878], [-87.46622, 19.9383], [-87.46776, 19.95441], [-87.47102, 19.96214], [-87.47802, 19.96483], [-87.48502, 19.96231], [-87.48827, 19.95441], [-87.48648, 19.94648], [-87.4779, 19.93818], [-87.4746, 19.93085], [-87.47094, 19.89891], [-87.47155, 19.88471], [-87.4746, 19.87564], [-87.46959, 19.88044], [-87.46496, 19.88386], [-87.4547, 19.88931], [-87.49694, 19.82966], [-87.50561, 19.82099], [-87.51049, 19.81708], [-87.51744, 19.80915], [-87.52526, 19.80288], [-87.53295, 19.8039], [-87.54206, 19.81269], [-87.54967, 19.81761], [-87.55687, 19.81489], [-87.56457, 19.80048], [-87.57994, 19.79902], [-87.60041, 19.77139], [-87.61832, 19.73688], [-87.62873, 19.70856], [-87.64656, 19.67764], [-87.65832, 19.64484], [-87.66735, 19.63377], [-87.68004, 19.63597], [-87.6691, 19.64228], [-87.65884, 19.65546], [-87.65421, 19.67084], [-87.66015, 19.68378], [-87.67048, 19.68187], [-87.72419, 19.68203], [-87.73469, 19.68378], [-87.7412, 19.6717], [-87.74425, 19.6518], [-87.74437, 19.6306], [-87.7421, 19.61494], [-87.73152, 19.60053], [-87.70275, 19.58332], [-87.70055, 19.57392], [-87.69311, 19.57014], [-87.68326, 19.56757], [-87.67199, 19.56672], [-87.66015, 19.56778], [-87.66637, 19.55248], [-87.66926, 19.52334], [-87.67382, 19.50568], [-87.65441, 19.50747], [-87.64159, 19.51805], [-87.63097, 19.53278], [-87.61856, 19.54662], [-87.60729, 19.55268], [-87.57852, 19.56147], [-87.56457, 19.56778], [-87.53669, 19.56029], [-87.51553, 19.548], [-87.50939, 19.54662], [-87.50292, 19.55004], [-87.5008, 19.55634], [-87.49942, 19.56297], [-87.49572, 19.56778], [-87.48672, 19.56782], [-87.48013, 19.56281], [-87.47436, 19.56029], [-87.46776, 19.56778], [-87.46402, 19.56517], [-87.46174, 19.56297], [-87.4591, 19.56143], [-87.4547, 19.56029], [-87.46776, 19.5541], [-87.46776, 19.54662], [-87.4414, 19.55366], [-87.42675, 19.57355], [-87.42577, 19.59211], [-87.44042, 19.59504], [-87.43444, 19.58417], [-87.43407, 19.57713], [-87.44392, 19.57392], [-87.4746, 19.57392], [-87.50227, 19.57795], [-87.51525, 19.58173], [-87.52921, 19.58759], [-87.50878, 19.58845], [-87.44734, 19.5808], [-87.44734, 19.58759], [-87.44909, 19.5939], [-87.4414, 19.61888], [-87.44042, 19.63597], [-87.42121, 19.59984], [-87.41275, 19.57762], [-87.41633, 19.56778], [-87.42321, 19.55801], [-87.43301, 19.49201], [-87.44392, 19.47256], [-87.4584, 19.45502], [-87.47496, 19.44233], [-87.49193, 19.43745], [-87.49853, 19.43378], [-87.52611, 19.4064], [-87.53478, 19.40205], [-87.57079, 19.39643], [-87.55256, 19.4016], [-87.5454, 19.41144], [-87.54247, 19.4239], [-87.53669, 19.43745], [-87.57169, 19.42797], [-87.61767, 19.40546], [-87.65567, 19.37324], [-87.66706, 19.33438], [-87.66015, 19.33438], [-87.6527, 19.35488], [-87.64656, 19.35488], [-87.65494, 19.33906], [-87.66942, 19.32319], [-87.67585, 19.31118], [-87.66015, 19.30703], [-87.68114, 19.26529], [-87.68786, 19.24213], [-87.67691, 19.23192], [-87.65868, 19.22752], [-87.64908, 19.22065], [-87.63899, 19.22093], [-87.61856, 19.23819], [-87.59252, 19.26826], [-87.58194, 19.28612], [-87.57763, 19.30337], [-87.56713, 19.31721], [-87.54279, 19.3238], [-87.49572, 19.32758], [-87.51618, 19.28657], [-87.50422, 19.29629], [-87.49397, 19.30952], [-87.48095, 19.31977], [-87.46093, 19.32071], [-87.46093, 19.31391], [-87.48086, 19.30435], [-87.49698, 19.28905], [-87.52302, 19.25243], [-87.53344, 19.22809], [-87.54499, 19.17455], [-87.5572, 19.15624], [-87.5489, 19.13304], [-87.56241, 19.10212], [-87.58385, 19.05321], [-87.60619, 19.02041], [-87.62605, 18.88935], [-87.66202, 18.76683], [-87.68004, 18.73851], [-87.70352, 18.71174], [-87.72338, 18.68122], [-87.73705, 18.64496], [-87.7421, 18.6013], [-87.73697, 18.55703], [-87.73925, 18.53596], [-87.75235, 18.51537], [-87.75805, 18.49946], [-87.76256, 18.42939], [-87.77123, 18.4064], [-87.81945, 18.33861], [-87.82461, 18.32392], [-87.82775, 18.30899], [-87.84142, 18.27765], [-87.84455, 18.26215], [-87.84455, 18.19668], [-87.85196, 18.19668], [-87.85383, 18.22338], [-87.8588, 18.24506], [-87.87499, 18.22565], [-87.8872, 18.23005], [-87.89098, 18.24356], [-87.8824, 18.25129], [-87.87426, 18.26268], [-87.8684, 18.28803], [-87.86535, 18.31415], [-87.86563, 18.32758], [-87.86901, 18.31737], [-87.87418, 18.30744], [-87.88004, 18.29865], [-87.88549, 18.29222], [-87.89143, 18.3041], [-87.88825, 18.31362], [-87.88215, 18.32453], [-87.8793, 18.34064], [-87.8817, 18.34199], [-87.89635, 18.35806], [-87.89684, 18.36274], [-87.89582, 18.37132], [-87.8959, 18.38101], [-87.89977, 18.38906], [-87.9276, 18.39492], [-87.93017, 18.3959], [-87.93529, 18.40005], [-87.93383, 18.40852], [-87.9296, 18.41592], [-87.9265, 18.41633], [-87.93049, 18.43256], [-87.93517, 18.4431], [-87.94506, 18.4488], [-87.96467, 18.45051], [-87.99132, 18.45694], [-88.04357, 18.48505], [-88.06737, 18.49144], [-88.07779, 18.4986], [-88.08023, 18.51423], [-88.07873, 18.52953], [-88.07726, 18.53583], [-88.04381, 18.57343], [-88.05053, 18.59577], [-88.03991, 18.61701], [-88.0244, 18.6363], [-88.01647, 18.6529], [-88.01427, 18.66185], [-88.00438, 18.67788], [-88.00219, 18.69013], [-88.00438, 18.69123], [-88.00935, 18.69599], [-88.01427, 18.70205], [-88.01647, 18.70718], [-88.01525, 18.71357], [-88.01269, 18.71955], [-88.01012, 18.72358], [-88.00902, 18.72427], [-88.00377, 18.76545], [-88.00455, 18.78685], [-88.01277, 18.80366], [-88.02343, 18.8181], [-88.03026, 18.83515], [-88.03629, 18.87499], [-88.0594, 18.85688], [-88.08414, 18.83129], [-88.10391, 18.80272], [-88.11205, 18.77578], [-88.11413, 18.76154], [-88.11954, 18.74453], [-88.12731, 18.73021], [-88.13622, 18.72427], [-88.14293, 18.73164], [-88.14029, 18.74921], [-88.13467, 18.76952], [-88.13777, 18.76219], [-88.14916, 18.74999], [-88.16686, 18.74543], [-88.19083, 18.7447], [-88.1988, 18.73994], [-88.24181, 18.70384], [-88.24779, 18.69627], [-88.25251, 18.68732], [-88.25548, 18.67646], [-88.23571, 18.68431], [-88.21593, 18.69953], [-88.1988, 18.7187], [-88.18712, 18.73851], [-88.1809, 18.72118], [-88.18562, 18.70856], [-88.19294, 18.69538], [-88.19465, 18.67646], [-88.18932, 18.68439], [-88.1809, 18.69383], [-88.17077, 18.7014], [-88.16047, 18.70376], [-88.15075, 18.69855], [-88.15697, 18.69111], [-88.1682, 18.68488], [-88.17349, 18.6833], [-88.19762, 18.6352], [-88.22106, 18.60578], [-88.24861, 18.55663], [-88.253, 18.54076], [-88.27477, 18.50983], [-88.28332, 18.49144], [-88.29552, 18.48941], [-88.29971, 18.48745], [-88.30382, 18.48404], [-88.30382, 18.48135], [-88.30952, 18.48228], [-88.37145, 18.48179], [-88.37907, 18.4797], [-88.38491, 18.47662], [-88.39078, 18.4757], [-88.39837, 18.48011], [-88.40798, 18.48895], [-88.41323, 18.49076], [-88.41997, 18.489], [-88.43085, 18.48378], [-88.45082, 18.47688], [-88.45964, 18.47572], [-88.46994, 18.47851], [-88.47919, 18.48342], [-88.48924, 18.48451], [-88.5202, 18.46156], [-88.52782, 18.45415], [-88.53304, 18.44332], [-88.53839, 18.41309], [-88.54741, 18.38906], [-88.55133, 18.36369], [-88.5548, 18.35221], [-88.56717, 18.33351], [-88.59808, 18.29948], [-88.60771, 18.28338], [-88.61149, 18.26638], [-88.61316, 18.25057], [-88.61406, 18.24703], [-88.61699, 18.23543], [-88.62704, 18.22031], [-88.63895, 18.2116], [-88.66815, 18.19824], [-88.69662, 18.17807], [-88.69295, 18.17517], [-88.68952, 18.16124], [-88.69285, 18.15], [-88.71771, 18.11003], [-88.72045, 18.10008], [-88.72349, 18.0775], [-88.72665, 18.06673], [-88.73639, 18.05192], [-88.74835, 18.04329], [-88.76202, 18.03564], [-88.77688, 18.02376], [-88.78163, 18.01471], [-88.79595, 17.9756], [-88.80535, 17.965], [-88.85641, 17.92831], [-88.86085, 17.92113], [-88.86537, 17.89901], [-88.87137, 17.89095], [-88.88033, 17.88847], [-88.92046, 17.91095], [-88.9333, 17.92035], [-88.94702, 17.94847], [-88.9565, 17.95053], [-88.96785, 17.94826], [-88.97976, 17.94945], [-88.99658, 17.96185], [-89.01154, 17.97782], [-89.02802, 17.99208], [-89.04944, 17.99921], [-89.13256, 17.97027], [-89.15393, 17.94108], [-89.16138, 17.90144], [-89.1605, 17.81431], [-89.3803, 17.81452], [-89.60016, 17.81473]]], [[[-86.73721, 20.58218], [-86.74901, 20.56769], [-86.78433, 20.50983], [-86.79711, 20.47748], [-86.81355, 20.46113], [-86.84398, 20.43732], [-86.8557, 20.42084], [-86.88077, 20.37592], [-86.88557, 20.35883], [-86.8898, 20.35366], [-86.89924, 20.34846], [-86.90856, 20.34154], [-86.91291, 20.33149], [-86.9169, 20.32461], [-86.9265, 20.31371], [-86.97916, 20.26781], [-86.99527, 20.26081], [-87.00227, 20.27009], [-87.00524, 20.29019], [-87.01887, 20.33246], [-87.02278, 20.35541], [-87.01968, 20.39745], [-87.00788, 20.43623], [-86.96813, 20.50625], [-86.93676, 20.54719], [-86.92951, 20.55004], [-86.91369, 20.56342], [-86.90543, 20.56769], [-86.89688, 20.56782], [-86.89053, 20.56533], [-86.88573, 20.56232], [-86.88219, 20.56086], [-86.87125, 20.55858], [-86.84634, 20.54898], [-86.83715, 20.54719], [-86.82372, 20.54999], [-86.80175, 20.56257], [-86.78921, 20.55988], [-86.77131, 20.56611], [-86.75569, 20.57754], [-86.74901, 20.59223], [-86.7469, 20.59589], [-86.74218, 20.59589], [-86.73746, 20.59227], [-86.73534, 20.58535], [-86.73721, 20.58218]]], [[[-86.73852, 21.26675], [-86.72753, 21.24291], [-86.70059, 21.19892], [-86.72004, 21.21271], [-86.73957, 21.24282], [-86.74987, 21.27314], [-86.74157, 21.28767], [-86.73852, 21.26675]]]]}, "properties": {"id": "8Yrh", "status": "validé", "pieces": [{"kind": "admin1", "code": "MEX-2736"}, {"kind": "admin1", "code": "MEX-2737"}, {"kind": "admin1", "code": "MEX-2722"}, {"kind": "admin1", "code": "MEX-2735"}, {"kind": "admin1", "code": "MEX-2723"}, {"kind": "admin1", "code": "MEX-2734"}, {"kind": "polygon", "ring": [[-98.49243, 21.44481], [-98.62427, 21.15832], [-99.01978, 21.2607], [-99.17358, 21.5572], [-99.04175, 22.39228], [-98.53638, 22.40243], [-97.97607, 21.99572]]}, {"kind": "clip"}]}}, {"type": "Feature", "geometry": null, "properties": {"id": "9nVQ", "status": "validé", "pieces": [{"kind": "admin1", "code": "MEX-2712"}]}}, {"type": "Feature", "geometry": {"type": "MultiPolygon", "coordinates": [[[[-94.05667, 16.07575], [-94.03038, 16.03974], [-94.01915, 16.03107], [-93.98534, 16.01797], [-93.97061, 16.00979], [-93.9639, 15.9975], [-94.11486, 16.0572], [-94.09403, 16.09897], [-94.08218, 16.09475], [-94.05667, 16.07575]]], [[[-91.06687, 16.91819], [-91.05493, 16.90801], [-91.01669, 16.89484], [-91.0109, 16.89029], [-90.99834, 16.87716], [-90.99307, 16.87437], [-90.98325, 16.87861], [-90.98429, 16.88776], [-90.98796, 16.8969], [-90.98625, 16.90109], [-90.96883, 16.90104], [-90.95519, 16.89876], [-90.95276, 16.89091], [-90.96889, 16.87437], [-90.94817, 16.86471], [-90.91907, 16.83634], [-90.90062, 16.826], [-90.83174, 16.80543], [-90.81996, 16.80533], [-90.8106, 16.81293], [-90.79696, 16.80543], [-90.79696, 16.79867], [-90.80037, 16.78683], [-90.78559, 16.775], [-90.74978, 16.75769], [-90.73531, 16.74658], [-90.66772, 16.65258], [-90.65402, 16.61661], [-90.6672, 16.5932], [-90.6672, 16.587], [-90.65883, 16.58845], [-90.65361, 16.5901], [-90.65025, 16.59341], [-90.64736, 16.60007], [-90.63376, 16.59217], [-90.63702, 16.5779], [-90.64353, 16.56101], [-90.63997, 16.54483], [-90.64818, 16.52959], [-90.6395, 16.52587], [-90.62415, 16.52494], [-90.61263, 16.51811], [-90.61206, 16.50762], [-90.61899, 16.50008], [-90.62787, 16.4929], [-90.63309, 16.48334], [-90.62074, 16.48675], [-90.60467, 16.48618], [-90.59062, 16.48339], [-90.58472, 16.48024], [-90.57935, 16.48277], [-90.55341, 16.49026], [-90.54372, 16.49021], [-90.53907, 16.46887], [-90.53289, 16.45993], [-90.50892, 16.47109], [-90.49775, 16.46804], [-90.48822, 16.46158], [-90.4823, 16.45605], [-90.47708, 16.44499], [-90.47843, 16.43641], [-90.47584, 16.43073], [-90.44437, 16.4268], [-90.43411, 16.42241], [-90.4267, 16.41771], [-90.42081, 16.41512], [-90.40946, 16.41667], [-90.4006, 16.42055], [-90.39492, 16.41921], [-90.3929, 16.40484], [-90.3927, 16.39171], [-90.39138, 16.38598], [-90.37985, 16.36727], [-90.39512, 16.3714], [-90.40874, 16.37233], [-90.41822, 16.36717], [-90.42081, 16.35301], [-90.41401, 16.35301], [-90.41401, 16.36045], [-90.40719, 16.36045], [-90.39879, 16.34758], [-90.40468, 16.33151], [-90.41946, 16.31782], [-90.43789, 16.31208], [-90.44489, 16.30836], [-90.43473, 16.30123], [-90.42019, 16.29601], [-90.41401, 16.29839], [-90.41406, 16.28784], [-90.42024, 16.28536], [-90.42856, 16.28764], [-90.43448, 16.29156], [-90.43551, 16.28877], [-90.43551, 16.28624], [-90.43675, 16.28485], [-90.4413, 16.28536], [-90.43752, 16.28004], [-90.43143, 16.26893], [-90.42768, 16.26361], [-90.44062, 16.26531], [-90.44373, 16.26686], [-90.44814, 16.2711], [-90.45943, 16.25906], [-90.45783, 16.24914], [-90.44799, 16.24149], [-90.43448, 16.23632], [-90.44623, 16.23084], [-90.45851, 16.22175], [-90.46558, 16.20811], [-90.46181, 16.18914], [-90.43272, 16.17323], [-90.42613, 16.16315], [-90.44814, 16.15442], [-90.44814, 16.14821], [-90.4353, 16.13628], [-90.45949, 16.11679], [-90.45558, 16.09974], [-90.44814, 16.09974], [-90.44453, 16.10326], [-90.44274, 16.10419], [-90.44021, 16.10486], [-90.43448, 16.10718], [-90.43742, 16.09886], [-90.44416, 16.08465], [-90.44784, 16.07969], [-90.44819, 16.07926], [-90.46615, 16.07292], [-90.48574, 16.0707], [-90.57547, 16.0706], [-90.7133, 16.07034], [-90.85112, 16.07013], [-90.98899, 16.06987], [-90.9948, 16.06987], [-91.12691, 16.06977], [-91.26479, 16.06951], [-91.40261, 16.0693], [-91.54048, 16.06915], [-91.6784, 16.06889], [-91.72378, 16.06879], [-91.73985, 16.06098], [-91.75189, 16.04631], [-91.77447, 16.00843], [-91.79297, 15.97758], [-91.84168, 15.89608], [-91.91056, 15.78095], [-91.9896, 15.64897], [-92.06854, 15.51694], [-92.10593, 15.45447], [-92.13745, 15.40183], [-92.18618, 15.32038], [-92.20465, 15.28951], [-92.21129, 15.27207], [-92.21093, 15.25336], [-92.20336, 15.23716], [-92.07381, 15.07371], [-92.0936, 15.02942], [-92.10383, 15.01787], [-92.11698, 15.01239], [-92.12988, 15.01094], [-92.14236, 15.00748], [-92.15421, 14.99593], [-92.15757, 14.96304], [-92.15468, 14.9008], [-92.16602, 14.87082], [-92.1868, 14.84726], [-92.19165, 14.8353], [-92.19083, 14.81424], [-92.18866, 14.80589], [-92.17938, 14.78124], [-92.17881, 14.77339], [-92.1801, 14.75879], [-92.17938, 14.75158], [-92.16173, 14.70233], [-92.1608, 14.6835], [-92.16473, 14.66815], [-92.18607, 14.62957], [-92.20806, 14.57051], [-92.2261, 14.54935], [-92.24626, 14.54628], [-92.25076, 14.55073], [-92.30594, 14.61506], [-92.38207, 14.68464], [-92.50784, 14.80707], [-92.69986, 14.99909], [-92.82486, 15.13565], [-92.84061, 15.16116], [-92.84044, 15.18195], [-92.824, 15.1728], [-92.78087, 15.15884], [-92.77213, 15.15034], [-92.77017, 15.13174], [-92.76403, 15.11294], [-92.75316, 15.09841], [-92.73742, 15.0926], [-92.74816, 15.11298], [-92.75634, 15.15412], [-92.76842, 15.17145], [-92.78226, 15.17988], [-92.80297, 15.1883], [-92.82433, 15.19269], [-92.84044, 15.18879], [-92.84317, 15.20588], [-92.85403, 15.20852], [-92.85973, 15.20132], [-92.84667, 15.18879], [-92.86352, 15.19111], [-92.923, 15.23721], [-92.96377, 15.25381], [-92.98314, 15.26557], [-92.9982, 15.29397], [-93.07811, 15.34866], [-93.17003, 15.44888], [-93.1881, 15.47757], [-93.19961, 15.49099], [-93.22863, 15.50186], [-93.47082, 15.70071], [-93.48815, 15.70893], [-93.65604, 15.83926], [-93.75919, 15.90616], [-93.94339, 16.01056], [-93.93118, 16.01606], [-93.90709, 16.01443], [-93.89562, 16.0174], [-93.88907, 16.00642], [-93.87804, 16.0054], [-93.86539, 16.01215], [-93.85403, 16.02485], [-93.87393, 16.04853], [-93.88524, 16.07083], [-93.8981, 16.08893], [-93.92296, 16.09992], [-94.04263, 16.12531], [-94.07376, 16.14094], [-94.08361, 16.14887], [-94.08361, 16.14887], [-94.07805, 16.15938], [-94.06916, 16.17219], [-94.06012, 16.18501], [-94.05242, 16.1987], [-94.04642, 16.21591], [-94.04229, 16.23513], [-94.03929, 16.25477], [-94.03686, 16.27327], [-94.03986, 16.30257], [-94.05201, 16.33632], [-94.06751, 16.36918], [-94.08048, 16.39554], [-94.08854, 16.41424], [-94.09665, 16.43316], [-94.10554, 16.45166], [-94.11588, 16.46902], [-94.12508, 16.50881], [-94.10492, 16.55036], [-94.0734, 16.58989], [-94.04813, 16.62353], [-94.03981, 16.64286], [-94.03537, 16.6626], [-94.03397, 16.68291], [-94.03469, 16.70405], [-94.03774, 16.72575], [-94.04229, 16.75329], [-94.04467, 16.78032], [-94.04146, 16.80053], [-94.02901, 16.81319], [-94.00829, 16.82543], [-93.98607, 16.83654], [-93.96891, 16.84554], [-93.95454, 16.85432], [-93.94013, 16.86311], [-93.92571, 16.87189], [-93.91129, 16.88068], [-93.90695, 16.89194], [-93.90607, 16.9123], [-93.9068, 16.93354], [-93.90726, 16.94744], [-93.90752, 16.97338], [-93.9053, 17.00051], [-93.89429, 17.0172], [-93.86809, 17.01219], [-93.86783, 17.01917], [-93.86747, 17.02645], [-93.86742, 17.03374], [-93.86809, 17.04056], [-93.86659, 17.06738], [-93.86483, 17.09632], [-93.86597, 17.12485], [-93.87341, 17.15022], [-93.86044, 17.15446], [-93.84804, 17.16159], [-93.83605, 17.17011], [-93.82437, 17.17838], [-93.78773, 17.20221], [-93.75662, 17.22245], [-93.7793, 17.22968], [-94.43848, 17.18771], [-94.57031, 17.66968], [-94.04297, 17.94153], [-93.09814, 18.0251], [-92.06543, 17.87884], [-92.03083, 17.88077], [-92.02536, 17.8863], [-91.99559, 17.90475], [-91.97348, 17.90873], [-91.96686, 17.90924], [-91.95353, 17.90232], [-91.95374, 17.88509], [-91.91691, 17.88715], [-91.91498, 17.88816], [-91.89994, 17.8893], [-91.89579, 17.88833], [-91.31836, 17.92064], [-90.9668, 18.12949], [-90.43945, 17.83703], [-90.43881, 17.81556], [-90.47946, 17.81561], [-90.69924, 17.81581], [-90.91912, 17.81602], [-90.96222, 17.81602], [-90.98284, 17.81054], [-90.9909, 17.80196], [-90.99144, 17.52694], [-90.99199, 17.25192], [-91.43077, 17.25497], [-91.43826, 17.25368], [-91.4425, 17.23797], [-91.41925, 17.22773], [-91.38835, 17.22159], [-91.37295, 17.21358], [-91.36488, 17.18975], [-91.34452, 17.18634], [-91.31776, 17.19048], [-91.29042, 17.18908], [-91.27951, 17.18009], [-91.27083, 17.16428], [-91.26515, 17.14624], [-91.26313, 17.13074], [-91.2592, 17.12433], [-91.23879, 17.11922], [-91.2296, 17.11399], [-91.22536, 17.10702], [-91.22024, 17.08929], [-91.21595, 17.07922], [-91.20675, 17.06537], [-91.1712, 17.02801], [-91.16123, 17.02398], [-91.13715, 17.02651], [-91.12655, 17.0246], [-91.12123, 17.01839], [-91.11611, 16.99927], [-91.11224, 16.99049], [-91.0966, 16.97233], [-91.07694, 16.94951], [-91.07131, 16.93892], [-91.06687, 16.91819]]]]}, "properties": {"id": "AkFp", "status": "validé", "pieces": [{"kind": "admin1", "code": "MEX-2735"}, {"kind": "polygon", "ring": [[-93.7793, 17.22968], [-94.43848, 17.18771], [-94.57031, 17.66968], [-94.04297, 17.94153], [-93.09814, 18.0251], [-92.06543, 17.87884], [-91.31836, 17.92064], [-90.9668, 18.12949], [-90.43945, 17.83703], [-90.41748, 17.10376], [-92.26318, 16.74656]]}, {"kind": "clip"}]}}, {"type": "Feature", "geometry": {"type": "Polygon", "coordinates": [[[-108.56689, 29.61466], [-107.79785, 29.34699], [-106.96289, 28.69399], [-106.06201, 27.53168], [-105.68848, 26.49462], [-105.33691, 24.752], [-105.31494, 23.69042], [-105.44678, 23.08565], [-105.55664, 23.08565], [-105.82031, 23.52942], [-105.93018, 23.91147], [-106.08398, 24.2924], [-106.56738, 24.2924], [-107.00684, 24.97121], [-107.09473, 25.44813], [-106.98486, 25.68588], [-107.81982, 26.2585], [-108.41309, 27.00456], [-109.11621, 28.34662], [-108.36914, 28.38527], [-108.69873, 29.05941], [-108.56689, 29.61466]]]}, "properties": {"id": "CdsA", "status": "validé", "pieces": [{"kind": "polygon", "ring": [[-108.56689, 29.61466], [-107.79785, 29.34699], [-106.96289, 28.69399], [-106.06201, 27.53168], [-105.68848, 26.49462], [-105.33691, 24.752], [-105.31494, 23.69042], [-105.44678, 23.08565], [-105.55664, 23.08565], [-105.82031, 23.52942], [-105.93018, 23.91147], [-106.08398, 24.2924], [-106.56738, 24.2924], [-107.00684, 24.97121], [-107.09473, 25.44813], [-106.98486, 25.68588], [-107.81982, 26.2585], [-108.41309, 27.00456], [-109.11621, 28.34662], [-108.36914, 28.38527], [-108.69873, 29.05941]]}]}}, {"type": "Feature", "geometry": {"type": "MultiPolygon", "coordinates": [[[[-114.2022, 28.00511], [-114.18566, 28.02269], [-114.1551, 28.06245], [-114.13439, 28.08393], [-114.11987, 28.08595], [-114.11381, 28.06041], [-114.11718, 28.04318], [-114.13537, 28.0313], [-114.14613, 28.02179], [-114.1495, 28.01347], [-114.15075, 28.00511], [-114.2022, 28.00511]]], [[[-114.10152, 28.00511], [-114.10708, 28.01348], [-114.11785, 28.01111], [-114.12324, 28.01645], [-114.12122, 28.02298], [-114.10843, 28.03071], [-114.09429, 28.02418], [-114.07746, 28.00932], [-114.07455, 28.00511], [-114.10152, 28.00511]]], [[[-114.05785, 28.00511], [-114.05524, 28.00754], [-114.03974, 28.02773], [-114.03771, 28.03723], [-114.04646, 28.03843], [-114.05791, 28.04199], [-114.07003, 28.05506], [-114.08552, 28.05685], [-114.09967, 28.05506], [-114.10101, 28.0711], [-114.10167, 28.09903], [-114.10571, 28.1115], [-114.11312, 28.12041], [-114.11042, 28.12523], [-114.10569, 28.13468], [-114.09016, 28.1561], [-114.07867, 28.17632], [-114.06987, 28.19357], [-114.05748, 28.20629], [-114.06163, 28.2121], [-114.06493, 28.22362], [-114.06994, 28.23941], [-114.0782, 28.24677], [-114.08894, 28.24677], [-114.09878, 28.23865], [-114.10985, 28.24179], [-114.11737, 28.25085], [-114.12488, 28.25573], [-114.11856, 28.2693], [-114.1106, 28.28622], [-114.09929, 28.30713], [-114.08117, 28.34297], [-114.06076, 28.4047], [-114.04942, 28.43257], [-114.04259, 28.45844], [-114.05089, 28.47419], [-114.06432, 28.47945], [-114.0715, 28.48694], [-114.06901, 28.5041], [-114.06823, 28.51801], [-114.0773, 28.52383], [-114.08312, 28.53205], [-114.08642, 28.54116], [-114.09634, 28.55191], [-114.11042, 28.56183], [-114.1278, 28.56265], [-114.14799, 28.56077], [-114.16013, 28.56619], [-114.15758, 28.58222], [-114.15497, 28.60104], [-114.15727, 28.62567], [-114.16584, 28.64696], [-114.17492, 28.6577], [-114.18399, 28.66185], [-114.20775, 28.66144], [-114.23534, 28.66006], [-114.24616, 28.65332], [-114.27175, 28.6588], [-114.27306, 28.67308], [-114.26915, 28.67512], [-114.27171, 28.68447], [-114.27534, 28.69624], [-114.29831, 28.70382], [-114.31406, 28.72633], [-114.34692, 28.73075], [-114.34687, 28.74891], [-114.34802, 28.76387], [-114.36137, 28.7778], [-114.36205, 28.79511], [-114.37092, 28.81318], [-114.39165, 28.80678], [-114.40728, 28.83998], [-114.40232, 28.86025], [-114.4193, 28.87848], [-114.43758, 28.87751], [-114.43994, 28.89461], [-114.4594, 28.91071], [-114.47663, 28.92914], [-114.50194, 28.93256], [-114.51594, 28.92967], [-114.52306, 28.92536], [-114.52994, 28.92552], [-114.54283, 28.93439], [-114.54892, 28.95152], [-114.5563, 28.97028], [-114.56122, 28.9804], [-114.57502, 28.97923], [-114.59163, 28.9654], [-114.60376, 28.99761], [-114.60253, 29.03034], [-114.60831, 29.04621], [-114.61815, 29.06306], [-114.62336, 29.08051], [-114.63142, 29.09447], [-114.65954, 29.10301], [-114.68904, 29.11313], [-114.70493, 29.09611], [-114.72201, 29.11751], [-114.7279, 29.14118], [-114.73493, 29.1518], [-114.73982, 29.17552], [-114.7438, 29.18757], [-114.75231, 29.19282], [-114.78531, 29.19416], [-114.82935, 29.23159], [-114.8514, 29.2583], [-114.87946, 29.28767], [-114.92484, 29.33097], [-114.97204, 29.37775], [-115.10424, 29.41889], [-115.18712, 29.42862], [-115.23229, 29.49006], [-115.28572, 29.52989], [-115.37145, 29.55695], [-115.42356, 29.59569], [-115.45196, 29.62011], [-115.47745, 29.62645], [-115.49858, 29.6114], [-115.51915, 29.62727], [-115.53612, 29.63516], [-115.54809, 29.65339], [-115.57263, 29.66872], [-115.5937, 29.69217], [-115.62205, 29.6953], [-115.69756, 29.75583], [-115.69525, 29.7772], [-115.68801, 29.80177], [-115.68577, 29.83064], [-115.69075, 29.85175], [-115.69478, 29.86923], [-115.6999, 29.89801], [-115.72082, 29.9208], [-115.72891, 29.93513], [-115.74429, 29.9475], [-115.76252, 29.9538], [-115.80748, 29.9562], [-115.81119, 29.968], [-115.7904, 30.03807], [-115.78327, 30.09264], [-115.7904, 30.12376], [-115.79255, 30.12954], [-115.80191, 30.14313], [-115.80407, 30.15143], [-115.80321, 30.16303], [-115.79723, 30.19579], [-115.79833, 30.2403], [-115.80728, 30.28412], [-115.82591, 30.31771], [-115.8373, 30.34647], [-115.86597, 30.36871], [-115.89833, 30.38666], [-115.93293, 30.40021], [-115.97541, 30.40127], [-115.94734, 30.42341], [-115.937, 30.43513], [-115.93383, 30.44965], [-115.94026, 30.46336], [-115.9547, 30.47956], [-115.97248, 30.49282], [-115.98908, 30.49746], [-115.98013, 30.48257], [-115.97057, 30.47085], [-115.96329, 30.45869], [-115.96174, 30.44221], [-115.97187, 30.43421], [-115.983, 30.43199], [-115.98928, 30.44049], [-116.00267, 30.44965], [-116.01024, 30.44367], [-116.01513, 30.43447], [-116.01464, 30.42601], [-116.00609, 30.42231], [-115.99645, 30.41055], [-115.99136, 30.38862], [-115.97979, 30.35936], [-116.00455, 30.35917], [-116.01233, 30.39225], [-116.02898, 30.44127], [-116.04925, 30.47959], [-116.03112, 30.62714], [-116.03429, 30.68409], [-114.69689, 30.64533], [-114.69847, 30.63721], [-114.68433, 30.60676], [-114.66182, 30.57434], [-114.64965, 30.55456], [-114.64855, 30.54386], [-114.64607, 30.53449], [-114.64525, 30.52411], [-114.64029, 30.51301], [-114.6306, 30.49487], [-114.63021, 30.48058], [-114.63805, 30.46327], [-114.63664, 30.44184], [-114.62952, 30.4248], [-114.63455, 30.39679], [-114.6406, 30.37522], [-114.63531, 30.36456], [-114.64396, 30.31373], [-114.65152, 30.29645], [-114.6527, 30.28827], [-114.65095, 30.277], [-114.64012, 30.26376], [-114.64477, 30.25003], [-114.65158, 30.22848], [-114.6553, 30.2134], [-114.66573, 30.19957], [-114.6603, 30.18325], [-114.65264, 30.17483], [-114.64217, 30.15503], [-114.63069, 30.14452], [-114.63078, 30.13238], [-114.6246, 30.1175], [-114.60453, 30.11074], [-114.59655, 30.08945], [-114.58038, 30.0726], [-114.58143, 30.05112], [-114.55814, 30.01763], [-114.5443, 29.99168], [-114.53313, 29.96795], [-114.48131, 29.9473], [-114.4727, 29.91897], [-114.45934, 29.91012], [-114.42772, 29.9073], [-114.41684, 29.8912], [-114.40879, 29.88094], [-114.4151, 29.85477], [-114.40303, 29.83282], [-114.3963, 29.82723], [-114.40319, 29.82684], [-114.40863, 29.82137], [-114.40944, 29.81543], [-114.39826, 29.80971], [-114.39608, 29.80517], [-114.39582, 29.79611], [-114.39224, 29.78301], [-114.38125, 29.77445], [-114.3711, 29.77017], [-114.36314, 29.77206], [-114.35326, 29.76802], [-114.34585, 29.75873], [-114.34585, 29.75159], [-114.33954, 29.74472], [-114.32253, 29.7411], [-114.30414, 29.74157], [-114.29704, 29.74235], [-114.28881, 29.74829], [-114.28796, 29.75302], [-114.28606, 29.75662], [-114.29234, 29.75706], [-114.29399, 29.76134], [-114.29289, 29.76659], [-114.28552, 29.76568], [-114.28302, 29.76993], [-114.28054, 29.77207], [-114.27865, 29.77043], [-114.27372, 29.77019], [-114.27121, 29.77207], [-114.26578, 29.76925], [-114.2633, 29.76472], [-114.26025, 29.7654], [-114.25755, 29.76043], [-114.25395, 29.76207], [-114.24348, 29.76299], [-114.23591, 29.7586], [-114.22768, 29.75001], [-114.2211, 29.74906], [-114.22029, 29.7464], [-114.20848, 29.74478], [-114.20331, 29.73973], [-114.20032, 29.72735], [-114.19624, 29.72188], [-114.19048, 29.71997], [-114.18721, 29.71426], [-114.18331, 29.71283], [-114.18171, 29.7095], [-114.17893, 29.70759], [-114.17537, 29.70473], [-114.17015, 29.70234], [-114.16495, 29.70019], [-114.16057, 29.69233], [-114.15783, 29.69042], [-114.15233, 29.69255], [-114.15041, 29.69398], [-114.14261, 29.69067], [-114.14125, 29.68282], [-114.13262, 29.67657], [-114.13201, 29.67094], [-114.12658, 29.67036], [-114.11871, 29.66299], [-114.11238, 29.65605], [-114.11122, 29.65306], [-114.09739, 29.64797], [-114.0902, 29.64244], [-114.08223, 29.64098], [-114.06266, 29.62932], [-114.05939, 29.61667], [-114.05639, 29.61214], [-114.05038, 29.60522], [-114.04628, 29.59638], [-114.03259, 29.59443], [-114.0304, 29.59321], [-114.02768, 29.58726], [-114.02305, 29.5842], [-114.02251, 29.58134], [-114.01486, 29.57795], [-114.00557, 29.57675], [-113.99433, 29.57698], [-113.98129, 29.5679], [-113.97419, 29.55694], [-113.96552, 29.54671], [-113.95807, 29.54024], [-113.952, 29.53878], [-113.94313, 29.52475], [-113.9305, 29.52016], [-113.92248, 29.5124], [-113.91088, 29.50063], [-113.89746, 29.48565], [-113.88032, 29.47705], [-113.86505, 29.46366], [-113.85032, 29.45879], [-113.83867, 29.4566], [-113.83195, 29.45017], [-113.83267, 29.43524], [-113.82475, 29.42989], [-113.81311, 29.42824], [-113.80389, 29.42444], [-113.79663, 29.41644], [-113.78739, 29.41477], [-113.77087, 29.40776], [-113.68084, 29.316], [-113.64852, 29.29396], [-113.63633, 29.28218], [-113.63158, 29.26396], [-113.62487, 29.2586], [-113.62308, 29.25271], [-113.63848, 29.24048], [-113.64732, 29.228], [-113.65656, 29.21844], [-113.65534, 29.20732], [-113.64612, 29.20203], [-113.63835, 29.19864], [-113.64138, 29.18383], [-113.63223, 29.17368], [-113.62855, 29.17527], [-113.62492, 29.16991], [-113.62436, 29.16242], [-113.61396, 29.16238], [-113.60845, 29.16342], [-113.60852, 29.15434], [-113.60205, 29.14088], [-113.59105, 29.12912], [-113.57937, 29.12642], [-113.57088, 29.11516], [-113.56433, 29.09163], [-113.5474, 29.06537], [-113.53588, 29.05142], [-113.53964, 29.03962], [-113.55003, 29.03861], [-113.55622, 29.02796], [-113.56172, 29.02367], [-113.5636, 29.01404], [-113.56186, 29.00015], [-113.54974, 28.99318], [-113.54499, 28.97553], [-113.54694, 28.95898], [-113.55547, 28.95526], [-113.55788, 28.94825], [-113.54649, 28.93332], [-113.5405, 28.92049], [-113.53389, 28.90657], [-113.52601, 28.90119], [-113.52485, 28.89157], [-113.50477, 28.88932], [-113.48154, 28.8934], [-113.47723, 28.89816], [-113.47903, 28.90191], [-113.47221, 28.91518], [-113.48315, 28.9217], [-113.48797, 28.9303], [-113.48062, 28.93343], [-113.48302, 28.93934], [-113.47869, 28.94625], [-113.47319, 28.9478], [-113.46222, 28.94665], [-113.45006, 28.94229], [-113.44023, 28.95133], [-113.43466, 28.95987], [-113.42622, 28.94914], [-113.42879, 28.93471], [-113.41305, 28.92232], [-113.40628, 28.92712], [-113.40562, 28.93298], [-113.38787, 28.9398], [-113.38303, 28.9355], [-113.38674, 28.93072], [-113.39102, 28.92861], [-113.39423, 28.91314], [-113.36744, 28.9071], [-113.3681, 28.90176], [-113.37912, 28.90021], [-113.38042, 28.89328], [-113.37251, 28.88631], [-113.36832, 28.87774], [-113.35922, 28.87394], [-113.36597, 28.86865], [-113.36729, 28.85852], [-113.36746, 28.84518], [-113.37063, 28.83721], [-113.36529, 28.82384], [-113.35185, 28.81839], [-113.35448, 28.80027], [-113.33249, 28.80062], [-113.30997, 28.80206], [-113.30204, 28.80895], [-113.29101, 28.81901], [-113.28543, 28.8259], [-113.26849, 28.83218], [-113.26039, 28.84011], [-113.2341, 28.83562], [-113.22026, 28.82484], [-113.21416, 28.81731], [-113.21184, 28.80287], [-113.20266, 28.79851], [-113.19604, 28.79205], [-113.19988, 28.77981], [-113.1914, 28.77279], [-113.19038, 28.75945], [-113.19424, 28.74402], [-113.18199, 28.71573], [-113.17586, 28.71351], [-113.16989, 28.69152], [-113.15605, 28.65763], [-113.13235, 28.6413], [-113.12699, 28.62787], [-113.13161, 28.60458], [-113.12098, 28.57889], [-113.11629, 28.56551], [-113.11166, 28.54572], [-113.11429, 28.52813], [-113.10297, 28.50458], [-113.0825, 28.49318], [-113.08072, 28.48681], [-113.06324, 28.47969], [-113.03962, 28.47623], [-113.0361, 28.46661], [-113.00164, 28.45558], [-112.97127, 28.45633], [-112.93045, 28.46658], [-112.90236, 28.47534], [-112.88556, 28.46343], [-112.88689, 28.45598], [-112.876, 28.45051], [-112.87548, 28.44517], [-112.88171, 28.43726], [-112.87994, 28.43458], [-112.86778, 28.43228], [-112.86225, 28.43488], [-112.8616, 28.43581], [-112.84888, 28.41914], [-112.85149, 28.4171], [-112.85839, 28.40384], [-112.8542, 28.39791], [-112.84953, 28.38235], [-112.85398, 28.36851], [-112.8703, 28.33078], [-112.87426, 28.30786], [-112.86887, 28.29973], [-112.87213, 28.28374], [-112.86496, 28.27183], [-112.85306, 28.26005], [-112.83922, 28.25242], [-112.83785, 28.24355], [-112.80502, 28.21068], [-112.80027, 28.20368], [-112.79183, 28.20147], [-112.78646, 28.19608], [-112.79381, 28.19027], [-112.79572, 28.18389], [-112.79897, 28.16844], [-112.8039, 28.16261], [-112.80771, 28.15092], [-112.81177, 28.12054], [-112.80139, 28.08575], [-112.79843, 28.08145], [-112.79122, 28.07817], [-112.78956, 28.06748], [-112.79696, 28.05795], [-112.8037, 28.04572], [-112.80541, 28.03205], [-112.79936, 28.01742], [-112.78779, 28.00511], [-114.05785, 28.00511]]], [[[-113.5119, 29.09501], [-113.50471, 29.09218], [-113.50405, 29.08795], [-113.50786, 29.08291], [-113.50892, 29.07873], [-113.50413, 29.07532], [-113.50556, 29.07076], [-113.50597, 29.0626], [-113.50014, 29.05622], [-113.50122, 29.05049], [-113.49675, 29.04835], [-113.49645, 29.04231], [-113.49164, 29.03957], [-113.49201, 29.03595], [-113.50133, 29.0363], [-113.50683, 29.03966], [-113.50472, 29.04417], [-113.50883, 29.04842], [-113.51432, 29.05328], [-113.51221, 29.0581], [-113.50943, 29.0608], [-113.51355, 29.06324], [-113.51523, 29.0702], [-113.51484, 29.07623], [-113.52103, 29.07898], [-113.52271, 29.08593], [-113.52715, 29.0923], [-113.51884, 29.09556], [-113.5119, 29.09501]]], [[[-114.40185, 29.98603], [-114.40006, 29.9693], [-114.39478, 29.96018], [-114.40707, 29.95865], [-114.42202, 29.96624], [-114.41589, 29.97613], [-114.41854, 29.98678], [-114.40185, 29.98603]]], [[[-116.10961, 30.49535], [-116.10424, 30.48808], [-116.10417, 30.48259], [-116.11476, 30.48203], [-116.12277, 30.48517], [-116.12284, 30.49157], [-116.11441, 30.49622], [-116.10961, 30.49535]]]]}, "properties": {"id": "Cits", "status": "validé", "pieces": [{"kind": "polygon", "ring": [[-114.49951, 28.00511], [-112.53296, 28.00511], [-114.13696, 30.10725], [-114.43359, 30.63769], [-116.38916, 30.69437], [-114.89502, 28.55622]]}, {"kind": "clip"}]}}, {"type": "Feature", "geometry": {"type": "Polygon", "coordinates": [[[-97.04498, 20.11804], [-97.86346, 20.11804], [-97.86346, 20.81252], [-97.19857, 20.81252], [-97.19717, 20.81021], [-97.187, 20.7768], [-97.17785, 20.75947], [-97.18322, 20.75605], [-97.18814, 20.75178], [-97.19831, 20.73896], [-97.15054, 20.64704], [-97.04498, 20.52661], [-97.04498, 20.11804]]]}, "properties": {"id": "EuEs", "status": "validé", "pieces": [{"kind": "rect", "bounds": [-97.86346, 20.11804, -97.04498, 20.81252]}, {"kind": "clip"}]}}, {"type": "Feature", "geometry": null, "properties": {"id": "FGDc", "status": "validé", "pieces": [{"kind": "admin1", "code": "MEX-2737"}, {"kind": "admin1", "code": "MEX-2736"}, {"kind": "admin1", "code": "MEX-2722"}]}}, {"type": "Feature", "geometry": null, "properties": {"id": "GyUQ", "status": "validé", "pieces": [{"kind": "admin1", "code": "MEX-2710"}, {"kind": "admin1", "code": "MEX-2713"}]}}, {"type": "Feature", "geometry": null, "properties": {"id": "Hv5a", "status": "validé", "pieces": [{"kind": "admin1", "code": "MEX-2724"}, {"kind": "admin1", "code": "MEX-2730"}, {"kind": "admin1", "code": "MEX-2734"}, {"kind": "admin1", "code": "MEX-2726"}, {"kind": "admin1", "code": "MEX-2729"}, {"kind": "admin1", "code": "MEX-2723"}, {"kind": "admin1", "code": "MEX-2735"}, {"kind": "admin1", "code": "MEX-2725"}, {"kind": "admin1", "code": "MEX-2722"}, {"kind": "admin1", "code": "MEX-2737"}, {"kind": "admin1", "code": "MEX-2736"}]}}, {"type": "Feature", "geometry": {"type": "Polygon", "coordinates": [[[-98.05779, 19.28727], [-98.11615, 19.24516], [-98.04062, 19.14857], [-97.95273, 19.19331], [-97.96509, 19.26135], [-98.00354, 19.2931], [-98.05779, 19.28727]]]}, "properties": {"id": "I66z", "status": "validé", "pieces": [{"kind": "polygon", "ring": [[-98.05779, 19.28727], [-98.11615, 19.24516], [-98.04062, 19.14857], [-97.95273, 19.19331], [-97.96509, 19.26135], [-98.00354, 19.2931]]}]}}, {"type": "Feature", "geometry": null, "properties": {"id": "IdEs", "status": "validé", "pieces": [{"kind": "admin1", "code": "MEX-2710"}]}}, {"type": "Feature", "geometry": {"type": "Polygon", "coordinates": [[[-98.94699, 22.5621], [-98.83301, 22.00957], [-98.72589, 22.02993], [-98.87009, 22.60646], [-98.94699, 22.5621]]]}, "properties": {"id": "K8qz", "status": "validé", "pieces": [{"kind": "polygon", "ring": [[-98.94699, 22.5621], [-98.83301, 22.00957], [-98.72589, 22.02993], [-98.87009, 22.60646]]}]}}, {"type": "Feature", "geometry": {"type": "Polygon", "coordinates": [[[-101.36948, 24.58349], [-101.44363, 24.2848], [-101.62903, 24.04057], [-101.72791, 23.95529], [-101.83228, 23.76824], [-102.1907, 23.46134], [-102.25937, 23.38954], [-102.32666, 23.28241], [-102.31293, 23.26349], [-102.21268, 23.40844], [-101.82404, 23.74311], [-101.77322, 23.78331], [-101.65649, 23.97787], [-101.56174, 24.01549], [-101.38733, 24.26102], [-101.3475, 24.59223], [-101.35712, 24.62219], [-101.37909, 24.60846], [-101.36948, 24.58349]]]}, "properties": {"id": "KwCu", "status": "validé", "pieces": [{"kind": "polygon", "ring": [[-101.36948, 24.58349], [-101.44363, 24.2848], [-101.62903, 24.04057], [-101.72791, 23.95529], [-101.83228, 23.76824], [-102.1907, 23.46134], [-102.25937, 23.38954], [-102.32666, 23.28241], [-102.31293, 23.26349], [-102.21268, 23.40844], [-101.82404, 23.74311], [-101.77322, 23.78331], [-101.65649, 23.97787], [-101.56174, 24.01549], [-101.38733, 24.26102], [-101.3475, 24.59223], [-101.35712, 24.62219], [-101.37909, 24.60846]]}]}}, {"type": "Feature", "geometry": null, "properties": {"id": "LMob", "status": "validé", "pieces": [{"kind": "country"}]}}, {"type": "Feature", "geometry": null, "properties": {"id": "LWLO", "status": "validé", "pieces": [{"kind": "country"}]}}, {"type": "Feature", "geometry": {"type": "Polygon", "coordinates": [[[-105.92674, 23.41035], [-105.90168, 23.39239], [-105.83439, 23.43617], [-105.80658, 23.49944], [-105.74203, 23.52619], [-105.60848, 23.63785], [-105.62393, 23.64696], [-105.68951, 23.63061], [-105.73139, 23.59257], [-105.76744, 23.55639], [-105.79353, 23.53091], [-105.83061, 23.49094], [-105.84572, 23.46891], [-105.92674, 23.41035]]]}, "properties": {"id": "Lc0Z", "status": "validé", "pieces": [{"kind": "polygon", "ring": [[-105.92674, 23.41035], [-105.90168, 23.39239], [-105.83439, 23.43617], [-105.80658, 23.49944], [-105.74203, 23.52619], [-105.60848, 23.63785], [-105.62393, 23.64696], [-105.68951, 23.63061], [-105.73139, 23.59257], [-105.76744, 23.55639], [-105.79353, 23.53091], [-105.83061, 23.49094], [-105.84572, 23.46891]]}]}}, {"type": "Feature", "geometry": null, "properties": {"id": "M4Ya", "status": "validé", "pieces": [{"kind": "admin1", "code": "MEX-2724"}, {"kind": "admin1", "code": "MEX-2726"}]}}, {"type": "Feature", "geometry": {"type": "Polygon", "coordinates": [[[-97.33681, 25.77593], [-97.61833, 25.77593], [-97.61833, 25.9538], [-97.56417, 25.9538], [-97.52027, 25.91279], [-97.50221, 25.90188], [-97.48632, 25.89573], [-97.46942, 25.89294], [-97.44826, 25.89232], [-97.44131, 25.88493], [-97.43573, 25.86927], [-97.42542, 25.85486], [-97.40418, 25.8514], [-97.39989, 25.85512], [-97.39948, 25.86116], [-97.39782, 25.86581], [-97.38989, 25.86566], [-97.38312, 25.86054], [-97.38012, 25.8532], [-97.37601, 25.84674], [-97.36599, 25.8439], [-97.34573, 25.85222], [-97.34516, 25.8717], [-97.35227, 25.89449], [-97.35511, 25.91279], [-97.35111, 25.91842], [-97.33681, 25.92781], [-97.33681, 25.77593]]]}, "properties": {"id": "MIDc", "status": "validé", "pieces": [{"kind": "rect", "bounds": [-97.61833, 25.77593, -97.33681, 25.9538]}, {"kind": "clip"}]}}, {"type": "Feature", "geometry": null, "properties": {"id": "MIKv", "status": "validé", "pieces": [{"kind": "admin1", "code": "MEX-2727"}]}}, {"type": "Feature", "geometry": null, "properties": {"id": "MkKr", "status": "validé", "pieces": [{"kind": "country"}]}}, {"type": "Feature", "geometry": {"type": "Polygon", "coordinates": [[[-105.89447, 28.54013], [-105.89447, 28.75817], [-106.21033, 28.75817], [-106.21033, 28.54013], [-105.89447, 28.54013]]]}, "properties": {"id": "MwVY", "status": "validé", "pieces": [{"kind": "rect", "bounds": [-106.21033, 28.54013, -105.89447, 28.75817]}]}}, {"type": "Feature", "geometry": null, "properties": {"id": "Mziq", "status": "validé", "pieces": [{"kind": "admin1", "code": "MEX-2719"}, {"kind": "admin1", "code": "MEX-2733"}]}}, {"type": "Feature", "geometry": null, "properties": {"id": "N0AG", "status": "validé", "pieces": [{"kind": "admin1", "code": "MEX-2719"}, {"kind": "admin1", "code": "MEX-2720"}, {"kind": "admin1", "code": "MEX-2728"}, {"kind": "admin1", "code": "MEX-2717"}, {"kind": "admin1", "code": "MEX-2710"}, {"kind": "admin1", "code": "MEX-2715"}, {"kind": "admin1", "code": "MEX-2713"}, {"kind": "admin1", "code": "MEX-2733"}, {"kind": "admin1", "code": "MEX-2729"}, {"kind": "admin1", "code": "MEX-2718"}, {"kind": "admin1", "code": "MEX-2731"}, {"kind": "admin1", "code": "MEX-2732"}]}}, {"type": "Feature", "geometry": {"type": "Polygon", "coordinates": [[[-105.64178, 30.64783], [-107.13867, 30.62421], [-107.12769, 31.76554], [-107.07815, 31.77507], [-107.07651, 31.77506], [-107.05067, 31.77501], [-107.02478, 31.77496], [-106.99889, 31.77491], [-106.973, 31.77486], [-106.94711, 31.77475], [-106.92122, 31.7747], [-106.89533, 31.7747], [-106.86944, 31.7746], [-106.8436, 31.77455], [-106.81771, 31.7745], [-106.79182, 31.77444], [-106.76593, 31.77439], [-106.74009, 31.77429], [-106.71421, 31.77424], [-106.68832, 31.77424], [-106.66248, 31.77413], [-106.63659, 31.77408], [-106.6107, 31.77398], [-106.58486, 31.77393], [-106.55897, 31.77388], [-106.51719, 31.77382], [-106.50605, 31.77026], [-106.50142, 31.76634], [-106.4928, 31.75904], [-106.47313, 31.75506], [-106.42895, 31.75848], [-106.39177, 31.74592], [-106.35849, 31.71755], [-106.33131, 31.68215], [-106.31229, 31.64861], [-106.2863, 31.58014], [-106.27475, 31.56262], [-106.23266, 31.51994], [-106.22289, 31.50459], [-106.21873, 31.49462], [-106.21744, 31.48872], [-106.21542, 31.48392], [-106.20925, 31.47731], [-106.17447, 31.46025], [-106.16432, 31.4478], [-106.14111, 31.43917], [-106.09938, 31.42888], [-106.0653, 31.41095], [-106.04626, 31.40465], [-106.02115, 31.40217], [-106.00474, 31.39695], [-105.9612, 31.37101], [-105.94852, 31.36124], [-105.94177, 31.35235], [-105.93456, 31.3355], [-105.92805, 31.32646], [-105.9088, 31.317], [-105.89715, 31.30951], [-105.89699, 31.306], [-105.88015, 31.30088], [-105.86198, 31.28838], [-105.78483, 31.21102], [-105.77785, 31.19272], [-105.76819, 31.18001], [-105.69228, 31.13763], [-105.67522, 31.13195], [-105.66804, 31.12787], [-105.64381, 31.10368], [-105.6235, 31.09035], [-105.60587, 31.08193], [-105.59094, 31.07144], [-105.57864, 31.05216], [-105.56572, 31.01666], [-105.55595, 31.0026], [-105.53079, 30.9917], [-105.49668, 30.95651], [-105.43128, 30.91294], [-105.64178, 30.64783]]]}, "properties": {"id": "O9Bd", "status": "validé", "pieces": [{"kind": "polygon", "ring": [[-107.12769, 31.76554], [-107.13867, 30.62421], [-105.64178, 30.64783], [-105.30121, 31.07675], [-106.48499, 31.88917]]}, {"kind": "clip"}]}}, {"type": "Feature", "geometry": {"type": "Polygon", "coordinates": [[[-102.12891, 19.68703], [-102.71615, 19.46975], [-102.7074, 19.46801], [-102.65595, 19.47897], [-102.61422, 19.49085], [-102.60707, 19.48972], [-102.60156, 19.48641], [-102.59784, 19.48103], [-102.5959, 19.4738], [-102.59288, 19.46036], [-102.58841, 19.44222], [-102.58252, 19.4246], [-102.57526, 19.41272], [-102.56389, 19.40765], [-102.5518, 19.40512], [-102.54472, 19.40001], [-102.54864, 19.38688], [-102.56154, 19.37634], [-102.57554, 19.36569], [-102.58833, 19.35391], [-102.59769, 19.34011], [-102.59815, 19.33355], [-102.59583, 19.32673], [-102.59412, 19.31986], [-102.59637, 19.31298], [-102.60195, 19.3058], [-102.60753, 19.29862], [-102.61308, 19.29148], [-102.61864, 19.28435], [-102.62887, 19.26926], [-102.64254, 19.24901], [-102.6575, 19.23113], [-102.67194, 19.22301], [-102.67833, 19.22482], [-102.68089, 19.22968], [-102.68259, 19.23572], [-102.68644, 19.24084], [-102.70546, 19.25076], [-102.72804, 19.25753], [-102.75101, 19.25888], [-102.77116, 19.25273], [-102.77711, 19.24658], [-102.78207, 19.23815], [-102.78669, 19.23071], [-102.79142, 19.22746], [-102.80457, 19.22637], [-102.81718, 19.22368], [-102.82974, 19.22027], [-102.84279, 19.21717], [-102.86382, 19.21082], [-102.88444, 19.20255], [-102.90361, 19.19165], [-102.9202, 19.17718], [-102.93658, 19.15299], [-102.94614, 19.12488], [-102.95446, 19.09728], [-102.96715, 19.07444], [-102.98833, 19.05842], [-103.01526, 19.04742], [-103.04376, 19.0393], [-103.06944, 19.03217], [-103.08282, 19.02602], [-103.09603, 19.01956], [-103.10913, 19.01284], [-103.12225, 19.00613], [-103.1259, 18.99993], [-103.12768, 18.98887], [-103.12897, 18.97688], [-103.13148, 18.96789], [-103.14912, 18.95383], [-103.16677, 18.9636], [-103.18271, 18.98437], [-103.19509, 19.00365], [-103.21132, 19.01507], [-103.22721, 19.01326], [-103.24235, 19.01295], [-103.25625, 19.02897], [-103.26808, 19.04685], [-103.28173, 19.05305], [-103.2963, 19.04773], [-103.31103, 19.03114], [-103.31762, 19.01905], [-103.3273, 19.00297], [-103.33816, 18.98757], [-103.34811, 18.97776], [-103.36299, 18.97367], [-103.38275, 18.97347], [-103.40358, 18.97502], [-103.42172, 18.97574], [-103.4366, 18.97569], [-103.45091, 18.97533], [-103.46471, 18.9728], [-103.47781, 18.96644], [-103.48311, 18.99373], [-103.49164, 19.01925], [-103.50396, 19.04344], [-103.52073, 19.06649], [-103.52523, 19.09253], [-103.51554, 19.12881], [-103.50195, 19.16617], [-103.49479, 19.19521], [-103.49897, 19.21206], [-103.50355, 19.23164], [-103.50678, 19.25123], [-103.50698, 19.26802], [-103.50326, 19.27903], [-103.49737, 19.28859], [-103.49233, 19.29851], [-103.49133, 19.31081], [-103.49652, 19.31608], [-103.50755, 19.32197], [-103.51972, 19.3275], [-103.52817, 19.33184], [-103.53804, 19.33996], [-103.54455, 19.34843], [-103.54874, 19.35846], [-103.55192, 19.37107], [-103.56484, 19.38848], [-103.5831, 19.39814], [-103.60065, 19.40776], [-103.61111, 19.42522], [-103.61801, 19.44465], [-103.62563, 19.46667], [-103.63532, 19.48708], [-103.64858, 19.50139], [-103.67372, 19.48848], [-103.69493, 19.46501], [-103.71687, 19.44109], [-103.7441, 19.42688], [-103.75857, 19.42626], [-103.77312, 19.42636], [-103.78748, 19.42553], [-103.80138, 19.42223], [-103.8174, 19.40104], [-103.83348, 19.39758], [-103.85143, 19.40414], [-103.87311, 19.41313], [-103.89094, 19.41907], [-103.91115, 19.42651], [-103.93065, 19.43514], [-103.9466, 19.44455], [-103.97166, 19.46036], [-103.99817, 19.4739], [-104.02488, 19.48723], [-104.05065, 19.50232], [-104.04724, 19.50708], [-104.0478, 19.5109], [-104.04979, 19.51514], [-104.05059, 19.52103], [-104.05142, 19.52506], [-104.05282, 19.52914], [-104.05434, 19.53323], [-104.05576, 19.53715], [-104.06778, 19.52548], [-104.07982, 19.51369], [-104.09183, 19.50191], [-104.1039, 19.49023], [-104.12222, 19.47256], [-104.13545, 19.45768], [-104.14353, 19.44073], [-104.14666, 19.4168], [-104.15222, 19.3982], [-104.16441, 19.39008], [-104.1787, 19.38352], [-104.19033, 19.36972], [-104.19759, 19.34931], [-104.20425, 19.33169], [-104.21451, 19.32037], [-104.23242, 19.31913], [-104.25459, 19.32037], [-104.27262, 19.31489], [-104.28906, 19.30461], [-104.30652, 19.29164], [-104.31575, 19.28745], [-104.32528, 19.28456], [-104.33523, 19.2826], [-104.34515, 19.28136], [-104.35703, 19.27877], [-104.37107, 19.27402], [-104.38473, 19.27045], [-104.39546, 19.27149], [-104.40447, 19.27862], [-104.41189, 19.28559], [-104.42057, 19.28802], [-104.43359, 19.28151], [-104.44078, 19.27691], [-104.44912, 19.27236], [-104.45695, 19.26735], [-104.46253, 19.26161], [-104.46413, 19.25531], [-104.46362, 19.24782], [-104.46352, 19.24038], [-104.4662, 19.23387], [-104.47527, 19.22952], [-104.48346, 19.23511], [-104.49126, 19.24399], [-104.49925, 19.24952], [-104.52566, 19.2533], [-104.53638, 19.24885], [-104.54144, 19.23547], [-104.55093, 19.21273], [-104.56534, 19.19656], [-104.58118, 19.18591], [-104.59227, 19.17253], [-104.59256, 19.1496], [-104.63602, 19.15937], [-104.67296, 19.17658], [-104.68399, 19.1835], [-104.68875, 19.19412], [-104.69192, 19.20759], [-104.7001, 19.21035], [-104.71117, 19.20938], [-104.72289, 19.21149], [-104.73034, 19.21808], [-104.73144, 19.22378], [-104.73355, 19.22846], [-104.74401, 19.23196], [-104.75084, 19.23151], [-104.77811, 19.22517], [-104.79967, 19.22455], [-104.80692, 19.22907], [-104.80484, 19.25589], [-104.7991, 19.28311], [-104.80142, 19.29474], [-104.8157, 19.29963], [-104.82584, 19.29755], [-104.84191, 19.2886], [-104.84952, 19.28657], [-104.85912, 19.28811], [-104.8662, 19.28998], [-104.87259, 19.28836], [-104.88052, 19.27912], [-104.95788, 19.31806], [-104.99364, 19.34219], [-105.01712, 19.36848], [-105.02872, 19.41486], [-105.03934, 19.43561], [-105.0701, 19.44778], [-105.07046, 19.45624], [-105.06554, 19.475], [-105.06811, 19.48542], [-105.07413, 19.49311], [-105.08092, 19.49942], [-105.08597, 19.50568], [-105.08771, 19.56107], [-105.11692, 19.58556], [-105.13016, 19.58645], [-105.14285, 19.58303], [-105.15184, 19.58417], [-105.17068, 19.60224], [-105.18969, 19.61494], [-105.25076, 19.66608], [-105.29833, 19.71857], [-105.35167, 19.80447], [-105.38146, 19.83405], [-105.38842, 19.85236], [-105.39944, 19.86506], [-105.42862, 19.88931], [-105.44156, 19.90644], [-105.46666, 19.95034], [-105.52562, 20.03193], [-105.53165, 20.05061], [-105.5338, 20.06179], [-105.5432, 20.08051], [-105.54532, 20.09162], [-105.54532, 20.13569], [-105.55321, 20.20148], [-105.55895, 20.21821], [-105.56668, 20.22736], [-105.58397, 20.23774], [-105.59313, 20.24555], [-105.6088, 20.27289], [-105.62857, 20.29999], [-105.65565, 20.31318], [-105.67537, 20.35267], [-105.69024, 20.38487], [-105.69868, 20.40691], [-105.68309, 20.42365], [-105.57559, 20.48774], [-105.53081, 20.4932], [-105.46044, 20.49262], [-105.44603, 20.49628], [-105.42919, 20.50593], [-105.35973, 20.51248], [-105.32873, 20.51374], [-105.30095, 20.53184], [-105.28704, 20.54993], [-105.26672, 20.55758], [-105.25536, 20.57062], [-105.24364, 20.58356], [-105.23681, 20.60244], [-105.2343, 20.63613], [-105.25367, 20.65614], [-105.2838, 20.67005], [-105.29078, 20.68515], [-105.27795, 20.69037], [-105.26701, 20.69915], [-105.24714, 20.7315], [-105.22246, 20.76147], [-105.19701, 20.79129], [-105.17494, 20.82291], [-105.15283, 20.85775], [-105.12619, 20.89066], [-105.09456, 20.9181], [-105.05743, 20.93676], [-105.04412, 20.93712], [-105.03901, 20.93066], [-105.03712, 20.92234], [-105.03338, 20.91717], [-105.02733, 20.91661], [-105.02234, 20.91852], [-105.01767, 20.92172], [-105.01255, 20.92508], [-105.00436, 20.92694], [-104.99402, 20.92622], [-104.98346, 20.92446], [-104.97457, 20.92306], [-104.92434, 20.93118], [-104.8809, 20.95795], [-104.83998, 20.99092], [-104.79729, 21.01763], [-104.78771, 21.01991], [-104.77794, 21.02063], [-104.7681, 21.02016], [-104.75822, 21.01882], [-104.73921, 21.01422], [-104.72789, 21.00973], [-104.71828, 21.00301], [-104.70433, 20.99164], [-104.69624, 20.98461], [-104.68836, 20.97748], [-104.68022, 20.9704], [-104.67141, 20.96399], [-104.6557, 20.94808], [-104.63945, 20.93345], [-104.62097, 20.92312], [-104.59839, 20.91981], [-104.56842, 20.92022], [-104.54392, 20.91779], [-104.52292, 20.90658], [-104.50328, 20.88079], [-104.49085, 20.86038], [-104.47798, 20.84415], [-104.46248, 20.83041], [-104.4423, 20.81775], [-104.42026, 20.80679], [-104.39758, 20.79485], [-104.37802, 20.77961], [-104.36533, 20.75909], [-104.35277, 20.74411], [-104.33081, 20.73171], [-104.30613, 20.72023], [-104.28562, 20.70804], [-104.2834, 20.7146], [-104.28185, 20.72153], [-104.28123, 20.72861], [-104.28167, 20.73569], [-104.28254, 20.7516], [-104.28285, 20.76767], [-104.28285, 20.78369], [-104.28285, 20.79971], [-104.27846, 20.83289], [-104.27107, 20.86152], [-104.25986, 20.88849], [-104.24415, 20.91681], [-104.23872, 20.92611], [-104.23342, 20.93541], [-104.22828, 20.94482], [-104.22301, 20.95402], [-104.21288, 20.97252], [-104.20818, 20.99329], [-104.20627, 21.015], [-104.20441, 21.03634], [-104.20418, 21.04032], [-104.20394, 21.04425], [-104.20379, 21.04822], [-104.20369, 21.0521], [-104.20526, 21.0705], [-104.20712, 21.09024], [-104.20989, 21.10967], [-104.21423, 21.12719], [-104.22219, 21.15132], [-104.22412, 21.16925], [-104.21498, 21.18139], [-104.20167, 21.1986], [-104.19593, 21.19886], [-104.16015, 21.20398], [-104.08237, 21.20506], [-104.05933, 21.2093], [-104.03966, 21.21984], [-103.98256, 21.27054], [-103.96858, 21.28707], [-103.96259, 21.30438], [-103.96231, 21.34697], [-103.95652, 21.36516], [-103.94468, 21.37518], [-103.9521, 21.37864], [-104.01217, 21.40898], [-104.07858, 21.44464], [-104.14452, 21.48143], [-104.2103, 21.51915], [-104.18813, 21.54489], [-104.17066, 21.56969], [-104.15813, 21.59677], [-104.15087, 21.62953], [-104.14808, 21.64607], [-104.1441, 21.66214], [-104.13935, 21.678], [-104.13436, 21.69392], [-104.12656, 21.71273], [-104.11377, 21.74245], [-104.10232, 21.77051], [-104.09842, 21.78446], [-104.12658, 21.81908], [-104.15501, 21.85246], [-104.18457, 21.88471], [-104.21599, 21.91634], [-104.25384, 21.95137], [-104.29257, 21.98496], [-104.33197, 22.01762], [-104.37215, 22.05008], [-104.39308, 22.06976], [-104.39866, 22.08542], [-104.39324, 22.10403], [-104.38125, 22.13229], [-104.36835, 22.16531], [-104.35549, 22.19828], [-104.34264, 22.23136], [-104.32975, 22.26438], [-104.2926, 22.28195], [-104.25508, 22.2974], [-104.21746, 22.31249], [-104.18007, 22.32882], [-104.13183, 22.34339], [-104.08106, 22.34835], [-104.02959, 22.35119], [-103.97925, 22.35962], [-103.96801, 22.36225], [-103.95884, 22.36479], [-103.95215, 22.36954], [-103.9482, 22.37884], [-103.94396, 22.39972], [-103.9398, 22.4206], [-103.93559, 22.44142], [-103.93143, 22.46225], [-103.92608, 22.49015], [-103.92693, 22.507], [-103.93768, 22.52033], [-103.96192, 22.53738], [-103.98375, 22.55599], [-103.99184, 22.57433], [-103.99176, 22.59686], [-103.98944, 22.62823], [-103.98789, 22.66409], [-103.98628, 22.69991], [-103.98473, 22.73572], [-103.98318, 22.77158], [-103.93207, 22.76233], [-103.88097, 22.75313], [-103.82983, 22.74394], [-103.77875, 22.73468], [-103.78265, 22.70141], [-103.78673, 22.6612], [-103.79495, 22.62399], [-103.81113, 22.59976], [-103.82844, 22.58937], [-103.8426, 22.58022], [-103.85133, 22.56855], [-103.85249, 22.55082], [-103.8496, 22.53552], [-103.84738, 22.52043], [-103.84794, 22.50566], [-103.85366, 22.49139], [-103.86358, 22.4838], [-103.87719, 22.47672], [-103.88743, 22.4671], [-103.88737, 22.45186], [-103.87988, 22.43734], [-103.87182, 22.42344], [-103.86637, 22.40871], [-103.86675, 22.39186], [-103.87353, 22.37367], [-103.88182, 22.35951], [-103.88903, 22.34453], [-103.89236, 22.32365], [-103.8919, 22.30474], [-103.89011, 22.28613], [-103.88748, 22.26763], [-103.88453, 22.24888], [-103.88042, 22.22981], [-103.87141, 22.20743], [-103.86081, 22.18841], [-103.85213, 22.17942], [-103.85112, 22.18392], [-103.85017, 22.18836], [-103.84919, 22.19286], [-103.84818, 22.1973], [-103.83446, 22.25172], [-103.82071, 22.30613], [-103.80694, 22.3605], [-103.79322, 22.41491], [-103.78444, 22.45951], [-103.77503, 22.51041], [-103.76108, 22.55961], [-103.73878, 22.59888], [-103.72803, 22.60637], [-103.72273, 22.60379], [-103.71875, 22.59702], [-103.71222, 22.59185], [-103.69824, 22.59102], [-103.67721, 22.59149], [-103.6569, 22.59134], [-103.64493, 22.58885], [-103.63904, 22.57805], [-103.64158, 22.56632], [-103.64579, 22.55444], [-103.64501, 22.54338], [-103.63835, 22.53873], [-103.62819, 22.53707], [-103.61799, 22.53594], [-103.61111, 22.53263], [-103.60796, 22.52441], [-103.60755, 22.51423], [-103.60848, 22.5038], [-103.60917, 22.4948], [-103.63108, 22.48002], [-103.65044, 22.43455], [-103.66542, 22.38287], [-103.67434, 22.34928], [-103.67958, 22.33424], [-103.68305, 22.322], [-103.68323, 22.31011], [-103.67858, 22.29585], [-103.67144, 22.27792], [-103.6662, 22.2589], [-103.66325, 22.23942], [-103.6631, 22.22004], [-103.6724, 22.18423], [-103.6778, 22.16469], [-103.67827, 22.13689], [-103.65824, 22.1172], [-103.64214, 22.11281], [-103.61659, 22.11746], [-103.60308, 22.12325], [-103.59463, 22.13028], [-103.5784, 22.14847], [-103.56941, 22.15167], [-103.53466, 22.14537], [-103.52003, 22.14645], [-103.50972, 22.14227], [-103.50316, 22.13441], [-103.4999, 22.12428], [-103.48864, 22.13493], [-103.48084, 22.16185], [-103.47174, 22.18562], [-103.46161, 22.21606], [-103.44756, 22.24185], [-103.42678, 22.25172], [-103.40645, 22.25895], [-103.40234, 22.27993], [-103.40149, 22.30603], [-103.39084, 22.32871], [-103.38317, 22.3343], [-103.37505, 22.33915], [-103.36679, 22.34375], [-103.35865, 22.34877], [-103.3557, 22.36013], [-103.36043, 22.36747], [-103.37017, 22.3715], [-103.38198, 22.37254], [-103.39239, 22.37605], [-103.39593, 22.38473], [-103.39862, 22.3945], [-103.40663, 22.40116], [-103.42017, 22.40551], [-103.42681, 22.41005], [-103.42709, 22.4176], [-103.42125, 22.43072], [-103.41226, 22.44881], [-103.40327, 22.46679], [-103.39361, 22.48452], [-103.38286, 22.50147], [-103.381, 22.50555], [-103.37844, 22.50958], [-103.3756, 22.5133], [-103.37278, 22.51676], [-103.34188, 22.49082], [-103.31046, 22.46602], [-103.27839, 22.44199], [-103.24576, 22.41822], [-103.23088, 22.40845], [-103.21597, 22.39848], [-103.2008, 22.38897], [-103.18517, 22.38049], [-103.18122, 22.37088], [-103.18292, 22.35373], [-103.18672, 22.33538], [-103.18912, 22.3222], [-103.17166, 22.32654], [-103.15158, 22.33326], [-103.13176, 22.33827], [-103.11515, 22.33781], [-103.10223, 22.33068], [-103.09822, 22.32189], [-103.09704, 22.31125], [-103.09244, 22.29833], [-103.0798, 22.30019], [-103.06709, 22.30417], [-103.05502, 22.30603], [-103.0442, 22.30153], [-103.03768, 22.28742], [-103.03939, 22.26939], [-103.04567, 22.25151], [-103.0528, 22.23787], [-103.06065, 22.22366], [-103.06913, 22.20764], [-103.07903, 22.19275], [-103.09083, 22.18195], [-103.10329, 22.17849], [-103.1167, 22.17751], [-103.12714, 22.1741], [-103.13073, 22.16335], [-103.12915, 22.1403], [-103.11905, 22.13545], [-103.10362, 22.13482], [-103.08587, 22.12465], [-103.08295, 22.11209], [-103.08259, 22.09886], [-103.08474, 22.08604], [-103.08946, 22.07457], [-103.11471, 22.06568], [-103.12931, 22.05669], [-103.13843, 22.0416], [-103.14737, 22.01483], [-103.15608, 21.9984], [-103.16948, 21.98698], [-103.18625, 21.98011], [-103.20499, 21.97742], [-103.23522, 21.98088], [-103.26377, 21.98822], [-103.28901, 21.98548], [-103.30958, 21.95892], [-103.3178, 21.94962], [-103.328, 21.94295], [-103.33966, 21.93907], [-103.35206, 21.93814], [-103.36462, 21.93814], [-103.37699, 21.93659], [-103.38911, 21.93349], [-103.40074, 21.92879], [-103.42017, 21.91262], [-103.43934, 21.89603], [-103.4583, 21.87928], [-103.47732, 21.86259], [-103.50078, 21.84265], [-103.52683, 21.81722], [-103.54238, 21.78973], [-103.53448, 21.76348], [-103.52187, 21.73594], [-103.51755, 21.69718], [-103.51724, 21.65703], [-103.5167, 21.6253], [-103.51928, 21.60028], [-103.54073, 21.58664], [-103.56902, 21.57563], [-103.59194, 21.55868], [-103.60158, 21.53951], [-103.61248, 21.51765], [-103.62612, 21.49838], [-103.64393, 21.4868], [-103.66628, 21.48794], [-103.68963, 21.49962], [-103.71263, 21.51429], [-103.73395, 21.52494], [-103.72351, 21.4898], [-103.71434, 21.45559], [-103.70754, 21.42086], [-103.70426, 21.38417], [-103.70516, 21.36691], [-103.70795, 21.34748], [-103.71392, 21.3295], [-103.72431, 21.31617], [-103.73955, 21.30495], [-103.7465, 21.29725], [-103.74837, 21.28625], [-103.74837, 21.26511], [-103.74986, 21.24108], [-103.74705, 21.22837], [-103.73617, 21.22718], [-103.71361, 21.23788], [-103.69599, 21.24873], [-103.67442, 21.26025], [-103.65341, 21.2647], [-103.63711, 21.25457], [-103.63059, 21.23679], [-103.62935, 21.2217], [-103.62556, 21.20889], [-103.61135, 21.19778], [-103.59145, 21.19297], [-103.56987, 21.19369], [-103.54814, 21.19659], [-103.52786, 21.19834], [-103.50802, 21.19607], [-103.49342, 21.18672], [-103.48032, 21.17411], [-103.46487, 21.16212], [-103.44911, 21.15866], [-103.43324, 21.15969], [-103.41727, 21.16207], [-103.40102, 21.16238], [-103.38201, 21.15804], [-103.36384, 21.15039], [-103.34632, 21.14098], [-103.32909, 21.13158], [-103.32172, 21.12781], [-103.31439, 21.12403], [-103.30705, 21.12031], [-103.29968, 21.11654], [-103.26839, 21.09882], [-103.23168, 21.07907], [-103.19421, 21.06781], [-103.1607, 21.07567], [-103.13628, 21.07375], [-103.10944, 21.05696], [-103.08298, 21.04177], [-103.05957, 21.0445], [-103.04753, 21.07396], [-103.04644, 21.12031], [-103.05042, 21.16755], [-103.05355, 21.1999], [-103.05412, 21.21638], [-103.05474, 21.23286], [-103.05536, 21.24935], [-103.0559, 21.26583], [-103.045, 21.28826], [-103.02409, 21.29136], [-102.99926, 21.2847], [-102.97637, 21.27803], [-102.94583, 21.27658], [-102.91493, 21.28227], [-102.88635, 21.29493], [-102.86273, 21.3141], [-102.84976, 21.3264], [-102.83206, 21.33797], [-102.81473, 21.34149], [-102.80263, 21.32981], [-102.80491, 21.3172], [-102.81059, 21.30263], [-102.80832, 21.29291], [-102.78664, 21.29498], [-102.77395, 21.30557], [-102.77101, 21.32185], [-102.7686, 21.3387], [-102.75775, 21.3511], [-102.75018, 21.35658], [-102.74491, 21.3634], [-102.73998, 21.37032], [-102.73357, 21.37601], [-102.72192, 21.38045], [-102.71013, 21.38283], [-102.69923, 21.38676], [-102.69021, 21.39533], [-102.68781, 21.39802], [-102.68567, 21.40102], [-102.68393, 21.40412], [-102.68249, 21.40748], [-102.66734, 21.44076], [-102.64714, 21.48732], [-102.63407, 21.53424], [-102.64052, 21.56835], [-102.65502, 21.57574], [-102.67357, 21.57558], [-102.69313, 21.57403], [-102.7107, 21.57719], [-102.7275, 21.58659], [-102.74135, 21.59501], [-102.75623, 21.6023], [-102.77618, 21.60783], [-102.78437, 21.62747], [-102.78253, 21.65377], [-102.77605, 21.68085], [-102.77023, 21.70276], [-102.76783, 21.71428], [-102.76538, 21.72575], [-102.76295, 21.73733], [-102.76049, 21.7488], [-102.73039, 21.75934], [-102.69608, 21.77113], [-102.66138, 21.77784], [-102.63032, 21.77304], [-102.58903, 21.75278], [-102.55242, 21.72803], [-102.51418, 21.70612], [-102.46803, 21.69459], [-102.43676, 21.69082], [-102.4055, 21.68596], [-102.37418, 21.681], [-102.34287, 21.67671], [-102.31414, 21.6731], [-102.28633, 21.67015], [-102.25895, 21.67072], [-102.23125, 21.67775], [-102.20696, 21.69149], [-102.1867, 21.70901], [-102.16738, 21.72751], [-102.14578, 21.74425], [-102.12169, 21.75397], [-102.09896, 21.75888], [-102.07989, 21.76792], [-102.06676, 21.79014], [-102.06247, 21.8165], [-102.05906, 21.84332], [-102.04914, 21.8659], [-102.02496, 21.8797], [-101.99803, 21.88781], [-101.98196, 21.90394], [-101.9676, 21.92099], [-101.94579, 21.93194], [-101.91359, 21.9413], [-101.89173, 21.95566], [-101.87411, 21.97623], [-101.85468, 22.00429], [-101.85272, 22.0078], [-101.85044, 22.01116], [-101.84802, 22.01442], [-101.84543, 22.01747], [-101.8415, 22.01587], [-101.83768, 22.01431], [-101.83386, 22.01271], [-101.83003, 22.01111], [-101.80791, 21.9954], [-101.78662, 21.97752], [-101.7642, 21.96285], [-101.73856, 21.95706], [-101.72368, 21.95866], [-101.70854, 21.96145], [-101.6935, 21.96336], [-101.67893, 21.96207], [-101.66436, 21.95654], [-101.65009, 21.94838], [-101.63635, 21.93918], [-101.62312, 21.9307], [-101.60689, 21.9153], [-101.59263, 21.89608], [-101.57785, 21.88089], [-101.55992, 21.87768], [-101.53992, 21.88089], [-101.52876, 21.87655], [-101.52328, 21.86363], [-101.52054, 21.84094], [-101.53899, 21.82327], [-101.56137, 21.80182], [-101.57971, 21.77846], [-101.58622, 21.75505], [-101.57878, 21.73108], [-101.56431, 21.70984], [-101.54757, 21.68958], [-101.53336, 21.66839], [-101.53827, 21.63687], [-101.5733, 21.61072], [-101.61506, 21.58468], [-101.64012, 21.55341], [-101.63687, 21.51667], [-101.61836, 21.48499], [-101.59439, 21.45523], [-101.57465, 21.42427], [-101.56824, 21.40572], [-101.56648, 21.38629], [-101.56824, 21.36671], [-101.57268, 21.34759], [-101.59025, 21.31854], [-101.61144, 21.29415], [-101.63557, 21.27229], [-101.66208, 21.25111], [-101.66446, 21.24946], [-101.64551, 20.47091], [-102.12891, 19.68703]]]}, "properties": {"id": "ORWw", "status": "validé", "pieces": [{"kind": "admin1", "code": "MEX-2719"}, {"kind": "polygon", "ring": [[-102.74414, 19.45939], [-102.12891, 19.68703], [-101.64551, 20.47091], [-101.66748, 21.37358], [-102.67822, 21.00496], [-103.53516, 20.26501]]}, {"kind": "clip"}]}}, {"type": "Feature", "geometry": {"type": "MultiPolygon", "coordinates": [[[[-91.52733, 18.77709], [-91.5244, 18.76659], [-91.52457, 18.75214], [-91.5288, 18.75528], [-91.53205, 18.75898], [-91.55394, 18.74494], [-91.56591, 18.74018], [-91.57921, 18.73851], [-91.57461, 18.74592], [-91.56851, 18.75165], [-91.5609, 18.75593], [-91.55187, 18.75898], [-91.57165, 18.75723], [-91.60603, 18.74372], [-91.62084, 18.7447], [-91.66006, 18.69233], [-91.68887, 18.66942], [-91.72321, 18.66279], [-91.70275, 18.6975], [-91.75512, 18.66714], [-91.78596, 18.65436], [-91.81627, 18.64911], [-91.83568, 18.64911], [-91.84268, 18.65119], [-91.83825, 18.65819], [-91.82315, 18.67333], [-91.81216, 18.67976], [-91.76822, 18.6975], [-91.74022, 18.7038], [-91.68589, 18.73153], [-91.64655, 18.75584], [-91.60033, 18.77204], [-91.55573, 18.79169], [-91.53889, 18.79312], [-91.53246, 18.78535], [-91.52733, 18.77709]]], [[[-106.2702, 21.301], [-106.27936, 21.31466], [-106.26001, 21.3341], [-106.24178, 21.33296], [-106.23192, 21.33524], [-106.22745, 21.33277], [-106.22404, 21.32874], [-106.22574, 21.30867], [-106.22751, 21.29117], [-106.23697, 21.29507], [-106.24731, 21.2897], [-106.2702, 21.301]]], [[[-106.36264, 21.45507], [-106.38065, 21.44699], [-106.38463, 21.43147], [-106.3871, 21.42064], [-106.40261, 21.42295], [-106.42883, 21.4351], [-106.44371, 21.43684], [-106.45928, 21.44832], [-106.47875, 21.4514], [-106.49261, 21.469], [-106.47199, 21.48384], [-106.45959, 21.49489], [-106.44853, 21.4931], [-106.43706, 21.49595], [-106.42472, 21.48802], [-106.40422, 21.48389], [-106.38599, 21.48277], [-106.37273, 21.48205], [-106.37192, 21.4718], [-106.36289, 21.46431], [-106.36264, 21.45507]]], [[[-106.52081, 21.56247], [-106.52616, 21.55668], [-106.53205, 21.55037], [-106.53236, 21.54163], [-106.53686, 21.5446], [-106.54179, 21.54346], [-106.54085, 21.54914], [-106.53771, 21.55539], [-106.54506, 21.56189], [-106.55229, 21.56376], [-106.59127, 21.57722], [-106.63116, 21.60086], [-106.63009, 21.60449], [-106.62854, 21.60915], [-106.62876, 21.61684], [-106.63556, 21.6259], [-106.64163, 21.63911], [-106.65139, 21.65222], [-106.65599, 21.65827], [-106.64948, 21.66253], [-106.64922, 21.67281], [-106.65064, 21.68407], [-106.66085, 21.69306], [-106.64216, 21.6966], [-106.62098, 21.69044], [-106.60001, 21.69145], [-106.58767, 21.68456], [-106.548, 21.66855], [-106.53446, 21.65757], [-106.53643, 21.64827], [-106.53943, 21.6364], [-106.52691, 21.6239], [-106.51897, 21.6169], [-106.51379, 21.60881], [-106.50927, 21.60532], [-106.50478, 21.60286], [-106.51235, 21.59703], [-106.51601, 21.58875], [-106.51408, 21.57904], [-106.51166, 21.5719], [-106.51986, 21.56814], [-106.52081, 21.56247]]], [[[-106.65777, 21.73988], [-106.67896, 21.72704], [-106.68894, 21.74683], [-106.68391, 21.76097], [-106.67814, 21.77485], [-106.67141, 21.77192], [-106.66382, 21.77725], [-106.66305, 21.76955], [-106.658, 21.76711], [-106.65596, 21.7543], [-106.6635, 21.74693], [-106.65777, 21.73988]]], [[[-105.38836, 20.73946], [-105.41091, 20.734], [-105.44197, 20.74871], [-105.47833, 20.75148], [-105.51412, 20.77033], [-105.53288, 20.75645], [-105.5449, 20.7681], [-105.53514, 20.77844], [-105.52358, 20.78966], [-105.51448, 20.78812], [-105.50445, 20.78491], [-105.48654, 20.79622], [-105.47549, 20.82038], [-105.46644, 20.83467], [-105.4596, 20.85595], [-105.45529, 20.86702], [-105.44909, 20.87307], [-105.43993, 20.87144], [-105.42492, 20.88957], [-105.40394, 20.92894], [-105.37087, 20.95408], [-105.35824, 20.95773], [-105.35122, 20.9706], [-105.33425, 20.98532], [-105.32559, 21.00296], [-105.31871, 21.0174], [-105.30968, 21.03067], [-105.29885, 21.03428], [-105.29146, 21.02671], [-105.27965, 21.02604], [-105.27056, 21.02532], [-105.24997, 21.04356], [-105.23433, 21.06097], [-105.23033, 21.09067], [-105.23263, 21.1169], [-105.23925, 21.1312], [-105.2297, 21.15507], [-105.23294, 21.18295], [-105.21608, 21.20438], [-105.2257, 21.28388], [-105.24314, 21.34206], [-105.2305, 21.38862], [-105.21976, 21.4075], [-105.2029, 21.43475], [-105.18497, 21.44302], [-105.18663, 21.4534], [-105.19583, 21.47268], [-105.20006, 21.49286], [-105.20786, 21.5058], [-105.21756, 21.51724], [-105.23008, 21.52492], [-105.24377, 21.52725], [-105.24989, 21.51446], [-105.2635, 21.5134], [-105.28104, 21.52839], [-105.31964, 21.54555], [-105.39139, 21.5893], [-105.41408, 21.60111], [-105.44842, 21.63103], [-105.46291, 21.67145], [-105.54939, 21.83018], [-105.63226, 21.95574], [-105.64878, 21.99232], [-105.65726, 22.04725], [-105.64766, 22.19061], [-105.65503, 22.2563], [-105.68209, 22.34678], [-105.70622, 22.42137], [-105.72008, 22.47293], [-105.7327, 22.50406], [-105.72407, 22.5095], [-105.71331, 22.49232], [-105.69662, 22.46535], [-105.67874, 22.44897], [-105.66326, 22.46225], [-105.66179, 22.48002], [-105.66551, 22.49904], [-105.67166, 22.51795], [-105.67747, 22.53521], [-105.65554, 22.53888], [-105.63455, 22.54503], [-105.6135, 22.54849], [-105.59135, 22.54415], [-105.5752, 22.5348], [-105.56102, 22.52312], [-105.54735, 22.51087], [-105.53262, 22.49997], [-105.49999, 22.49005], [-105.46604, 22.49486], [-105.44278, 22.51475], [-105.44196, 22.55005], [-105.44829, 22.57418], [-105.45557, 22.59981], [-105.46387, 22.62513], [-105.47296, 22.64818], [-105.47655, 22.65102], [-105.4826, 22.65293], [-105.48854, 22.65479], [-105.49203, 22.65774], [-105.49164, 22.66368], [-105.48878, 22.67133], [-105.48619, 22.67877], [-105.48653, 22.68415], [-105.49573, 22.69097], [-105.50663, 22.69396], [-105.51709, 22.69789], [-105.52469, 22.70766], [-105.53032, 22.72177], [-105.53518, 22.73003], [-105.54179, 22.73593], [-105.55298, 22.74306], [-105.56136, 22.74828], [-105.56877, 22.75375], [-105.57427, 22.76063], [-105.57714, 22.77019], [-105.57166, 22.79065], [-105.55575, 22.8122], [-105.53627, 22.83215], [-105.52035, 22.84775], [-105.5043, 22.86026], [-105.48474, 22.87385], [-105.46601, 22.88775], [-105.45227, 22.90129], [-105.44498, 22.91421], [-105.44547, 22.92341], [-105.45115, 22.93271], [-105.45914, 22.94583], [-105.46795, 22.96248], [-105.47203, 22.97358], [-105.47095, 22.98552], [-105.4641, 23.00459], [-105.4518, 23.02356], [-105.43483, 23.03276], [-105.41359, 23.03508], [-105.38863, 23.03332], [-105.33698, 23.03472], [-105.28313, 23.0372], [-105.22959, 23.03741], [-105.17882, 23.03162], [-105.13148, 23.01704], [-105.08296, 22.99524], [-105.03531, 22.97105], [-104.99072, 22.9493], [-104.96989, 22.93829], [-104.95591, 22.92847], [-104.94548, 22.9156], [-104.93527, 22.8955], [-104.92356, 22.86915], [-104.91191, 22.84289], [-104.90028, 22.81659], [-104.88858, 22.79029], [-104.89729, 22.77799], [-104.91992, 22.75685], [-104.94444, 22.73572], [-104.95878, 22.72352], [-104.97751, 22.70575], [-104.98857, 22.69164], [-104.99421, 22.67505], [-104.99661, 22.64952], [-104.99901, 22.62549], [-105.00219, 22.5934], [-105.00255, 22.56291], [-104.99666, 22.54348], [-104.97072, 22.54172], [-104.94237, 22.55625], [-104.91558, 22.57697], [-104.89424, 22.59397], [-104.86424, 22.61454], [-104.83427, 22.63505], [-104.80432, 22.65567], [-104.77435, 22.67624], [-104.75373, 22.67396], [-104.72146, 22.65841], [-104.68903, 22.63908], [-104.66792, 22.62565], [-104.65916, 22.6166], [-104.65363, 22.60451], [-104.64996, 22.59113], [-104.64673, 22.57831], [-104.63813, 22.54374], [-104.62898, 22.51051], [-104.61384, 22.48147], [-104.58743, 22.45956], [-104.56227, 22.44452], [-104.53348, 22.42742], [-104.50413, 22.41558], [-104.47716, 22.41677], [-104.44153, 22.43124], [-104.40587, 22.44581], [-104.37027, 22.46039], [-104.33463, 22.47486], [-104.32903, 22.43589], [-104.32342, 22.39677], [-104.31761, 22.35776], [-104.31143, 22.3191], [-104.31396, 22.30551], [-104.31861, 22.29161], [-104.3243, 22.27781], [-104.32975, 22.26438], [-104.34264, 22.23136], [-104.35549, 22.19828], [-104.36835, 22.16531], [-104.38125, 22.13229], [-104.39324, 22.10403], [-104.39866, 22.08542], [-104.39308, 22.06976], [-104.37215, 22.05008], [-104.33197, 22.01762], [-104.29257, 21.98496], [-104.25384, 21.95137], [-104.21599, 21.91634], [-104.18457, 21.88471], [-104.15501, 21.85246], [-104.12658, 21.81908], [-104.09842, 21.78446], [-104.10232, 21.77051], [-104.11377, 21.74245], [-104.12656, 21.71273], [-104.13436, 21.69392], [-104.13935, 21.678], [-104.1441, 21.66214], [-104.14808, 21.64607], [-104.15087, 21.62953], [-104.15813, 21.59677], [-104.17066, 21.56969], [-104.18813, 21.54489], [-104.2103, 21.51915], [-104.14452, 21.48143], [-104.07858, 21.44464], [-104.01217, 21.40898], [-103.9521, 21.37864], [-103.94468, 21.37518], [-103.95652, 21.36516], [-103.96231, 21.34697], [-103.96259, 21.30438], [-103.96858, 21.28707], [-103.98256, 21.27054], [-104.03966, 21.21984], [-104.05933, 21.2093], [-104.08237, 21.20506], [-104.16015, 21.20398], [-104.19593, 21.19886], [-104.20167, 21.1986], [-104.21498, 21.18139], [-104.22412, 21.16925], [-104.22219, 21.15132], [-104.21423, 21.12719], [-104.20989, 21.10967], [-104.20712, 21.09024], [-104.20526, 21.0705], [-104.20369, 21.0521], [-104.20379, 21.04822], [-104.20394, 21.04425], [-104.20418, 21.04032], [-104.20441, 21.03634], [-104.20627, 21.015], [-104.20818, 20.99329], [-104.21288, 20.97252], [-104.22301, 20.95402], [-104.22828, 20.94482], [-104.23342, 20.93541], [-104.23872, 20.92611], [-104.24415, 20.91681], [-104.25986, 20.88849], [-104.27107, 20.86152], [-104.27846, 20.83289], [-104.28285, 20.79971], [-104.28285, 20.78369], [-104.28285, 20.76767], [-104.28254, 20.7516], [-104.28167, 20.73569], [-104.28123, 20.72861], [-104.28185, 20.72153], [-104.2834, 20.7146], [-104.28562, 20.70804], [-104.30613, 20.72023], [-104.33081, 20.73171], [-104.35277, 20.74411], [-104.36533, 20.75909], [-104.37802, 20.77961], [-104.39758, 20.79485], [-104.42026, 20.80679], [-104.4423, 20.81775], [-104.46248, 20.83041], [-104.47798, 20.84415], [-104.49085, 20.86038], [-104.50328, 20.88079], [-104.52292, 20.90658], [-104.54392, 20.91779], [-104.56842, 20.92022], [-104.59839, 20.91981], [-104.62097, 20.92312], [-104.63945, 20.93345], [-104.6557, 20.94808], [-104.67141, 20.96399], [-104.68022, 20.9704], [-104.68836, 20.97748], [-104.69624, 20.98461], [-104.70433, 20.99164], [-104.71828, 21.00301], [-104.72789, 21.00973], [-104.73921, 21.01422], [-104.75822, 21.01882], [-104.7681, 21.02016], [-104.77794, 21.02063], [-104.78771, 21.01991], [-104.79729, 21.01763], [-104.83998, 20.99092], [-104.8809, 20.95795], [-104.92434, 20.93118], [-104.97457, 20.92306], [-104.98346, 20.92446], [-104.99402, 20.92622], [-105.00436, 20.92694], [-105.01255, 20.92508], [-105.01767, 20.92172], [-105.02234, 20.91852], [-105.02733, 20.91661], [-105.03338, 20.91717], [-105.03712, 20.92234], [-105.03901, 20.93066], [-105.04412, 20.93712], [-105.05743, 20.93676], [-105.09456, 20.9181], [-105.12619, 20.89066], [-105.15283, 20.85775], [-105.17494, 20.82291], [-105.19701, 20.79129], [-105.22246, 20.76147], [-105.24714, 20.7315], [-105.26701, 20.69915], [-105.27795, 20.69037], [-105.29078, 20.68515], [-105.31022, 20.72721], [-105.34153, 20.75464], [-105.36156, 20.76275], [-105.36959, 20.75501], [-105.38836, 20.73946]]], [[[-97.32642, 21.499], [-97.33361, 21.47834], [-97.34228, 21.43513], [-97.34789, 21.41791], [-97.37584, 21.37328], [-97.38732, 21.35936], [-97.39818, 21.34162], [-97.40421, 21.31892], [-97.4112, 21.27338], [-97.41861, 21.27338], [-97.43171, 21.34227], [-97.45613, 21.39228], [-97.46377, 21.42402], [-97.47155, 21.43073], [-97.47224, 21.43781], [-97.45564, 21.45527], [-97.43981, 21.46662], [-97.41942, 21.47675], [-97.40087, 21.48054], [-97.39074, 21.47264], [-97.38048, 21.4892], [-97.37426, 21.5043], [-97.37108, 21.51984], [-97.37023, 21.5375], [-97.37898, 21.55435], [-97.39924, 21.57062], [-97.43855, 21.59553], [-97.48689, 21.63642], [-97.50162, 21.66055], [-97.55582, 21.71284], [-97.60204, 21.77705], [-97.62507, 21.79442], [-97.63028, 21.80439], [-97.63097, 21.81684], [-97.64761, 21.88434], [-97.65884, 21.90746], [-97.6859, 21.92451], [-97.76757, 22.06379], [-97.78112, 22.09585], [-97.77701, 22.07306], [-97.76012, 22.03685], [-97.75145, 22.0257], [-97.74429, 22.00642], [-97.71972, 21.95181], [-97.71264, 21.91096], [-97.70836, 21.82746], [-97.68814, 21.76081], [-97.6726, 21.67528], [-97.65758, 21.63654], [-97.57763, 21.50104], [-97.562, 21.48566], [-97.54564, 21.47736], [-97.53067, 21.47626], [-97.5161, 21.48184], [-97.5006, 21.49311], [-97.48941, 21.48078], [-97.49071, 21.46214], [-97.5006, 21.42109], [-97.49682, 21.40062], [-97.42951, 21.27167], [-97.42829, 21.2604], [-97.41251, 21.25519], [-97.4049, 21.24189], [-97.39753, 21.20515], [-97.36106, 21.11308], [-98.14087, 20.94243], [-98.58032, 21.19862], [-98.66821, 21.1679], [-99.07471, 21.30097], [-99.09668, 21.65864], [-99.45923, 21.4237], [-99.54712, 22.75667], [-99.00879, 22.89838], [-98.1958, 23.07025], [-97.74363, 22.95823], [-97.75381, 22.84931], [-97.75267, 22.90705], [-97.7539, 22.92325], [-97.76448, 22.91201], [-97.79479, 22.80834], [-97.8024, 22.79377], [-97.83576, 22.76118], [-97.83902, 22.75373], [-97.83825, 22.73969], [-97.84317, 22.7333], [-97.84996, 22.73237], [-97.8767, 22.73945], [-97.85741, 22.71857], [-97.85505, 22.69855], [-97.88939, 22.62543], [-97.89322, 22.61026], [-97.89098, 22.5961], [-97.88199, 22.58788], [-97.87011, 22.58771], [-97.85839, 22.59345], [-97.85001, 22.60293], [-97.84927, 22.61323], [-97.85334, 22.64395], [-97.85001, 22.65754], [-97.83996, 22.67031], [-97.8343, 22.66974], [-97.83137, 22.65974], [-97.82958, 22.64387], [-97.83007, 22.6164], [-97.85001, 22.53461], [-97.82006, 22.4333], [-97.82209, 22.40428], [-97.81778, 22.39069], [-97.80907, 22.34032], [-97.80533, 22.32917], [-97.79922, 22.31883], [-97.77428, 22.25349], [-97.77135, 22.13166], [-97.76061, 22.09585], [-97.61046, 21.83576], [-97.50813, 21.72281], [-97.48998, 21.71284], [-97.43529, 21.66535], [-97.42488, 21.66104], [-97.41381, 21.64672], [-97.34895, 21.60705], [-97.32642, 21.499]]], [[[-87.31013, 18.56721], [-87.32815, 18.5327], [-87.32209, 18.48924], [-87.3345, 18.45437], [-87.3732, 18.40249], [-87.37942, 18.40249], [-87.37564, 18.41026], [-87.35851, 18.42939], [-87.34874, 18.44257], [-87.34362, 18.45234], [-87.33747, 18.47777], [-87.33121, 18.53242], [-87.32815, 18.54125], [-87.32433, 18.54979], [-87.31847, 18.55842], [-87.31013, 18.56721]]], [[[-87.25862, 18.65697], [-87.26915, 18.73851], [-87.25548, 18.72427], [-87.24816, 18.67621], [-87.24987, 18.65086], [-87.26293, 18.62865], [-87.25862, 18.65697]]], [[[-89.60016, 17.81473], [-89.82002, 17.81499], [-90.03977, 17.81514], [-90.25965, 17.81535], [-90.47946, 17.81561], [-90.69924, 17.81581], [-90.91912, 17.81602], [-90.96222, 17.81602], [-90.98284, 17.81054], [-90.9909, 17.80196], [-90.99168, 17.85126], [-90.99168, 17.90036], [-90.99168, 17.9495], [-90.99168, 17.96821], [-91.05162, 17.97048], [-91.08056, 17.97167], [-91.10945, 17.97281], [-91.12371, 17.9758], [-91.13177, 17.98221], [-91.1389, 17.99079], [-91.15027, 18.00009], [-91.168, 18.00681], [-91.18763, 18.00846], [-91.20784, 18.00753], [-91.22737, 18.00645], [-91.24567, 18.01063], [-91.26463, 18.02128], [-91.28277, 18.03446], [-91.29837, 18.04634], [-91.316, 18.05843], [-91.33196, 18.06686], [-91.34933, 18.07192], [-91.37145, 18.07378], [-91.39041, 18.0759], [-91.40705, 18.0806], [-91.42364, 18.08639], [-91.44245, 18.09197], [-91.45413, 18.09549], [-91.46519, 18.09931], [-91.47656, 18.1022], [-91.48958, 18.10298], [-91.51211, 18.10334], [-91.54084, 18.10458], [-91.56875, 18.10365], [-91.5889, 18.09786], [-91.59143, 18.09321], [-91.59603, 18.0835], [-91.60058, 18.07326], [-91.60306, 18.06717], [-91.60409, 18.05631], [-91.60249, 18.045], [-91.60037, 18.03461], [-91.59986, 18.02634], [-91.60471, 18.00877], [-91.61422, 17.98397], [-91.62476, 17.96149], [-91.63308, 17.95089], [-91.68171, 17.95105], [-91.73034, 17.95131], [-91.77897, 17.95151], [-91.82765, 17.95167], [-91.85932, 17.95358], [-91.89095, 17.96666], [-91.92128, 17.98464], [-91.94914, 18.00138], [-91.96541, 18.01084], [-91.96976, 18.02603], [-91.97513, 18.04164], [-91.99404, 18.05259], [-92.00882, 18.05714], [-92.02226, 18.06324], [-92.03502, 18.07047], [-92.04794, 18.07833], [-92.07109, 18.0945], [-92.09316, 18.11259], [-92.1159, 18.13042], [-92.14122, 18.14608], [-92.15564, 18.16881], [-92.15806, 18.20773], [-92.15471, 18.24896], [-92.15197, 18.27863], [-92.15124, 18.32441], [-92.15057, 18.3702], [-92.1498, 18.41603], [-92.14907, 18.46187], [-92.19445, 18.46032], [-92.24235, 18.45774], [-92.28994, 18.45763], [-92.33418, 18.46373], [-92.34343, 18.46321], [-92.35035, 18.45944], [-92.35759, 18.45701], [-92.36808, 18.46079], [-92.37624, 18.46673], [-92.3842, 18.47309], [-92.39205, 18.47944], [-92.40032, 18.48523], [-92.4165, 18.50332], [-92.42451, 18.52714], [-92.42968, 18.55282], [-92.43727, 18.57633], [-92.44916, 18.59385], [-92.46389, 18.6122], [-92.47587, 18.63142], [-92.48614, 18.64848], [-92.40514, 18.67106], [-92.29271, 18.67683], [-92.18676, 18.68623], [-92.06013, 18.70162], [-91.97931, 18.69843], [-91.94806, 18.69122], [-91.92081, 18.66193], [-91.86693, 18.62836], [-91.86042, 18.62181], [-91.86042, 18.60981], [-91.86657, 18.59838], [-91.87662, 18.59015], [-91.88829, 18.58763], [-91.88366, 18.59431], [-91.88085, 18.6013], [-91.89265, 18.59662], [-91.9051, 18.59443], [-91.93236, 18.5939], [-91.94254, 18.59838], [-91.94066, 18.60887], [-91.93725, 18.62055], [-91.94294, 18.62865], [-91.95019, 18.62954], [-91.95629, 18.62739], [-91.97606, 18.61156], [-91.9807, 18.61127], [-91.98534, 18.61384], [-91.99446, 18.61563], [-92.00821, 18.61298], [-92.01138, 18.60737], [-92.00504, 18.60236], [-91.99071, 18.6013], [-91.99071, 18.5939], [-92.00357, 18.59024], [-92.01647, 18.58967], [-92.02847, 18.59308], [-92.03913, 18.6013], [-92.03726, 18.59545], [-92.03669, 18.59105], [-92.03539, 18.58674], [-92.03165, 18.5808], [-92.03991, 18.5742], [-92.04601, 18.56664], [-92.05016, 18.5576], [-92.05281, 18.5467], [-92.04776, 18.55073], [-92.03165, 18.56037], [-92.01374, 18.54633], [-92.0039, 18.54173], [-91.99071, 18.53925], [-91.96862, 18.54572], [-91.95519, 18.54768], [-91.94913, 18.54304], [-91.94262, 18.52998], [-91.92663, 18.5183], [-91.90673, 18.50971], [-91.88829, 18.50576], [-91.91503, 18.52558], [-91.94298, 18.54198], [-91.96418, 18.56232], [-91.97029, 18.5939], [-91.95006, 18.5843], [-91.93883, 18.57526], [-91.92626, 18.57233], [-91.90197, 18.5808], [-91.91503, 18.56037], [-91.90136, 18.55573], [-91.88817, 18.54816], [-91.87816, 18.53799], [-91.87401, 18.52558], [-91.88829, 18.53242], [-91.88931, 18.52924], [-91.88907, 18.5268], [-91.89005, 18.52546], [-91.89452, 18.52558], [-91.87694, 18.51439], [-91.83723, 18.50324], [-91.82628, 18.49144], [-91.82909, 18.47728], [-91.85424, 18.44831], [-91.86042, 18.43317], [-91.85228, 18.42015], [-91.83397, 18.40278], [-91.81428, 18.38866], [-91.80207, 18.38565], [-91.79235, 18.40156], [-91.7965, 18.41592], [-91.80602, 18.43122], [-91.81261, 18.45051], [-91.80443, 18.44221], [-91.79454, 18.43732], [-91.78344, 18.43561], [-91.7716, 18.43683], [-91.78209, 18.45014], [-91.7965, 18.46263], [-91.80517, 18.4759], [-91.79833, 18.49144], [-91.77282, 18.4785], [-91.71174, 18.46279], [-91.68224, 18.45051], [-91.66356, 18.4562], [-91.61815, 18.44526], [-91.59288, 18.44306], [-91.54442, 18.44916], [-91.52131, 18.45506], [-91.50406, 18.46418], [-91.50259, 18.44969], [-91.49584, 18.4396], [-91.48648, 18.43643], [-91.47741, 18.44306], [-91.47541, 18.45466], [-91.48249, 18.48469], [-91.48363, 18.49828], [-91.49047, 18.49828], [-91.49201, 18.49286], [-91.49584, 18.48518], [-91.4973, 18.47777], [-91.50805, 18.4772], [-91.53405, 18.46581], [-91.53889, 18.47102], [-91.53405, 18.48086], [-91.51163, 18.50528], [-91.50406, 18.51195], [-91.48046, 18.52432], [-91.42382, 18.54434], [-91.39489, 18.56037], [-91.3793, 18.55484], [-91.36164, 18.55801], [-91.34504, 18.56562], [-91.33283, 18.57343], [-91.32409, 18.5843], [-91.30724, 18.61538], [-91.30175, 18.62181], [-91.26822, 18.61913], [-91.25133, 18.6197], [-91.24401, 18.62519], [-91.23615, 18.6354], [-91.19701, 18.64639], [-91.182, 18.65656], [-91.19913, 18.66324], [-91.21231, 18.66132], [-91.23721, 18.64911], [-91.28482, 18.6367], [-91.29865, 18.62865], [-91.26643, 18.70429], [-91.26553, 18.73566], [-91.28563, 18.76581], [-91.30236, 18.78095], [-91.31062, 18.78449], [-91.32258, 18.78563], [-91.33259, 18.7829], [-91.33666, 18.7766], [-91.33967, 18.76992], [-91.34651, 18.76581], [-91.36701, 18.77123], [-91.39538, 18.80659], [-91.4147, 18.81362], [-91.40111, 18.83739], [-91.38073, 18.85944], [-91.35774, 18.87564], [-91.31111, 18.89081], [-91.28051, 18.91201], [-91.25304, 18.93708], [-91.23721, 18.95759], [-91.26085, 18.95262], [-91.326, 18.90298], [-91.39127, 18.87128], [-91.41682, 18.85017], [-91.4147, 18.82665], [-91.42418, 18.82184], [-91.42903, 18.82665], [-91.45214, 18.81159], [-91.46426, 18.8083], [-91.48363, 18.80736], [-91.50341, 18.80956], [-91.50528, 18.81656], [-91.48241, 18.84264], [-91.43119, 18.88012], [-91.36691, 18.91407], [-91.28175, 18.96556], [-91.16161, 19.01626], [-91.07958, 19.08735], [-91.05899, 19.09715], [-91.01366, 19.11335], [-90.93554, 19.16307], [-90.85656, 19.25829], [-90.83593, 19.27228], [-90.80309, 19.2829], [-90.76936, 19.30923], [-90.74242, 19.34296], [-90.73009, 19.37592], [-90.71434, 19.56989], [-90.70494, 19.61188], [-90.70279, 19.63255], [-90.70499, 19.65477], [-90.70873, 19.67097], [-90.70946, 19.68749], [-90.70279, 19.71113], [-90.68371, 19.75292], [-90.66454, 19.78193], [-90.60673, 19.82122], [-90.51686, 19.88165], [-90.47782, 19.9221], [-90.46825, 19.9643], [-90.46386, 19.97785], [-90.46255, 19.99567], [-90.46719, 20.01333], [-90.49738, 20.06737], [-90.50023, 20.07925], [-90.50015, 20.08812], [-90.49738, 20.10834], [-90.49665, 20.18464], [-90.48729, 20.2346], [-90.4899, 20.29023], [-90.48827, 20.31208], [-90.47566, 20.36848], [-90.47448, 20.40852], [-90.48957, 20.49055], [-90.4899, 20.53412], [-90.46691, 20.61888], [-90.45938, 20.71552], [-90.44913, 20.74213], [-90.39322, 20.80414], [-90.38114, 20.82403], [-90.37906, 20.82746], [-90.36705, 20.8815], [-90.34191, 20.93915], [-90.3391, 20.97236], [-90.34655, 20.97236], [-90.36018, 20.91771], [-90.37808, 20.88068], [-90.38069, 20.87303], [-90.38532, 20.84911], [-90.39806, 20.82075], [-90.41755, 20.7971], [-90.44213, 20.78742], [-90.44213, 20.79426], [-90.42223, 20.81957], [-90.3601, 21.00039], [-90.34968, 21.01675], [-90.33239, 21.03246], [-90.22008, 21.09838], [-90.19945, 21.11416], [-90.13362, 21.13687], [-90.09948, 21.16413], [-90.07775, 21.17373], [-90.06575, 21.17715], [-90.0349, 21.18057], [-89.98217, 21.19892], [-89.92154, 21.24067], [-89.90429, 21.24673], [-89.88638, 21.24982], [-89.78596, 21.28457], [-89.67756, 21.30191], [-89.59805, 21.30191], [-89.45906, 21.3251], [-89.26915, 21.343], [-89.18708, 21.36555], [-89.14737, 21.37027], [-89.12316, 21.36347], [-89.11262, 21.36278], [-89.10269, 21.36538], [-89.08153, 21.37442], [-89.07478, 21.37641], [-88.98908, 21.39008], [-88.92296, 21.4086], [-88.87877, 21.41307], [-88.85953, 21.41791], [-88.82396, 21.43163], [-88.70271, 21.45856], [-88.66755, 21.48013], [-88.60546, 21.53408], [-88.58593, 21.54181], [-88.52355, 21.54841], [-88.50414, 21.55419], [-88.46764, 21.57014], [-88.44782, 21.5751], [-88.36929, 21.5751], [-88.35241, 21.57184], [-88.31819, 21.55777], [-88.3004, 21.55459], [-88.2827, 21.55671], [-88.25036, 21.56611], [-88.19518, 21.57144], [-88.17723, 21.57673], [-88.16389, 21.58564], [-88.14928, 21.59113], [-88.08479, 21.5893], [-88.10456, 21.59658], [-88.12865, 21.60151], [-88.15221, 21.60114], [-88.18676, 21.58316], [-88.22696, 21.57477], [-88.2351, 21.5738], [-88.23058, 21.58226], [-88.21019, 21.59325], [-88.18798, 21.60041], [-88.16076, 21.60497], [-88.1389, 21.614], [-88.12946, 21.61603], [-88.11498, 21.6142], [-88.07112, 21.60297], [-87.98542, 21.60297], [-87.96207, 21.60008], [-87.89977, 21.5751], [-87.8579, 21.5644], [-87.76985, 21.55264], [-87.70979, 21.53685], [-87.70629, 21.53343], [-87.71483, 21.52668], [-87.72501, 21.52326], [-87.73762, 21.52241], [-87.74983, 21.5246], [-87.75919, 21.53034], [-87.77432, 21.53677], [-87.84455, 21.54841], [-87.86563, 21.55459], [-87.84171, 21.53632], [-87.81135, 21.52106], [-87.77807, 21.51065], [-87.74551, 21.50678], [-87.67691, 21.50678], [-87.64485, 21.50031], [-87.62841, 21.4995], [-87.61181, 21.50678], [-87.65429, 21.50861], [-87.67455, 21.51358], [-87.69058, 21.52359], [-87.68566, 21.52875], [-87.61856, 21.52045], [-87.56273, 21.50141], [-87.53978, 21.49933], [-87.51065, 21.50068], [-87.50194, 21.49933], [-87.49844, 21.49527], [-87.49454, 21.48811], [-87.48754, 21.48176], [-87.4746, 21.48013], [-87.48152, 21.47598], [-87.48754, 21.47358], [-87.49242, 21.47443], [-87.49572, 21.48013], [-87.50194, 21.48013], [-87.49275, 21.46849], [-87.47411, 21.46711], [-87.42992, 21.47264], [-87.40836, 21.47028], [-87.35106, 21.45213], [-87.2893, 21.45458], [-87.27257, 21.44843], [-87.25695, 21.44062], [-87.23819, 21.44302], [-87.16613, 21.47264], [-87.15559, 21.48176], [-87.14244, 21.50137], [-87.13512, 21.5102], [-87.12999, 21.51944], [-87.13191, 21.52847], [-87.13634, 21.53685], [-87.13878, 21.54462], [-87.13687, 21.55268], [-87.13484, 21.55834], [-87.13834, 21.56306], [-87.15307, 21.56826], [-87.17577, 21.56904], [-87.19986, 21.56232], [-87.22183, 21.55085], [-87.23811, 21.5375], [-87.25658, 21.52802], [-87.28051, 21.5279], [-87.3048, 21.53339], [-87.32437, 21.54092], [-87.33121, 21.53408], [-87.33678, 21.54825], [-87.33747, 21.55459], [-87.35338, 21.54682], [-87.37951, 21.52709], [-87.39953, 21.52045], [-87.39786, 21.51606], [-87.39733, 21.51533], [-87.39607, 21.51545], [-87.39208, 21.51362], [-87.40233, 21.50947], [-87.41039, 21.5124], [-87.41446, 21.52106], [-87.41316, 21.53408], [-87.38244, 21.5583], [-87.37218, 21.56916], [-87.36531, 21.57396], [-87.35774, 21.57514], [-87.33397, 21.57437], [-87.30264, 21.56924], [-87.29304, 21.56513], [-87.27213, 21.56078], [-87.24389, 21.56855], [-87.13419, 21.61945], [-87.11148, 21.62344], [-87.04332, 21.60212], [-87.02619, 21.59243], [-86.99791, 21.5659], [-86.94469, 21.49307], [-86.94017, 21.48286], [-86.93367, 21.47484], [-86.92919, 21.46621], [-86.92479, 21.44611], [-86.91853, 21.4396], [-86.90941, 21.435], [-86.89859, 21.43163], [-86.89477, 21.44383], [-86.88536, 21.44522], [-86.86449, 21.43854], [-86.83877, 21.43793], [-86.82795, 21.4333], [-86.81257, 21.3828], [-86.81046, 21.37027], [-86.81249, 21.3548], [-86.82144, 21.32998], [-86.82348, 21.31835], [-86.82286, 21.26952], [-86.81505, 21.20478], [-86.79092, 21.15835], [-86.74157, 21.16413], [-86.74425, 21.15469], [-86.74747, 21.14899], [-86.75109, 21.14403], [-86.77257, 21.09903], [-86.77717, 21.09199], [-86.78995, 21.06489], [-86.78881, 21.05854], [-86.78368, 21.04906], [-86.78254, 21.04401], [-86.78368, 21.03596], [-86.78673, 21.0351], [-86.79113, 21.0362], [-86.79621, 21.03384], [-86.80223, 21.02985], [-86.81754, 21.02473], [-86.82348, 21.02017], [-86.82775, 21.01264], [-86.82994, 21.00446], [-86.83092, 20.98261], [-86.83316, 20.97102], [-86.85082, 20.91771], [-86.87515, 20.8653], [-86.87532, 20.85505], [-86.94323, 20.76227], [-87.03637, 20.66327], [-87.05679, 20.63044], [-87.06745, 20.61921], [-87.12263, 20.58666], [-87.13809, 20.57184], [-87.18041, 20.54719], [-87.23498, 20.49258], [-87.35391, 20.32697], [-87.36535, 20.29393], [-87.37841, 20.291], [-87.38467, 20.28417], [-87.38467, 20.27538], [-87.37902, 20.26667], [-87.41006, 20.24628], [-87.43049, 20.22102], [-87.444, 20.19115], [-87.46589, 20.11176], [-87.4713, 20.06904], [-87.46776, 19.98485], [-87.46044, 19.96239], [-87.43782, 19.92154], [-87.43301, 19.89985], [-87.43419, 19.88923], [-87.44254, 19.85309], [-87.44774, 19.84894], [-87.45446, 19.84711], [-87.46093, 19.8415], [-87.47427, 19.79706], [-87.47981, 19.78433], [-87.48274, 19.82551], [-87.48176, 19.83666], [-87.47834, 19.8415], [-87.46703, 19.84243], [-87.46044, 19.84955], [-87.45238, 19.852], [-87.44734, 19.86197], [-87.44522, 19.87433], [-87.44392, 19.91348], [-87.46166, 19.92878], [-87.46622, 19.9383], [-87.46776, 19.95441], [-87.47102, 19.96214], [-87.47802, 19.96483], [-87.48502, 19.96231], [-87.48827, 19.95441], [-87.48648, 19.94648], [-87.4779, 19.93818], [-87.4746, 19.93085], [-87.47094, 19.89891], [-87.47155, 19.88471], [-87.4746, 19.87564], [-87.46959, 19.88044], [-87.46496, 19.88386], [-87.4547, 19.88931], [-87.49694, 19.82966], [-87.50561, 19.82099], [-87.51049, 19.81708], [-87.51744, 19.80915], [-87.52526, 19.80288], [-87.53295, 19.8039], [-87.54206, 19.81269], [-87.54967, 19.81761], [-87.55687, 19.81489], [-87.56457, 19.80048], [-87.57994, 19.79902], [-87.60041, 19.77139], [-87.61832, 19.73688], [-87.62873, 19.70856], [-87.64656, 19.67764], [-87.65832, 19.64484], [-87.66735, 19.63377], [-87.68004, 19.63597], [-87.6691, 19.64228], [-87.65884, 19.65546], [-87.65421, 19.67084], [-87.66015, 19.68378], [-87.67048, 19.68187], [-87.72419, 19.68203], [-87.73469, 19.68378], [-87.7412, 19.6717], [-87.74425, 19.6518], [-87.74437, 19.6306], [-87.7421, 19.61494], [-87.73152, 19.60053], [-87.70275, 19.58332], [-87.70055, 19.57392], [-87.69311, 19.57014], [-87.68326, 19.56757], [-87.67199, 19.56672], [-87.66015, 19.56778], [-87.66637, 19.55248], [-87.66926, 19.52334], [-87.67382, 19.50568], [-87.65441, 19.50747], [-87.64159, 19.51805], [-87.63097, 19.53278], [-87.61856, 19.54662], [-87.60729, 19.55268], [-87.57852, 19.56147], [-87.56457, 19.56778], [-87.53669, 19.56029], [-87.51553, 19.548], [-87.50939, 19.54662], [-87.50292, 19.55004], [-87.5008, 19.55634], [-87.49942, 19.56297], [-87.49572, 19.56778], [-87.48672, 19.56782], [-87.48013, 19.56281], [-87.47436, 19.56029], [-87.46776, 19.56778], [-87.46402, 19.56517], [-87.46174, 19.56297], [-87.4591, 19.56143], [-87.4547, 19.56029], [-87.46776, 19.5541], [-87.46776, 19.54662], [-87.4414, 19.55366], [-87.42675, 19.57355], [-87.42577, 19.59211], [-87.44042, 19.59504], [-87.43444, 19.58417], [-87.43407, 19.57713], [-87.44392, 19.57392], [-87.4746, 19.57392], [-87.50227, 19.57795], [-87.51525, 19.58173], [-87.52921, 19.58759], [-87.50878, 19.58845], [-87.44734, 19.5808], [-87.44734, 19.58759], [-87.44909, 19.5939], [-87.4414, 19.61888], [-87.44042, 19.63597], [-87.42121, 19.59984], [-87.41275, 19.57762], [-87.41633, 19.56778], [-87.42321, 19.55801], [-87.43301, 19.49201], [-87.44392, 19.47256], [-87.4584, 19.45502], [-87.47496, 19.44233], [-87.49193, 19.43745], [-87.49853, 19.43378], [-87.52611, 19.4064], [-87.53478, 19.40205], [-87.57079, 19.39643], [-87.55256, 19.4016], [-87.5454, 19.41144], [-87.54247, 19.4239], [-87.53669, 19.43745], [-87.57169, 19.42797], [-87.61767, 19.40546], [-87.65567, 19.37324], [-87.66706, 19.33438], [-87.66015, 19.33438], [-87.6527, 19.35488], [-87.64656, 19.35488], [-87.65494, 19.33906], [-87.66942, 19.32319], [-87.67585, 19.31118], [-87.66015, 19.30703], [-87.68114, 19.26529], [-87.68786, 19.24213], [-87.67691, 19.23192], [-87.65868, 19.22752], [-87.64908, 19.22065], [-87.63899, 19.22093], [-87.61856, 19.23819], [-87.59252, 19.26826], [-87.58194, 19.28612], [-87.57763, 19.30337], [-87.56713, 19.31721], [-87.54279, 19.3238], [-87.49572, 19.32758], [-87.51618, 19.28657], [-87.50422, 19.29629], [-87.49397, 19.30952], [-87.48095, 19.31977], [-87.46093, 19.32071], [-87.46093, 19.31391], [-87.48086, 19.30435], [-87.49698, 19.28905], [-87.52302, 19.25243], [-87.53344, 19.22809], [-87.54499, 19.17455], [-87.5572, 19.15624], [-87.5489, 19.13304], [-87.56241, 19.10212], [-87.58385, 19.05321], [-87.60619, 19.02041], [-87.62605, 18.88935], [-87.66202, 18.76683], [-87.68004, 18.73851], [-87.70352, 18.71174], [-87.72338, 18.68122], [-87.73705, 18.64496], [-87.7421, 18.6013], [-87.73697, 18.55703], [-87.73925, 18.53596], [-87.75235, 18.51537], [-87.75805, 18.49946], [-87.76256, 18.42939], [-87.77123, 18.4064], [-87.81945, 18.33861], [-87.82461, 18.32392], [-87.82775, 18.30899], [-87.84142, 18.27765], [-87.84455, 18.26215], [-87.84455, 18.19668], [-87.85196, 18.19668], [-87.85383, 18.22338], [-87.8588, 18.24506], [-87.87499, 18.22565], [-87.8872, 18.23005], [-87.89098, 18.24356], [-87.8824, 18.25129], [-87.87426, 18.26268], [-87.8684, 18.28803], [-87.86535, 18.31415], [-87.86563, 18.32758], [-87.86901, 18.31737], [-87.87418, 18.30744], [-87.88004, 18.29865], [-87.88549, 18.29222], [-87.89143, 18.3041], [-87.88825, 18.31362], [-87.88215, 18.32453], [-87.8793, 18.34064], [-87.8817, 18.34199], [-87.89635, 18.35806], [-87.89684, 18.36274], [-87.89582, 18.37132], [-87.8959, 18.38101], [-87.89977, 18.38906], [-87.9276, 18.39492], [-87.93017, 18.3959], [-87.93529, 18.40005], [-87.93383, 18.40852], [-87.9296, 18.41592], [-87.9265, 18.41633], [-87.93049, 18.43256], [-87.93517, 18.4431], [-87.94506, 18.4488], [-87.96467, 18.45051], [-87.99132, 18.45694], [-88.04357, 18.48505], [-88.06737, 18.49144], [-88.07779, 18.4986], [-88.08023, 18.51423], [-88.07873, 18.52953], [-88.07726, 18.53583], [-88.04381, 18.57343], [-88.05053, 18.59577], [-88.03991, 18.61701], [-88.0244, 18.6363], [-88.01647, 18.6529], [-88.01427, 18.66185], [-88.00438, 18.67788], [-88.00219, 18.69013], [-88.00438, 18.69123], [-88.00935, 18.69599], [-88.01427, 18.70205], [-88.01647, 18.70718], [-88.01525, 18.71357], [-88.01269, 18.71955], [-88.01012, 18.72358], [-88.00902, 18.72427], [-88.00377, 18.76545], [-88.00455, 18.78685], [-88.01277, 18.80366], [-88.02343, 18.8181], [-88.03026, 18.83515], [-88.03629, 18.87499], [-88.0594, 18.85688], [-88.08414, 18.83129], [-88.10391, 18.80272], [-88.11205, 18.77578], [-88.11413, 18.76154], [-88.11954, 18.74453], [-88.12731, 18.73021], [-88.13622, 18.72427], [-88.14293, 18.73164], [-88.14029, 18.74921], [-88.13467, 18.76952], [-88.13777, 18.76219], [-88.14916, 18.74999], [-88.16686, 18.74543], [-88.19083, 18.7447], [-88.1988, 18.73994], [-88.24181, 18.70384], [-88.24779, 18.69627], [-88.25251, 18.68732], [-88.25548, 18.67646], [-88.23571, 18.68431], [-88.21593, 18.69953], [-88.1988, 18.7187], [-88.18712, 18.73851], [-88.1809, 18.72118], [-88.18562, 18.70856], [-88.19294, 18.69538], [-88.19465, 18.67646], [-88.18932, 18.68439], [-88.1809, 18.69383], [-88.17077, 18.7014], [-88.16047, 18.70376], [-88.15075, 18.69855], [-88.15697, 18.69111], [-88.1682, 18.68488], [-88.17349, 18.6833], [-88.19762, 18.6352], [-88.22106, 18.60578], [-88.24861, 18.55663], [-88.253, 18.54076], [-88.27477, 18.50983], [-88.28332, 18.49144], [-88.29552, 18.48941], [-88.29971, 18.48745], [-88.30382, 18.48404], [-88.30382, 18.48135], [-88.30952, 18.48228], [-88.37145, 18.48179], [-88.37907, 18.4797], [-88.38491, 18.47662], [-88.39078, 18.4757], [-88.39837, 18.48011], [-88.40798, 18.48895], [-88.41323, 18.49076], [-88.41997, 18.489], [-88.43085, 18.48378], [-88.45082, 18.47688], [-88.45964, 18.47572], [-88.46994, 18.47851], [-88.47919, 18.48342], [-88.48924, 18.48451], [-88.5202, 18.46156], [-88.52782, 18.45415], [-88.53304, 18.44332], [-88.53839, 18.41309], [-88.54741, 18.38906], [-88.55133, 18.36369], [-88.5548, 18.35221], [-88.56717, 18.33351], [-88.59808, 18.29948], [-88.60771, 18.28338], [-88.61149, 18.26638], [-88.61316, 18.25057], [-88.61406, 18.24703], [-88.61699, 18.23543], [-88.62704, 18.22031], [-88.63895, 18.2116], [-88.66815, 18.19824], [-88.69662, 18.17807], [-88.69295, 18.17517], [-88.68952, 18.16124], [-88.69285, 18.15], [-88.71771, 18.11003], [-88.72045, 18.10008], [-88.72349, 18.0775], [-88.72665, 18.06673], [-88.73639, 18.05192], [-88.74835, 18.04329], [-88.76202, 18.03564], [-88.77688, 18.02376], [-88.78163, 18.01471], [-88.79595, 17.9756], [-88.80535, 17.965], [-88.85641, 17.92831], [-88.86085, 17.92113], [-88.86537, 17.89901], [-88.87137, 17.89095], [-88.88033, 17.88847], [-88.92046, 17.91095], [-88.9333, 17.92035], [-88.94702, 17.94847], [-88.9565, 17.95053], [-88.96785, 17.94826], [-88.97976, 17.94945], [-88.99658, 17.96185], [-89.01154, 17.97782], [-89.02802, 17.99208], [-89.04944, 17.99921], [-89.13256, 17.97027], [-89.15393, 17.94108], [-89.16138, 17.90144], [-89.1605, 17.81431], [-89.3803, 17.81452], [-89.60016, 17.81473]]], [[[-86.73721, 20.58218], [-86.74901, 20.56769], [-86.78433, 20.50983], [-86.79711, 20.47748], [-86.81355, 20.46113], [-86.84398, 20.43732], [-86.8557, 20.42084], [-86.88077, 20.37592], [-86.88557, 20.35883], [-86.8898, 20.35366], [-86.89924, 20.34846], [-86.90856, 20.34154], [-86.91291, 20.33149], [-86.9169, 20.32461], [-86.9265, 20.31371], [-86.97916, 20.26781], [-86.99527, 20.26081], [-87.00227, 20.27009], [-87.00524, 20.29019], [-87.01887, 20.33246], [-87.02278, 20.35541], [-87.01968, 20.39745], [-87.00788, 20.43623], [-86.96813, 20.50625], [-86.93676, 20.54719], [-86.92951, 20.55004], [-86.91369, 20.56342], [-86.90543, 20.56769], [-86.89688, 20.56782], [-86.89053, 20.56533], [-86.88573, 20.56232], [-86.88219, 20.56086], [-86.87125, 20.55858], [-86.84634, 20.54898], [-86.83715, 20.54719], [-86.82372, 20.54999], [-86.80175, 20.56257], [-86.78921, 20.55988], [-86.77131, 20.56611], [-86.75569, 20.57754], [-86.74901, 20.59223], [-86.7469, 20.59589], [-86.74218, 20.59589], [-86.73746, 20.59227], [-86.73534, 20.58535], [-86.73721, 20.58218]]], [[[-86.73852, 21.26675], [-86.72753, 21.24291], [-86.70059, 21.19892], [-86.72004, 21.21271], [-86.73957, 21.24282], [-86.74987, 21.27314], [-86.74157, 21.28767], [-86.73852, 21.26675]]], [[[-97.61473, 21.76439], [-97.60171, 21.75194], [-97.61046, 21.74018], [-97.63996, 21.7451], [-97.66348, 21.77847], [-97.67927, 21.82319], [-97.68493, 21.86245], [-97.67032, 21.84862], [-97.66454, 21.82909], [-97.66055, 21.80756], [-97.65144, 21.78791], [-97.61473, 21.76439]]], [[[-97.79841, 22.76252], [-97.78856, 22.77485], [-97.78454, 22.75585], [-97.79613, 22.72378], [-97.81762, 22.69477], [-97.84317, 22.68488], [-97.83715, 22.69611], [-97.82189, 22.71157], [-97.8153, 22.7202], [-97.79841, 22.76252]]]]}, "properties": {"id": "Ok3w", "status": "validé", "pieces": [{"kind": "admin1", "code": "MEX-2721"}, {"kind": "admin1", "code": "MEX-2722"}, {"kind": "admin1", "code": "MEX-2736"}, {"kind": "admin1", "code": "MEX-2737"}, {"kind": "polygon", "ring": [[-99.45923, 21.4237], [-99.09668, 21.65864], [-99.07471, 21.30097], [-98.66821, 21.1679], [-98.58032, 21.19862], [-98.14087, 20.94243], [-97.25098, 21.13717], [-97.62451, 22.92872], [-98.1958, 23.07025], [-99.00879, 22.89838], [-99.54712, 22.75667]]}, {"kind": "clip"}]}}, {"type": "Feature", "geometry": null, "properties": {"id": "PNuD", "status": "validé", "pieces": [{"kind": "admin1", "code": "MEX-2721"}]}}, {"type": "Feature", "geometry": null, "properties": {"id": "QJWC", "status": "validé", "pieces": [{"kind": "admin1", "code": "MEX-2708"}, {"kind": "admin1", "code": "MEX-2710"}, {"kind": "admin1", "code": "MEX-2714"}, {"kind": "admin1", "code": "MEX-2715"}, {"kind": "admin1", "code": "MEX-2713"}, {"kind": "admin1", "code": "MEX-2719"}, {"kind": "admin1", "code": "MEX-2720"}, {"kind": "admin1", "code": "MEX-2728"}, {"kind": "admin1", "code": "MEX-2717"}, {"kind": "admin1", "code": "MEX-2730"}, {"kind": "admin1", "code": "MEX-2733"}, {"kind": "admin1", "code": "MEX-2724"}, {"kind": "admin1", "code": "MEX-2726"}]}}, {"type": "Feature", "geometry": null, "properties": {"id": "RbcF", "status": "validé", "pieces": [{"kind": "admin1", "code": "MEX-2723"}]}}, {"type": "Feature", "geometry": null, "properties": {"id": "RddA", "status": "validé", "pieces": [{"kind": "admin1", "code": "MEX-2716"}, {"kind": "admin1", "code": "MEX-2714"}]}}, {"type": "Feature", "geometry": {"type": "Polygon", "coordinates": [[[-100.07334, 23.18101], [-100.08311, 23.1513], [-100.08926, 23.12081], [-100.07314, 23.13466], [-100.04761, 23.15574], [-100.02213, 23.17052], [-100.00632, 23.16525], [-100.00198, 23.14582], [-100.00126, 23.12784], [-99.99872, 23.11037], [-99.9887, 23.09218], [-99.96379, 23.06836], [-99.93625, 23.04469], [-99.9147, 23.01777], [-99.90757, 22.98408], [-99.91025, 22.96992], [-99.91583, 22.95741], [-99.92369, 22.94594], [-99.9334, 22.93519], [-99.9548, 22.92041], [-99.97774, 22.91245], [-100.0011, 22.90532], [-100.02368, 22.89344], [-100.03748, 22.87969], [-100.03975, 22.86827], [-100.03407, 22.85685], [-100.0243, 22.84321], [-100.01619, 22.8307], [-100.01097, 22.82026], [-100.00771, 22.80822], [-100.00544, 22.79112], [-100.00007, 22.78336], [-99.98741, 22.77727], [-99.97201, 22.77241], [-99.95852, 22.76848], [-99.93568, 22.76011], [-99.91273, 22.7507], [-99.88979, 22.74114], [-99.86674, 22.73246], [-99.81398, 22.71339], [-99.76132, 22.69345], [-99.70851, 22.67329], [-99.65569, 22.65366], [-99.63694, 22.6472], [-99.61787, 22.64105], [-99.59875, 22.63516], [-99.57978, 22.62942], [-99.55446, 22.621], [-99.53684, 22.61748], [-99.52769, 22.62549], [-99.52754, 22.65138], [-99.53028, 22.66585], [-99.53415, 22.68032], [-99.53808, 22.69469], [-99.54118, 22.70911], [-99.54459, 22.71872], [-99.54831, 22.72466], [-99.54785, 22.72828], [-99.53885, 22.73055], [-99.52991, 22.72797], [-99.51849, 22.72073], [-99.50728, 22.7121], [-99.49881, 22.70523], [-99.48434, 22.68807], [-99.46708, 22.6658], [-99.44894, 22.6458], [-99.43173, 22.63552], [-99.41705, 22.63934], [-99.4031, 22.65257], [-99.39028, 22.66921], [-99.37917, 22.68342], [-99.37561, 22.67836], [-99.37189, 22.67298], [-99.36858, 22.6673], [-99.3661, 22.66161], [-99.35029, 22.6334], [-99.33272, 22.60658], [-99.3152, 22.57966], [-99.29975, 22.55103], [-99.28951, 22.52715], [-99.27846, 22.50199], [-99.26523, 22.47827], [-99.24843, 22.45889], [-99.22854, 22.4453], [-99.20647, 22.43796], [-99.18311, 22.43424], [-99.15903, 22.43155], [-99.12994, 22.42695], [-99.10152, 22.42075], [-99.0733, 22.41357], [-99.04483, 22.40571], [-99.04198, 22.40458], [-99.03904, 22.40365], [-99.03615, 22.40282], [-99.03315, 22.40209], [-99.00126, 22.39031], [-98.97057, 22.38013], [-98.93936, 22.37233], [-98.90613, 22.36778], [-98.88566, 22.36479], [-98.85786, 22.36039], [-98.83089, 22.35838], [-98.81244, 22.36251], [-98.80066, 22.37378], [-98.79089, 22.38597], [-98.78014, 22.39724], [-98.76531, 22.40566], [-98.73591, 22.40876], [-98.70294, 22.41145], [-98.67395, 22.4206], [-98.65632, 22.44292], [-98.64707, 22.43548], [-98.63736, 22.42866], [-98.62713, 22.42287], [-98.61617, 22.41858], [-98.61023, 22.41491], [-98.60439, 22.41098], [-98.5986, 22.40706], [-98.59297, 22.40297], [-98.57199, 22.39068], [-98.5522, 22.37698], [-98.53282, 22.36277], [-98.51313, 22.34882], [-98.48476, 22.33161], [-98.45551, 22.3159], [-98.42621, 22.30019], [-98.39784, 22.28303], [-98.37371, 22.26495], [-98.35655, 22.24521], [-98.34771, 22.22164], [-98.34859, 22.19203], [-98.3613, 22.15255], [-98.38146, 22.1139], [-98.40471, 22.07674], [-98.42673, 22.0415], [-98.43432, 22.02682], [-98.44068, 22.01152], [-98.44652, 21.99592], [-98.45225, 21.98042], [-98.45727, 21.97907], [-98.46641, 21.98651], [-98.47721, 21.97494], [-98.48662, 21.97432], [-98.49633, 21.97809], [-98.50796, 21.97969], [-98.5092, 21.98021], [-98.52098, 21.97969], [-98.53375, 21.97359], [-98.53835, 21.97225], [-98.57659, 21.97762], [-98.58821, 21.98073], [-98.58992, 21.97969], [-98.58765, 21.95189], [-98.57028, 21.94977], [-98.54744, 21.95747], [-98.52842, 21.95923], [-98.52584, 21.95199], [-98.53897, 21.94357], [-98.55013, 21.93091], [-98.54145, 21.91081], [-98.56605, 21.90373], [-98.5616, 21.88233], [-98.5446, 21.8598], [-98.53184, 21.84936], [-98.49091, 21.85278], [-98.48667, 21.84254], [-98.48631, 21.83014], [-98.4846, 21.81965], [-98.47665, 21.81526], [-98.45918, 21.80973], [-98.45639, 21.79707], [-98.46125, 21.78327], [-98.46641, 21.77428], [-98.47701, 21.76151], [-98.489, 21.75273], [-98.51478, 21.74012], [-98.51695, 21.73718], [-98.51881, 21.73237], [-98.52109, 21.72782], [-98.5247, 21.72586], [-98.53122, 21.72741], [-98.54357, 21.73351], [-98.54894, 21.7333], [-98.55928, 21.72736], [-98.56532, 21.72074], [-98.56475, 21.7134], [-98.55514, 21.70539], [-98.57018, 21.69196], [-98.60873, 21.69661], [-98.62403, 21.68488], [-98.62961, 21.65961], [-98.62475, 21.64287], [-98.6248, 21.62819], [-98.63803, 21.61568], [-98.64227, 21.60886], [-98.63245, 21.58861], [-98.61819, 21.57321], [-98.60015, 21.56168], [-98.57896, 21.55248], [-98.54816, 21.5392], [-98.53008, 21.52484], [-98.52103, 21.50448], [-98.51731, 21.47326], [-98.51654, 21.45466], [-98.51545, 21.43606], [-98.51478, 21.41745], [-98.51509, 21.39885], [-98.52977, 21.39544], [-98.54455, 21.3911], [-98.55933, 21.38629], [-98.574, 21.38159], [-98.58517, 21.37704], [-98.58956, 21.37151], [-98.58992, 21.36314], [-98.5893, 21.34976], [-98.58765, 21.31606], [-98.58563, 21.28061], [-98.5862, 21.24537], [-98.5923, 21.21225], [-98.60268, 21.21654], [-98.61245, 21.21736], [-98.62134, 21.21436], [-98.62914, 21.20713], [-98.63617, 21.20336], [-98.64377, 21.20134], [-98.65162, 21.20119], [-98.65958, 21.20279], [-98.66712, 21.20527], [-98.67467, 21.20775], [-98.68221, 21.20997], [-98.68981, 21.21199], [-98.7156, 21.20816], [-98.74019, 21.2], [-98.76417, 21.18946], [-98.788, 21.1786], [-98.80675, 21.17426], [-98.8236, 21.1769], [-98.84024, 21.18398], [-98.85828, 21.19276], [-98.86975, 21.19752], [-98.88318, 21.20268], [-98.89595, 21.20863], [-98.90556, 21.21607], [-98.9115, 21.22692], [-98.91445, 21.23948], [-98.91703, 21.2524], [-98.92153, 21.26428], [-98.92468, 21.27183], [-98.92871, 21.27896], [-98.93346, 21.28547], [-98.9391, 21.29121], [-98.96442, 21.29772], [-98.99589, 21.29648], [-99.02514, 21.28687], [-99.04338, 21.26832], [-99.05837, 21.27958], [-99.07532, 21.28816], [-99.09356, 21.29229], [-99.11232, 21.29033], [-99.10854, 21.30971], [-99.10467, 21.32909], [-99.10079, 21.34852], [-99.09697, 21.3679], [-99.09883, 21.38154], [-99.10632, 21.39813], [-99.11547, 21.41466], [-99.1225, 21.42784], [-99.13345, 21.4527], [-99.14389, 21.4774], [-99.1534, 21.50236], [-99.16187, 21.52814], [-99.16942, 21.55269], [-99.17686, 21.57729], [-99.1843, 21.60183], [-99.19174, 21.62643], [-99.19319, 21.63124], [-99.19469, 21.63604], [-99.19608, 21.6408], [-99.19753, 21.6455], [-99.19826, 21.62313], [-99.21639, 21.60721], [-99.23975, 21.59403], [-99.25582, 21.57961], [-99.25753, 21.56897], [-99.25582, 21.55796], [-99.25665, 21.54757], [-99.26595, 21.53848], [-99.27706, 21.53248], [-99.28492, 21.52969], [-99.29267, 21.53062], [-99.30378, 21.53579], [-99.30977, 21.53838], [-99.31484, 21.53884], [-99.31969, 21.53734], [-99.32517, 21.53393], [-99.33241, 21.52277], [-99.33396, 21.50877], [-99.33535, 21.49569], [-99.34192, 21.48732], [-99.34781, 21.48246], [-99.35308, 21.4745], [-99.35762, 21.46587], [-99.3616, 21.45879], [-99.36548, 21.45223], [-99.37003, 21.44448], [-99.3753, 21.43735], [-99.38119, 21.43265], [-99.39323, 21.43079], [-99.40594, 21.43301], [-99.41891, 21.43471], [-99.43214, 21.43156], [-99.43989, 21.43063], [-99.4477, 21.42913], [-99.45524, 21.42706], [-99.46248, 21.42427], [-99.47607, 21.40701], [-99.50092, 21.40262], [-99.52862, 21.40402], [-99.551, 21.40417], [-99.55818, 21.40076], [-99.5634, 21.39575], [-99.57022, 21.39239], [-99.58226, 21.39425], [-99.59172, 21.39983], [-99.59926, 21.40743], [-99.60696, 21.41487], [-99.61694, 21.41993], [-99.62676, 21.42665], [-99.63223, 21.43781], [-99.63647, 21.45042], [-99.64267, 21.46143], [-99.64965, 21.46717], [-99.65704, 21.47099], [-99.66407, 21.47543], [-99.66996, 21.48267], [-99.67936, 21.49285], [-99.69295, 21.50101], [-99.70758, 21.50794], [-99.72008, 21.51466], [-99.7484, 21.50499], [-99.76597, 21.479], [-99.77827, 21.44701], [-99.79062, 21.41911], [-99.8208, 21.43187], [-99.8485, 21.44608], [-99.87847, 21.4558], [-99.91537, 21.45497], [-99.95862, 21.4591], [-99.99965, 21.48887], [-100.03872, 21.52659], [-100.07613, 21.55429], [-100.07841, 21.55532], [-100.08079, 21.55636], [-100.08306, 21.55739], [-100.08533, 21.55843], [-100.11846, 21.56918], [-100.15143, 21.57946], [-100.1845, 21.58922], [-100.21793, 21.59853], [-100.23044, 21.60132], [-100.24269, 21.60509], [-100.25442, 21.6101], [-100.26548, 21.61651], [-100.28392, 21.62437], [-100.30341, 21.63119], [-100.32253, 21.63827], [-100.33999, 21.6469], [-100.35219, 21.65336], [-100.3619, 21.65682], [-100.37141, 21.65925], [-100.38314, 21.66292], [-100.39064, 21.66793], [-100.39617, 21.67377], [-100.40397, 21.67775], [-100.41823, 21.67702], [-100.42867, 21.67273], [-100.43911, 21.66529], [-100.44846, 21.65646], [-100.45575, 21.64814], [-100.46319, 21.63656], [-100.46913, 21.62385], [-100.47404, 21.61067], [-100.47849, 21.5977], [-100.48329, 21.57744], [-100.48707, 21.55439], [-100.49172, 21.53192], [-100.49921, 21.51362], [-100.52251, 21.49698], [-100.55631, 21.49202], [-100.59362, 21.49238], [-100.62731, 21.49176], [-100.64876, 21.5053], [-100.66974, 21.52168], [-100.69026, 21.5391], [-100.71026, 21.55579], [-100.75733, 21.59031], [-100.80451, 21.62467], [-100.85149, 21.6593], [-100.89779, 21.6947], [-100.91319, 21.70906], [-100.92874, 21.72384], [-100.94471, 21.73785], [-100.96146, 21.75035], [-100.99163, 21.7611], [-101.02512, 21.76782], [-101.05928, 21.77123], [-101.09116, 21.77247], [-101.12713, 21.76813], [-101.16454, 21.75934], [-101.20159, 21.75366], [-101.23648, 21.75836], [-101.24805, 21.7641], [-101.25973, 21.77195], [-101.27048, 21.7811], [-101.27947, 21.79061], [-101.28567, 21.80389], [-101.28629, 21.81846], [-101.28567, 21.83324], [-101.28841, 21.8473], [-101.30433, 21.86683], [-101.32598, 21.87293], [-101.35027, 21.86962], [-101.37394, 21.86094], [-101.37631, 21.85965], [-101.37874, 21.85836], [-101.38107, 21.85706], [-101.38344, 21.85577], [-101.41946, 21.83428], [-101.44938, 21.82213], [-101.48065, 21.82311], [-101.52054, 21.84094], [-101.52328, 21.86363], [-101.52876, 21.87655], [-101.53992, 21.88089], [-101.55992, 21.87768], [-101.57785, 21.88089], [-101.59263, 21.89608], [-101.60689, 21.9153], [-101.62312, 21.9307], [-101.63635, 21.93918], [-101.65009, 21.94838], [-101.66436, 21.95654], [-101.67893, 21.96207], [-101.6935, 21.96336], [-101.70854, 21.96145], [-101.72368, 21.95866], [-101.73856, 21.95706], [-101.7642, 21.96285], [-101.78662, 21.97752], [-101.80791, 21.9954], [-101.83003, 22.01111], [-101.83386, 22.01271], [-101.83768, 22.01431], [-101.8415, 22.01587], [-101.84543, 22.01747], [-101.85845, 22.03576], [-101.87189, 22.05318], [-101.88641, 22.06951], [-101.9029, 22.08485], [-101.92842, 22.09958], [-101.95643, 22.10961], [-101.97979, 22.12304], [-101.99137, 22.1478], [-101.99044, 22.17854], [-101.98703, 22.21523], [-101.98765, 22.25012], [-101.99886, 22.27528], [-102.0171, 22.28365], [-102.03772, 22.28417], [-102.05885, 22.28448], [-102.0787, 22.29197], [-102.09183, 22.30474], [-102.10123, 22.31631], [-102.11281, 22.32319], [-102.13224, 22.32241], [-102.14433, 22.3329], [-102.14882, 22.34814], [-102.15353, 22.36339], [-102.16639, 22.37373], [-102.17347, 22.37238], [-102.17999, 22.36964], [-102.18582, 22.36561], [-102.19084, 22.36034], [-102.2114, 22.3545], [-102.22908, 22.36902], [-102.24313, 22.39192], [-102.25264, 22.41119], [-102.26143, 22.43377], [-102.27491, 22.45615], [-102.29155, 22.46478], [-102.3098, 22.44623], [-102.31884, 22.42845], [-102.33031, 22.40969], [-102.34514, 22.39698], [-102.36447, 22.39739], [-102.37708, 22.39202], [-102.38555, 22.38236], [-102.39351, 22.37192], [-102.40436, 22.3636], [-102.41372, 22.36137], [-102.42328, 22.36184], [-102.43304, 22.36323], [-102.44286, 22.36375], [-102.44627, 22.36323], [-102.44963, 22.36246], [-102.45284, 22.36127], [-102.45604, 22.35982], [-102.46358, 22.35021], [-102.46751, 22.33843], [-102.47134, 22.32613], [-102.47847, 22.31528], [-102.49252, 22.30799], [-102.51102, 22.30551], [-102.53035, 22.30603], [-102.54689, 22.30773], [-102.58301, 22.3096], [-102.62104, 22.30665], [-102.65432, 22.29249], [-102.67628, 22.26076], [-102.67295, 22.24417], [-102.65913, 22.23012], [-102.64781, 22.21291], [-102.65226, 22.18717], [-102.66595, 22.16195], [-102.68424, 22.13979], [-102.70491, 22.11942], [-102.72566, 22.09958], [-102.74398, 22.07793], [-102.76016, 22.05359], [-102.77517, 22.02827], [-102.79002, 22.00393], [-102.80297, 21.9862], [-102.81703, 21.9691], [-102.83044, 21.95168], [-102.84178, 21.93298], [-102.84971, 21.91303], [-102.8541, 21.89257], [-102.85596, 21.87169], [-102.85635, 21.85029], [-102.8469, 21.81185], [-102.82493, 21.78699], [-102.79473, 21.76844], [-102.76049, 21.7488], [-102.76295, 21.73733], [-102.76538, 21.72575], [-102.76783, 21.71428], [-102.77023, 21.70276], [-102.77605, 21.68085], [-102.78253, 21.65377], [-102.78437, 21.62747], [-102.77618, 21.60783], [-102.75623, 21.6023], [-102.74135, 21.59501], [-102.7275, 21.58659], [-102.7107, 21.57719], [-102.69313, 21.57403], [-102.67357, 21.57558], [-102.65502, 21.57574], [-102.64052, 21.56835], [-102.63407, 21.53424], [-102.64714, 21.48732], [-102.66734, 21.44076], [-102.68249, 21.40748], [-102.68393, 21.40412], [-102.68567, 21.40102], [-102.68781, 21.39802], [-102.69021, 21.39533], [-102.69923, 21.38676], [-102.71013, 21.38283], [-102.72192, 21.38045], [-102.73357, 21.37601], [-102.73998, 21.37032], [-102.74491, 21.3634], [-102.75018, 21.35658], [-102.75775, 21.3511], [-102.7686, 21.3387], [-102.77101, 21.32185], [-102.77395, 21.30557], [-102.78664, 21.29498], [-102.80832, 21.29291], [-102.81059, 21.30263], [-102.80491, 21.3172], [-102.80263, 21.32981], [-102.81473, 21.34149], [-102.83206, 21.33797], [-102.84976, 21.3264], [-102.86273, 21.3141], [-102.88635, 21.29493], [-102.91493, 21.28227], [-102.94583, 21.27658], [-102.97637, 21.27803], [-102.99926, 21.2847], [-103.02409, 21.29136], [-103.045, 21.28826], [-103.0559, 21.26583], [-103.05536, 21.24935], [-103.05474, 21.23286], [-103.05412, 21.21638], [-103.05355, 21.1999], [-103.05042, 21.16755], [-103.04644, 21.12031], [-103.04753, 21.07396], [-103.05957, 21.0445], [-103.08298, 21.04177], [-103.10944, 21.05696], [-103.13628, 21.07375], [-103.1607, 21.07567], [-103.19421, 21.06781], [-103.23168, 21.07907], [-103.26839, 21.09882], [-103.29968, 21.11654], [-103.30705, 21.12031], [-103.31439, 21.12403], [-103.32172, 21.12781], [-103.32909, 21.13158], [-103.34632, 21.14098], [-103.36384, 21.15039], [-103.38201, 21.15804], [-103.40102, 21.16238], [-103.41727, 21.16207], [-103.43324, 21.15969], [-103.44911, 21.15866], [-103.46487, 21.16212], [-103.48032, 21.17411], [-103.49342, 21.18672], [-103.50802, 21.19607], [-103.52786, 21.19834], [-103.54814, 21.19659], [-103.56987, 21.19369], [-103.59145, 21.19297], [-103.61135, 21.19778], [-103.62556, 21.20889], [-103.62935, 21.2217], [-103.63059, 21.23679], [-103.63711, 21.25457], [-103.65341, 21.2647], [-103.67442, 21.26025], [-103.69599, 21.24873], [-103.71361, 21.23788], [-103.73617, 21.22718], [-103.74705, 21.22837], [-103.74986, 21.24108], [-103.74837, 21.26511], [-103.74837, 21.28625], [-103.7465, 21.29725], [-103.73955, 21.30495], [-103.72431, 21.31617], [-103.71392, 21.3295], [-103.70795, 21.34748], [-103.70516, 21.36691], [-103.70426, 21.38417], [-103.70754, 21.42086], [-103.71434, 21.45559], [-103.72351, 21.4898], [-103.73395, 21.52494], [-103.71263, 21.51429], [-103.68963, 21.49962], [-103.66628, 21.48794], [-103.64393, 21.4868], [-103.62612, 21.49838], [-103.61248, 21.51765], [-103.60158, 21.53951], [-103.59194, 21.55868], [-103.56902, 21.57563], [-103.54073, 21.58664], [-103.51928, 21.60028], [-103.5167, 21.6253], [-103.51724, 21.65703], [-103.51755, 21.69718], [-103.52187, 21.73594], [-103.53448, 21.76348], [-103.54238, 21.78973], [-103.52683, 21.81722], [-103.50078, 21.84265], [-103.47732, 21.86259], [-103.4583, 21.87928], [-103.43934, 21.89603], [-103.42017, 21.91262], [-103.40074, 21.92879], [-103.38911, 21.93349], [-103.37699, 21.93659], [-103.36462, 21.93814], [-103.35206, 21.93814], [-103.33966, 21.93907], [-103.328, 21.94295], [-103.3178, 21.94962], [-103.30958, 21.95892], [-103.28901, 21.98548], [-103.26377, 21.98822], [-103.23522, 21.98088], [-103.20499, 21.97742], [-103.18625, 21.98011], [-103.16948, 21.98698], [-103.15608, 21.9984], [-103.14737, 22.01483], [-103.13843, 22.0416], [-103.12931, 22.05669], [-103.11471, 22.06568], [-103.08946, 22.07457], [-103.08474, 22.08604], [-103.08259, 22.09886], [-103.08295, 22.11209], [-103.08587, 22.12465], [-103.10362, 22.13482], [-103.11905, 22.13545], [-103.12915, 22.1403], [-103.13073, 22.16335], [-103.12714, 22.1741], [-103.1167, 22.17751], [-103.10329, 22.17849], [-103.09083, 22.18195], [-103.07903, 22.19275], [-103.06913, 22.20764], [-103.06065, 22.22366], [-103.0528, 22.23787], [-103.04567, 22.25151], [-103.03939, 22.26939], [-103.03768, 22.28742], [-103.0442, 22.30153], [-103.05502, 22.30603], [-103.06709, 22.30417], [-103.0798, 22.30019], [-103.09244, 22.29833], [-103.09704, 22.31125], [-103.09822, 22.32189], [-103.10223, 22.33068], [-103.11515, 22.33781], [-103.13176, 22.33827], [-103.15158, 22.33326], [-103.17166, 22.32654], [-103.18912, 22.3222], [-103.18672, 22.33538], [-103.18292, 22.35373], [-103.18122, 22.37088], [-103.18517, 22.38049], [-103.2008, 22.38897], [-103.21597, 22.39848], [-103.23088, 22.40845], [-103.24576, 22.41822], [-103.27839, 22.44199], [-103.31046, 22.46602], [-103.34188, 22.49082], [-103.37278, 22.51676], [-103.3756, 22.5133], [-103.37844, 22.50958], [-103.381, 22.50555], [-103.38286, 22.50147], [-103.39361, 22.48452], [-103.40327, 22.46679], [-103.41226, 22.44881], [-103.42125, 22.43072], [-103.42709, 22.4176], [-103.42681, 22.41005], [-103.42017, 22.40551], [-103.40663, 22.40116], [-103.39862, 22.3945], [-103.39593, 22.38473], [-103.39239, 22.37605], [-103.38198, 22.37254], [-103.37017, 22.3715], [-103.36043, 22.36747], [-103.3557, 22.36013], [-103.35865, 22.34877], [-103.36679, 22.34375], [-103.37505, 22.33915], [-103.38317, 22.3343], [-103.39084, 22.32871], [-103.40149, 22.30603], [-103.40234, 22.27993], [-103.40645, 22.25895], [-103.42678, 22.25172], [-103.44756, 22.24185], [-103.46161, 22.21606], [-103.47174, 22.18562], [-103.48084, 22.16185], [-103.48864, 22.13493], [-103.4999, 22.12428], [-103.50316, 22.13441], [-103.50972, 22.14227], [-103.52003, 22.14645], [-103.53466, 22.14537], [-103.56941, 22.15167], [-103.5784, 22.14847], [-103.59463, 22.13028], [-103.60308, 22.12325], [-103.61659, 22.11746], [-103.64214, 22.11281], [-103.65824, 22.1172], [-103.67827, 22.13689], [-103.6778, 22.16469], [-103.6724, 22.18423], [-103.6631, 22.22004], [-103.66325, 22.23942], [-103.6662, 22.2589], [-103.67144, 22.27792], [-103.67858, 22.29585], [-103.68323, 22.31011], [-103.68305, 22.322], [-103.67958, 22.33424], [-103.67434, 22.34928], [-103.66542, 22.38287], [-103.65044, 22.43455], [-103.63108, 22.48002], [-103.60917, 22.4948], [-103.60848, 22.5038], [-103.60755, 22.51423], [-103.60796, 22.52441], [-103.61111, 22.53263], [-103.61799, 22.53594], [-103.62819, 22.53707], [-103.63835, 22.53873], [-103.64501, 22.54338], [-103.64579, 22.55444], [-103.64158, 22.56632], [-103.63904, 22.57805], [-103.64493, 22.58885], [-103.6569, 22.59134], [-103.67721, 22.59149], [-103.69824, 22.59102], [-103.71222, 22.59185], [-103.71875, 22.59702], [-103.72273, 22.60379], [-103.72803, 22.60637], [-103.73878, 22.59888], [-103.76108, 22.55961], [-103.77503, 22.51041], [-103.78444, 22.45951], [-103.79322, 22.41491], [-103.80694, 22.3605], [-103.82071, 22.30613], [-103.83446, 22.25172], [-103.84818, 22.1973], [-103.84919, 22.19286], [-103.85017, 22.18836], [-103.85112, 22.18392], [-103.85213, 22.17942], [-103.86081, 22.18841], [-103.87141, 22.20743], [-103.88042, 22.22981], [-103.88453, 22.24888], [-103.88748, 22.26763], [-103.89011, 22.28613], [-103.8919, 22.30474], [-103.89236, 22.32365], [-103.88903, 22.34453], [-103.88182, 22.35951], [-103.87353, 22.37367], [-103.86675, 22.39186], [-103.86637, 22.40871], [-103.87182, 22.42344], [-103.87988, 22.43734], [-103.88737, 22.45186], [-103.88743, 22.4671], [-103.87719, 22.47672], [-103.86358, 22.4838], [-103.85366, 22.49139], [-103.84794, 22.50566], [-103.84738, 22.52043], [-103.8496, 22.53552], [-103.85249, 22.55082], [-103.85133, 22.56855], [-103.8426, 22.58022], [-103.82844, 22.58937], [-103.81113, 22.59976], [-103.79495, 22.62399], [-103.78673, 22.6612], [-103.78265, 22.70141], [-103.77875, 22.73468], [-103.82983, 22.74394], [-103.88097, 22.75313], [-103.93207, 22.76233], [-103.98318, 22.77158], [-103.98473, 22.73572], [-103.98628, 22.69991], [-103.98789, 22.66409], [-103.98944, 22.62823], [-103.99176, 22.59686], [-103.99184, 22.57433], [-103.98375, 22.55599], [-103.96192, 22.53738], [-103.93768, 22.52033], [-103.92693, 22.507], [-103.92608, 22.49015], [-103.93143, 22.46225], [-103.93559, 22.44142], [-103.9398, 22.4206], [-103.94396, 22.39972], [-103.9482, 22.37884], [-103.95215, 22.36954], [-103.95884, 22.36479], [-103.96801, 22.36225], [-103.97925, 22.35962], [-104.02959, 22.35119], [-104.08106, 22.34835], [-104.13183, 22.34339], [-104.18007, 22.32882], [-104.21746, 22.31249], [-104.25508, 22.2974], [-104.2926, 22.28195], [-104.32975, 22.26438], [-104.3243, 22.27781], [-104.31861, 22.29161], [-104.31396, 22.30551], [-104.31143, 22.3191], [-104.29577, 22.37026], [-104.28006, 22.42132], [-104.2643, 22.47248], [-104.24864, 22.52359], [-104.23526, 22.56234], [-104.22071, 22.6027], [-104.2088, 22.64368], [-104.20338, 22.68404], [-104.20084, 22.79251], [-104.198, 22.90098], [-104.19428, 23.0094], [-104.18906, 23.11771], [-104.1842, 23.14169], [-104.17718, 23.15507], [-104.16462, 23.16365], [-104.14304, 23.17331], [-104.13428, 23.18675], [-104.1338, 23.1893], [-104.52393, 23.28579], [-105.5127, 24.03014], [-105.71045, 24.79015], [-105.4248, 26.35523], [-105.18311, 26.49291], [-104.67773, 26.33555], [-104.28223, 26.78739], [-103.64502, 26.72856], [-103.84277, 27.23744], [-103.31543, 27.47154], [-102.52441, 27.52998], [-101.53564, 27.43255], [-100.78782, 27.21995], [-100.78513, 27.22146], [-100.76591, 27.2318], [-100.74395, 27.24428], [-100.72199, 27.25673], [-100.70007, 27.26919], [-100.67816, 27.28167], [-100.66514, 27.29255], [-100.65362, 27.30624], [-100.64173, 27.31931], [-100.62752, 27.32789], [-100.59858, 27.33735], [-100.56964, 27.34681], [-100.54071, 27.35629], [-100.51177, 27.36575], [-100.50463, 27.36479], [-100.50169, 27.35817], [-100.49947, 27.35011], [-100.49456, 27.34492], [-100.48603, 27.34479], [-100.47508, 27.34743], [-100.46402, 27.35097], [-100.45518, 27.3536], [-100.43518, 27.3797], [-100.42123, 27.42918], [-100.41089, 27.48372], [-100.40154, 27.52519], [-100.39312, 27.56134], [-100.38475, 27.60227], [-100.37395, 27.64188], [-100.35818, 27.67415], [-100.331, 27.70063], [-100.29431, 27.72482], [-100.25556, 27.74688], [-100.22217, 27.76699], [-100.21483, 27.77252], [-100.20191, 27.7821], [-100.189, 27.79081], [-100.18186, 27.79355], [-100.16874, 27.78365], [-100.15561, 27.77373], [-100.14249, 27.76381], [-100.12931, 27.75391], [-100.09701, 27.72947], [-100.06466, 27.70503], [-100.03236, 27.68064], [-100.00007, 27.65622], [-99.99221, 27.64906], [-99.98405, 27.64167], [-99.97567, 27.63762], [-99.9672, 27.64017], [-99.95309, 27.6518], [-99.93899, 27.6634], [-99.92482, 27.67503], [-99.91077, 27.68663], [-99.88514, 27.70828], [-99.85956, 27.73017], [-99.83351, 27.75154], [-99.80726, 27.7712], [-99.80696, 27.77142], [-99.79543, 27.76192], [-99.78685, 27.74849], [-99.77458, 27.73583], [-99.7652, 27.73118], [-99.74734, 27.72601], [-99.74044, 27.72216], [-99.73631, 27.71361], [-99.73404, 27.70203], [-99.73065, 27.69183], [-99.72306, 27.68738], [-99.71067, 27.67012], [-99.7112, 27.66991], [-99.71399, 27.66883], [-99.76442, 27.6486], [-99.81465, 27.62581], [-99.86348, 27.60036], [-99.90994, 27.57217], [-99.91459, 27.55847], [-99.9148, 27.53429], [-99.91098, 27.51096], [-99.90364, 27.49977], [-99.87222, 27.49533], [-99.8408, 27.4908], [-99.80938, 27.48636], [-99.77791, 27.48189], [-99.75636, 27.45047], [-99.74024, 27.38339], [-99.72907, 27.31092], [-99.72205, 27.26345], [-99.71977, 27.24642], [-99.71678, 27.22247], [-99.71187, 27.19958], [-99.70391, 27.18583], [-99.68257, 27.16852], [-99.67611, 27.15367], [-99.68003, 27.13524], [-99.6897, 27.10734], [-99.70768, 27.05819], [-99.72804, 26.99306], [-99.73187, 26.93231], [-99.70045, 26.89627], [-99.6898, 26.89663], [-99.6822, 26.89479], [-99.67585, 26.89216], [-99.66908, 26.89009], [-99.66257, 26.88885], [-99.64887, 26.88645], [-99.63554, 26.88428], [-99.63006, 26.88386], [-99.6189, 26.87516], [-99.60758, 26.86963], [-99.59611, 26.86485], [-99.58474, 26.85841], [-99.57895, 26.85151], [-99.57632, 26.84436], [-99.57234, 26.83831], [-99.56257, 26.83498], [-99.57611, 26.81782], [-99.59193, 26.79991], [-99.60448, 26.78041], [-99.60836, 26.7587], [-99.6097, 26.73217], [-99.61931, 26.71597], [-99.63451, 26.70238], [-99.65285, 26.68385], [-99.63223, 26.68372], [-99.61187, 26.68388], [-99.59151, 26.6847], [-99.57105, 26.68649], [-99.55818, 26.68465], [-99.54309, 26.67847], [-99.52795, 26.67093], [-99.51483, 26.66494], [-99.48216, 26.6545], [-99.44579, 26.64194], [-99.41318, 26.62414], [-99.39137, 26.59789], [-99.38383, 26.56902], [-99.38419, 26.54021], [-99.39173, 26.51272], [-99.40579, 26.4875], [-99.41333, 26.47877], [-99.41907, 26.47255], [-99.42289, 26.46443], [-99.4246, 26.4502], [-99.42527, 26.43056], [-99.42444, 26.4143], [-99.41974, 26.39924], [-99.40878, 26.38312], [-99.39184, 26.36557], [-99.36889, 26.3763], [-99.34688, 26.39343], [-99.33277, 26.39503], [-99.32528, 26.3818], [-99.31752, 26.36873], [-99.30874, 26.35653], [-99.29794, 26.34596], [-99.28709, 26.3332], [-99.27623, 26.32038], [-99.26533, 26.30762], [-99.25448, 26.29483], [-99.24073, 26.28814], [-99.22549, 26.28713], [-99.20962, 26.28909], [-99.19438, 26.29121], [-99.18001, 26.28871], [-99.17324, 26.2793], [-99.17014, 26.26553], [-99.16668, 26.24982], [-99.16146, 26.2038], [-99.15908, 26.14081], [-99.15216, 26.08402], [-99.13314, 26.0567], [-99.12715, 26.06236], [-99.12157, 26.06898], [-99.11578, 26.07528], [-99.10917, 26.08011], [-99.10193, 26.08122], [-99.09501, 26.07913], [-99.08777, 26.07688], [-99.07976, 26.07745], [-99.07485, 26.08143], [-99.07077, 26.08758], [-99.06586, 26.09396], [-99.05852, 26.0983], [-99.03723, 26.10078], [-99.01987, 26.0929], [-99.00457, 26.07903], [-98.98948, 26.06345], [-98.9654, 26.03903], [-98.94044, 26.01575], [-98.91486, 25.99317], [-98.88882, 25.97082], [-98.87714, 25.99162], [-98.86236, 26.01908], [-98.84613, 26.04453], [-98.83016, 26.05934], [-98.81011, 26.06009], [-98.78242, 26.05368], [-98.7543, 26.04492], [-98.73306, 26.0388], [-98.71746, 26.03505], [-98.70185, 26.03133], [-98.68624, 26.02761], [-98.67064, 26.02389], [-98.64521, 26.0173], [-98.61979, 26.01066], [-98.59431, 26.00402], [-98.56894, 25.99743], [-98.55571, 25.97128], [-98.55282, 25.91891], [-98.55499, 25.86312], [-98.55674, 25.82664], [-98.55623, 25.77546], [-98.55571, 25.72432], [-98.55519, 25.67316], [-98.55468, 25.62208], [-98.55685, 25.59107], [-98.56041, 25.54596], [-98.56103, 25.50258], [-98.55432, 25.47692], [-98.53954, 25.47253], [-98.5152, 25.47199], [-98.49013, 25.47302], [-98.47298, 25.47361], [-98.45773, 25.4724], [-98.44983, 25.46865], [-98.44678, 25.45969], [-98.44616, 25.44289], [-98.44569, 25.42457], [-98.45768, 25.40964], [-98.47515, 25.39731], [-98.49111, 25.38675], [-98.52615, 25.36013], [-98.56108, 25.33352], [-98.59602, 25.30688], [-98.63095, 25.28024], [-98.68516, 25.23892], [-98.73937, 25.19761], [-98.79363, 25.15632], [-98.84779, 25.11501], [-98.86871, 25.09875], [-98.88732, 25.08627], [-98.90701, 25.07816], [-98.93135, 25.07501], [-98.95563, 25.06974], [-98.98054, 25.07095], [-99.00271, 25.0802], [-99.01873, 25.09919], [-99.03382, 25.11955], [-99.04664, 25.11702], [-99.05925, 25.10051], [-99.07351, 25.07894], [-99.09025, 25.0749], [-99.0979, 25.06123], [-99.10653, 25.04886], [-99.12586, 25.04899], [-99.14534, 25.05204], [-99.15107, 25.04403], [-99.14834, 25.02951], [-99.14255, 25.01302], [-99.15691, 25.01511], [-99.17567, 25.01325], [-99.18849, 25.0069], [-99.18513, 24.99548], [-99.17469, 24.98569], [-99.16022, 24.97145], [-99.14761, 24.95682], [-99.14244, 24.94587], [-99.14761, 24.93471], [-99.15867, 24.92137], [-99.17113, 24.90848], [-99.18032, 24.89853], [-99.19298, 24.87802], [-99.19195, 24.85567], [-99.18296, 24.83306], [-99.17164, 24.81166], [-99.1687, 24.80293], [-99.16637, 24.79404], [-99.16482, 24.78492], [-99.16394, 24.77577], [-99.18813, 24.78159], [-99.21551, 24.78934], [-99.24213, 24.7988], [-99.26363, 24.80952], [-99.28249, 24.82192], [-99.29396, 24.82665], [-99.30367, 24.82161], [-99.31732, 24.80471], [-99.32569, 24.79608], [-99.33561, 24.79019], [-99.34662, 24.78619], [-99.35866, 24.7834], [-99.3815, 24.78136], [-99.39907, 24.782], [-99.41473, 24.77918], [-99.43199, 24.7666], [-99.43581, 24.76102], [-99.43814, 24.7557], [-99.44201, 24.75074], [-99.45044, 24.74622], [-99.45757, 24.74454], [-99.4648, 24.74376], [-99.47199, 24.74262], [-99.47855, 24.73983], [-99.49074, 24.72867], [-99.49545, 24.71668], [-99.49627, 24.7027], [-99.49679, 24.68573], [-99.49999, 24.67428], [-99.50614, 24.67002], [-99.51477, 24.66826], [-99.52526, 24.66405], [-99.53281, 24.65798], [-99.53978, 24.65129], [-99.54728, 24.64581], [-99.55632, 24.64341], [-99.56412, 24.64615], [-99.57167, 24.65224], [-99.57921, 24.65772], [-99.58697, 24.65855], [-99.60665, 24.65286], [-99.62913, 24.64682], [-99.65058, 24.63909], [-99.66727, 24.62839], [-99.68391, 24.61286], [-99.70127, 24.59814], [-99.71895, 24.5839], [-99.73683, 24.56966], [-99.73729, 24.54933], [-99.7297, 24.52269], [-99.7189, 24.49515], [-99.70995, 24.47249], [-99.68401, 24.48249], [-99.65807, 24.49248], [-99.63218, 24.50251], [-99.60629, 24.51251], [-99.6035, 24.50042], [-99.60071, 24.4883], [-99.59792, 24.47623], [-99.59513, 24.46417], [-99.59456, 24.46184], [-99.59399, 24.45957], [-99.59348, 24.45727], [-99.59296, 24.45499], [-99.59001, 24.44187], [-99.58707, 24.42879], [-99.58407, 24.41569], [-99.58118, 24.40257], [-99.57632, 24.37999], [-99.57394, 24.36192], [-99.57513, 24.34469], [-99.58118, 24.32466], [-99.58996, 24.2987], [-99.59699, 24.27265], [-99.60355, 24.24656], [-99.61099, 24.22051], [-99.61632, 24.18612], [-99.61652, 24.1377], [-99.60944, 24.09181], [-99.59275, 24.06507], [-99.58913, 24.06189], [-99.58547, 24.05871], [-99.5819, 24.05556], [-99.57828, 24.05238], [-99.56206, 24.03784], [-99.54573, 24.02342], [-99.52883, 24.00959], [-99.511, 23.99704], [-99.49198, 23.9845], [-99.47555, 23.97246], [-99.46367, 23.9574], [-99.45829, 23.93598], [-99.45576, 23.92642], [-99.45214, 23.91309], [-99.44992, 23.90012], [-99.45173, 23.89164], [-99.46196, 23.88921], [-99.47648, 23.8925], [-99.49121, 23.89498], [-99.50216, 23.89038], [-99.52216, 23.86356], [-99.54221, 23.83663], [-99.56226, 23.80979], [-99.58226, 23.78289], [-99.59973, 23.76684], [-99.62717, 23.76183], [-99.65766, 23.76137], [-99.68422, 23.75896], [-99.71213, 23.75369], [-99.74096, 23.7509], [-99.76995, 23.75023], [-99.79842, 23.75124], [-99.81062, 23.75002], [-99.82152, 23.74868], [-99.83129, 23.74597], [-99.84008, 23.7408], [-99.853, 23.72641], [-99.86493, 23.70767], [-99.87573, 23.68801], [-99.88535, 23.67109], [-99.89878, 23.64677], [-99.91056, 23.62156], [-99.92162, 23.59598], [-99.93309, 23.57071], [-99.9393, 23.56016], [-99.94555, 23.54942], [-99.9503, 23.53856], [-99.95211, 23.52771], [-99.93961, 23.48978], [-99.92803, 23.45164], [-99.91702, 23.41335], [-99.90601, 23.37511], [-99.93268, 23.38095], [-99.95934, 23.3887], [-99.98539, 23.39821], [-100.01035, 23.40958], [-100.04285, 23.41526], [-100.07159, 23.40265], [-100.09846, 23.38023], [-100.12559, 23.35625], [-100.10502, 23.34519], [-100.0781, 23.33041], [-100.055, 23.31377], [-100.04627, 23.29724], [-100.04895, 23.28318], [-100.05174, 23.26912], [-100.05448, 23.25507], [-100.05727, 23.24106], [-100.06352, 23.21073], [-100.07334, 23.18101]], [[-100.23995, 25.26686], [-100.23085, 25.26921], [-100.19928, 25.27587], [-100.21179, 25.29158], [-100.24341, 25.30964], [-100.25755, 25.31729], [-100.252, 25.26162], [-100.24987, 25.26301], [-100.23995, 25.26686]]]}, "properties": {"id": "Rr0V", "status": "validé", "pieces": [{"kind": "admin1", "code": "MEX-2714"}, {"kind": "admin1", "code": "MEX-2713"}, {"kind": "admin1", "code": "MEX-2715"}, {"kind": "polygon", "ring": [[-103.95264, 23.1445], [-104.52393, 23.28579], [-105.5127, 24.03014], [-105.71045, 24.79015], [-105.4248, 26.35523], [-105.18311, 26.49291], [-104.67773, 26.33555], [-104.28223, 26.78739], [-103.64502, 26.72856], [-103.84277, 27.23744], [-103.31543, 27.47154], [-102.52441, 27.52998], [-101.53564, 27.43255], [-100.43701, 27.12021], [-100.15137, 24.25061]]}, {"kind": "clip"}]}}, {"type": "Feature", "geometry": null, "properties": {"id": "RrIm", "status": "validé", "pieces": [{"kind": "admin1", "code": "MEX-2711"}, {"kind": "admin1", "code": "MEX-2712"}]}}, {"type": "Feature", "geometry": {"type": "Polygon", "coordinates": [[[-99.142, 18.8662], [-99.142, 18.98696], [-99.28619, 18.98696], [-99.28619, 18.8662], [-99.142, 18.8662]]]}, "properties": {"id": "Rttz", "status": "validé", "pieces": [{"kind": "rect", "bounds": [-99.28619, 18.8662, -99.142, 18.98696]}]}}, {"type": "Feature", "geometry": null, "properties": {"id": "Ryu4", "status": "validé", "pieces": [{"kind": "admin1", "code": "MEX-2706"}, {"kind": "admin1", "code": "MEX-2707"}]}}, {"type": "Feature", "geometry": null, "properties": {"id": "SUto", "status": "validé", "pieces": [{"kind": "country"}]}}, {"type": "Feature", "geometry": null, "properties": {"id": "UPKI", "status": "validé", "pieces": [{"kind": "country"}]}}, {"type": "Feature", "geometry": null, "properties": {"id": "VvCA", "status": "validé", "pieces": [{"kind": "country"}]}}, {"type": "Feature", "geometry": null, "properties": {"id": "WhQo", "status": "validé", "pieces": [{"kind": "country"}]}}, {"type": "Feature", "geometry": {"type": "Polygon", "coordinates": [[[-98.658649, 19.017392], [-98.662784, 19.015325], [-98.676633, 19.009124], [-98.689139, 19.00313], [-98.69875, 18.994862], [-98.704021, 18.982046], [-98.709757, 18.96985], [-98.720248, 18.964579], [-98.734045, 18.96277], [-98.749393, 18.961169], [-98.761176, 18.961169], [-98.772183, 18.963442], [-98.783293, 18.965819], [-98.795489, 18.966233], [-98.80417, 18.966078], [-98.81063, 18.968765], [-98.814919, 18.974346], [-98.816986, 18.982769], [-98.81771, 18.984578], [-98.81833, 18.986387], [-98.819001, 18.988195], [-98.819673, 18.989901], [-98.823291, 18.998272], [-98.826391, 19.006747], [-98.829182, 19.015377], [-98.831507, 19.024162], [-98.832386, 19.027211], [-98.833212, 19.030312], [-98.834143, 19.033309], [-98.835073, 19.036409], [-98.840137, 19.044626], [-98.845821, 19.044471], [-98.852384, 19.041784], [-98.859774, 19.042507], [-98.868662, 19.048863], [-98.877137, 19.056667], [-98.885354, 19.064935], [-98.89326, 19.072635], [-98.894914, 19.07372], [-98.896671, 19.074547], [-98.898428, 19.075373], [-98.900288, 19.075994], [-98.916463, 19.080386], [-98.933878, 19.082711], [-98.950518, 19.084934], [-98.963954, 19.089119], [-98.955996, 19.099661], [-98.948244, 19.1101], [-98.942198, 19.121365], [-98.939356, 19.134388], [-98.939201, 19.135525], [-98.939149, 19.13661], [-98.939201, 19.137747], [-98.939356, 19.13878], [-98.94442, 19.155472], [-98.952895, 19.170458], [-98.961422, 19.185186], [-98.966434, 19.201206], [-98.965039, 19.212936], [-98.963385, 19.224563], [-98.961577, 19.236242], [-98.959716, 19.247818], [-98.958735, 19.261357], [-98.959613, 19.274586], [-98.962093, 19.28766], [-98.966021, 19.300631], [-98.966641, 19.303163], [-98.967519, 19.305644], [-98.968501, 19.308124], [-98.969742, 19.310501], [-98.974082, 19.317529], [-98.979043, 19.324144], [-98.984314, 19.330552], [-98.99005, 19.336546], [-99.007362, 19.347088], [-99.026792, 19.35453], [-99.045086, 19.363108], [-99.058832, 19.377267], [-99.055318, 19.380678], [-99.052114, 19.383882], [-99.04891, 19.386982], [-99.045499, 19.390341], [-99.046688, 19.39215], [-99.04953, 19.396336], [-99.053406, 19.40109], [-99.057281, 19.404604], [-99.047153, 19.410857], [-99.040228, 19.418505], [-99.03873, 19.42729], [-99.045086, 19.436695], [-99.045603, 19.437987], [-99.046223, 19.439227], [-99.046791, 19.440467], [-99.04736, 19.441708], [-99.049168, 19.445997], [-99.051132, 19.450131], [-99.053406, 19.454058], [-99.055835, 19.457986], [-99.060382, 19.465272], [-99.064413, 19.472817], [-99.067875, 19.480672], [-99.070717, 19.488785], [-99.081724, 19.494366], [-99.089889, 19.502738], [-99.095005, 19.51328], [-99.096969, 19.525475], [-99.097382, 19.527646], [-99.097589, 19.529868], [-99.097537, 19.53209], [-99.097176, 19.534312], [-99.097589, 19.543252], [-99.10131, 19.550952], [-99.107563, 19.557515], [-99.115469, 19.563147], [-99.117536, 19.565163], [-99.119603, 19.567126], [-99.121722, 19.56909], [-99.123737, 19.571054], [-99.129112, 19.564956], [-99.134693, 19.559117], [-99.140636, 19.553587], [-99.146837, 19.548316], [-99.15495, 19.539583], [-99.15464, 19.530074], [-99.155105, 19.520669], [-99.165492, 19.512091], [-99.153813, 19.50682], [-99.149731, 19.499534], [-99.152883, 19.491782], [-99.162805, 19.485426], [-99.169419, 19.484082], [-99.175414, 19.48155], [-99.180633, 19.477726], [-99.185026, 19.472765], [-99.188695, 19.467494], [-99.192364, 19.46212], [-99.195981, 19.456797], [-99.19965, 19.451475], [-99.211897, 19.436075], [-99.225127, 19.420469], [-99.237529, 19.404397], [-99.247399, 19.387706], [-99.248536, 19.38538], [-99.249673, 19.383055], [-99.25081, 19.380678], [-99.251947, 19.378404], [-99.259698, 19.360886], [-99.273341, 19.35608], [-99.290652, 19.35856], [-99.309256, 19.362591], [-99.314527, 19.341404], [-99.325224, 19.319183], [-99.332872, 19.297685], [-99.329099, 19.278358], [-99.325585, 19.275258], [-99.323208, 19.271847], [-99.322485, 19.26823], [-99.323725, 19.264458], [-99.331218, 19.255931], [-99.334732, 19.246732], [-99.332562, 19.238516], [-99.322847, 19.23309], [-99.318144, 19.23216], [-99.314423, 19.230196], [-99.31215, 19.227302], [-99.311685, 19.223065], [-99.311736, 19.222496], [-99.31184, 19.221928], [-99.31184, 19.221308], [-99.311995, 19.220791], [-99.314165, 19.203531], [-99.312253, 19.185599], [-99.306724, 19.168494], [-99.297784, 19.153715], [-99.295148, 19.150253], [-99.292151, 19.147204], [-99.288792, 19.14462], [-99.285071, 19.142449], [-99.292823, 19.132373], [-99.302383, 19.123019], [-99.312666, 19.113872], [-99.322485, 19.104674], [-99.332148, 19.088913], [-99.329048, 19.074133], [-99.318609, 19.060284], [-99.306207, 19.047365], [-99.321865, 19.038373], [-99.333544, 19.029847], [-99.337368, 19.018116], [-99.329513, 18.999512], [-99.323673, 18.99419], [-99.317834, 18.988919], [-99.311943, 18.983648], [-99.306103, 18.978377], [-99.301504, 18.95197], [-99.307602, 18.934814], [-99.323002, 18.922721], [-99.346204, 18.911456], [-99.357625, 18.908355], [-99.368994, 18.904841], [-99.380052, 18.900655], [-99.390801, 18.895591], [-99.403824, 18.884429], [-99.413229, 18.868978], [-99.420463, 18.851925], [-99.426975, 18.835802], [-99.436897, 18.823916], [-99.450436, 18.816371], [-99.463562, 18.809705], [-99.47245, 18.800455], [-99.47245, 18.798956], [-99.472398, 18.797509], [-99.472347, 18.796011], [-99.472347, 18.79446], [-99.474207, 18.76578], [-99.480046, 18.736531], [-99.487488, 18.707024], [-99.494257, 18.677362], [-99.494671, 18.676586], [-99.495084, 18.675811], [-99.495394, 18.674933], [-99.495498, 18.674054], [-99.512706, 18.66961], [-99.536839, 18.670334], [-99.560041, 18.676018], [-99.574252, 18.686405], [-99.579265, 18.69736], [-99.583761, 18.706817], [-99.590789, 18.713845], [-99.603398, 18.717773], [-99.621381, 18.735653], [-99.63983, 18.75591], [-99.660345, 18.763816], [-99.684427, 18.744696], [-99.69347, 18.736789], [-99.702617, 18.728935], [-99.711867, 18.721183], [-99.721117, 18.713432], [-99.730522, 18.705422], [-99.739359, 18.698911], [-99.747265, 18.691779], [-99.753621, 18.681496], [-99.755947, 18.669145], [-99.755482, 18.658086], [-99.757807, 18.647596], [-99.768453, 18.636796], [-99.784782, 18.621758], [-99.796565, 18.623101], [-99.806848, 18.634108], [-99.818682, 18.648474], [-99.834443, 18.66005], [-99.849688, 18.663306], [-99.866638, 18.661239], [-99.887722, 18.657053], [-99.893406, 18.656278], [-99.898987, 18.655141], [-99.904465, 18.653435], [-99.909736, 18.651265], [-99.9302, 18.645219], [-99.950767, 18.639534], [-99.971231, 18.633333], [-99.991178, 18.625944], [-100.010918, 18.620207], [-100.030814, 18.615867], [-100.050968, 18.612404], [-100.071173, 18.609562], [-100.073447, 18.60672], [-100.075876, 18.603051], [-100.078098, 18.598968], [-100.0797, 18.595196], [-100.093911, 18.566154], [-100.108587, 18.539127], [-100.125847, 18.514064], [-100.147913, 18.491275], [-100.169927, 18.473395], [-100.192044, 18.456755], [-100.214213, 18.440477], [-100.236124, 18.423424], [-100.248992, 18.418979], [-100.256691, 18.409988], [-100.263719, 18.399859], [-100.274778, 18.392004], [-100.287801, 18.389265], [-100.302528, 18.389989], [-100.316378, 18.394433], [-100.326868, 18.402753], [-100.333483, 18.411331], [-100.340769, 18.420478], [-100.348572, 18.429108], [-100.356479, 18.436084], [-100.366452, 18.455411], [-100.361233, 18.480371], [-100.351931, 18.507346], [-100.349502, 18.532668], [-100.356014, 18.555147], [-100.371103, 18.574939], [-100.389707, 18.592716], [-100.407122, 18.609252], [-100.415338, 18.617314], [-100.423503, 18.626409], [-100.429911, 18.636537], [-100.432908, 18.647389], [-100.432391, 18.660773], [-100.431048, 18.672297], [-100.431823, 18.683563], [-100.437869, 18.695965], [-100.448049, 18.718031], [-100.446499, 18.736686], [-100.437869, 18.754773], [-100.42681, 18.774978], [-100.427585, 18.786709], [-100.43389, 18.79477], [-100.441021, 18.80216], [-100.444484, 18.81203], [-100.445052, 18.828412], [-100.447894, 18.838592], [-100.455232, 18.843605], [-100.469288, 18.84407], [-100.509389, 18.84407], [-100.547423, 18.849651], [-100.584837, 18.859056], [-100.623594, 18.870631], [-100.615894, 18.876523], [-100.613672, 18.883602], [-100.612225, 18.890785], [-100.606851, 18.896935], [-100.60034, 18.89864], [-100.595172, 18.897813], [-100.590521, 18.899105], [-100.585457, 18.907012], [-100.577447, 18.917967], [-100.564941, 18.928509], [-100.551144, 18.936984], [-100.539362, 18.941738], [-100.527269, 18.949386], [-100.5236, 18.961892], [-100.523652, 18.976568], [-100.522928, 18.990727], [-100.516727, 19.003543], [-100.505669, 19.015635], [-100.492698, 19.026539], [-100.480915, 19.035686], [-100.47058, 19.047468], [-100.460193, 19.058992], [-100.449858, 19.070619], [-100.439833, 19.082711], [-100.429239, 19.096251], [-100.418645, 19.10979], [-100.408, 19.123381], [-100.397406, 19.136868], [-100.389603, 19.14679], [-100.381748, 19.156712], [-100.373945, 19.166737], [-100.366142, 19.176659], [-100.35343, 19.192369], [-100.340717, 19.208079], [-100.328057, 19.223788], [-100.315396, 19.239498], [-100.306456, 19.249316], [-100.298808, 19.258515], [-100.295966, 19.268127], [-100.301443, 19.279134], [-100.302683, 19.281046], [-100.303924, 19.282906], [-100.305216, 19.284766], [-100.306456, 19.28673], [-100.312399, 19.295773], [-100.31829, 19.304817], [-100.324181, 19.31386], [-100.330072, 19.322904], [-100.323406, 19.326831], [-100.316843, 19.330862], [-100.310177, 19.334841], [-100.30351, 19.33882], [-100.27762, 19.353496], [-100.251782, 19.368172], [-100.225892, 19.3829], [-100.200002, 19.397576], [-100.182226, 19.405999], [-100.15861, 19.419849], [-100.146362, 19.435765], [-100.162692, 19.450183], [-100.174836, 19.464135], [-100.183414, 19.481137], [-100.190132, 19.49943], [-100.196437, 19.517], [-100.19778, 19.520204], [-100.199021, 19.523408], [-100.200261, 19.526612], [-100.201501, 19.529868], [-100.205015, 19.538601], [-100.208426, 19.547438], [-100.211681, 19.556274], [-100.214523, 19.565008], [-100.209459, 19.582216], [-100.204292, 19.599372], [-100.199124, 19.616632], [-100.193956, 19.633789], [-100.191114, 19.641747], [-100.188272, 19.649705], [-100.185378, 19.657612], [-100.182484, 19.665518], [-100.178247, 19.676835], [-100.174009, 19.688101], [-100.169772, 19.699366], [-100.165534, 19.71058], [-100.165017, 19.721122], [-100.168583, 19.732284], [-100.171994, 19.744066], [-100.171219, 19.756262], [-100.166464, 19.772282], [-100.161607, 19.788302], [-100.156801, 19.80427], [-100.151995, 19.820289], [-100.147137, 19.836981], [-100.14228, 19.853672], [-100.137422, 19.870364], [-100.132565, 19.887055], [-100.129464, 19.899613], [-100.127035, 19.912325], [-100.124917, 19.925244], [-100.122849, 19.938008], [-100.113031, 19.953408], [-100.104194, 19.969169], [-100.095048, 19.984879], [-100.084712, 20.00002], [-100.082852, 20.002345], [-100.080992, 20.004619], [-100.079028, 20.006944], [-100.076961, 20.009115], [-100.058977, 20.028804], [-100.043216, 20.051128], [-100.0359208050187, 20.06267212100991], [-100.04150390625001, 20.059793078819013], [-100.87646484375001, 21.108406677882172], [-101.20605468750001, 21.681006798519697], [-101.51367187500001, 21.823804631531758], [-101.90917968750001, 21.864577894059437], [-102.23876953125, 21.66059552892581], [-102.67822265625001, 21.64018137107719], [-102.83203125, 21.823804631531758], [-102.56835937500001, 22.231011388753075], [-102.19482421875, 22.393564802070667], [-101.53564453125001, 22.454473457024047], [-101.38183593750001, 22.576210465825955], [-100.94238281250001, 22.6370387058907], [-100.4150390625, 22.454473457024047], [-100.39306640625, 21.783019746381733], [-99.71191406250001, 21.51763589301684], [-99.21259780321101, 21.121463413731995], [-99.197428, 21.124086], [-99.152056, 21.161241], [-99.122084, 21.171266], [-99.097796, 21.169613], [-99.089269, 21.170181], [-99.080898, 21.173437], [-99.074128, 21.177777], [-99.06648, 21.180051], [-99.051855, 21.176227], [-99.042295, 21.175762], [-99.045189, 21.198035], [-99.045603, 21.221031], [-99.045861, 21.242166], [-99.045499, 21.248729], [-99.044879, 21.255447], [-99.044156, 21.26201], [-99.043381, 21.268315], [-99.025139, 21.286866], [-98.99589, 21.296478], [-98.964419, 21.297718], [-98.939097, 21.291207], [-98.933465, 21.285471], [-98.92871, 21.27896], [-98.92468, 21.271829], [-98.921527, 21.264284], [-98.917032, 21.252398], [-98.914448, 21.239479], [-98.911502, 21.226922], [-98.905559, 21.21607], [-98.895948, 21.208628], [-98.883184, 21.202685], [-98.869748, 21.197518], [-98.858276, 21.192764], [-98.84024, 21.183979], [-98.823601, 21.176899], [-98.806754, 21.174263], [-98.787996, 21.178604], [-98.764173, 21.189456], [-98.740195, 21.199998], [-98.715597, 21.208163], [-98.68981, 21.211987], [-98.682214, 21.209972], [-98.674669, 21.20775], [-98.667124, 21.205269], [-98.65958, 21.202789], [-98.651621, 21.201187], [-98.643767, 21.201342], [-98.63617, 21.203357], [-98.629142, 21.20713], [-98.621339, 21.214364], [-98.612451, 21.217362], [-98.602684, 21.216535], [-98.592297, 21.212246], [-98.586199, 21.24537], [-98.585631, 21.280614], [-98.587646, 21.316064], [-98.5893, 21.349757], [-98.58992, 21.363141], [-98.589558, 21.371512], [-98.585166, 21.377042], [-98.574003, 21.381589], [-98.559327, 21.386292], [-98.544548, 21.391098], [-98.529768, 21.395439], [-98.515092, 21.398849], [-98.513645, 21.398281], [-98.512147, 21.397712], [-98.510648, 21.397196], [-98.509201, 21.396627], [-98.492303, 21.386447], [-98.475715, 21.375698], [-98.45923, 21.364691], [-98.442797, 21.353684], [-98.460522, 21.3326], [-98.477989, 21.313325], [-98.490494, 21.291672], [-98.493233, 21.263354], [-98.492251, 21.256119], [-98.489719, 21.249918], [-98.485637, 21.244853], [-98.479952, 21.240926], [-98.460212, 21.234725], [-98.442642, 21.217362], [-98.426312, 21.195968], [-98.410137, 21.177571], [-98.398304, 21.168941], [-98.386211, 21.160621], [-98.373396, 21.155143], [-98.35934, 21.155298], [-98.338256, 21.169923], [-98.312934, 21.188371], [-98.294899, 21.208422], [-98.295829, 21.228059], [-98.297224, 21.2432], [-98.286269, 21.2463], [-98.273247, 21.238859], [-98.268079, 21.222322], [-98.266167, 21.197001], [-98.278724, 21.169199], [-98.288233, 21.143361], [-98.277536, 21.124137], [-98.248545, 21.123517], [-98.229012, 21.141811], [-98.212423, 21.150596], [-98.192115, 21.121915], [-98.180694, 21.117884], [-98.172374, 21.112613], [-98.165811, 21.104914], [-98.159455, 21.093855], [-98.153202, 21.088326], [-98.144572, 21.086], [-98.135994, 21.082176], [-98.129896, 21.072151], [-98.131602, 21.062746], [-98.137338, 21.047449], [-98.144314, 21.03236], [-98.149792, 21.023265], [-98.154391, 21.020784], [-98.159042, 21.021508], [-98.163279, 21.022851], [-98.167, 21.02218], [-98.172323, 21.017322], [-98.178524, 21.010759], [-98.184932, 21.003059], [-98.190874, 20.995153], [-98.197334, 20.985748], [-98.20431, 20.976653], [-98.211907, 20.968074], [-98.219917, 20.959961], [-98.232422, 20.938309], [-98.238158, 20.904822], [-98.237176, 20.869993], [-98.22989, 20.844568], [-98.226841, 20.83878], [-98.226738, 20.834181], [-98.22958, 20.830925], [-98.23573, 20.828961], [-98.260948, 20.828651], [-98.283995, 20.835938], [-98.305854, 20.84772], [-98.327404, 20.861001], [-98.339806, 20.865962], [-98.352725, 20.870096], [-98.365851, 20.873197], [-98.379183, 20.875315], [-98.393239, 20.876969], [-98.410086, 20.875264], [-98.424452, 20.869114], [-98.43117, 20.857435], [-98.428379, 20.845808], [-98.4213, 20.83754], [-98.41484, 20.828961], [-98.414168, 20.816456], [-98.415253, 20.804725], [-98.415357, 20.795785], [-98.419129, 20.788344], [-98.431377, 20.781109], [-98.444089, 20.77806], [-98.457318, 20.777492], [-98.470806, 20.776458], [-98.484086, 20.772014], [-98.494939, 20.756925], [-98.49344, 20.742714], [-98.482433, 20.732533], [-98.464915, 20.729743], [-98.451427, 20.73491], [-98.439541, 20.743334], [-98.428379, 20.74876], [-98.416907, 20.744781], [-98.41391, 20.727779], [-98.418664, 20.709434], [-98.427552, 20.691709], [-98.437216, 20.676774], [-98.457938, 20.657396], [-98.484293, 20.641169], [-98.507858, 20.62453], [-98.520312, 20.604066], [-98.522482, 20.586341], [-98.524497, 20.566962], [-98.527805, 20.547945], [-98.534058, 20.531409], [-98.541551, 20.521797], [-98.551524, 20.512805], [-98.561963, 20.503917], [-98.5708, 20.494925], [-98.568526, 20.472291], [-98.553333, 20.449295], [-98.534419, 20.42635], [-98.521294, 20.403871], [-98.500623, 20.362427], [-98.468429, 20.353642], [-98.43427, 20.371057], [-98.407399, 20.407489], [-98.401921, 20.423508], [-98.397477, 20.440406], [-98.390449, 20.455134], [-98.377271, 20.464798], [-98.3612, 20.452137], [-98.348694, 20.438236], [-98.335775, 20.43498], [-98.318102, 20.454152], [-98.306475, 20.469035], [-98.292987, 20.482213], [-98.279448, 20.495338], [-98.267562, 20.509911], [-98.251956, 20.528308], [-98.236091, 20.546601], [-98.21971, 20.564482], [-98.202553, 20.581431], [-98.178782, 20.612851], [-98.146123, 20.654399], [-98.110828, 20.688402], [-98.079357, 20.697083], [-98.076566, 20.695688], [-98.073982, 20.693931], [-98.071605, 20.691812], [-98.069745, 20.689435], [-98.061787, 20.674397], [-98.046801, 20.673209], [-98.031349, 20.673002], [-98.021582, 20.660806], [-98.021427, 20.649851], [-98.023443, 20.639257], [-98.024786, 20.628664], [-98.022099, 20.617915], [-98.018017, 20.61192], [-98.013107, 20.606753], [-98.008147, 20.601689], [-98.003961, 20.596056], [-98.001429, 20.580656], [-98.008457, 20.567324], [-98.018482, 20.55456], [-98.0252, 20.540814], [-98.025096, 20.524846], [-98.01967, 20.509963], [-98.010782, 20.496424], [-98.000188, 20.484486], [-97.986442, 20.492858], [-97.974764, 20.503452], [-97.965358, 20.516112], [-97.95833, 20.530788], [-97.950889, 20.54996], [-97.94629, 20.570476], [-97.944274, 20.591457], [-97.944378, 20.612024], [-97.944946, 20.623858], [-97.945825, 20.634968], [-97.947478, 20.645614], [-97.950372, 20.655639], [-97.955953, 20.66277], [-97.964015, 20.673054], [-97.966392, 20.6822], [-97.954765, 20.686024], [-97.941897, 20.690469], [-97.937246, 20.701992], [-97.936626, 20.716565], [-97.935851, 20.730466], [-97.929082, 20.74044], [-97.917299, 20.744936], [-97.904845, 20.749018], [-97.896164, 20.757958], [-97.894407, 20.773564], [-97.896577, 20.790308], [-97.896422, 20.806379], [-97.887275, 20.820073], [-97.875855, 20.825344], [-97.864744, 20.824621], [-97.853841, 20.820125], [-97.842989, 20.81382], [-97.816272, 20.814647], [-97.7971, 20.817231], [-97.77922, 20.813769], [-97.756586, 20.796457], [-97.74284, 20.778112], [-97.739894, 20.757803], [-97.741341, 20.736047], [-97.740876, 20.713103], [-97.734055, 20.693259], [-97.722944, 20.677395], [-97.7108, 20.66215], [-97.700827, 20.644373], [-97.711214, 20.631816], [-97.721342, 20.62055], [-97.722428, 20.610784], [-97.705633, 20.602619], [-97.696331, 20.602412], [-97.684704, 20.604272], [-97.67256, 20.606391], [-97.662224, 20.606908], [-97.649254, 20.604686], [-97.63618, 20.601327], [-97.623157, 20.597554], [-97.610341, 20.59404], [-97.588844, 20.582207], [-97.570964, 20.557764], [-97.55975, 20.529031], [-97.558562, 20.504227], [-97.561042, 20.498801], [-97.564298, 20.494305], [-97.568225, 20.490791], [-97.572979, 20.487897], [-97.583728, 20.471826], [-97.596027, 20.452654], [-97.609049, 20.43436], [-97.62202, 20.421338], [-97.639797, 20.415757], [-97.653336, 20.423612], [-97.66455, 20.437978], [-97.67535, 20.451879], [-97.693437, 20.46578], [-97.703307, 20.462989], [-97.712092, 20.451724], [-97.726975, 20.440251], [-97.740876, 20.438391], [-97.756224, 20.439735], [-97.769711, 20.438701], [-97.778083, 20.429916], [-97.77152, 20.414361], [-97.767438, 20.3986], [-97.766508, 20.382374], [-97.769401, 20.365734], [-97.769505, 20.365372], [-97.769608, 20.36501], [-97.76966, 20.364649], [-97.769763, 20.364287], [-97.768885, 20.356639], [-97.766921, 20.349404], [-97.763769, 20.34248], [-97.75948, 20.336072], [-97.760823, 20.3246], [-97.765629, 20.313127], [-97.77214, 20.301655], [-97.778703, 20.290235], [-97.774052, 20.273233], [-97.758549, 20.261916], [-97.739016, 20.253648], [-97.722273, 20.245638], [-97.71819, 20.242589], [-97.714314, 20.239127], [-97.710904, 20.235354], [-97.707803, 20.23122], [-97.705891, 20.22874], [-97.704186, 20.226104], [-97.702635, 20.223365], [-97.701447, 20.220523], [-97.697675, 20.203315], [-97.690026, 20.188174], [-97.677779, 20.178872], [-97.659951, 20.178975], [-97.657574, 20.179699], [-97.655248, 20.180629], [-97.652974, 20.181559], [-97.650649, 20.182748], [-97.621348, 20.192618], [-97.605484, 20.187089], [-97.598611, 20.16895], [-97.596389, 20.141148], [-97.595097, 20.13443], [-97.592151, 20.128591], [-97.58781, 20.123785], [-97.582074, 20.120064], [-97.578819, 20.118824], [-97.575511, 20.118359], [-97.572308, 20.118876], [-97.56931, 20.120374], [-97.562282, 20.123785], [-97.555564, 20.127712], [-97.549208, 20.132053], [-97.543059, 20.136704], [-97.532517, 20.147246], [-97.522491, 20.157891], [-97.51288, 20.16895], [-97.503785, 20.180681], [-97.489419, 20.199646], [-97.481357, 20.219748], [-97.470402, 20.237525], [-97.447199, 20.249359], [-97.443323, 20.249979], [-97.439447, 20.250547], [-97.435623, 20.251167], [-97.431748, 20.251839], [-97.403481, 20.259591], [-97.381208, 20.257007], [-97.360072, 20.245948], [-97.335474, 20.228378], [-97.31868, 20.217164], [-97.301316, 20.206105], [-97.283488, 20.196029], [-97.264936, 20.187915], [-97.256048, 20.18342], [-97.247108, 20.179182], [-97.238064, 20.174996], [-97.228866, 20.171172], [-97.189592, 20.159855], [-97.152902, 20.145799], [-97.135538, 20.121718], [-97.154245, 20.080325], [-97.166389, 20.066424], [-97.179618, 20.053608], [-97.193106, 20.041154], [-97.206128, 20.02808], [-97.21388, 20.019295], [-97.221528, 20.010458], [-97.229331, 20.001829], [-97.237858, 19.993819], [-97.254549, 19.978729], [-97.26876, 19.961624], [-97.281162, 19.943072], [-97.292325, 19.923487], [-97.294702, 19.919766], [-97.297027, 19.916046], [-97.299404, 19.912428], [-97.30173, 19.908759], [-97.305967, 19.903023], [-97.308861, 19.896822], [-97.310463, 19.890156], [-97.310566, 19.883231], [-97.310411, 19.875273], [-97.309585, 19.867315], [-97.308241, 19.859408], [-97.306277, 19.851657], [-97.302143, 19.807318], [-97.307517, 19.748304], [-97.324519, 19.694457], [-97.355163, 19.665725], [-97.37294, 19.664588], [-97.383792, 19.647225], [-97.389166, 19.623247], [-97.390303, 19.602628], [-97.39051, 19.600199], [-97.390717, 19.597719], [-97.390872, 19.595342], [-97.391027, 19.592965], [-97.392422, 19.575808], [-97.382707, 19.566868], [-97.368444, 19.560305], [-97.356455, 19.550073], [-97.355473, 19.542322], [-97.35785, 19.53333], [-97.359194, 19.524752], [-97.35537, 19.518034], [-97.348755, 19.513796], [-97.342192, 19.509559], [-97.335836, 19.50496], [-97.329945, 19.499844], [-97.320643, 19.480827], [-97.329222, 19.465582], [-97.347412, 19.455454], [-97.367049, 19.451991], [-97.382087, 19.452818], [-97.398675, 19.452301], [-97.407511, 19.445997], [-97.399191, 19.42977], [-97.386841, 19.422949], [-97.371235, 19.421812], [-97.355163, 19.421554], [-97.34121, 19.417575], [-97.334389, 19.41127], [-97.328963, 19.403157], [-97.323537, 19.394734], [-97.316819, 19.387602], [-97.304727, 19.390496], [-97.293255, 19.396284], [-97.281886, 19.400677], [-97.269639, 19.399591], [-97.254704, 19.382125], [-97.240545, 19.358974], [-97.225765, 19.338717], [-97.209022, 19.329673], [-97.204785, 19.329208], [-97.200496, 19.328795], [-97.196103, 19.32833], [-97.191866, 19.327864], [-97.166389, 19.322697], [-97.138691, 19.311328], [-97.112491, 19.303215], [-97.091458, 19.307711], [-97.090373, 19.308331], [-97.089288, 19.308951], [-97.088254, 19.309519], [-97.087117, 19.310139], [-97.070994, 19.317581], [-97.059987, 19.319493], [-97.049394, 19.317219], [-97.034408, 19.312052], [-97.021333, 19.307452], [-97.007432, 19.301613], [-96.993945, 19.294998], [-96.982008, 19.28797], [-96.981543, 19.280839], [-96.983403, 19.274431], [-96.987485, 19.269005], [-96.993635, 19.264664], [-96.999681, 19.260375], [-97.005314, 19.255517], [-97.010378, 19.250091], [-97.014822, 19.244097], [-97.019266, 19.238878], [-97.023607, 19.233658], [-97.027948, 19.228439], [-97.03234, 19.22322], [-97.037456, 19.217277], [-97.043554, 19.212523], [-97.050272, 19.209215], [-97.057404, 19.207458], [-97.061021, 19.208389], [-97.064742, 19.20906], [-97.068462, 19.209525], [-97.072183, 19.209784], [-97.081691, 19.208957], [-97.088513, 19.204254], [-97.093215, 19.196606], [-97.096264, 19.187046], [-97.10908, 19.178675], [-97.127425, 19.18255], [-97.147889, 19.190405], [-97.166958, 19.193816], [-97.180342, 19.189682], [-97.192279, 19.182137], [-97.204371, 19.174385], [-97.218221, 19.169528], [-97.229899, 19.167668], [-97.241578, 19.166376], [-97.253102, 19.16436], [-97.264109, 19.160433], [-97.271706, 19.13692], [-97.26969, 19.105656], [-97.262972, 19.074237], [-97.256306, 19.049949], [-97.253361, 19.03858], [-97.25057, 19.027263], [-97.2484, 19.015842], [-97.247469, 19.004163], [-97.247573, 18.999512], [-97.247469, 18.994965], [-97.247108, 18.990417], [-97.246643, 18.985818], [-97.246436, 18.983286], [-97.245919, 18.980806], [-97.245351, 18.978325], [-97.244576, 18.975896], [-97.243594, 18.972021], [-97.242922, 18.968093], [-97.242457, 18.964062], [-97.24225, 18.959928], [-97.238995, 18.948146], [-97.234447, 18.936571], [-97.230054, 18.925098], [-97.226902, 18.91342], [-97.226334, 18.892491], [-97.234447, 18.884842], [-97.24995, 18.882], [-97.271551, 18.875282], [-97.282093, 18.868461], [-97.287777, 18.858436], [-97.292221, 18.847067], [-97.298887, 18.835905], [-97.305967, 18.829394], [-97.313357, 18.823399], [-97.320902, 18.817715], [-97.32855, 18.811927], [-97.32917, 18.81141], [-97.329738, 18.810893], [-97.330358, 18.810377], [-97.330875, 18.80986], [-97.341624, 18.782575], [-97.338988, 18.752086], [-97.328291, 18.721597], [-97.315011, 18.694208], [-97.310411, 18.684545], [-97.304055, 18.675915], [-97.296252, 18.668732], [-97.287105, 18.663202], [-97.269225, 18.658655], [-97.253257, 18.661652], [-97.237651, 18.668473], [-97.220856, 18.675605], [-97.208299, 18.674364], [-97.198532, 18.668525], [-97.188765, 18.662272], [-97.175898, 18.659895], [-97.164942, 18.658758], [-97.154555, 18.657466], [-97.144943, 18.654934], [-97.136365, 18.64987], [-97.135228, 18.648423], [-97.134195, 18.646872], [-97.133213, 18.645322], [-97.132231, 18.643772], [-97.12851, 18.636847], [-97.125926, 18.629664], [-97.124583, 18.622171], [-97.12448, 18.614368], [-97.119932, 18.593852], [-97.10815, 18.579693], [-97.096316, 18.566981], [-97.091407, 18.551064], [-97.098383, 18.536595], [-97.106444, 18.518405], [-97.109287, 18.500111], [-97.100502, 18.485125], [-97.086962, 18.481301], [-97.071873, 18.48342], [-97.055957, 18.484815], [-97.040144, 18.478976], [-97.027018, 18.483368], [-97.01415, 18.49329], [-97.001076, 18.504762], [-96.987279, 18.513547], [-96.974101, 18.517785], [-96.960614, 18.52042], [-96.947074, 18.522746], [-96.93369, 18.526311], [-96.908679, 18.533184], [-96.883616, 18.537318], [-96.858553, 18.541142], [-96.833541, 18.547344], [-96.831578, 18.547964], [-96.82951, 18.548429], [-96.827547, 18.548687], [-96.82548, 18.548946], [-96.80021, 18.550548], [-96.790908, 18.530704], [-96.788893, 18.502333], [-96.785637, 18.478304], [-96.772666, 18.459184], [-96.754373, 18.442027], [-96.73732, 18.426111], [-96.728121, 18.410246], [-96.732152, 18.390196], [-96.739542, 18.374124], [-96.749205, 18.358208], [-96.760057, 18.338829], [-96.768842, 18.318572], [-96.777472, 18.29971], [-96.789513, 18.28369], [-96.808737, 18.272218], [-96.814576, 18.268084], [-96.820777, 18.26457], [-96.82734, 18.261573], [-96.834058, 18.259196], [-96.849768, 18.254493], [-96.865891, 18.250152], [-96.881135, 18.244003], [-96.894209, 18.234133], [-96.898033, 18.231136], [-96.901651, 18.22788], [-96.904803, 18.224314], [-96.907645, 18.220387], [-96.912554, 18.216098], [-96.91736, 18.211757], [-96.922166, 18.207416], [-96.926972, 18.203024], [-96.931468, 18.197029], [-96.935964, 18.191086], [-96.940511, 18.185195], [-96.945007, 18.179407], [-96.946248, 18.178064], [-96.947333, 18.176669], [-96.948366, 18.175118], [-96.949193, 18.173568], [-96.95312, 18.165868], [-96.957358, 18.15853], [-96.962061, 18.151399], [-96.967176, 18.144474], [-96.994617, 18.123494], [-97.025726, 18.122253], [-97.059057, 18.131245], [-97.093164, 18.14096], [-97.095024, 18.141219], [-97.096884, 18.141477], [-97.098745, 18.141684], [-97.100605, 18.14189], [-97.118537, 18.14649], [-97.13466, 18.152122], [-97.150318, 18.159254], [-97.166803, 18.168245], [-97.187938, 18.176307], [-97.207989, 18.176927], [-97.228504, 18.173516], [-97.25088, 18.169692], [-97.253257, 18.169072], [-97.255634, 18.168349], [-97.25796, 18.167522], [-97.260234, 18.166592], [-97.313615, 18.144578], [-97.355628, 18.110988], [-97.388133, 18.067683], [-97.413351, 18.016627], [-97.41857, 18.002467], [-97.426993, 17.990065], [-97.438517, 17.981383], [-97.45309, 17.978283], [-97.467869, 17.980246], [-97.481409, 17.985311], [-97.493036, 17.993734], [-97.502028, 18.005775], [-97.508952, 18.017454], [-97.517427, 18.028306], [-97.525695, 18.039106], [-97.532, 18.050785], [-97.534429, 18.065513], [-97.534274, 18.080861], [-97.536341, 18.094813], [-97.545332, 18.10551], [-97.554221, 18.11104], [-97.563006, 18.116569], [-97.571687, 18.122408], [-97.579956, 18.12861], [-97.596389, 18.137188], [-97.61308, 18.145921], [-97.628325, 18.156515], [-97.64021, 18.170519], [-97.642484, 18.202248], [-97.632097, 18.24421], [-97.617059, 18.286791], [-97.605639, 18.320381], [-97.606104, 18.36043], [-97.635301, 18.347459], [-97.67287, 18.31852], [-97.698553, 18.310666], [-97.712041, 18.314696], [-97.724856, 18.302191], [-97.736018, 18.283174], [-97.744287, 18.267516], [-97.75457, 18.251238], [-97.76413, 18.234495], [-97.773639, 18.217648], [-97.783664, 18.201112], [-97.790175, 18.188968], [-97.797668, 18.177599], [-97.805368, 18.166385], [-97.8125, 18.154654], [-97.817822, 18.137033], [-97.81374, 18.120083], [-97.802733, 18.105769], [-97.787592, 18.095382], [-97.784853, 18.093935], [-97.782321, 18.092281], [-97.77984, 18.090421], [-97.777618, 18.08825], [-97.766663, 18.078328], [-97.756379, 18.067373], [-97.747232, 18.055487], [-97.739532, 18.042982], [-97.736277, 18.03368], [-97.733951, 18.024171], [-97.732711, 18.014508], [-97.732504, 18.004844], [-97.738499, 17.994302], [-97.74625, 17.985517], [-97.755294, 17.977869], [-97.764957, 17.970738], [-97.774672, 17.960454], [-97.785008, 17.951101], [-97.796118, 17.942729], [-97.808107, 17.935236], [-97.820509, 17.930585], [-97.83286, 17.92578], [-97.845211, 17.920767], [-97.857561, 17.915548], [-97.873581, 17.916529], [-97.884123, 17.924591], [-97.890738, 17.937407], [-97.895182, 17.9526], [-97.897456, 17.959576], [-97.899213, 17.966707], [-97.900556, 17.973839], [-97.901383, 17.981177], [-97.902572, 17.993217], [-97.904484, 18.008307], [-97.908101, 18.022621], [-97.914405, 18.032026], [-97.925103, 18.03585], [-97.936833, 18.035024], [-97.948822, 18.032233], [-97.960087, 18.030218], [-97.969079, 18.028306], [-97.978019, 18.026445], [-97.986959, 18.024792], [-97.996003, 18.023293], [-98.005459, 18.022725], [-98.014813, 18.022414], [-98.024218, 18.022363], [-98.033675, 18.022621], [-98.050056, 18.023293], [-98.066438, 18.023965], [-98.082871, 18.024688], [-98.099252, 18.025412], [-98.108192, 18.025618], [-98.117184, 18.025825], [-98.126072, 18.026135], [-98.135064, 18.026342], [-98.149016, 18.026342], [-98.162091, 18.023861], [-98.173098, 18.017454], [-98.181108, 18.005878], [-98.195112, 17.973115], [-98.215576, 17.93844], [-98.242809, 17.913791], [-98.277277, 17.911052], [-98.285546, 17.913739], [-98.293607, 17.916684], [-98.301669, 17.919888], [-98.309782, 17.922989], [-98.314071, 17.91932], [-98.318308, 17.915651], [-98.322598, 17.91193], [-98.326887, 17.908313], [-98.332158, 17.904282], [-98.337377, 17.900251], [-98.342596, 17.896272], [-98.347816, 17.89219], [-98.361923, 17.906556], [-98.376083, 17.920819], [-98.390242, 17.935185], [-98.40435, 17.949447], [-98.416959, 17.960299], [-98.427346, 17.963968], [-98.439438, 17.962883], [-98.457008, 17.959214], [-98.488427, 17.952135], [-98.52181, 17.949757], [-98.555245, 17.951928], [-98.586664, 17.958387], [-98.596328, 17.961178], [-98.605733, 17.964537], [-98.615035, 17.968464], [-98.624026, 17.972908], [-98.644387, 17.977146], [-98.664696, 17.981073], [-98.684849, 17.985414], [-98.705055, 17.990685], [-98.75053, 18.008462], [-98.788357, 18.034197], [-98.815642, 18.069595], [-98.829543, 18.116259], [-98.839982, 18.121943], [-98.862565, 18.125871], [-98.887628, 18.12861], [-98.905456, 18.130935], [-98.920494, 18.139927], [-98.926643, 18.15605], [-98.928297, 18.175687], [-98.930054, 18.195117], [-98.942456, 18.200491], [-98.955065, 18.192327], [-98.969225, 18.185505], [-98.986123, 18.19491], [-98.995425, 18.204729], [-99.000747, 18.216511], [-99.002659, 18.229482], [-99.001678, 18.243021], [-99.009119, 18.241729], [-99.01656, 18.240386], [-99.024002, 18.239042], [-99.031443, 18.237698], [-99.030668, 18.252685], [-99.035577, 18.264674], [-99.042399, 18.275939], [-99.047256, 18.288858], [-99.048186, 18.304258], [-99.04705, 18.319037], [-99.046636, 18.334023], [-99.049737, 18.34994], [-99.027826, 18.366269], [-99.007362, 18.378052], [-98.985451, 18.386527], [-98.958786, 18.393038], [-98.940286, 18.40358], [-98.934137, 18.420116], [-98.929227, 18.437118], [-98.914189, 18.44921], [-98.913518, 18.449468], [-98.912794, 18.449675], [-98.912174, 18.449882], [-98.911399, 18.449985], [-98.899565, 18.454481], [-98.892434, 18.462801], [-98.886336, 18.472309], [-98.877809, 18.480474], [-98.866285, 18.485125], [-98.852539, 18.487916], [-98.838432, 18.490345], [-98.825668, 18.493962], [-98.807168, 18.49484], [-98.788254, 18.489673], [-98.770839, 18.480319], [-98.756628, 18.468382], [-98.739368, 18.453034], [-98.717922, 18.434637], [-98.695856, 18.422907], [-98.676943, 18.427506], [-98.675703, 18.43965], [-98.67932, 18.459597], [-98.684953, 18.480474], [-98.6895, 18.495409], [-98.695805, 18.517061], [-98.703091, 18.540987], [-98.712548, 18.563777], [-98.725415, 18.582174], [-98.726656, 18.584551], [-98.727793, 18.586928], [-98.728929, 18.589357], [-98.729963, 18.591785], [-98.732857, 18.606927], [-98.735337, 18.622223], [-98.738593, 18.637312], [-98.74345, 18.651885], [-98.745724, 18.66191], [-98.74743, 18.671884], [-98.748773, 18.681909], [-98.750013, 18.691934], [-98.730996, 18.688679], [-98.711153, 18.685113], [-98.691412, 18.683149], [-98.672705, 18.6847], [-98.668675, 18.688214], [-98.666091, 18.692348], [-98.665057, 18.696999], [-98.665626, 18.70227], [-98.670638, 18.716532], [-98.677615, 18.730278], [-98.685935, 18.743301], [-98.695133, 18.755496], [-98.697924, 18.757925], [-98.700869, 18.760457], [-98.703866, 18.762938], [-98.706812, 18.765315], [-98.711463, 18.770172], [-98.713737, 18.775857], [-98.713685, 18.782316], [-98.711514, 18.789344], [-98.711153, 18.791877], [-98.710843, 18.794357], [-98.710533, 18.796941], [-98.710223, 18.799421], [-98.716372, 18.80154], [-98.722367, 18.804537], [-98.728103, 18.808206], [-98.733374, 18.811927], [-98.718904, 18.828877], [-98.706709, 18.846395], [-98.693479, 18.863087], [-98.675961, 18.877556], [-98.658184, 18.89125], [-98.664231, 18.905358], [-98.676323, 18.921481], [-98.676736, 18.941376], [-98.669346, 18.947216], [-98.661647, 18.945252], [-98.655135, 18.946079], [-98.651415, 18.960032], [-98.650175, 18.975948], [-98.648934, 18.991864], [-98.647591, 19.007677], [-98.646402, 19.023594], [-98.650485, 19.021527], [-98.654619, 19.01946], [-98.658649, 19.017392]], [[-99.74607470542112, 20.212137286522147], [-99.74607470542112, 20.212137286522143], [-99.744681, 20.210498], [-99.74607470542112, 20.212137286522147]], [[-98.684333, 19.584283], [-98.696735, 19.58387], [-98.709086, 19.582939], [-98.701644, 19.55121], [-98.693686, 19.5324], [-98.677976, 19.521444], [-98.647487, 19.51328], [-98.644955, 19.500515], [-98.643198, 19.487803], [-98.641958, 19.474936], [-98.640873, 19.461913], [-98.613174, 19.455092], [-98.580515, 19.445015], [-98.54832, 19.437935], [-98.521914, 19.440002], [-98.504189, 19.450338], [-98.492665, 19.454265], [-98.481709, 19.450751], [-98.465896, 19.438349], [-98.464191, 19.435248], [-98.463106, 19.431734], [-98.462692, 19.427858], [-98.462951, 19.423983], [-98.46078, 19.411374], [-98.456905, 19.399385], [-98.451169, 19.388119], [-98.443417, 19.377939], [-98.436699, 19.365898], [-98.435149, 19.354271], [-98.432978, 19.344091], [-98.424555, 19.336598], [-98.421661, 19.335513], [-98.418871, 19.334272], [-98.416132, 19.332929], [-98.413496, 19.331482], [-98.398252, 19.320423], [-98.385695, 19.308072], [-98.375463, 19.293706], [-98.367401, 19.276912], [-98.364404, 19.269677], [-98.361407, 19.262545], [-98.358254, 19.255414], [-98.35505, 19.248283], [-98.351743, 19.241358], [-98.347712, 19.23495], [-98.343061, 19.228956], [-98.337739, 19.22353], [-98.330814, 19.217639], [-98.323373, 19.212419], [-98.315518, 19.207768], [-98.307456, 19.203634], [-98.305906, 19.202704], [-98.304304, 19.201826], [-98.302754, 19.200947], [-98.301152, 19.200017], [-98.297224, 19.19764], [-98.293452, 19.195056], [-98.289783, 19.192266], [-98.286269, 19.18932], [-98.283013, 19.18715], [-98.279861, 19.184824], [-98.276864, 19.182344], [-98.273867, 19.17976], [-98.270094, 19.176556], [-98.266219, 19.173352], [-98.262395, 19.170148], [-98.258571, 19.166892], [-98.257537, 19.166014], [-98.256503, 19.165135], [-98.255418, 19.164257], [-98.254333, 19.163327], [-98.252473, 19.16188], [-98.250767, 19.160123], [-98.249269, 19.158366], [-98.247925, 19.156299], [-98.23976, 19.145343], [-98.232009, 19.134181], [-98.224154, 19.123122], [-98.215731, 19.112477], [-98.193458, 19.106483], [-98.173201, 19.112839], [-98.153254, 19.122502], [-98.131963, 19.126688], [-98.108295, 19.134853], [-98.087263, 19.157126], [-98.06804, 19.184721], [-98.050108, 19.209164], [-98.04184, 19.206838], [-98.0329, 19.203531], [-98.023753, 19.199707], [-98.015071, 19.195986], [-98.014709, 19.19578], [-98.014348, 19.195676], [-98.014038, 19.195521], [-98.013728, 19.195366], [-98.009697, 19.193661], [-98.005666, 19.191955], [-98.001635, 19.19025], [-97.997605, 19.188597], [-97.991713, 19.186064], [-97.985822, 19.183584], [-97.979931, 19.181], [-97.97404, 19.17852], [-97.951819, 19.167926], [-97.929133, 19.158469], [-97.906447, 19.155989], [-97.884433, 19.166221], [-97.876217, 19.173249], [-97.867948, 19.18007], [-97.859835, 19.187098], [-97.85198, 19.194539], [-97.846658, 19.211903], [-97.858595, 19.228026], [-97.875235, 19.244614], [-97.884175, 19.263424], [-97.883968, 19.264354], [-97.883813, 19.265284], [-97.883606, 19.266163], [-97.8834, 19.267093], [-97.877819, 19.2781], [-97.868103, 19.284611], [-97.856269, 19.288694], [-97.844229, 19.292208], [-97.840922, 19.298202], [-97.837098, 19.303525], [-97.832602, 19.307969], [-97.827589, 19.311431], [-97.805006, 19.303887], [-97.775499, 19.296445], [-97.747542, 19.294895], [-97.729404, 19.305024], [-97.72837, 19.303111], [-97.727182, 19.301199], [-97.725683, 19.299442], [-97.724081, 19.298099], [-97.698036, 19.282854], [-97.668116, 19.28394], [-97.640314, 19.297479], [-97.620418, 19.319493], [-97.612822, 19.346313], [-97.621245, 19.364555], [-97.641244, 19.372823], [-97.668529, 19.369929], [-97.681241, 19.373908], [-97.693127, 19.380885], [-97.704289, 19.389876], [-97.714366, 19.399798], [-97.72558, 19.411787], [-97.73607, 19.424344], [-97.74687, 19.436695], [-97.759014, 19.447857], [-97.777101, 19.456539], [-97.794723, 19.456849], [-97.811879, 19.450803], [-97.828519, 19.440416], [-97.844487, 19.436333], [-97.852187, 19.448632], [-97.856631, 19.466512], [-97.862522, 19.479173], [-97.871824, 19.480775], [-97.878025, 19.485064], [-97.881384, 19.491834], [-97.882159, 19.501084], [-97.878594, 19.511523], [-97.870842, 19.513124], [-97.860817, 19.512711], [-97.850637, 19.517155], [-97.842575, 19.543459], [-97.872031, 19.55891], [-97.913372, 19.569193], [-97.94076, 19.579839], [-97.95616, 19.592706], [-97.968356, 19.607434], [-97.981585, 19.62056], [-98.00024, 19.628725], [-98.018482, 19.631619], [-98.034605, 19.636114], [-98.040703, 19.645261], [-98.028817, 19.662211], [-98.028197, 19.69177], [-98.043597, 19.718642], [-98.06251, 19.730837], [-98.072897, 19.716265], [-98.071398, 19.698746], [-98.069021, 19.685879], [-98.072535, 19.677094], [-98.088658, 19.671978], [-98.102301, 19.670893], [-98.115892, 19.670996], [-98.129483, 19.671771], [-98.143125, 19.672753], [-98.168757, 19.672185], [-98.192683, 19.679264], [-98.215317, 19.690943], [-98.23697, 19.704121], [-98.241207, 19.708616], [-98.244049, 19.714301], [-98.247098, 19.718745], [-98.251749, 19.719624], [-98.2672, 19.714508], [-98.270973, 19.710425], [-98.27118, 19.705051], [-98.275624, 19.696007], [-98.284409, 19.685982], [-98.293297, 19.676422], [-98.301462, 19.666242], [-98.30818, 19.654356], [-98.318515, 19.630688], [-98.330711, 19.606969], [-98.346214, 19.594515], [-98.366833, 19.60485], [-98.370192, 19.606814], [-98.373499, 19.608674], [-98.376755, 19.610535], [-98.380062, 19.612447], [-98.400732, 19.616219], [-98.422023, 19.616942], [-98.4429, 19.617976], [-98.462279, 19.622885], [-98.464915, 19.624487], [-98.467447, 19.626348], [-98.469875, 19.628466], [-98.472098, 19.630688], [-98.487084, 19.644124], [-98.501811, 19.637716], [-98.516023, 19.623557], [-98.529717, 19.613945], [-98.545736, 19.616116], [-98.559534, 19.625676], [-98.572505, 19.633686], [-98.586199, 19.631257], [-98.597361, 19.622007], [-98.60904, 19.612602], [-98.620822, 19.607641], [-98.632191, 19.611465], [-98.636842, 19.600871], [-98.6417, 19.592448], [-98.648676, 19.587022], [-98.659476, 19.585523], [-98.671879, 19.584696], [-98.684333, 19.584283]]]}, "properties": {"id": "X6cJ", "status": "validé", "pieces": [{"kind": "admin1", "code": "MEX-2724"}, {"kind": "admin1", "code": "MEX-2730"}, {"kind": "admin1", "code": "MEX-2731"}, {"kind": "polygon", "ring": [[-100.0415, 20.05979], [-100.87646, 21.10841], [-101.20605, 21.68101], [-101.51367, 21.8238], [-101.90918, 21.86458], [-102.23877, 21.6606], [-102.67822, 21.64018], [-102.83203, 21.8238], [-102.56836, 22.23101], [-102.19482, 22.39356], [-101.53564, 22.45447], [-101.38184, 22.57621], [-100.94238, 22.63704], [-100.41504, 22.45447], [-100.39307, 21.78302], [-99.71191, 21.51764], [-99.11865, 21.04692], [-99.1626, 20.51302]]}, {"kind": "clip"}]}}, {"type": "Feature", "geometry": {"type": "Polygon", "coordinates": [[[-102.07947, 29.22681], [-102.07947, 28.37033], [-103.19733, 28.37033], [-103.19733, 28.9927], [-103.18711, 28.99022], [-103.14799, 28.98511], [-103.12277, 28.99647], [-103.10921, 29.02337], [-103.10468, 29.05787], [-103.09536, 29.06029], [-103.09153, 29.05787], [-103.08559, 29.07572], [-103.08076, 29.0852], [-103.07254, 29.0914], [-103.03262, 29.11021], [-103.02428, 29.11616], [-103.01583, 29.12678], [-102.98839, 29.17713], [-102.96976, 29.19284], [-102.94754, 29.18202], [-102.94227, 29.19021], [-102.89689, 29.22029], [-102.86987, 29.22478], [-102.86471, 29.22681], [-102.07947, 29.22681]]]}, "properties": {"id": "XsTl", "status": "validé", "pieces": [{"kind": "rect", "bounds": [-103.19733, 28.37033, -102.07947, 29.22681]}, {"kind": "clip"}]}}, {"type": "Feature", "geometry": null, "properties": {"id": "YJOx", "status": "validé", "pieces": [{"kind": "admin1", "code": "MEX-2725"}]}}, {"type": "Feature", "geometry": {"type": "MultiPolygon", "coordinates": [[[[-115.79852, 30.24124], [-115.80728, 30.28412], [-115.82591, 30.31771], [-115.8373, 30.34647], [-115.86597, 30.36871], [-115.89833, 30.38666], [-115.93293, 30.40021], [-115.97541, 30.40127], [-115.94734, 30.42341], [-115.937, 30.43513], [-115.93383, 30.44965], [-115.94026, 30.46336], [-115.9547, 30.47956], [-115.97248, 30.49282], [-115.98908, 30.49746], [-115.98013, 30.48257], [-115.97057, 30.47085], [-115.96329, 30.45869], [-115.96174, 30.44221], [-115.97187, 30.43421], [-115.983, 30.43199], [-115.98928, 30.44049], [-116.00267, 30.44965], [-116.01024, 30.44367], [-116.01513, 30.43447], [-116.01464, 30.42601], [-116.00609, 30.42231], [-115.99645, 30.41055], [-115.99136, 30.38862], [-115.97979, 30.35936], [-116.00455, 30.35917], [-116.01233, 30.39225], [-116.02898, 30.44127], [-116.04925, 30.47959], [-116.03112, 30.62714], [-116.03686, 30.73021], [-116.05484, 30.78368], [-116.05793, 30.80248], [-116.06802, 30.81318], [-116.10564, 30.81881], [-116.15208, 30.85782], [-116.17577, 30.86015], [-116.20128, 30.89159], [-116.21858, 30.91315], [-116.22619, 30.92646], [-116.24975, 30.95677], [-116.26818, 30.96381], [-116.30731, 30.95409], [-116.33545, 30.95634], [-116.34036, 30.98926], [-116.32612, 31.02745], [-116.31811, 31.08966], [-116.30944, 31.14851], [-116.34154, 31.21955], [-116.45414, 31.33854], [-116.49763, 31.40681], [-116.50821, 31.41934], [-116.51415, 31.4228], [-116.5301, 31.44033], [-116.53893, 31.44725], [-116.55236, 31.45209], [-116.57213, 31.46686], [-116.58552, 31.47134], [-116.59594, 31.47785], [-116.59952, 31.48387], [-116.60196, 31.49116], [-116.60912, 31.50141], [-116.64696, 31.52839], [-116.65221, 31.53791], [-116.67561, 31.55264], [-116.68106, 31.56631], [-116.67723, 31.57779], [-116.68106, 31.5773], [-116.66763, 31.58002], [-116.64452, 31.57953], [-116.66417, 31.60114], [-116.66194, 31.61644], [-116.65575, 31.63247], [-116.64806, 31.65917], [-116.6551, 31.67797], [-116.66853, 31.69701], [-116.67536, 31.70258], [-116.69017, 31.70816], [-116.71532, 31.71098], [-116.74118, 31.73853], [-116.75038, 31.75236], [-116.70881, 31.74421], [-116.67882, 31.727], [-116.66129, 31.72338], [-116.64363, 31.73428], [-116.63044, 31.75283], [-116.61963, 31.77174], [-116.6126, 31.80103], [-116.61, 31.8226], [-116.61182, 31.84288], [-116.6197, 31.85757], [-116.65693, 31.8639], [-116.67638, 31.86876], [-116.69473, 31.89004], [-116.71879, 31.90119], [-116.73528, 31.90348], [-116.75477, 31.90964], [-116.75601, 31.93456], [-116.75792, 31.96503], [-116.76989, 31.97777], [-116.80386, 31.97871], [-116.84228, 31.98652], [-116.86539, 32.01301], [-116.87532, 32.03449], [-116.87865, 32.06924], [-116.88687, 32.13202], [-116.9051, 32.17837], [-116.92268, 32.21939], [-116.93342, 32.23379], [-116.94831, 32.24702], [-116.96666, 32.25658], [-117.00988, 32.26508], [-117.02497, 32.27692], [-117.07348, 32.36945], [-117.08861, 32.40493], [-117.10729, 32.43765], [-117.1184, 32.45453], [-117.12125, 32.47191], [-117.12338, 32.49056], [-117.12453, 32.51292], [-117.12415, 32.52412], [-117.12512, 32.53167], [-117.04422, 32.53742], [-116.97074, 32.54298], [-116.8972, 32.54853], [-116.82364, 32.55409], [-116.7501, 32.55967], [-116.67654, 32.56522], [-116.60301, 32.5708], [-116.52947, 32.57633], [-116.45596, 32.58189], [-116.38243, 32.58747], [-116.30889, 32.59302], [-116.23533, 32.59855], [-116.16174, 32.60416], [-116.08823, 32.60966], [-116.01475, 32.61527], [-115.94121, 32.62083], [-115.8676, 32.62641], [-115.79406, 32.63196], [-115.72053, 32.63752], [-115.64702, 32.64307], [-115.57354, 32.64865], [-115.49992, 32.65421], [-115.42639, 32.65977], [-115.35285, 32.66535], [-115.27929, 32.67082], [-115.20581, 32.67646], [-115.13227, 32.68199], [-115.05873, 32.68757], [-114.9852, 32.69312], [-114.91161, 32.6987], [-114.83808, 32.70421], [-114.80633, 32.70664], [-114.96094, 31.93753], [-114.95112, 31.91605], [-114.95613, 31.91812], [-114.96841, 31.92133], [-114.98135, 31.92255], [-114.99132, 31.92479], [-115.00585, 31.93456], [-115.01207, 31.93683], [-115.0157, 31.94221], [-115.01749, 31.95384], [-115.02107, 31.96556], [-115.02945, 31.97093], [-115.03523, 31.96605], [-115.03474, 31.95474], [-115.03063, 31.94208], [-115.01623, 31.91909], [-115.01195, 31.91474], [-115.00211, 31.90888], [-114.99454, 31.90656], [-114.96862, 31.90209], [-114.95132, 31.89448], [-114.9371, 31.88534], [-114.81234, 31.61218], [-114.82396, 31.60041], [-114.84113, 31.56684], [-114.85291, 31.52661], [-114.85231, 31.38943], [-114.8752, 31.3287], [-114.87263, 31.27267], [-114.88378, 31.18225], [-114.88868, 31.16289], [-114.88404, 31.12072], [-114.8639, 31.08967], [-114.83817, 31.06661], [-114.81347, 31.04999], [-114.81493, 31.0428], [-114.83292, 31.02741], [-114.83239, 31.00666], [-114.82177, 30.98896], [-114.80354, 30.97663], [-114.73634, 30.94935], [-114.72026, 30.9411], [-114.71676, 30.93545], [-114.7149, 30.92834], [-114.71045, 30.91842], [-114.7091, 30.88496], [-114.70792, 30.87421], [-114.7046, 30.85846], [-114.7092, 30.84406], [-114.70394, 30.83486], [-114.69686, 30.81998], [-114.70058, 30.77482], [-114.6952, 30.7613], [-114.68724, 30.74499], [-114.69365, 30.73626], [-114.70547, 30.71172], [-114.69644, 30.6875], [-114.69189, 30.671], [-114.69847, 30.63721], [-114.68433, 30.60676], [-114.66182, 30.57434], [-114.64965, 30.55456], [-114.64855, 30.54386], [-114.64607, 30.53449], [-114.64525, 30.52411], [-114.64029, 30.51301], [-114.6306, 30.49487], [-114.63021, 30.48058], [-114.63805, 30.46327], [-114.63664, 30.44184], [-114.62952, 30.4248], [-114.63455, 30.39679], [-114.6406, 30.37522], [-114.63531, 30.36456], [-114.64396, 30.31373], [-114.65152, 30.29645], [-114.6527, 30.28827], [-114.6522, 30.28504], [-115.79852, 30.24124]]], [[[-116.10961, 30.49535], [-116.10424, 30.48808], [-116.10417, 30.48259], [-116.11476, 30.48203], [-116.12277, 30.48517], [-116.12284, 30.49157], [-116.11441, 30.49622], [-116.10961, 30.49535]]], [[[-117.24764, 32.41863], [-117.24503, 32.41463], [-117.24197, 32.40443], [-117.23935, 32.39714], [-117.23932, 32.38912], [-117.24321, 32.38874], [-117.2467, 32.40004], [-117.24803, 32.40733], [-117.25106, 32.41096], [-117.25369, 32.4208], [-117.24764, 32.41863]]]]}, "properties": {"id": "Yn3G", "status": "validé", "pieces": [{"kind": "polygon", "ring": [[-116.69678, 30.20692], [-114.21387, 30.30178], [-114.96094, 31.93753], [-114.74121, 33.03061], [-117.99316, 32.69854]]}, {"kind": "clip"}]}}, {"type": "Feature", "geometry": {"type": "Polygon", "coordinates": [[[-99.80255, 16.93348], [-99.78264, 16.95055], [-99.74487, 16.96959], [-99.68651, 17.00701], [-99.64874, 17.03195], [-99.6357, 17.07066], [-99.61372, 17.0805], [-99.58488, 17.12118], [-99.56085, 17.14085], [-99.55536, 17.18676], [-99.54163, 17.19463], [-99.54025, 17.22544], [-99.50523, 17.30803], [-99.48601, 17.32441], [-99.48532, 17.3737], [-99.47914, 17.43199], [-99.48875, 17.46669], [-99.48669, 17.51448], [-99.51897, 17.55179], [-99.52652, 17.6146], [-99.51622, 17.63488], [-99.50455, 17.66758], [-99.51416, 17.71074], [-99.49219, 17.76565], [-99.49287, 17.80683], [-99.42833, 17.86563], [-99.41391, 17.85975], [-99.37271, 17.95445], [-99.23882, 18.0739], [-99.21753, 18.1137], [-99.22165, 18.21739], [-99.21066, 18.31776], [-99.18182, 18.39528], [-99.18182, 18.44217], [-99.17702, 18.46887], [-99.22028, 18.55543], [-99.29375, 18.60227], [-99.30267, 18.67901], [-99.24431, 18.76612], [-99.23744, 18.8941], [-99.19693, 18.94149], [-99.23195, 18.95642], [-99.23882, 18.98693], [-99.1571, 19.01614], [-99.2038, 19.02198], [-99.24568, 19.04468], [-99.24843, 19.08296], [-99.16397, 19.16078], [-99.16534, 19.20032], [-99.142, 19.21782], [-99.17564, 19.27614], [-99.15504, 19.27873], [-99.14062, 19.23532], [-99.12277, 19.23143], [-99.13101, 19.19903], [-99.15161, 19.18801], [-99.14337, 19.16402], [-99.17152, 19.10631], [-99.22646, 19.07128], [-99.22646, 19.05182], [-99.12827, 19.02457], [-99.14886, 19.00705], [-99.22165, 18.97525], [-99.22234, 18.96551], [-99.18938, 18.95902], [-99.18182, 18.9363], [-99.20654, 18.90384], [-99.21822, 18.8902], [-99.21272, 18.85838], [-99.21478, 18.78431], [-99.23264, 18.74467], [-99.28207, 18.67251], [-99.28413, 18.61008], [-99.20586, 18.56714], [-99.19556, 18.53916], [-99.17015, 18.47733], [-99.16328, 18.44543], [-99.16603, 18.41873], [-99.17358, 18.35751], [-99.19418, 18.3132], [-99.20174, 18.28192], [-99.20174, 18.2552], [-99.19212, 18.1887], [-99.19624, 18.10326], [-99.24637, 18.04323], [-99.31915, 17.96294], [-99.35211, 17.93943], [-99.41116, 17.83558], [-99.43451, 17.84407], [-99.47296, 17.78722], [-99.4709, 17.75519], [-99.49631, 17.71074], [-99.48189, 17.663], [-99.51485, 17.61525], [-99.50592, 17.55571], [-99.47021, 17.51579], [-99.46953, 17.49157], [-99.46609, 17.45425], [-99.45374, 17.40121], [-99.4709, 17.37239], [-99.47021, 17.31605], [-99.49493, 17.29246], [-99.51004, 17.25379], [-99.53133, 17.18102], [-99.55055, 17.12789], [-99.59724, 17.07148], [-99.62128, 17.05113], [-99.63226, 17.02095], [-99.66248, 17.0006], [-99.79019, 16.92445], [-99.80255, 16.93348]]]}, "properties": {"id": "Z8y6", "status": "validé", "pieces": [{"kind": "polygon", "ring": [[-99.80255, 16.93348], [-99.78264, 16.95055], [-99.74487, 16.96959], [-99.68651, 17.00701], [-99.64874, 17.03195], [-99.6357, 17.07066], [-99.61372, 17.0805], [-99.58488, 17.12118], [-99.56085, 17.14085], [-99.55536, 17.18676], [-99.54163, 17.19463], [-99.54025, 17.22544], [-99.50523, 17.30803], [-99.48601, 17.32441], [-99.48532, 17.3737], [-99.47914, 17.43199], [-99.48875, 17.46669], [-99.48669, 17.51448], [-99.51897, 17.55179], [-99.52652, 17.6146], [-99.51622, 17.63488], [-99.50455, 17.66758], [-99.51416, 17.71074], [-99.49219, 17.76565], [-99.49287, 17.80683], [-99.42833, 17.86563], [-99.41391, 17.85975], [-99.37271, 17.95445], [-99.23882, 18.0739], [-99.21753, 18.1137], [-99.22165, 18.21739], [-99.21066, 18.31776], [-99.18182, 18.39528], [-99.18182, 18.44217], [-99.17702, 18.46887], [-99.22028, 18.55543], [-99.29375, 18.60227], [-99.30267, 18.67901], [-99.24431, 18.76612], [-99.23744, 18.8941], [-99.19693, 18.94149], [-99.23195, 18.95642], [-99.23882, 18.98693], [-99.1571, 19.01614], [-99.2038, 19.02198], [-99.24568, 19.04468], [-99.24843, 19.08296], [-99.16397, 19.16078], [-99.16534, 19.20032], [-99.142, 19.21782], [-99.17564, 19.27614], [-99.15504, 19.27873], [-99.14062, 19.23532], [-99.12277, 19.23143], [-99.13101, 19.19903], [-99.15161, 19.18801], [-99.14337, 19.16402], [-99.17152, 19.10631], [-99.22646, 19.07128], [-99.22646, 19.05182], [-99.12827, 19.02457], [-99.14886, 19.00705], [-99.22165, 18.97525], [-99.22234, 18.96551], [-99.18938, 18.95902], [-99.18182, 18.9363], [-99.20654, 18.90384], [-99.21822, 18.8902], [-99.21272, 18.85838], [-99.21478, 18.78431], [-99.23264, 18.74467], [-99.28207, 18.67251], [-99.28413, 18.61008], [-99.20586, 18.56714], [-99.19556, 18.53916], [-99.17015, 18.47733], [-99.16328, 18.44543], [-99.16603, 18.41873], [-99.17358, 18.35751], [-99.19418, 18.3132], [-99.20174, 18.28192], [-99.20174, 18.2552], [-99.19212, 18.1887], [-99.19624, 18.10326], [-99.24637, 18.04323], [-99.31915, 17.96294], [-99.35211, 17.93943], [-99.41116, 17.83558], [-99.43451, 17.84407], [-99.47296, 17.78722], [-99.4709, 17.75519], [-99.49631, 17.71074], [-99.48189, 17.663], [-99.51485, 17.61525], [-99.50592, 17.55571], [-99.47021, 17.51579], [-99.46953, 17.49157], [-99.46609, 17.45425], [-99.45374, 17.40121], [-99.4709, 17.37239], [-99.47021, 17.31605], [-99.49493, 17.29246], [-99.51004, 17.25379], [-99.53133, 17.18102], [-99.55055, 17.12789], [-99.59724, 17.07148], [-99.62128, 17.05113], [-99.63226, 17.02095], [-99.66248, 17.0006], [-99.79019, 16.92445]]}]}}, {"type": "Feature", "geometry": {"type": "MultiPolygon", "coordinates": [[[[-94.16382, 16.10285], [-94.23029, 16.10285], [-94.34378, 16.14773], [-94.35831, 16.15835], [-94.3922, 16.17768], [-94.43957, 16.18679], [-94.53307, 16.18936], [-94.52623, 16.18936], [-94.57962, 16.18985], [-94.60574, 16.19355], [-94.62243, 16.20234], [-94.63943, 16.19571], [-94.6599, 16.194], [-94.70096, 16.19558], [-94.7224, 16.19965], [-94.72899, 16.20938], [-94.72427, 16.22085], [-94.71182, 16.23029], [-94.62536, 16.2565], [-94.58715, 16.28242], [-94.58084, 16.32648], [-94.59142, 16.33723], [-94.63024, 16.34821], [-94.64574, 16.35696], [-94.65441, 16.36359], [-94.66246, 16.36538], [-94.67003, 16.36384], [-94.67703, 16.36066], [-94.68029, 16.34492], [-94.68326, 16.34015], [-94.68859, 16.33759], [-94.70035, 16.33454], [-94.70434, 16.33271], [-94.71573, 16.32282], [-94.72216, 16.31558], [-94.7211, 16.3122], [-94.74905, 16.29861], [-94.76329, 16.29352], [-94.7799, 16.26813], [-94.79312, 16.25764], [-94.80431, 16.27521], [-94.8085, 16.28644], [-94.8074, 16.29861], [-94.79662, 16.30817], [-94.78112, 16.3166], [-94.77269, 16.32718], [-94.78319, 16.34321], [-94.79764, 16.35834], [-94.80191, 16.36941], [-94.80285, 16.38032], [-94.8074, 16.3948], [-94.81436, 16.4031], [-94.82706, 16.41446], [-94.84109, 16.42459], [-94.85208, 16.4289], [-94.87865, 16.42463], [-94.8848, 16.4215], [-94.8848, 16.6047], [-94.16382, 16.6047], [-94.16382, 16.21891], [-94.18362, 16.20917], [-94.22423, 16.20356], [-94.26671, 16.21528], [-94.30712, 16.23762], [-94.3413, 16.26382], [-94.36356, 16.28701], [-94.37767, 16.29536], [-94.39928, 16.29861], [-94.41727, 16.29251], [-94.41906, 16.27774], [-94.41527, 16.25979], [-94.41637, 16.24396], [-94.42321, 16.24396], [-94.43228, 16.24881], [-94.43651, 16.24555], [-94.43493, 16.23969], [-94.42663, 16.23652], [-94.41421, 16.23404], [-94.41454, 16.22858], [-94.42333, 16.22382], [-94.43688, 16.22285], [-94.34549, 16.16315], [-94.29263, 16.14114], [-94.26553, 16.14838], [-94.3413, 16.17569], [-94.3413, 16.18191], [-94.3153, 16.18049], [-94.27477, 16.16572], [-94.25561, 16.16201], [-94.23001, 16.16327], [-94.21947, 16.16132], [-94.20409, 16.15457], [-94.16995, 16.13471], [-94.16995, 16.12727], [-94.18362, 16.12727], [-94.18362, 16.12043], [-94.16382, 16.1163], [-94.16382, 16.10285]]], [[[-94.8848, 16.25413], [-94.86889, 16.25764], [-94.85924, 16.26447], [-94.84183, 16.28372], [-94.8341, 16.28555], [-94.82803, 16.27033], [-94.85875, 16.25629], [-94.8848, 16.25029], [-94.8848, 16.25413]]], [[[-94.8848, 16.23475], [-94.80553, 16.23713], [-94.77636, 16.22659], [-94.7615, 16.20393], [-94.76696, 16.19868], [-94.81912, 16.21365], [-94.8848, 16.21197], [-94.8848, 16.23475]]]]}, "properties": {"id": "aRyM", "status": "validé", "pieces": [{"kind": "rect", "bounds": [-94.8848, 16.10285, -94.16382, 16.6047]}, {"kind": "clip"}]}}, {"type": "Feature", "geometry": null, "properties": {"id": "ah2z", "status": "validé", "pieces": [{"kind": "country"}]}}, {"type": "Feature", "geometry": null, "properties": {"id": "baRr", "status": "validé", "pieces": [{"kind": "admin1", "code": "MEX-2709"}]}}, {"type": "Feature", "geometry": null, "properties": {"id": "cAuJ", "status": "validé", "pieces": [{"kind": "admin1", "code": "MEX-2736"}, {"kind": "admin1", "code": "MEX-2737"}, {"kind": "admin1", "code": "MEX-2722"}]}}, {"type": "Feature", "geometry": null, "properties": {"id": "caRa", "status": "validé", "pieces": [{"kind": "admin1", "code": "MEX-2734"}]}}, {"type": "Feature", "geometry": null, "properties": {"id": "ctfG", "status": "validé", "pieces": [{"kind": "country"}]}}, {"type": "Feature", "geometry": null, "properties": {"id": "cx4K", "status": "validé", "pieces": [{"kind": "country"}]}}, {"type": "Feature", "geometry": null, "properties": {"id": "cxcn", "status": "validé", "pieces": [{"kind": "admin1", "code": "MEX-2713"}]}}, {"type": "Feature", "geometry": {"type": "Polygon", "coordinates": [[[-110.75317, 27.80047], [-110.75317, 28.04184], [-111.02371, 28.04184], [-111.02371, 27.80047], [-110.75317, 27.80047]]]}, "properties": {"id": "duJ1", "status": "validé", "pieces": [{"kind": "rect", "bounds": [-111.02371, 27.80047, -110.75317, 28.04184]}]}}, {"type": "Feature", "geometry": {"type": "Polygon", "coordinates": [[[-89.45068, 18.91786], [-90.40649, 18.86591], [-90.74707, 18.98018], [-90.97169, 19.14006], [-90.93554, 19.16307], [-90.85656, 19.25829], [-90.83593, 19.27228], [-90.80309, 19.2829], [-90.76936, 19.30923], [-90.74242, 19.34296], [-90.73009, 19.37592], [-90.71434, 19.56989], [-90.70494, 19.61188], [-90.70279, 19.63255], [-90.70499, 19.65477], [-90.70873, 19.67097], [-90.70946, 19.68749], [-90.70279, 19.71113], [-90.68371, 19.75292], [-90.66454, 19.78193], [-90.60673, 19.82122], [-90.51686, 19.88165], [-90.47782, 19.9221], [-90.46825, 19.9643], [-90.46386, 19.97785], [-90.46255, 19.99567], [-90.46719, 20.01333], [-90.49738, 20.06737], [-90.50023, 20.07925], [-90.50015, 20.08812], [-90.49738, 20.10834], [-90.49665, 20.18464], [-90.48729, 20.2346], [-90.4899, 20.29023], [-90.48827, 20.31208], [-90.47566, 20.36848], [-90.47448, 20.40852], [-90.48957, 20.49055], [-90.4899, 20.53412], [-90.47164, 20.60145], [-90.29663, 20.55615], [-90.06042, 20.42757], [-90.01648, 20.45844], [-89.81323, 20.23191], [-89.65942, 20.10305], [-89.57703, 19.86568], [-89.4397, 19.66415], [-89.17053, 19.47272], [-89.14856, 19.00095], [-89.45068, 18.91786]]]}, "properties": {"id": "eOQI", "status": "validé", "pieces": [{"kind": "polygon", "ring": [[-89.14856, 19.00095], [-89.45068, 18.91786], [-90.40649, 18.86591], [-90.74707, 18.98018], [-91.1261, 19.24997], [-90.55481, 20.62297], [-90.29663, 20.55615], [-90.06042, 20.42757], [-90.01648, 20.45844], [-89.81323, 20.23191], [-89.65942, 20.10305], [-89.57703, 19.86568], [-89.4397, 19.66415], [-89.17053, 19.47272]]}, {"kind": "clip"}]}}, {"type": "Feature", "geometry": null, "properties": {"id": "fEc6", "status": "validé", "pieces": [{"kind": "country"}]}}, {"type": "Feature", "geometry": null, "properties": {"id": "gENZ", "status": "validé", "pieces": [{"kind": "admin1", "code": "MEX-2710"}, {"kind": "admin1", "code": "MEX-2711"}, {"kind": "admin1", "code": "MEX-2729"}]}}, {"type": "Feature", "geometry": null, "properties": {"id": "gFf9", "status": "rejeté", "pieces": []}}, {"type": "Feature", "geometry": null, "properties": {"id": "gmje", "status": "validé", "pieces": [{"kind": "country"}]}}, {"type": "Feature", "geometry": null, "properties": {"id": "gtmC", "status": "rejeté", "pieces": []}}, {"type": "Feature", "geometry": null, "properties": {"id": "gyjK", "status": "validé", "pieces": [{"kind": "admin1", "code": "MEX-2712"}]}}, {"type": "Feature", "geometry": null, "properties": {"id": "hFJl", "status": "validé", "pieces": [{"kind": "admin1", "code": "MEX-2737"}, {"kind": "admin1", "code": "MEX-2736"}, {"kind": "admin1", "code": "MEX-2722"}]}}, {"type": "Feature", "geometry": null, "properties": {"id": "hWCI", "status": "validé", "pieces": [{"kind": "country"}]}}, {"type": "Feature", "geometry": null, "properties": {"id": "hlxm", "status": "validé", "pieces": [{"kind": "admin1", "code": "MEX-2708"}]}}, {"type": "Feature", "geometry": null, "properties": {"id": "htqU", "status": "validé", "pieces": [{"kind": "country"}]}}, {"type": "Feature", "geometry": null, "properties": {"id": "iMLc", "status": "validé", "pieces": [{"kind": "admin1", "code": "MEX-2731"}, {"kind": "admin1", "code": "MEX-2727"}, {"kind": "admin1", "code": "MEX-2732"}]}}, {"type": "Feature", "geometry": null, "properties": {"id": "jCer", "status": "validé", "pieces": [{"kind": "admin1", "code": "MEX-2718"}, {"kind": "admin1", "code": "MEX-2729"}, {"kind": "admin1", "code": "MEX-2723"}, {"kind": "admin1", "code": "MEX-2734"}, {"kind": "admin1", "code": "MEX-2735"}, {"kind": "admin1", "code": "MEX-2725"}]}}, {"type": "Feature", "geometry": null, "properties": {"id": "jhvW", "status": "validé", "pieces": [{"kind": "admin1", "code": "MEX-2720"}, {"kind": "admin1", "code": "MEX-2734"}, {"kind": "admin1", "code": "MEX-2721"}]}}, {"type": "Feature", "geometry": {"type": "Polygon", "coordinates": [[[-100.45898, 25.76604], [-99.8877, 25.23079], [-100.17334, 25.02697], [-100.48645, 25.31024], [-100.73364, 25.31024], [-100.85449, 25.63741], [-100.45898, 25.76604]]]}, "properties": {"id": "l5bZ", "status": "validé", "pieces": [{"kind": "polygon", "ring": [[-100.85449, 25.63741], [-100.73364, 25.31024], [-100.48645, 25.31024], [-100.17334, 25.02697], [-99.8877, 25.23079], [-100.45898, 25.76604]]}, {"kind": "clip"}]}}, {"type": "Feature", "geometry": null, "properties": {"id": "l7RV", "status": "validé", "pieces": [{"kind": "country"}]}}, {"type": "Feature", "geometry": null, "properties": {"id": "lXCZ", "status": "validé", "pieces": [{"kind": "country"}]}}, {"type": "Feature", "geometry": null, "properties": {"id": "loiN", "status": "validé", "pieces": [{"kind": "country"}]}}, {"type": "Feature", "geometry": null, "properties": {"id": "lwNA", "status": "validé", "pieces": [{"kind": "admin1", "code": "MEX-2715"}, {"kind": "admin1", "code": "MEX-2728"}, {"kind": "admin1", "code": "MEX-2731"}]}}, {"type": "Feature", "geometry": {"type": "Polygon", "coordinates": [[[-87.80617, 21.52413], [-87.80617, 21.64858], [-88.15361, 21.64858], [-88.15361, 21.52413], [-87.80617, 21.52413]]]}, "properties": {"id": "md8U", "status": "validé", "pieces": [{"kind": "rect", "bounds": [-88.15361, 21.52413, -87.80617, 21.64858]}]}}, {"type": "Feature", "geometry": {"type": "Polygon", "coordinates": [[[-114.90326, 32.08171], [-114.90326, 32.54113], [-115.38254, 32.54113], [-115.38254, 32.08171], [-114.90326, 32.08171]]]}, "properties": {"id": "or0C", "status": "validé", "pieces": [{"kind": "rect", "bounds": [-115.38254, 32.08171, -114.90326, 32.54113]}]}}, {"type": "Feature", "geometry": {"type": "Polygon", "coordinates": [[[-97.03194, 17.33047], [-97.03194, 17.5518], [-97.28737, 17.5518], [-97.28737, 17.33047], [-97.03194, 17.33047]]]}, "properties": {"id": "p6Xz", "status": "validé", "pieces": [{"kind": "rect", "bounds": [-97.28737, 17.33047, -97.03194, 17.5518]}]}}, {"type": "Feature", "geometry": {"type": "Polygon", "coordinates": [[[-86.69861, 20.88484], [-86.69861, 21.27294], [-87.01172, 21.27294], [-87.01172, 20.88484], [-86.69861, 20.88484]]]}, "properties": {"id": "pAC6", "status": "validé", "pieces": [{"kind": "rect", "bounds": [-87.01172, 20.88484, -86.69861, 21.27294]}]}}, {"type": "Feature", "geometry": {"type": "Polygon", "coordinates": [[[-98.70529, 19.30089], [-98.79456, 19.19721], [-98.86871, 19.04287], [-98.84811, 18.97149], [-98.74786, 18.8715], [-98.56522, 18.83253], [-98.40729, 18.88189], [-98.36609, 19.11552], [-98.52402, 19.32939], [-98.63937, 19.34623], [-98.70529, 19.30089]]]}, "properties": {"id": "q149", "status": "validé", "pieces": [{"kind": "polygon", "ring": [[-98.70529, 19.30089], [-98.79456, 19.19721], [-98.86871, 19.04287], [-98.84811, 18.97149], [-98.74786, 18.8715], [-98.56522, 18.83253], [-98.40729, 18.88189], [-98.36609, 19.11552], [-98.52402, 19.32939], [-98.63937, 19.34623]]}]}}, {"type": "Feature", "geometry": null, "properties": {"id": "qDSL", "status": "validé", "pieces": [{"kind": "country"}]}}, {"type": "Feature", "geometry": null, "properties": {"id": "sf65", "status": "rejeté", "pieces": []}}, {"type": "Feature", "geometry": {"type": "MultiPolygon", "coordinates": [[[[-111.53282, 24.35831], [-111.56125, 24.36237], [-111.59725, 24.36511], [-111.63837, 24.3557], [-111.66481, 24.35186], [-111.67325, 24.3584], [-111.66546, 24.36901], [-111.65778, 24.37522], [-111.64605, 24.37105], [-111.6288, 24.37264], [-111.60019, 24.37644], [-111.583, 24.37509], [-111.56163, 24.37808], [-111.53945, 24.37267], [-111.50963, 24.36396], [-111.46709, 24.33673], [-111.46296, 24.32977], [-111.53282, 24.35831]]], [[[-111.69975, 24.35892], [-111.69387, 24.3476], [-111.70126, 24.33094], [-111.71036, 24.31835], [-111.70811, 24.29985], [-111.73883, 24.33812], [-111.75856, 24.3561], [-111.8078, 24.38907], [-111.84575, 24.41782], [-111.87158, 24.4391], [-111.90803, 24.45739], [-111.91488, 24.46471], [-111.92622, 24.46812], [-111.94079, 24.48359], [-111.97559, 24.49783], [-112.00175, 24.50631], [-112.00684, 24.5144], [-111.98897, 24.52765], [-111.97161, 24.51854], [-111.9602, 24.51832], [-111.90484, 24.51886], [-111.88115, 24.51761], [-111.8644, 24.52048], [-111.85059, 24.50982], [-111.83734, 24.51276], [-111.83853, 24.49999], [-111.83095, 24.48625], [-111.82143, 24.48047], [-111.81823, 24.46762], [-111.7982, 24.46403], [-111.77548, 24.46199], [-111.75349, 24.44697], [-111.72421, 24.39617], [-111.7062, 24.37982], [-111.69475, 24.38119], [-111.69232, 24.37394], [-111.69975, 24.35892]]], [[[-112.06459, 24.56816], [-112.05748, 24.55369], [-112.05991, 24.5406], [-112.06827, 24.54245], [-112.09134, 24.55153], [-112.10248, 24.55915], [-112.10007, 24.56424], [-112.10559, 24.58382], [-112.11386, 24.59917], [-112.12702, 24.61179], [-112.13733, 24.61909], [-112.14653, 24.61871], [-112.15922, 24.64302], [-112.17197, 24.64667], [-112.17634, 24.65356], [-112.16834, 24.66116], [-112.16633, 24.67094], [-112.15994, 24.67237], [-112.15196, 24.67055], [-112.14479, 24.67089], [-112.13838, 24.6803], [-112.13594, 24.69805], [-112.13948, 24.71472], [-112.14622, 24.73213], [-112.15576, 24.74338], [-112.16771, 24.75537], [-112.17567, 24.76336], [-112.18953, 24.77392], [-112.20678, 24.78213], [-112.21385, 24.78484], [-112.22462, 24.78812], [-112.23779, 24.78923], [-112.24596, 24.78876], [-112.25055, 24.7878], [-112.25693, 24.78382], [-112.26093, 24.77658], [-112.26096, 24.7697], [-112.25781, 24.75158], [-112.25941, 24.74941], [-112.26858, 24.75812], [-112.27253, 24.77298], [-112.3046, 24.79218], [-112.30164, 24.80309], [-112.30203, 24.80744], [-112.30003, 24.80998], [-112.29003, 24.81249], [-112.27518, 24.83951], [-112.25734, 24.88447], [-112.2063, 25.01766], [-112.19075, 25.06297], [-112.16322, 25.15627], [-112.14452, 25.22777], [-112.14249, 25.25513], [-112.13785, 25.26526], [-112.12533, 25.26583], [-112.12022, 25.22052], [-112.12688, 25.20147], [-112.14346, 25.16278], [-112.15603, 25.14077], [-112.16937, 25.07353], [-112.1793, 25.04499], [-112.17084, 25.02957], [-112.16732, 25.01939], [-112.16972, 25.00601], [-112.16413, 24.99689], [-112.1615, 24.98805], [-112.16183, 24.9744], [-112.17011, 24.9696], [-112.17896, 24.9747], [-112.18696, 24.96133], [-112.18876, 24.95223], [-112.18735, 24.92171], [-112.19593, 24.9153], [-112.19097, 24.88985], [-112.18332, 24.87965], [-112.17687, 24.87239], [-112.18256, 24.86596], [-112.19532, 24.86727], [-112.20431, 24.86686], [-112.20716, 24.86086], [-112.20931, 24.85513], [-112.21371, 24.84753], [-112.21094, 24.83882], [-112.20898, 24.8236], [-112.20619, 24.81743], [-112.19583, 24.81162], [-112.18786, 24.80617], [-112.18229, 24.79963], [-112.17871, 24.79564], [-112.17113, 24.79454], [-112.17313, 24.79237], [-112.17752, 24.79093], [-112.17593, 24.78839], [-112.16559, 24.77569], [-112.16211, 24.75971], [-112.13902, 24.73791], [-112.13147, 24.72847], [-112.1307, 24.71579], [-112.13112, 24.70963], [-112.12714, 24.70636], [-112.12315, 24.70707], [-112.11562, 24.6893], [-112.12644, 24.67375], [-112.13164, 24.66688], [-112.14003, 24.65929], [-112.14323, 24.64988], [-112.14044, 24.64373], [-112.13646, 24.63288], [-112.10349, 24.61717], [-112.09634, 24.607], [-112.07809, 24.58484], [-112.07091, 24.58518], [-112.07095, 24.57395], [-112.06459, 24.56816]]], [[[-115.7528, 24.95478], [-115.75231, 24.95429], [-115.75231, 24.95327], [-115.75329, 24.95303], [-115.75377, 24.95352], [-115.75377, 24.95441], [-115.7528, 24.95478]]], [[[-112.10077, 25.41212], [-112.10659, 25.39176], [-112.10956, 25.36316], [-112.10435, 25.34235], [-112.10584, 25.32588], [-112.11307, 25.3142], [-112.11886, 25.3012], [-112.11748, 25.28386], [-112.12275, 25.28214], [-112.13089, 25.28866], [-112.13805, 25.29735], [-112.13417, 25.31294], [-112.12549, 25.32766], [-112.11772, 25.36058], [-112.11327, 25.40392], [-112.10547, 25.44291], [-112.10301, 25.46155], [-112.10631, 25.48411], [-112.10293, 25.48888], [-112.09814, 25.48582], [-112.09914, 25.47195], [-112.09775, 25.45503], [-112.09975, 25.43119], [-112.10077, 25.41212]]], [[[-112.48521, 27.62002], [-112.4787, 27.61404], [-112.46682, 27.60599], [-112.45613, 27.59782], [-112.41833, 27.58989], [-112.40344, 27.58061], [-112.37311, 27.56409], [-112.35471, 27.54732], [-112.35321, 27.53394], [-112.333, 27.51659], [-112.32377, 27.49457], [-112.31905, 27.45928], [-112.32057, 27.44384], [-112.30953, 27.42232], [-112.29901, 27.40507], [-112.30186, 27.39288], [-112.29733, 27.38106], [-112.28701, 27.36582], [-112.27076, 27.3576], [-112.26524, 27.34198], [-112.25804, 27.3306], [-112.24171, 27.32658], [-112.23612, 27.31472], [-112.23024, 27.2911], [-112.21769, 27.2834], [-112.207, 27.26113], [-112.19558, 27.25013], [-112.20276, 27.23059], [-112.20766, 27.22586], [-112.2114, 27.21845], [-112.21276, 27.21046], [-112.19439, 27.19896], [-112.18143, 27.18702], [-112.16966, 27.17563], [-112.16495, 27.16681], [-112.15494, 27.16205], [-112.13396, 27.16007], [-112.11453, 27.14215], [-112.08894, 27.13156], [-112.06786, 27.13385], [-112.06437, 27.12845], [-112.05426, 27.124], [-112.01117, 27.11683], [-111.99358, 27.09621], [-111.95994, 27.09559], [-111.95037, 27.09328], [-111.95174, 27.08528], [-111.94645, 27.07929], [-111.94425, 27.06963], [-111.95759, 27.06453], [-111.97015, 27.06798], [-111.98661, 27.05597], [-112.00313, 27.03574], [-112.01199, 27.0145], [-112.01474, 26.9985], [-112.01716, 26.9785], [-112.00145, 26.95222], [-111.98339, 26.9409], [-111.97395, 26.93692], [-111.97142, 26.92805], [-111.95736, 26.91098], [-111.9518, 26.89218], [-111.94175, 26.88667], [-111.9156, 26.8782], [-111.91004, 26.85888], [-111.87072, 26.82807], [-111.86336, 26.80519], [-111.8607, 26.79019], [-111.86145, 26.7838], [-111.8724, 26.77652], [-111.87681, 26.76646], [-111.87763, 26.75633], [-111.89021, 26.76293], [-111.90518, 26.73428], [-111.90011, 26.71456], [-111.88598, 26.71117], [-111.86351, 26.69305], [-111.85305, 26.67734], [-111.84858, 26.6639], [-111.84711, 26.65542], [-111.8431, 26.64516], [-111.82461, 26.63995], [-111.81169, 26.629], [-111.79823, 26.61265], [-111.78427, 26.5718], [-111.7618, 26.55356], [-111.73581, 26.53968], [-111.71455, 26.55154], [-111.67679, 26.58186], [-111.68007, 26.59368], [-111.69241, 26.60301], [-111.71461, 26.62971], [-111.74288, 26.65276], [-111.75706, 26.65944], [-111.76689, 26.67622], [-111.79412, 26.69011], [-111.80742, 26.71552], [-111.81458, 26.71458], [-111.81619, 26.72262], [-111.81361, 26.73111], [-111.817, 26.73919], [-111.8167, 26.76648], [-111.82224, 26.77883], [-111.82329, 26.7922], [-111.82868, 26.80829], [-111.82364, 26.82047], [-111.83164, 26.82864], [-111.8369, 26.83461], [-111.8367, 26.84315], [-111.84015, 26.84963], [-111.84598, 26.85668], [-111.84512, 26.86788], [-111.85217, 26.87388], [-111.85142, 26.88028], [-111.83397, 26.88317], [-111.8266, 26.89051], [-111.81807, 26.89623], [-111.79509, 26.88403], [-111.79235, 26.87542], [-111.76813, 26.86268], [-111.74523, 26.8441], [-111.72908, 26.82243], [-111.72108, 26.80627], [-111.68012, 26.77876], [-111.66734, 26.78055], [-111.66284, 26.7687], [-111.65649, 26.75893], [-111.64888, 26.75294], [-111.64783, 26.74648], [-111.62589, 26.7397], [-111.62306, 26.73321], [-111.60829, 26.72651], [-111.60842, 26.72113], [-111.58474, 26.71215], [-111.5723, 26.70764], [-111.57009, 26.70065], [-111.56006, 26.69565], [-111.56427, 26.67116], [-111.56603, 26.6493], [-111.56304, 26.62575], [-111.56908, 26.57623], [-111.56477, 26.558], [-111.5489, 26.5486], [-111.52462, 26.54062], [-111.50365, 26.53311], [-111.48241, 26.52851], [-111.47473, 26.53103], [-111.47281, 26.5358], [-111.46022, 26.53767], [-111.46103, 26.52968], [-111.45579, 26.52476], [-111.44224, 26.51753], [-111.44891, 26.51394], [-111.45453, 26.50552], [-111.45568, 26.48635], [-111.46825, 26.46644], [-111.46643, 26.44015], [-111.46887, 26.4195], [-111.46156, 26.40006], [-111.43814, 26.38597], [-111.42848, 26.38262], [-111.42383, 26.37715], [-111.42277, 26.37178], [-111.43308, 26.36797], [-111.43238, 26.36088], [-111.42297, 26.35037], [-111.40642, 26.34444], [-111.39366, 26.33001], [-111.38795, 26.31417], [-111.38479, 26.29988], [-111.38192, 26.27707], [-111.39322, 26.278], [-111.39745, 26.25221], [-111.38815, 26.24269], [-111.38749, 26.23481], [-111.37582, 26.21255], [-111.37966, 26.20005], [-111.37572, 26.18345], [-111.36452, 26.17612], [-111.35873, 26.16261], [-111.3592, 26.14376], [-111.35095, 26.12632], [-111.34177, 26.11042], [-111.32204, 26.09818], [-111.32322, 26.08644], [-111.31834, 26.07374], [-111.31948, 26.06356], [-111.32574, 26.05897], [-111.32779, 26.04801], [-111.34029, 26.03886], [-111.34494, 26.02875], [-111.33751, 26.01286], [-111.33733, 25.9877], [-111.34731, 25.97455], [-111.36026, 25.9641], [-111.35512, 25.94484], [-111.34936, 25.92609], [-111.33902, 25.90843], [-111.33576, 25.8994], [-111.33255, 25.88491], [-111.33889, 25.87308], [-111.33387, 25.86594], [-111.33103, 25.83736], [-111.32337, 25.83258], [-111.31784, 25.83363], [-111.31574, 25.8362], [-111.30872, 25.8313], [-111.30016, 25.82115], [-111.29745, 25.81646], [-111.29192, 25.81227], [-111.29676, 25.80746], [-111.30108, 25.80789], [-111.30574, 25.81221], [-111.30688, 25.81742], [-111.31539, 25.82003], [-111.31442, 25.81514], [-111.31067, 25.80099], [-111.3093, 25.78926], [-111.30712, 25.77921], [-111.30234, 25.77152], [-111.28942, 25.7642], [-111.27832, 25.75066], [-111.26289, 25.74589], [-111.25564, 25.74166], [-111.24734, 25.73112], [-111.24428, 25.7233], [-111.23661, 25.71981], [-111.23199, 25.72377], [-111.225, 25.72435], [-111.21253, 25.70157], [-111.21518, 25.69499], [-111.21226, 25.68274], [-111.20695, 25.66823], [-111.20037, 25.65405], [-111.2, 25.6393], [-111.19657, 25.63037], [-111.19174, 25.61483], [-111.18322, 25.60262], [-111.17238, 25.59497], [-111.16396, 25.57333], [-111.15093, 25.57043], [-111.1457, 25.56622], [-111.14507, 25.55881], [-111.13777, 25.54428], [-111.12897, 25.53931], [-111.1239, 25.53032], [-111.1138, 25.52565], [-111.10359, 25.52541], [-111.0998, 25.52939], [-111.09622, 25.52597], [-111.07663, 25.52477], [-111.06945, 25.53235], [-111.06749, 25.52972], [-111.07385, 25.52175], [-111.07194, 25.51727], [-111.06341, 25.51522], [-111.0592, 25.51955], [-111.05425, 25.5209], [-111.04865, 25.51628], [-111.04172, 25.51609], [-111.03913, 25.52086], [-111.03545, 25.52078], [-111.03187, 25.51773], [-111.01926, 25.51525], [-111.01463, 25.50592], [-111.02222, 25.49871], [-111.01488, 25.48378], [-111.01466, 25.4775], [-111.02055, 25.47286], [-111.01922, 25.46175], [-111.02627, 25.45861], [-111.02539, 25.44715], [-111.02026, 25.44074], [-111.01344, 25.42403], [-111.00382, 25.41671], [-111.00087, 25.39267], [-110.9967, 25.38264], [-110.9823, 25.35942], [-110.97955, 25.34237], [-110.97201, 25.33519], [-110.95581, 25.32838], [-110.95656, 25.32269], [-110.94739, 25.31545], [-110.94353, 25.30758], [-110.94685, 25.30542], [-110.94745, 25.29801], [-110.94067, 25.29383], [-110.93426, 25.29114], [-110.93677, 25.28898], [-110.93854, 25.2842], [-110.93466, 25.27784], [-110.93847, 25.27313], [-110.94251, 25.27355], [-110.94732, 25.26181], [-110.94591, 25.25511], [-110.93848, 25.24578], [-110.94002, 25.23435], [-110.93202, 25.21531], [-110.92282, 25.2103], [-110.91518, 25.19199], [-110.90842, 25.18666], [-110.90609, 25.18216], [-110.91271, 25.17788], [-110.91087, 25.16015], [-110.90445, 25.14301], [-110.89336, 25.13166], [-110.88011, 25.12653], [-110.88099, 25.12397], [-110.87423, 25.119], [-110.87516, 25.11497], [-110.87367, 25.1105], [-110.86814, 25.10519], [-110.86793, 25.09891], [-110.86404, 25.0929], [-110.86162, 25.07919], [-110.84753, 25.07367], [-110.84645, 25.06888], [-110.82947, 25.0647], [-110.82357, 25.05833], [-110.82674, 25.04802], [-110.82169, 25.04105], [-110.81423, 25.03319], [-110.80208, 25.03135], [-110.79446, 25.0306], [-110.79383, 25.03439], [-110.79045, 25.0368], [-110.78337, 25.03275], [-110.77954, 25.02646], [-110.75779, 25.01224], [-110.75971, 25.00655], [-110.75733, 25.00347], [-110.75834, 24.99722], [-110.75112, 24.9937], [-110.74922, 24.98727], [-110.74877, 24.97393], [-110.74724, 24.96379], [-110.73448, 24.95226], [-110.7279, 24.94086], [-110.71821, 24.93011], [-110.71919, 24.92416], [-110.71081, 24.92044], [-110.70537, 24.92102], [-110.70163, 24.91741], [-110.69863, 24.91453], [-110.70024, 24.91281], [-110.70571, 24.91154], [-110.70852, 24.90881], [-110.70432, 24.90695], [-110.7045, 24.9017], [-110.69053, 24.89189], [-110.69071, 24.88699], [-110.68387, 24.88296], [-110.68746, 24.87991], [-110.68798, 24.87502], [-110.68431, 24.86827], [-110.68286, 24.86542], [-110.68434, 24.85707], [-110.67876, 24.84991], [-110.67472, 24.84314], [-110.67417, 24.83683], [-110.67365, 24.82983], [-110.6673, 24.82299], [-110.66517, 24.81626], [-110.66418, 24.81098], [-110.66154, 24.80879], [-110.65883, 24.80907], [-110.65697, 24.80692], [-110.66068, 24.79966], [-110.66168, 24.79304], [-110.6603, 24.78918], [-110.66389, 24.77569], [-110.66452, 24.76472], [-110.67914, 24.74777], [-110.68721, 24.73066], [-110.69104, 24.71923], [-110.68844, 24.71024], [-110.69398, 24.69988], [-110.70912, 24.6976], [-110.72353, 24.68118], [-110.72931, 24.66246], [-110.73298, 24.63841], [-110.73931, 24.62125], [-110.7388, 24.60129], [-110.7398, 24.5882], [-110.73517, 24.57023], [-110.73261, 24.56071], [-110.73859, 24.55457], [-110.73487, 24.5445], [-110.72865, 24.52228], [-110.72885, 24.51599], [-110.72172, 24.50478], [-110.6872, 24.46604], [-110.6857, 24.45417], [-110.68436, 24.44425], [-110.69211, 24.4355], [-110.69249, 24.42396], [-110.68874, 24.41547], [-110.6936, 24.40772], [-110.68644, 24.39809], [-110.6815, 24.39062], [-110.68351, 24.38173], [-110.6786, 24.3732], [-110.68185, 24.36066], [-110.65523, 24.32897], [-110.65368, 24.32314], [-110.63843, 24.31487], [-110.64147, 24.30917], [-110.62844, 24.28467], [-110.61512, 24.26909], [-110.60989, 24.25372], [-110.59803, 24.2471], [-110.581, 24.24031], [-110.57689, 24.22551], [-110.56499, 24.21992], [-110.56236, 24.2125], [-110.53962, 24.20399], [-110.51159, 24.19575], [-110.48571, 24.19013], [-110.45286, 24.18262], [-110.40209, 24.17552], [-110.34936, 24.17674], [-110.33019, 24.17719], [-110.32519, 24.17571], [-110.32715, 24.16946], [-110.33782, 24.16085], [-110.35242, 24.15497], [-110.36931, 24.14969], [-110.37893, 24.15471], [-110.40384, 24.16753], [-110.43243, 24.17362], [-110.43378, 24.16788], [-110.4254, 24.16028], [-110.42938, 24.14517], [-110.42104, 24.13652], [-110.4173, 24.12801], [-110.42276, 24.1203], [-110.41684, 24.10858], [-110.39269, 24.10624], [-110.37056, 24.11347], [-110.36086, 24.11108], [-110.35038, 24.11446], [-110.34952, 24.12231], [-110.3486, 24.13226], [-110.34719, 24.13957], [-110.34303, 24.14313], [-110.32411, 24.15728], [-110.30613, 24.17672], [-110.30081, 24.21704], [-110.31219, 24.21841], [-110.31073, 24.22836], [-110.30988, 24.23726], [-110.31833, 24.24119], [-110.32457, 24.24505], [-110.3216, 24.24864], [-110.32075, 24.25649], [-110.32214, 24.26546], [-110.32779, 24.26772], [-110.3299, 24.25728], [-110.33626, 24.25589], [-110.339, 24.27488], [-110.33475, 24.28106], [-110.33858, 24.28695], [-110.3342, 24.29628], [-110.33805, 24.30164], [-110.33601, 24.31051], [-110.33928, 24.31586], [-110.32485, 24.31596], [-110.32122, 24.32059], [-110.3292, 24.32345], [-110.33247, 24.32879], [-110.32358, 24.33537], [-110.30907, 24.33757], [-110.30135, 24.34365], [-110.297, 24.35193], [-110.27624, 24.3508], [-110.24985, 24.34582], [-110.2462, 24.35045], [-110.23261, 24.34321], [-110.22885, 24.33573], [-110.23535, 24.33224], [-110.23638, 24.32018], [-110.23084, 24.31319], [-110.21972, 24.31016], [-110.2114, 24.30042], [-110.2, 24.29692], [-110.19216, 24.29035], [-110.18391, 24.27961], [-110.1837, 24.26963], [-110.17652, 24.26044], [-110.17276, 24.25298], [-110.14599, 24.24591], [-110.13593, 24.23772], [-110.12592, 24.22795], [-110.11735, 24.22611], [-110.10041, 24.21716], [-110.08723, 24.21575], [-110.0839, 24.21249], [-110.07714, 24.20858], [-110.07341, 24.20104], [-110.06258, 24.19812], [-110.05885, 24.19063], [-110.04635, 24.18559], [-110.03167, 24.17708], [-110.01814, 24.16928], [-110.00699, 24.15883], [-110.00261, 24.13709], [-109.99663, 24.12861], [-109.99825, 24.11541], [-109.99386, 24.11066], [-109.98863, 24.06574], [-109.98765, 24.04632], [-109.97416, 24.03858], [-109.95292, 24.03789], [-109.93141, 24.02931], [-109.89028, 24.03745], [-109.85293, 24.05098], [-109.83531, 24.05987], [-109.82829, 24.0628], [-109.82737, 24.05699], [-109.82546, 24.04695], [-109.8218, 24.03789], [-109.81109, 24.03229], [-109.80344, 24.02206], [-109.80493, 24.0137], [-109.80968, 24.01018], [-109.81119, 24.0013], [-109.82491, 23.98913], [-109.83066, 23.98931], [-109.8331, 23.98572], [-109.83223, 23.97783], [-109.83634, 23.96168], [-109.83906, 23.95179], [-109.83732, 23.93809], [-109.83005, 23.91896], [-109.82396, 23.91039], [-109.81538, 23.90584], [-109.80861, 23.90246], [-109.80476, 23.89757], [-109.79735, 23.89151], [-109.79357, 23.88874], [-109.78582, 23.88222], [-109.77278, 23.87756], [-109.74088, 23.84251], [-109.72191, 23.82632], [-109.71184, 23.80779], [-109.69844, 23.79843], [-109.71027, 23.77518], [-109.71132, 23.74897], [-109.7045, 23.72427], [-109.6942, 23.68895], [-109.69632, 23.66552], [-109.67982, 23.64816], [-109.66008, 23.64013], [-109.64259, 23.63323], [-109.636, 23.62618], [-109.62184, 23.62202], [-109.60873, 23.61999], [-109.58509, 23.60919], [-109.5774, 23.60104], [-109.56667, 23.59699], [-109.54109, 23.59136], [-109.52402, 23.58814], [-109.51735, 23.58264], [-109.51442, 23.57045], [-109.49872, 23.56419], [-109.47646, 23.5602], [-109.46802, 23.55514], [-109.46795, 23.54812], [-109.47677, 23.53899], [-109.47795, 23.52544], [-109.46836, 23.50387], [-109.44373, 23.47455], [-109.42632, 23.45851], [-109.42324, 23.43943], [-109.42781, 23.42299], [-109.42706, 23.40993], [-109.41432, 23.40594], [-109.41362, 23.3917], [-109.41665, 23.38113], [-109.42856, 23.37443], [-109.42643, 23.3637], [-109.42717, 23.34595], [-109.42375, 23.33516], [-109.42598, 23.31272], [-109.42565, 23.29719], [-109.43375, 23.28498], [-109.43765, 23.28132], [-109.43838, 23.27131], [-109.43668, 23.25039], [-109.43765, 23.24038], [-109.44225, 23.23062], [-109.45163, 23.21341], [-109.45384, 23.20227], [-109.46296, 23.19477], [-109.47484, 23.17797], [-109.4942, 23.15173], [-109.50492, 23.14492], [-109.51618, 23.12528], [-109.52588, 23.12164], [-109.53167, 23.10821], [-109.56615, 23.09497], [-109.57714, 23.08171], [-109.6076, 23.08117], [-109.62714, 23.07141], [-109.67214, 23.0561], [-109.69455, 23.0408], [-109.71318, 23.03105], [-109.71719, 23.01681], [-109.71238, 23.00779], [-109.73152, 22.98754], [-109.75858, 22.98447], [-109.80338, 22.95612], [-109.80601, 22.93607], [-109.82416, 22.91992], [-109.8367, 22.90994], [-109.85106, 22.89997], [-109.85912, 22.89777], [-109.88497, 22.89721], [-109.90174, 22.88968], [-109.90291, 22.88167], [-109.89538, 22.8742], [-109.93452, 22.8723], [-109.9545, 22.87215], [-109.96555, 22.87814], [-109.97843, 22.88178], [-109.99966, 22.89444], [-110.02748, 22.91616], [-110.04337, 22.93188], [-110.06002, 22.95082], [-110.07836, 22.98066], [-110.0819, 22.99022], [-110.08995, 23.01092], [-110.09838, 23.01756], [-110.1068, 23.04819], [-110.10759, 23.07546], [-110.15157, 23.22627], [-110.16048, 23.29211], [-110.16726, 23.32109], [-110.17825, 23.33022], [-110.18572, 23.34005], [-110.2096, 23.37844], [-110.21601, 23.39385], [-110.22949, 23.40707], [-110.23464, 23.42607], [-110.26684, 23.47826], [-110.2778, 23.48818], [-110.30736, 23.54103], [-110.35391, 23.58079], [-110.4044, 23.60865], [-110.52399, 23.65846], [-110.57734, 23.68156], [-110.64752, 23.7339], [-110.75331, 23.83911], [-110.81579, 23.90875], [-110.85163, 23.94037], [-110.86955, 23.95176], [-110.88087, 23.95366], [-110.88334, 23.9665], [-110.89445, 23.9764], [-110.93171, 24.01496], [-110.95384, 24.03084], [-110.98723, 24.05735], [-111.01001, 24.07145], [-111.01662, 24.08521], [-111.03971, 24.10419], [-111.08275, 24.13084], [-111.10768, 24.14744], [-111.13875, 24.16339], [-111.17415, 24.18103], [-111.22744, 24.21747], [-111.28075, 24.24299], [-111.44445, 24.32439], [-111.44959, 24.33012], [-111.43732, 24.32743], [-111.35975, 24.29032], [-111.37438, 24.30591], [-111.41234, 24.32526], [-111.44495, 24.33963], [-111.46071, 24.3432], [-111.47805, 24.3548], [-111.48638, 24.37421], [-111.52259, 24.40464], [-111.54169, 24.41546], [-111.56537, 24.41918], [-111.59558, 24.44224], [-111.61943, 24.47314], [-111.62909, 24.50853], [-111.64936, 24.54174], [-111.6535, 24.55222], [-111.64569, 24.54806], [-111.63425, 24.54782], [-111.64708, 24.56248], [-111.66784, 24.57651], [-111.67903, 24.58633], [-111.69563, 24.58714], [-111.69524, 24.57147], [-111.68593, 24.55689], [-111.69878, 24.53556], [-111.72595, 24.53931], [-111.7372, 24.54673], [-111.74874, 24.54217], [-111.76554, 24.53851], [-111.78831, 24.54216], [-111.80315, 24.54645], [-111.78251, 24.52765], [-111.76171, 24.51525], [-111.78112, 24.51244], [-111.79154, 24.51744], [-111.80132, 24.51284], [-111.81291, 24.50588], [-111.81969, 24.5164], [-111.82102, 24.53402], [-111.819, 24.54517], [-111.81488, 24.56987], [-111.83474, 24.62143], [-111.84892, 24.65369], [-111.86615, 24.66922], [-111.8859, 24.6896], [-111.9063, 24.71361], [-111.9292, 24.73047], [-111.9416, 24.74423], [-111.93818, 24.74832], [-111.916, 24.73351], [-111.91222, 24.73658], [-111.91293, 24.74378], [-111.93285, 24.75617], [-111.95279, 24.77485], [-111.96813, 24.79442], [-111.97419, 24.80939], [-111.97704, 24.82599], [-111.98473, 24.84715], [-111.99568, 24.86579], [-112.00837, 24.87458], [-111.99983, 24.84565], [-111.99584, 24.8194], [-111.98766, 24.7967], [-111.96671, 24.77831], [-111.97252, 24.7757], [-111.98843, 24.76472], [-111.98274, 24.7602], [-111.9724, 24.74876], [-111.96671, 24.74421], [-111.97566, 24.74116], [-111.98355, 24.74282], [-111.99006, 24.74852], [-111.9947, 24.75788], [-112.01163, 24.73945], [-112.02526, 24.75556], [-112.04308, 24.80565], [-112.03376, 24.81196], [-112.02929, 24.82022], [-112.0299, 24.82982], [-112.03563, 24.8404], [-112.05126, 24.83006], [-112.05451, 24.81713], [-112.04931, 24.78579], [-112.04754, 24.76513], [-112.04305, 24.75347], [-112.06359, 24.75165], [-112.07811, 24.76215], [-112.08804, 24.77338], [-112.09431, 24.78718], [-112.09773, 24.80565], [-112.09577, 24.83601], [-112.09773, 24.84662], [-112.1035, 24.85301], [-112.11095, 24.85431], [-112.11685, 24.85708], [-112.12422, 24.87405], [-112.11339, 24.87889], [-112.09577, 24.89379], [-112.09024, 24.90119], [-112.09683, 24.92349], [-112.10066, 24.92731], [-112.10391, 24.9322], [-112.1035, 24.94042], [-112.09948, 24.94481], [-112.08617, 24.95327], [-112.08239, 24.96027], [-112.08385, 24.96695], [-112.09374, 24.98021], [-112.09606, 24.99136], [-112.09692, 24.99961], [-112.10417, 25.00787], [-112.11037, 25.00261], [-112.12024, 24.98812], [-112.11957, 24.97065], [-112.12979, 24.95913], [-112.13728, 24.94611], [-112.13133, 24.92715], [-112.12302, 24.90933], [-112.13362, 24.8899], [-112.14493, 24.87409], [-112.15583, 24.87544], [-112.16087, 24.89326], [-112.15756, 24.90743], [-112.15386, 24.93182], [-112.16221, 24.93909], [-112.16329, 24.94272], [-112.1658, 24.95394], [-112.16033, 24.95953], [-112.14724, 24.96115], [-112.14176, 24.97037], [-112.14901, 24.97962], [-112.14243, 24.99048], [-112.13073, 25.00925], [-112.12336, 25.03827], [-112.12808, 25.04638], [-112.12075, 25.06219], [-112.12218, 25.0734], [-112.13237, 25.07343], [-112.13271, 25.08002], [-112.14253, 25.08598], [-112.13811, 25.10048], [-112.13554, 25.11069], [-112.14023, 25.12587], [-112.13835, 25.14434], [-112.13062, 25.17203], [-112.11775, 25.19945], [-112.09976, 25.22407], [-112.08412, 25.24358], [-112.07787, 25.25874], [-112.07668, 25.29039], [-112.07469, 25.34407], [-112.07423, 25.37275], [-112.08625, 25.37773], [-112.08693, 25.39059], [-112.08103, 25.40771], [-112.07261, 25.41659], [-112.07072, 25.43373], [-112.0707, 25.44132], [-112.0831, 25.444], [-112.07429, 25.4565], [-112.04835, 25.46642], [-112.03078, 25.47361], [-112.04246, 25.47761], [-112.06731, 25.4757], [-112.07937, 25.47112], [-112.08445, 25.48102], [-112.07494, 25.4866], [-112.06257, 25.4947], [-112.06363, 25.51325], [-112.06704, 25.55021], [-112.07208, 25.57133], [-112.06472, 25.59171], [-112.06313, 25.62533], [-112.07098, 25.68404], [-112.07599, 25.7134], [-112.08145, 25.72068], [-112.08952, 25.71543], [-112.08848, 25.69893], [-112.08703, 25.59321], [-112.09225, 25.5493], [-112.0964, 25.51073], [-112.10409, 25.50415], [-112.10515, 25.5157], [-112.10398, 25.53878], [-112.09977, 25.59518], [-112.10191, 25.72801], [-112.10871, 25.78414], [-112.13095, 25.8165], [-112.13963, 25.85752], [-112.15969, 25.89053], [-112.17894, 25.95518], [-112.19828, 25.99511], [-112.22025, 26.0153], [-112.23852, 26.04084], [-112.26415, 26.0541], [-112.29287, 26.04971], [-112.30875, 26.06977], [-112.3129, 26.102], [-112.32116, 26.13101], [-112.3435, 26.17813], [-112.37906, 26.22028], [-112.4027, 26.24022], [-112.44274, 26.26073], [-112.45295, 26.26293], [-112.46532, 26.25812], [-112.47256, 26.24787], [-112.48131, 26.23811], [-112.49828, 26.23501], [-112.55679, 26.27237], [-112.55582, 26.27635], [-112.55455, 26.29092], [-112.55997, 26.30109], [-112.57335, 26.29304], [-112.59017, 26.28785], [-112.60489, 26.29798], [-112.61278, 26.31631], [-112.6171, 26.31973], [-112.63362, 26.32111], [-112.67626, 26.31928], [-112.68912, 26.32274], [-112.72836, 26.37023], [-112.7551, 26.38706], [-112.78607, 26.40471], [-112.80529, 26.41771], [-112.83036, 26.43527], [-112.8629, 26.46345], [-112.90304, 26.4932], [-112.95336, 26.51849], [-112.95596, 26.52912], [-112.95653, 26.5312], [-112.9571, 26.53555], [-112.95865, 26.54023], [-112.96223, 26.5434], [-112.96776, 26.54438], [-112.98705, 26.5434], [-113.00365, 26.54975], [-113.01814, 26.56428], [-113.044, 26.58546], [-113.06072, 26.59912], [-113.05893, 26.61188], [-113.06037, 26.62873], [-113.05622, 26.63947], [-113.05704, 26.65021], [-113.06363, 26.65681], [-113.07689, 26.67499], [-113.08764, 26.68989], [-113.10338, 26.70893], [-113.11579, 26.71719], [-113.12654, 26.73041], [-113.13728, 26.74697], [-113.14306, 26.75772], [-113.14306, 26.77009], [-113.14053, 26.78168], [-113.12564, 26.78913], [-113.11905, 26.79409], [-113.12816, 26.79825], [-113.13638, 26.79902], [-113.14965, 26.79491], [-113.16369, 26.78913], [-113.16698, 26.77753], [-113.17032, 26.76512], [-113.18521, 26.76264], [-113.19595, 26.7602], [-113.1918, 26.75112], [-113.19262, 26.74364], [-113.20588, 26.73867], [-113.21581, 26.74445], [-113.22403, 26.75519], [-113.22985, 26.76679], [-113.23152, 26.78083], [-113.23815, 26.78661], [-113.23152, 26.79157], [-113.21251, 26.79243], [-113.20421, 26.79987], [-113.18932, 26.80899], [-113.18106, 26.81477], [-113.1695, 26.82713], [-113.16039, 26.83955], [-113.14635, 26.84699], [-113.13728, 26.85773], [-113.13146, 26.87592], [-113.12458, 26.8863], [-113.12621, 26.93789], [-113.13142, 26.95515], [-113.14574, 26.97012], [-113.16381, 26.9748], [-113.17935, 26.96695], [-113.19254, 26.94506], [-113.19641, 26.88347], [-113.20422, 26.85346], [-113.23241, 26.82933], [-113.24474, 26.8371], [-113.25796, 26.82465], [-113.26378, 26.81147], [-113.26378, 26.80231], [-113.26456, 26.79409], [-113.26293, 26.78583], [-113.26378, 26.77424], [-113.26542, 26.75997], [-113.27054, 26.75247], [-113.28577, 26.74955], [-113.32527, 26.77683], [-113.36397, 26.79507], [-113.40099, 26.80268], [-113.41956, 26.80584], [-113.44823, 26.80446], [-113.47099, 26.80455], [-113.50389, 26.79342], [-113.51834, 26.76943], [-113.52648, 26.75361], [-113.54231, 26.74209], [-113.54297, 26.7192], [-113.55484, 26.71821], [-113.57415, 26.70504], [-113.59767, 26.70963], [-113.63714, 26.72553], [-113.66584, 26.76944], [-113.72521, 26.79999], [-113.73404, 26.81379], [-113.73729, 26.82868], [-113.75414, 26.86058], [-113.79149, 26.92005], [-113.81639, 26.94897], [-113.85125, 26.96791], [-113.87866, 26.9835], [-113.9099, 26.99234], [-113.95977, 26.99798], [-113.97474, 26.99355], [-113.97352, 26.98022], [-113.98412, 26.97626], [-113.99389, 26.97183], [-114.0052, 26.97744], [-114.04954, 27.01798], [-114.06363, 27.05077], [-114.08441, 27.07575], [-114.11437, 27.10545], [-114.14704, 27.12348], [-114.18196, 27.13963], [-114.20918, 27.14234], [-114.23656, 27.15331], [-114.27408, 27.1489], [-114.2903, 27.14654], [-114.294, 27.12546], [-114.32024, 27.1455], [-114.35082, 27.16576], [-114.39515, 27.18291], [-114.4214, 27.16646], [-114.43514, 27.17637], [-114.42833, 27.18806], [-114.43049, 27.1979], [-114.4298, 27.20893], [-114.44454, 27.21436], [-114.46337, 27.22248], [-114.47589, 27.21765], [-114.48754, 27.2381], [-114.48689, 27.28164], [-114.48445, 27.32429], [-114.49157, 27.3627], [-114.50646, 27.40618], [-114.52916, 27.42691], [-114.53783, 27.4339], [-114.56334, 27.44863], [-114.58108, 27.45085], [-114.59659, 27.47719], [-114.63189, 27.48877], [-114.68109, 27.50763], [-114.71575, 27.5219], [-114.73423, 27.52125], [-114.74889, 27.54731], [-114.75211, 27.55305], [-114.76618, 27.5694], [-114.7694, 27.57465], [-114.78173, 27.60276], [-114.80572, 27.62104], [-114.83039, 27.63113], [-114.8388, 27.62836], [-114.84487, 27.61606], [-114.85567, 27.62214], [-114.86189, 27.63096], [-114.87582, 27.64382], [-114.87201, 27.64929], [-114.8581, 27.63915], [-114.84888, 27.64056], [-114.84447, 27.65965], [-114.84765, 27.67133], [-114.85334, 27.68163], [-114.86156, 27.68989], [-114.87243, 27.69505], [-114.88659, 27.69489], [-114.8924, 27.68732], [-114.89753, 27.67829], [-114.89981, 27.66412], [-114.91215, 27.6695], [-114.93219, 27.67619], [-114.93931, 27.70067], [-114.95096, 27.71626], [-114.97411, 27.72411], [-114.98871, 27.72685], [-115.00173, 27.71593], [-115.01104, 27.72811], [-115.02268, 27.74029], [-115.03363, 27.75929], [-115.03458, 27.77906], [-115.04631, 27.79538], [-115.04951, 27.80831], [-115.05289, 27.82209], [-115.05675, 27.82477], [-115.08382, 27.85105], [-115.0559, 27.86026], [-115.04147, 27.85678], [-115.02286, 27.84462], [-115.01426, 27.83035], [-114.96645, 27.82647], [-114.92341, 27.83628], [-114.88405, 27.83046], [-114.86864, 27.83055], [-114.8478, 27.82522], [-114.84002, 27.8123], [-114.81919, 27.80901], [-114.78609, 27.81533], [-114.76447, 27.81067], [-114.73977, 27.80671], [-114.72357, 27.8068], [-114.71895, 27.79656], [-114.70898, 27.79179], [-114.692, 27.78779], [-114.66959, 27.78792], [-114.63835, 27.77975], [-114.60446, 27.77441], [-114.57142, 27.78208], [-114.53065, 27.78764], [-114.49906, 27.77407], [-114.46349, 27.78876], [-114.43285, 27.80028], [-114.40478, 27.81769], [-114.39403, 27.82844], [-114.38131, 27.8365], [-114.3651, 27.85077], [-114.3452, 27.86319], [-114.33446, 27.86978], [-114.32535, 27.8747], [-114.31627, 27.8747], [-114.30386, 27.87226], [-114.29809, 27.86811], [-114.29727, 27.86066], [-114.29479, 27.85244], [-114.29064, 27.8334], [-114.29564, 27.81769], [-114.30142, 27.80195], [-114.30801, 27.78954], [-114.31216, 27.77969], [-114.30476, 27.7648], [-114.28238, 27.73583], [-114.26171, 27.72675], [-114.24022, 27.70604], [-114.2237, 27.69697], [-114.19563, 27.69204], [-114.17658, 27.67963], [-114.15095, 27.66966], [-114.13606, 27.65729], [-114.12613, 27.64326], [-114.1195, 27.63581], [-114.12035, 27.62588], [-114.11205, 27.62092], [-114.10294, 27.62092], [-114.10546, 27.61018], [-114.10294, 27.60187], [-114.09386, 27.60765], [-114.08235, 27.61424], [-114.07486, 27.62254], [-114.07404, 27.62914], [-114.05671, 27.64155], [-114.0476, 27.65314], [-114.04345, 27.66804], [-114.05004, 27.67381], [-114.05748, 27.66966], [-114.05997, 27.67626], [-114.0633, 27.67963], [-114.06493, 27.68293], [-114.0716, 27.67963], [-114.0782, 27.68041], [-114.07982, 27.68623], [-114.07486, 27.69037], [-114.06656, 27.69204], [-114.05504, 27.69449], [-114.04841, 27.69115], [-114.04674, 27.68456], [-114.04259, 27.67963], [-114.03018, 27.68293], [-114.02111, 27.67963], [-114.02033, 27.67133], [-114.01203, 27.66551], [-113.9947, 27.65892], [-113.96817, 27.65477], [-113.95328, 27.65567], [-113.95002, 27.65974], [-113.94254, 27.66966], [-113.93594, 27.67878], [-113.93102, 27.68789], [-113.91779, 27.69697], [-113.91446, 27.71019], [-113.91857, 27.71931], [-113.92935, 27.72675], [-113.94009, 27.72842], [-113.9442, 27.7342], [-113.9591, 27.74079], [-113.96907, 27.74242], [-113.97399, 27.74494], [-113.97566, 27.75239], [-113.98306, 27.75731], [-113.98721, 27.7565], [-113.9938, 27.7499], [-114.00292, 27.75068], [-114.01529, 27.74901], [-114.02111, 27.74824], [-114.02526, 27.7499], [-114.03686, 27.76805], [-114.04507, 27.78376], [-114.05004, 27.79206], [-114.05915, 27.80117], [-114.06656, 27.80366], [-114.06908, 27.79951], [-114.06493, 27.79043], [-114.05671, 27.77554], [-114.05748, 27.7648], [-114.04922, 27.75983], [-114.04259, 27.75068], [-114.03848, 27.73916], [-114.04182, 27.73249], [-114.04922, 27.73249], [-114.05089, 27.72675], [-114.05175, 27.72012], [-114.05582, 27.72093], [-114.06249, 27.72508], [-114.07238, 27.72508], [-114.07982, 27.71931], [-114.09142, 27.71186], [-114.1046, 27.70771], [-114.11705, 27.70938], [-114.12532, 27.7143], [-114.13195, 27.72346], [-114.14098, 27.73086], [-114.14269, 27.74242], [-114.14598, 27.75568], [-114.15343, 27.76557], [-114.16169, 27.77464], [-114.17243, 27.78876], [-114.17325, 27.80366], [-114.17492, 27.81607], [-114.17325, 27.82681], [-114.16661, 27.83422], [-114.16169, 27.84496], [-114.14598, 27.86396], [-114.13439, 27.87718], [-114.13109, 27.88882], [-114.13524, 27.89289], [-114.14436, 27.8946], [-114.14928, 27.89541], [-114.15095, 27.89867], [-114.14346, 27.90282], [-114.13687, 27.90615], [-114.13524, 27.91193], [-114.13931, 27.91523], [-114.14843, 27.91852], [-114.15421, 27.92353], [-114.15836, 27.93012], [-114.15421, 27.93671], [-114.15343, 27.94501], [-114.16169, 27.94916], [-114.16832, 27.95083], [-114.1774, 27.94587], [-114.17821, 27.93842], [-114.18236, 27.93098], [-114.19058, 27.92845], [-114.19807, 27.92268], [-114.20881, 27.91771], [-114.22037, 27.91938], [-114.23941, 27.91193], [-114.24767, 27.90119], [-114.25674, 27.89208], [-114.26769, 27.8869], [-114.27645, 27.90115], [-114.27379, 27.91659], [-114.27045, 27.92966], [-114.26171, 27.94416], [-114.25349, 27.95246], [-114.23363, 27.96817], [-114.22696, 27.98054], [-114.21129, 27.99543], [-114.20702, 27.99999], [-114.18566, 28.02269], [-114.1551, 28.06245], [-114.13439, 28.08393], [-114.11987, 28.08595], [-114.11381, 28.06041], [-114.11718, 28.04318], [-114.13537, 28.0313], [-114.14613, 28.02179], [-114.1495, 28.01347], [-114.15084, 28.00457], [-114.13871, 27.98853], [-114.13064, 27.97191], [-114.12996, 27.96122], [-114.1064, 27.92795], [-114.0943, 27.95765], [-114.0916, 27.97606], [-114.09564, 27.99626], [-114.10708, 28.01348], [-114.11785, 28.01111], [-114.12324, 28.01645], [-114.12122, 28.02298], [-114.10843, 28.03071], [-114.09429, 28.02418], [-114.07746, 28.00932], [-114.06804, 27.99566], [-114.05524, 28.00754], [-114.03974, 28.02773], [-114.03771, 28.03723], [-114.04646, 28.03843], [-114.05791, 28.04199], [-114.07003, 28.05506], [-114.08552, 28.05685], [-114.09967, 28.05506], [-114.10101, 28.0711], [-114.10167, 28.09903], [-114.10571, 28.1115], [-114.11312, 28.12041], [-114.11042, 28.12523], [-114.10569, 28.13468], [-114.09016, 28.1561], [-114.07867, 28.17632], [-114.06987, 28.19357], [-114.05748, 28.20629], [-114.06163, 28.2121], [-114.06493, 28.22362], [-114.06994, 28.23941], [-114.0782, 28.24677], [-114.08894, 28.24677], [-114.09878, 28.23865], [-114.10985, 28.24179], [-114.11737, 28.25085], [-114.12488, 28.25573], [-114.11856, 28.2693], [-114.1106, 28.28622], [-114.09929, 28.30713], [-114.08117, 28.34297], [-114.06076, 28.4047], [-114.04942, 28.43257], [-114.04259, 28.45844], [-114.05089, 28.47419], [-114.06432, 28.47945], [-114.0715, 28.48694], [-114.06901, 28.5041], [-114.06823, 28.51801], [-114.0773, 28.52383], [-114.08312, 28.53205], [-114.08642, 28.54116], [-114.09634, 28.55191], [-114.11042, 28.56183], [-114.1278, 28.56265], [-114.14799, 28.56077], [-114.16013, 28.56619], [-114.15758, 28.58222], [-114.15497, 28.60104], [-114.15727, 28.62567], [-114.16584, 28.64696], [-114.17492, 28.6577], [-114.18399, 28.66185], [-114.20775, 28.66144], [-114.23534, 28.66006], [-114.24616, 28.65332], [-114.27175, 28.6588], [-114.27306, 28.67308], [-114.26915, 28.67512], [-114.27171, 28.68447], [-114.27534, 28.69624], [-114.29831, 28.70382], [-114.31406, 28.72633], [-114.34692, 28.73075], [-114.34687, 28.74891], [-114.34802, 28.76387], [-114.36137, 28.7778], [-114.36205, 28.79511], [-114.37092, 28.81318], [-114.39165, 28.80678], [-114.40728, 28.83998], [-114.40232, 28.86025], [-114.4193, 28.87848], [-114.43758, 28.87751], [-114.43994, 28.89461], [-114.4594, 28.91071], [-114.47663, 28.92914], [-114.50194, 28.93256], [-114.51594, 28.92967], [-114.52306, 28.92536], [-114.52994, 28.92552], [-114.54283, 28.93439], [-114.54892, 28.95152], [-114.5563, 28.97028], [-114.56122, 28.9804], [-114.57502, 28.97923], [-114.59163, 28.9654], [-114.60376, 28.99761], [-114.60253, 29.03034], [-114.60831, 29.04621], [-114.61815, 29.06306], [-114.62336, 29.08051], [-114.63142, 29.09447], [-114.65954, 29.10301], [-114.68904, 29.11313], [-114.70493, 29.09611], [-114.72201, 29.11751], [-114.7279, 29.14118], [-114.73493, 29.1518], [-114.73982, 29.17552], [-114.7438, 29.18757], [-114.75231, 29.19282], [-114.78531, 29.19416], [-114.82935, 29.23159], [-114.8514, 29.2583], [-114.87946, 29.28767], [-114.92484, 29.33097], [-114.97204, 29.37775], [-115.10424, 29.41889], [-115.18712, 29.42862], [-115.23229, 29.49006], [-115.28572, 29.52989], [-115.37145, 29.55695], [-115.42356, 29.59569], [-115.45196, 29.62011], [-115.47745, 29.62645], [-115.49858, 29.6114], [-115.51915, 29.62727], [-115.53612, 29.63516], [-115.54809, 29.65339], [-115.57263, 29.66872], [-115.5937, 29.69217], [-115.62205, 29.6953], [-115.69756, 29.75583], [-115.69525, 29.7772], [-115.68801, 29.80177], [-115.68577, 29.83064], [-115.69075, 29.85175], [-115.69478, 29.86923], [-115.6999, 29.89801], [-115.72082, 29.9208], [-115.72891, 29.93513], [-115.74429, 29.9475], [-115.76252, 29.9538], [-115.80748, 29.9562], [-115.81119, 29.968], [-115.7904, 30.03807], [-115.78327, 30.09264], [-115.7904, 30.12376], [-115.79255, 30.12954], [-115.80191, 30.14313], [-115.80407, 30.15143], [-115.80321, 30.16303], [-115.79858, 30.18839], [-114.65037, 30.29907], [-114.65152, 30.29645], [-114.6527, 30.28827], [-114.65095, 30.277], [-114.64012, 30.26376], [-114.64477, 30.25003], [-114.65158, 30.22848], [-114.6553, 30.2134], [-114.66573, 30.19957], [-114.6603, 30.18325], [-114.65264, 30.17483], [-114.64217, 30.15503], [-114.63069, 30.14452], [-114.63078, 30.13238], [-114.6246, 30.1175], [-114.60453, 30.11074], [-114.59655, 30.08945], [-114.58038, 30.0726], [-114.58143, 30.05112], [-114.55814, 30.01763], [-114.5443, 29.99168], [-114.53313, 29.96795], [-114.48131, 29.9473], [-114.4727, 29.91897], [-114.45934, 29.91012], [-114.42772, 29.9073], [-114.41684, 29.8912], [-114.40879, 29.88094], [-114.4151, 29.85477], [-114.40303, 29.83282], [-114.3963, 29.82723], [-114.40319, 29.82684], [-114.40863, 29.82137], [-114.40944, 29.81543], [-114.39826, 29.80971], [-114.39608, 29.80517], [-114.39582, 29.79611], [-114.39224, 29.78301], [-114.38125, 29.77445], [-114.3711, 29.77017], [-114.36314, 29.77206], [-114.35326, 29.76802], [-114.34585, 29.75873], [-114.34585, 29.75159], [-114.33954, 29.74472], [-114.32253, 29.7411], [-114.30414, 29.74157], [-114.29704, 29.74235], [-114.28881, 29.74829], [-114.28796, 29.75302], [-114.28606, 29.75662], [-114.29234, 29.75706], [-114.29399, 29.76134], [-114.29289, 29.76659], [-114.28552, 29.76568], [-114.28302, 29.76993], [-114.28054, 29.77207], [-114.27865, 29.77043], [-114.27372, 29.77019], [-114.27121, 29.77207], [-114.26578, 29.76925], [-114.2633, 29.76472], [-114.26025, 29.7654], [-114.25755, 29.76043], [-114.25395, 29.76207], [-114.24348, 29.76299], [-114.23591, 29.7586], [-114.22768, 29.75001], [-114.2211, 29.74906], [-114.22029, 29.7464], [-114.20848, 29.74478], [-114.20331, 29.73973], [-114.20032, 29.72735], [-114.19624, 29.72188], [-114.19048, 29.71997], [-114.18721, 29.71426], [-114.18331, 29.71283], [-114.18171, 29.7095], [-114.17893, 29.70759], [-114.17537, 29.70473], [-114.17015, 29.70234], [-114.16495, 29.70019], [-114.16057, 29.69233], [-114.15783, 29.69042], [-114.15233, 29.69255], [-114.15041, 29.69398], [-114.14261, 29.69067], [-114.14125, 29.68282], [-114.13262, 29.67657], [-114.13201, 29.67094], [-114.12658, 29.67036], [-114.11871, 29.66299], [-114.11238, 29.65605], [-114.11122, 29.65306], [-114.09739, 29.64797], [-114.0902, 29.64244], [-114.08223, 29.64098], [-114.06266, 29.62932], [-114.05939, 29.61667], [-114.05639, 29.61214], [-114.05038, 29.60522], [-114.04628, 29.59638], [-114.03259, 29.59443], [-114.0304, 29.59321], [-114.02768, 29.58726], [-114.02305, 29.5842], [-114.02251, 29.58134], [-114.01486, 29.57795], [-114.00557, 29.57675], [-113.99433, 29.57698], [-113.98129, 29.5679], [-113.97419, 29.55694], [-113.96552, 29.54671], [-113.95807, 29.54024], [-113.952, 29.53878], [-113.94313, 29.52475], [-113.9305, 29.52016], [-113.92248, 29.5124], [-113.91088, 29.50063], [-113.89746, 29.48565], [-113.88032, 29.47705], [-113.86505, 29.46366], [-113.85032, 29.45879], [-113.83867, 29.4566], [-113.83195, 29.45017], [-113.83267, 29.43524], [-113.82475, 29.42989], [-113.81311, 29.42824], [-113.80389, 29.42444], [-113.79663, 29.41644], [-113.78739, 29.41477], [-113.77087, 29.40776], [-113.68084, 29.316], [-113.64852, 29.29396], [-113.63633, 29.28218], [-113.63158, 29.26396], [-113.62487, 29.2586], [-113.62308, 29.25271], [-113.63848, 29.24048], [-113.64732, 29.228], [-113.65656, 29.21844], [-113.65534, 29.20732], [-113.64612, 29.20203], [-113.63835, 29.19864], [-113.64138, 29.18383], [-113.63223, 29.17368], [-113.62855, 29.17527], [-113.62492, 29.16991], [-113.62436, 29.16242], [-113.61396, 29.16238], [-113.60845, 29.16342], [-113.60852, 29.15434], [-113.60205, 29.14088], [-113.59105, 29.12912], [-113.57937, 29.12642], [-113.57088, 29.11516], [-113.56433, 29.09163], [-113.5474, 29.06537], [-113.53588, 29.05142], [-113.53964, 29.03962], [-113.55003, 29.03861], [-113.55622, 29.02796], [-113.56172, 29.02367], [-113.5636, 29.01404], [-113.56186, 29.00015], [-113.54974, 28.99318], [-113.54499, 28.97553], [-113.54694, 28.95898], [-113.55547, 28.95526], [-113.55788, 28.94825], [-113.54649, 28.93332], [-113.5405, 28.92049], [-113.53389, 28.90657], [-113.52601, 28.90119], [-113.52485, 28.89157], [-113.50477, 28.88932], [-113.48154, 28.8934], [-113.47723, 28.89816], [-113.47903, 28.90191], [-113.47221, 28.91518], [-113.48315, 28.9217], [-113.48797, 28.9303], [-113.48062, 28.93343], [-113.48302, 28.93934], [-113.47869, 28.94625], [-113.47319, 28.9478], [-113.46222, 28.94665], [-113.45006, 28.94229], [-113.44023, 28.95133], [-113.43466, 28.95987], [-113.42622, 28.94914], [-113.42879, 28.93471], [-113.41305, 28.92232], [-113.40628, 28.92712], [-113.40562, 28.93298], [-113.38787, 28.9398], [-113.38303, 28.9355], [-113.38674, 28.93072], [-113.39102, 28.92861], [-113.39423, 28.91314], [-113.36744, 28.9071], [-113.3681, 28.90176], [-113.37912, 28.90021], [-113.38042, 28.89328], [-113.37251, 28.88631], [-113.36832, 28.87774], [-113.35922, 28.87394], [-113.36597, 28.86865], [-113.36729, 28.85852], [-113.36746, 28.84518], [-113.37063, 28.83721], [-113.36529, 28.82384], [-113.35185, 28.81839], [-113.35448, 28.80027], [-113.33249, 28.80062], [-113.30997, 28.80206], [-113.30204, 28.80895], [-113.29101, 28.81901], [-113.28543, 28.8259], [-113.26849, 28.83218], [-113.26039, 28.84011], [-113.2341, 28.83562], [-113.22026, 28.82484], [-113.21416, 28.81731], [-113.21184, 28.80287], [-113.20266, 28.79851], [-113.19604, 28.79205], [-113.19988, 28.77981], [-113.1914, 28.77279], [-113.19038, 28.75945], [-113.19424, 28.74402], [-113.18199, 28.71573], [-113.17586, 28.71351], [-113.16989, 28.69152], [-113.15605, 28.65763], [-113.13235, 28.6413], [-113.12699, 28.62787], [-113.13161, 28.60458], [-113.12098, 28.57889], [-113.11629, 28.56551], [-113.11166, 28.54572], [-113.11429, 28.52813], [-113.10297, 28.50458], [-113.0825, 28.49318], [-113.08072, 28.48681], [-113.06324, 28.47969], [-113.03962, 28.47623], [-113.0361, 28.46661], [-113.00164, 28.45558], [-112.97127, 28.45633], [-112.93045, 28.46658], [-112.90236, 28.47534], [-112.88556, 28.46343], [-112.88689, 28.45598], [-112.876, 28.45051], [-112.87548, 28.44517], [-112.88171, 28.43726], [-112.87994, 28.43458], [-112.86778, 28.43228], [-112.86225, 28.43488], [-112.85788, 28.44122], [-112.8463, 28.44108], [-112.84706, 28.4304], [-112.84474, 28.42239], [-112.85149, 28.4171], [-112.85839, 28.40384], [-112.8542, 28.39791], [-112.84953, 28.38235], [-112.85398, 28.36851], [-112.8703, 28.33078], [-112.87426, 28.30786], [-112.86887, 28.29973], [-112.87213, 28.28374], [-112.86496, 28.27183], [-112.85306, 28.26005], [-112.83922, 28.25242], [-112.83785, 28.24355], [-112.80502, 28.21068], [-112.80027, 28.20368], [-112.79183, 28.20147], [-112.78646, 28.19608], [-112.79381, 28.19027], [-112.79572, 28.18389], [-112.79897, 28.16844], [-112.8039, 28.16261], [-112.80771, 28.15092], [-112.81177, 28.12054], [-112.80139, 28.08575], [-112.79843, 28.08145], [-112.79122, 28.07817], [-112.78956, 28.06748], [-112.79696, 28.05795], [-112.8037, 28.04572], [-112.80541, 28.03205], [-112.79936, 28.01742], [-112.78568, 28.00287], [-112.76876, 28.00213], [-112.76036, 27.99776], [-112.76117, 27.98443], [-112.75659, 27.96839], [-112.75726, 27.96303], [-112.76611, 27.93812], [-112.76216, 27.91998], [-112.76173, 27.90764], [-112.76302, 27.90124], [-112.76192, 27.89373], [-112.7668, 27.89059], [-112.76875, 27.88042], [-112.77322, 27.8639], [-112.75839, 27.84611], [-112.74282, 27.8374], [-112.7386, 27.82958], [-112.72544, 27.82249], [-112.72418, 27.8273], [-112.71937, 27.82618], [-112.71945, 27.81921], [-112.71299, 27.8063], [-112.71609, 27.80045], [-112.71513, 27.7839], [-112.70561, 27.77741], [-112.70875, 27.76728], [-112.70353, 27.75496], [-112.69287, 27.74256], [-112.67886, 27.72858], [-112.67034, 27.71773], [-112.66315, 27.71497], [-112.65783, 27.7085], [-112.64876, 27.71053], [-112.64334, 27.71046], [-112.63681, 27.70397], [-112.63275, 27.69432], [-112.62322, 27.68726], [-112.62112, 27.67808], [-112.59963, 27.66661], [-112.59801, 27.6543], [-112.56674, 27.64144], [-112.54397, 27.64075], [-112.52832, 27.63673], [-112.51575, 27.62898], [-112.50228, 27.62556], [-112.49775, 27.62441], [-112.48521, 27.62002]]], [[[-113.17873, 29.25737], [-113.17793, 29.23788], [-113.17141, 29.22613], [-113.17214, 29.20639], [-113.17218, 29.19467], [-113.16577, 29.1891], [-113.17073, 29.17861], [-113.17359, 29.15702], [-113.17432, 29.12925], [-113.17009, 29.11999], [-113.15806, 29.10021], [-113.1545, 29.0934], [-113.15738, 29.08355], [-113.14823, 29.06627], [-113.13817, 29.06489], [-113.12485, 29.06064], [-113.11777, 29.05629], [-113.10208, 29.05311], [-113.11664, 29.0262], [-113.11436, 29.01373], [-113.11479, 28.98448], [-113.12329, 28.98636], [-113.13576, 29.00033], [-113.14707, 29.00408], [-113.15916, 29.01774], [-113.19075, 29.02875], [-113.1994, 29.04681], [-113.21628, 29.05541], [-113.22949, 29.05957], [-113.24363, 29.06947], [-113.25089, 29.08198], [-113.25818, 29.08771], [-113.26292, 29.10288], [-113.27574, 29.11723], [-113.2927, 29.13326], [-113.30065, 29.1451], [-113.31255, 29.14626], [-113.32109, 29.15555], [-113.33501, 29.16096], [-113.35397, 29.17074], [-113.36207, 29.18758], [-113.38721, 29.19724], [-113.40553, 29.21197], [-113.43103, 29.24277], [-113.42753, 29.25202], [-113.43461, 29.26678], [-113.45013, 29.27971], [-113.46497, 29.27907], [-113.48193, 29.27844], [-113.49608, 29.2852], [-113.50317, 29.29812], [-113.50461, 29.31658], [-113.51168, 29.32641], [-113.52444, 29.33442], [-113.53155, 29.3492], [-113.53937, 29.35476], [-113.54368, 29.36653], [-113.55857, 29.37821], [-113.56068, 29.38617], [-113.57198, 29.39779], [-113.5891, 29.4096], [-113.59342, 29.43363], [-113.5884, 29.45685], [-113.57365, 29.47852], [-113.56459, 29.50768], [-113.56895, 29.52447], [-113.57114, 29.53995], [-113.5598, 29.54427], [-113.55836, 29.53808], [-113.54912, 29.53314], [-113.53566, 29.53813], [-113.52362, 29.54311], [-113.52365, 29.54993], [-113.51088, 29.54934], [-113.51084, 29.53758], [-113.49949, 29.53514], [-113.47679, 29.5321], [-113.4633, 29.51888], [-113.43277, 29.49254], [-113.41934, 29.46639], [-113.39516, 29.45932], [-113.39449, 29.45117], [-113.38527, 29.44256], [-113.38599, 29.43512], [-113.37319, 29.42164], [-113.36113, 29.40193], [-113.36326, 29.39328], [-113.34978, 29.38407], [-113.3611, 29.37419], [-113.37314, 29.36121], [-113.37596, 29.34393], [-113.37241, 29.33469], [-113.37029, 29.31001], [-113.3456, 29.29583], [-113.30659, 29.29032], [-113.29742, 29.28046], [-113.28538, 29.28046], [-113.27686, 29.2891], [-113.26414, 29.28848], [-113.25568, 29.2854], [-113.23803, 29.28847], [-113.22109, 29.28908], [-113.20627, 29.28537], [-113.19718, 29.28704], [-113.17873, 29.25737]]], [[[-112.75988, 28.58401], [-112.76205, 28.58196], [-112.77392, 28.57578], [-112.78099, 28.58103], [-112.78365, 28.58598], [-112.78913, 28.58687], [-112.79793, 28.60992], [-112.81057, 28.61843], [-112.82932, 28.62578], [-112.84264, 28.64007], [-112.8678, 28.64328], [-112.86523, 28.65015], [-112.87187, 28.65557], [-112.87744, 28.66339], [-112.88449, 28.67021], [-112.89377, 28.6777], [-112.86076, 28.67186], [-112.80496, 28.63654], [-112.79125, 28.62288], [-112.783, 28.61761], [-112.77841, 28.6103], [-112.77524, 28.60871], [-112.75988, 28.58401]]], [[[-113.20344, 26.71719], [-113.19514, 26.71385], [-113.1918, 26.71719], [-113.18688, 26.72134], [-113.18025, 26.72297], [-113.17443, 26.72045], [-113.16291, 26.70478], [-113.14713, 26.68407], [-113.1389, 26.67255], [-113.13805, 26.66511], [-113.14635, 26.66511], [-113.15461, 26.67088], [-113.1654, 26.67748], [-113.1918, 26.68745], [-113.22159, 26.69571], [-113.24641, 26.70148], [-113.25796, 26.70478], [-113.26456, 26.70893], [-113.25796, 26.718], [-113.24474, 26.7246], [-113.22899, 26.7329], [-113.21996, 26.73127], [-113.2108, 26.72793], [-113.20255, 26.72297], [-113.20344, 26.71719]]], [[[-112.05223, 27.19367], [-112.06628, 27.17897], [-112.08745, 27.18294], [-112.09222, 27.20374], [-112.097, 27.22452], [-112.10881, 27.23691], [-112.09009, 27.25998], [-112.06414, 27.24147], [-112.04525, 27.21664], [-112.05223, 27.19367]]], [[[-111.85962, 27.43014], [-111.8792, 27.42812], [-111.89227, 27.42902], [-111.90429, 27.43764], [-111.90108, 27.44923], [-111.87933, 27.45319], [-111.86297, 27.44652], [-111.85639, 27.43787], [-111.85962, 27.43014]]], [[[-109.80286, 24.13706], [-109.81484, 24.14043], [-109.83101, 24.14351], [-109.86248, 24.14709], [-109.87393, 24.1517], [-109.87176, 24.15969], [-109.88504, 24.17666], [-109.90043, 24.19924], [-109.91297, 24.23572], [-109.92387, 24.26664], [-109.92118, 24.27582], [-109.91662, 24.28481], [-109.93743, 24.32515], [-109.93423, 24.35939], [-109.93322, 24.37441], [-109.92675, 24.37293], [-109.91925, 24.36203], [-109.91741, 24.34851], [-109.90584, 24.33483], [-109.89969, 24.32569], [-109.89216, 24.31629], [-109.88233, 24.29429], [-109.87063, 24.27236], [-109.85809, 24.25894], [-109.84257, 24.2303], [-109.83575, 24.22465], [-109.82285, 24.20941], [-109.80856, 24.18222], [-109.80715, 24.17157], [-109.79842, 24.15517], [-109.80286, 24.13706]]], [[[-110.28786, 24.46974], [-110.29235, 24.45819], [-110.30651, 24.45649], [-110.31273, 24.44668], [-110.30785, 24.43268], [-110.31721, 24.42621], [-110.32258, 24.4173], [-110.3265, 24.40075], [-110.34804, 24.40245], [-110.34887, 24.41144], [-110.35275, 24.418], [-110.34884, 24.42957], [-110.35506, 24.43507], [-110.36319, 24.43637], [-110.37043, 24.42968], [-110.37244, 24.43877], [-110.37566, 24.44683], [-110.35864, 24.4522], [-110.36016, 24.45755], [-110.36707, 24.4588], [-110.36863, 24.46416], [-110.37725, 24.46813], [-110.38464, 24.47366], [-110.38903, 24.48228], [-110.39199, 24.49777], [-110.38765, 24.5056], [-110.39677, 24.51118], [-110.39591, 24.51912], [-110.38291, 24.52405], [-110.37623, 24.53077], [-110.3851, 24.52939], [-110.39597, 24.53503], [-110.39444, 24.54609], [-110.40557, 24.5438], [-110.40765, 24.55128], [-110.40332, 24.55908], [-110.4125, 24.56258], [-110.41575, 24.5696], [-110.40021, 24.58127], [-110.39751, 24.5908], [-110.3865, 24.58686], [-110.38052, 24.57496], [-110.37437, 24.56684], [-110.36364, 24.55695], [-110.36053, 24.54674], [-110.36399, 24.53249], [-110.34592, 24.53039], [-110.32494, 24.51585], [-110.31522, 24.50456], [-110.305, 24.50316], [-110.30235, 24.48877], [-110.29585, 24.47689], [-110.28786, 24.46974]]], [[[-110.56124, 24.82017], [-110.56141, 24.81502], [-110.56812, 24.8152], [-110.5684, 24.82225], [-110.57408, 24.8224], [-110.58033, 24.82117], [-110.58679, 24.82885], [-110.58616, 24.83212], [-110.57452, 24.84024], [-110.56923, 24.84384], [-110.56519, 24.84092], [-110.56762, 24.8302], [-110.56465, 24.82636], [-110.56124, 24.82017]]], [[[-110.66863, 25.05277], [-110.64232, 25.04923], [-110.61413, 25.04194], [-110.59309, 25.03445], [-110.59023, 25.02612], [-110.58365, 25.02244], [-110.57492, 25.01573], [-110.5757, 25.00597], [-110.56836, 24.99768], [-110.56581, 24.98057], [-110.57069, 24.95549], [-110.55929, 24.9357], [-110.55335, 24.92582], [-110.54847, 24.91149], [-110.53397, 24.8908], [-110.52493, 24.88], [-110.5331, 24.87658], [-110.55336, 24.87268], [-110.56272, 24.87376], [-110.5717, 24.87238], [-110.57915, 24.86366], [-110.58354, 24.86622], [-110.57931, 24.87219], [-110.57371, 24.87934], [-110.57388, 24.88745], [-110.58399, 24.8926], [-110.59536, 24.90022], [-110.61036, 24.90631], [-110.61019, 24.91117], [-110.6203, 24.91672], [-110.63199, 24.91543], [-110.64231, 24.9145], [-110.64165, 24.92097], [-110.6365, 24.92773], [-110.64402, 24.9425], [-110.65468, 24.94607], [-110.6604, 24.96246], [-110.66013, 24.97098], [-110.66566, 24.98006], [-110.67302, 24.98799], [-110.67404, 24.99733], [-110.67584, 25.0112], [-110.68225, 25.02029], [-110.69694, 25.01976], [-110.70494, 25.02992], [-110.71328, 25.02922], [-110.71655, 25.03989], [-110.71651, 25.05407], [-110.71306, 25.06202], [-110.71349, 25.07502], [-110.71079, 25.09505], [-110.70871, 25.10221], [-110.7069, 25.10514], [-110.70202, 25.10337], [-110.695, 25.09398], [-110.68475, 25.06619], [-110.66863, 25.05277]]], [[[-110.69404, 25.30302], [-110.70399, 25.28911], [-110.70719, 25.27156], [-110.71344, 25.26427], [-110.71978, 25.25935], [-110.72887, 25.25998], [-110.72976, 25.26626], [-110.73394, 25.27778], [-110.73274, 25.28795], [-110.71479, 25.30593], [-110.7048, 25.30605], [-110.69652, 25.30701], [-110.69069, 25.31274], [-110.68953, 25.30839], [-110.69404, 25.30302]]], [[[-110.77341, 25.71279], [-110.77, 25.69563], [-110.76206, 25.69362], [-110.76668, 25.67579], [-110.75961, 25.64776], [-110.75319, 25.5981], [-110.76529, 25.59394], [-110.78589, 25.60437], [-110.80553, 25.64442], [-110.80356, 25.67493], [-110.79194, 25.6953], [-110.78247, 25.71034], [-110.77341, 25.71279]]], [[[-111.02344, 25.69733], [-111.01923, 25.69389], [-111.01289, 25.67871], [-111.01626, 25.66932], [-111.02211, 25.65944], [-111.02851, 25.65179], [-111.03526, 25.65307], [-111.04417, 25.66498], [-111.0477, 25.67064], [-111.0462, 25.67951], [-111.05379, 25.69417], [-111.05915, 25.70098], [-111.05955, 25.70822], [-111.04354, 25.70672], [-111.04337, 25.71229], [-111.03715, 25.71381], [-111.03128, 25.70365], [-111.02344, 25.69733]]], [[[-111.2459, 25.78939], [-111.24471, 25.7868], [-111.24796, 25.78402], [-111.24691, 25.77629], [-111.24323, 25.77192], [-111.24306, 25.76678], [-111.24594, 25.7657], [-111.25301, 25.77357], [-111.25849, 25.7814], [-111.2579, 25.79109], [-111.25697, 25.80135], [-111.26023, 25.8097], [-111.25823, 25.81279], [-111.25479, 25.81129], [-111.25316, 25.80155], [-111.24752, 25.79914], [-111.24987, 25.79462], [-111.2459, 25.78939]]], [[[-111.07231, 25.97143], [-111.07941, 25.97252], [-111.08678, 25.98186], [-111.09382, 25.98523], [-111.10111, 25.99685], [-111.11233, 25.99666], [-111.11962, 25.99222], [-111.11926, 25.98629], [-111.12058, 25.97624], [-111.13068, 25.96182], [-111.14116, 25.95287], [-111.15395, 25.93304], [-111.17286, 25.91333], [-111.1808, 25.90253], [-111.17788, 25.89745], [-111.18341, 25.88201], [-111.1813, 25.86685], [-111.18871, 25.85695], [-111.19789, 25.85627], [-111.2043, 25.84544], [-111.20285, 25.82523], [-111.20074, 25.81007], [-111.20499, 25.80375], [-111.21329, 25.81585], [-111.21986, 25.81738], [-111.23034, 25.82361], [-111.22973, 25.83088], [-111.23336, 25.8429], [-111.23181, 25.85162], [-111.21834, 25.87169], [-111.21931, 25.88424], [-111.20989, 25.91695], [-111.21107, 25.92887], [-111.20102, 25.94236], [-111.19659, 25.95463], [-111.1881, 25.96992], [-111.17468, 25.97837], [-111.16926, 25.98759], [-111.17204, 26.00271], [-111.16821, 26.02348], [-111.17562, 26.03521], [-111.17603, 26.04334], [-111.16177, 26.04536], [-111.13381, 26.05284], [-111.13607, 26.0633], [-111.12752, 26.06831], [-111.12, 26.06119], [-111.10341, 26.05382], [-111.07932, 26.06019], [-111.07455, 26.06878], [-111.05637, 26.07182], [-111.07112, 26.05361], [-111.08199, 26.02869], [-111.08119, 25.99866], [-111.07001, 25.99704], [-111.07085, 25.98606], [-111.06534, 25.98272], [-111.06566, 25.97219], [-111.06739, 25.96582], [-111.07231, 25.97143]]], [[[-111.26716, 26.1151], [-111.26256, 26.11131], [-111.26424, 26.10501], [-111.27402, 26.10498], [-111.28142, 26.10488], [-111.2862, 26.10313], [-111.28345, 26.10653], [-111.28038, 26.11044], [-111.27993, 26.11464], [-111.28658, 26.11901], [-111.28662, 26.12585], [-111.27524, 26.13638], [-111.26856, 26.13626], [-111.26372, 26.13504], [-111.26249, 26.12541], [-111.26443, 26.11825], [-111.26716, 26.1151]]], [[[-115.18414, 28.31474], [-115.17393, 28.30883], [-115.17577, 28.29882], [-115.16858, 28.28512], [-115.16272, 28.26134], [-115.17276, 28.23456], [-115.17227, 28.21264], [-115.15885, 28.19284], [-115.15549, 28.1707], [-115.15971, 28.15072], [-115.15583, 28.14078], [-115.16269, 28.12963], [-115.17534, 28.12448], [-115.17646, 28.11676], [-115.18578, 28.10617], [-115.18304, 28.09515], [-115.18797, 28.0868], [-115.18215, 28.07024], [-115.18829, 28.05635], [-115.17932, 28.04034], [-115.18303, 28.03478], [-115.1817, 28.02758], [-115.18927, 28.0303], [-115.19457, 28.03392], [-115.2063, 28.03794], [-115.21815, 28.03175], [-115.22814, 28.02832], [-115.23388, 28.03606], [-115.24702, 28.03372], [-115.254, 28.0403], [-115.26184, 28.07014], [-115.28026, 28.08747], [-115.30354, 28.0947], [-115.32167, 28.08678], [-115.3367, 28.08444], [-115.34661, 28.07105], [-115.35805, 28.08258], [-115.35216, 28.11642], [-115.334, 28.12488], [-115.27367, 28.18952], [-115.23976, 28.23361], [-115.25516, 28.26392], [-115.26245, 28.29876], [-115.25709, 28.32744], [-115.24864, 28.35931], [-115.235, 28.37023], [-115.21487, 28.37828], [-115.192, 28.36084], [-115.19498, 28.34136], [-115.18414, 28.31474]]], [[[-115.19692, 27.89149], [-115.18478, 27.88201], [-115.17145, 27.8736], [-115.16236, 27.86834], [-115.15927, 27.85985], [-115.1646, 27.8513], [-115.173, 27.84857], [-115.17843, 27.85066], [-115.18224, 27.86872], [-115.19381, 27.8814], [-115.20949, 27.88447], [-115.22037, 27.88864], [-115.21804, 27.89611], [-115.20416, 27.8925], [-115.19692, 27.89149]]], [[[-115.58827, 28.30978], [-115.57926, 28.31413], [-115.56778, 28.31372], [-115.56467, 28.30737], [-115.57554, 28.30726], [-115.57908, 28.30083], [-115.59232, 28.2975], [-115.60269, 28.3043], [-115.60398, 28.31014], [-115.60104, 28.31602], [-115.59381, 28.31717], [-115.58827, 28.30978]]], [[[-113.5119, 29.09501], [-113.50471, 29.09218], [-113.50405, 29.08795], [-113.50786, 29.08291], [-113.50892, 29.07873], [-113.50413, 29.07532], [-113.50556, 29.07076], [-113.50597, 29.0626], [-113.50014, 29.05622], [-113.50122, 29.05049], [-113.49675, 29.04835], [-113.49645, 29.04231], [-113.49164, 29.03957], [-113.49201, 29.03595], [-113.50133, 29.0363], [-113.50683, 29.03966], [-113.50472, 29.04417], [-113.50883, 29.04842], [-113.51432, 29.05328], [-113.51221, 29.0581], [-113.50943, 29.0608], [-113.51355, 29.06324], [-113.51523, 29.0702], [-113.51484, 29.07623], [-113.52103, 29.07898], [-113.52271, 29.08593], [-113.52715, 29.0923], [-113.51884, 29.09556], [-113.5119, 29.09501]]], [[[-114.40185, 29.98603], [-114.40006, 29.9693], [-114.39478, 29.96018], [-114.40707, 29.95865], [-114.42202, 29.96624], [-114.41589, 29.97613], [-114.41854, 29.98678], [-114.40185, 29.98603]]]]}, "properties": {"id": "u1UV", "status": "validé", "pieces": [{"kind": "admin1", "code": "MEX-2707"}, {"kind": "polygon", "ring": [[-116.13647, 30.15582], [-113.87329, 30.37398], [-112.22534, 27.72467], [-113.42285, 27.29611], [-116.51001, 27.3839]]}, {"kind": "clip"}]}}, {"type": "Feature", "geometry": {"type": "Polygon", "coordinates": [[[-99.16122, 18.83118], [-99.16122, 18.9974], [-99.29169, 18.9974], [-99.29169, 18.83118], [-99.16122, 18.83118]]]}, "properties": {"id": "vK3L", "status": "validé", "pieces": [{"kind": "rect", "bounds": [-99.29169, 18.83118, -99.16122, 18.9974]}]}}, {"type": "Feature", "geometry": {"type": "Polygon", "coordinates": [[[-98.43132, 22.62178], [-98.43132, 22.84082], [-98.71284, 22.84082], [-98.71284, 22.62178], [-98.43132, 22.62178]]]}, "properties": {"id": "vOyN", "status": "validé", "pieces": [{"kind": "rect", "bounds": [-98.71284, 22.62178, -98.43132, 22.84082]}]}}, {"type": "Feature", "geometry": null, "properties": {"id": "vZJe", "status": "validé", "pieces": [{"kind": "admin1", "code": "MEX-2726"}, {"kind": "admin1", "code": "MEX-2724"}]}}, {"type": "Feature", "geometry": {"type": "Polygon", "coordinates": [[[-102.19482, 21.79673], [-102.19482, 21.98779], [-102.42142, 21.98779], [-102.42142, 21.79673], [-102.19482, 21.79673]]]}, "properties": {"id": "xzN2", "status": "validé", "pieces": [{"kind": "rect", "bounds": [-102.42142, 21.79673, -102.19482, 21.98779]}]}}, {"type": "Feature", "geometry": null, "properties": {"id": "yUfA", "status": "validé", "pieces": [{"kind": "admin1", "code": "MEX-2708"}, {"kind": "admin1", "code": "MEX-2714"}, {"kind": "admin1", "code": "MEX-2716"}, {"kind": "admin1", "code": "MEX-2709"}, {"kind": "admin1", "code": "MEX-2712"}, {"kind": "admin1", "code": "MEX-2706"}, {"kind": "admin1", "code": "MEX-2710"}]}}, {"type": "Feature", "geometry": {"type": "MultiPolygon", "coordinates": [[[[-109.41284, 27.74743], [-109.41284, 26.65834], [-109.41743, 26.66196], [-109.44659, 26.67184], [-109.47516, 26.67493], [-109.48275, 26.68221], [-109.47168, 26.68483], [-109.45127, 26.67964], [-109.42852, 26.67185], [-109.43379, 26.69008], [-109.44137, 26.69424], [-109.43555, 26.70362], [-109.4414, 26.71456], [-109.45948, 26.7161], [-109.47348, 26.71765], [-109.48049, 26.72858], [-109.48343, 26.74264], [-109.49509, 26.73742], [-109.50615, 26.72907], [-109.51202, 26.7473], [-109.52895, 26.75144], [-109.54117, 26.73839], [-109.5499, 26.72796], [-109.55279, 26.71701], [-109.5452, 26.71181], [-109.53295, 26.71027], [-109.52186, 26.7082], [-109.51835, 26.70196], [-109.52184, 26.6957], [-109.52357, 26.6884], [-109.50373, 26.67854], [-109.49324, 26.67647], [-109.49439, 26.66917], [-109.53056, 26.68423], [-109.60464, 26.6966], [-109.6478, 26.69338], [-109.66177, 26.68397], [-109.66407, 26.67406], [-109.69443, 26.67816], [-109.72542, 26.6911], [-109.76837, 26.70651], [-109.78458, 26.71943], [-109.83145, 26.76569], [-109.85631, 26.80097], [-109.86404, 26.83545], [-109.87157, 26.87079], [-109.88654, 26.89203], [-109.90054, 26.92292], [-109.9038, 26.93781], [-109.91124, 26.95197], [-109.94557, 26.99709], [-109.94177, 27.00739], [-109.93244, 26.99409], [-109.90416, 26.95441], [-109.88329, 26.9409], [-109.90836, 26.99668], [-109.90911, 27.01725], [-109.91704, 27.06007], [-109.95222, 27.09858], [-109.96618, 27.10887], [-109.98217, 27.11514], [-109.99918, 27.11815], [-110.01647, 27.11904], [-110.02383, 27.11742], [-110.03148, 27.11343], [-110.03848, 27.10798], [-110.04406, 27.10228], [-110.0521, 27.09032], [-110.06233, 27.08169], [-110.09078, 27.10271], [-110.14931, 27.11842], [-110.1924, 27.12787], [-110.21685, 27.13457], [-110.24128, 27.13842], [-110.26509, 27.1434], [-110.28762, 27.14839], [-110.32087, 27.16523], [-110.33669, 27.17206], [-110.37179, 27.20898], [-110.40372, 27.24537], [-110.44788, 27.27426], [-110.46477, 27.28331], [-110.50037, 27.29108], [-110.52233, 27.29035], [-110.52439, 27.30008], [-110.49335, 27.29801], [-110.46621, 27.29591], [-110.43842, 27.29265], [-110.42563, 27.30191], [-110.44506, 27.31769], [-110.47106, 27.34585], [-110.47916, 27.35863], [-110.47741, 27.36311], [-110.47354, 27.37027], [-110.4735, 27.37686], [-110.48738, 27.38129], [-110.4921, 27.385], [-110.49966, 27.39338], [-110.51846, 27.37906], [-110.53038, 27.37324], [-110.54064, 27.37226], [-110.55093, 27.37739], [-110.55476, 27.38475], [-110.55431, 27.41014], [-110.5585, 27.43439], [-110.58741, 27.44937], [-110.58885, 27.51187], [-110.59803, 27.54368], [-110.62671, 27.60854], [-110.6271, 27.6411], [-110.61701, 27.65748], [-110.59919, 27.66462], [-110.57897, 27.66836], [-110.56794, 27.68138], [-110.57014, 27.69741], [-110.58194, 27.70014], [-110.59561, 27.69355], [-110.60334, 27.68138], [-110.59472, 27.7145], [-110.58902, 27.72236], [-110.57584, 27.72797], [-110.56338, 27.72948], [-110.55346, 27.73249], [-110.54809, 27.74282], [-110.5819, 27.74482], [-110.58802, 27.74743], [-109.41284, 27.74743]]], [[[-110.03675, 27.08932], [-110.01745, 27.08371], [-109.98525, 27.06957], [-109.95751, 27.05197], [-109.93803, 27.02116], [-109.94575, 27.02114], [-109.96841, 27.04906], [-109.99144, 27.0642], [-110.01869, 27.07684], [-110.0354, 27.07962], [-110.04444, 27.087], [-110.03675, 27.08932]]], [[[-110.60656, 27.35859], [-110.60456, 27.38251], [-110.59748, 27.40575], [-110.59309, 27.41699], [-110.59843, 27.37808], [-110.59404, 27.33183], [-110.57518, 27.31371], [-110.53066, 27.30039], [-110.53434, 27.28436], [-110.58856, 27.30273], [-110.60418, 27.31802], [-110.60656, 27.35859]]]]}, "properties": {"id": "zF4Y", "status": "validé", "pieces": [{"kind": "rect", "bounds": [-110.68176, 26.58479, -109.41284, 27.74743]}, {"kind": "clip"}]}}]}