{"type": "FeatureCollection", "features": [{"type": "Feature", "geometry": {"type": "Polygon", "coordinates": [[[88.11822, 27.86088], [88.14302, 27.85572], [88.15641, 27.85127], [88.16462, 27.84536], [88.16659, 27.8336], [88.1546, 27.81515], [88.15966, 27.77412], [88.14933, 27.74877], [88.13486, 27.72317], [88.11088, 27.6395], [88.04877, 27.54535], [88.02334, 27.49491], [88.0221, 27.48424], [88.02334, 27.47465], [88.02809, 27.45512], [88.03078, 27.45073], [88.03977, 27.44236], [88.04163, 27.43807], [88.03931, 27.42949], [88.03481, 27.42381], [88.02959, 27.41874], [88.02582, 27.41208], [88.01724, 27.38923], [88.01476, 27.37807], [88.01579, 27.36422], [88.02014, 27.35337], [88.03254, 27.33389], [88.03512, 27.32257], [88.02902, 27.29808], [88.00466, 27.24916], [87.98934, 27.21839], [87.98546, 27.14837], [87.97084, 27.11922], [87.96918, 27.1108], [87.97073, 27.10274], [87.97549, 27.09514], [87.9913, 27.0815], [88.00949, 27.04564], [88.02737, 27.03535], [88.04282, 27.02895], [88.05595, 27.01804], [88.07688, 26.99179], [88.09682, 26.95934], [88.11181, 26.9243], [88.12044, 26.90885], [88.14282, 26.87841], [88.15139, 26.86281], [88.15532, 26.8456], [88.15904, 26.80255], [88.16783, 26.76291], [88.16907, 26.744], [88.16752, 26.72504], [88.16338, 26.70514], [88.14664, 26.66122], [88.10168, 26.58194], [88.08714, 26.5391], [88.07982, 26.51756], [88.07915, 26.50737], [88.08225, 26.49487], [88.07419, 26.45394], [88.04432, 26.40568], [88.00665, 26.36986], [87.97549, 26.36656], [87.96122, 26.37896], [87.92898, 26.39643], [87.91477, 26.40826], [87.90851, 26.41782], [87.902, 26.43529], [87.8973, 26.44345], [87.89477, 26.44293], [87.87069, 26.46071], [87.86981, 26.46464], [87.85208, 26.46066], [87.8216, 26.43751], [87.80444, 26.43735], [87.78594, 26.44598], [87.76899, 26.45146], [87.75617, 26.44691], [87.74945, 26.42573], [87.74222, 26.41048], [87.72754, 26.40376], [87.7109, 26.40568], [87.69757, 26.41627], [87.68119, 26.42423], [87.65964, 26.41751], [87.64875, 26.40999], [87.62398, 26.39291], [87.58698, 26.37803], [87.55205, 26.38671], [87.48032, 26.4234], [87.44963, 26.42862], [87.41645, 26.42697], [87.38421, 26.41865], [87.3564, 26.40371], [87.34493, 26.38935], [87.32622, 26.35333], [87.31403, 26.34377], [87.30049, 26.34599], [87.25843, 26.36294], [87.2453, 26.37023], [87.23631, 26.3833], [87.22943, 26.39875], [87.2191, 26.4081], [87.18846, 26.39958], [87.13502, 26.3942], [87.10629, 26.40475], [87.08329, 26.43208], [87.06671, 26.46562], [87.05668, 26.49487], [87.05647, 26.49492], [87.045, 26.54427], [87.04443, 26.56117], [87.04133, 26.58019], [87.02991, 26.57977], [87.01544, 26.56897], [86.98521, 26.54066], [86.97245, 26.53197], [86.93515, 26.52029], [86.90713, 26.51151], [86.87597, 26.49492], [86.86568, 26.47244], [86.84636, 26.45265], [86.82186, 26.43813], [86.79644, 26.43151], [86.78724, 26.43306], [86.75189, 26.44552], [86.7382, 26.44371], [86.73071, 26.43379], [86.72409, 26.42195], [86.7136, 26.41456], [86.6952, 26.41823], [86.62534, 26.45632], [86.5579, 26.48402], [86.53795, 26.49487], [86.53775, 26.49487], [86.52431, 26.50908], [86.51062, 26.52014], [86.49491, 26.52784], [86.47548, 26.53197], [86.44483, 26.54308], [86.38365, 26.57285], [86.35367, 26.58262], [86.34484, 26.58262], [86.32318, 26.58008], [86.316, 26.58096], [86.30903, 26.58799], [86.30861, 26.60215], [86.30138, 26.60902], [86.28443, 26.61202], [86.26309, 26.60908], [86.22516, 26.5974], [86.20288, 26.58458], [86.19585, 26.58267], [86.18536, 26.58442], [86.17927, 26.58861], [86.17446, 26.59331], [86.16779, 26.59662], [86.15265, 26.60065], [86.14635, 26.60136], [86.1448, 26.60153], [86.12206, 26.60029], [86.11586, 26.60256], [86.11069, 26.60675], [86.0417, 26.64545], [86.01137, 26.65445], [85.97571, 26.64437], [85.95215, 26.64204], [85.93468, 26.6329], [85.86637, 26.57993], [85.84476, 26.56851], [85.82854, 26.56613], [85.82161, 26.57171], [85.81975, 26.57952], [85.81955, 26.5883], [85.81763, 26.59672], [85.80973, 26.60303], [85.80007, 26.6007], [85.78999, 26.59703], [85.781, 26.5992], [85.72705, 26.6376], [85.71289, 26.65321], [85.70224, 26.68845], [85.70963, 26.76245], [85.70183, 26.79661], [85.68777, 26.81185], [85.60938, 26.85102], [85.59858, 26.85438], [85.51946, 26.82643], [85.47569, 26.80524], [85.43962, 26.78772], [85.42154, 26.78266], [85.40319, 26.78762], [85.38588, 26.78844], [85.36924, 26.77501], [85.35535, 26.75991], [85.35322, 26.75759], [85.33704, 26.74679], [85.30237, 26.73734], [85.28728, 26.73697], [85.19493, 26.75888], [85.16568, 26.78627], [85.16553, 26.82079], [85.16202, 26.85102], [85.12284, 26.8657], [85.10021, 26.86353], [85.04399, 26.84374], [85.01856, 26.8458], [85.01686, 26.85924], [85.01805, 26.87443], [85.00084, 26.88224], [84.98818, 26.88379], [84.97577, 26.88689], [84.95273, 26.89764], [84.94425, 26.91572], [84.93857, 26.9366], [84.92405, 26.95567], [84.90157, 26.96719], [84.85175, 26.98213], [84.82829, 26.99484], [84.82813, 26.99494], [84.81749, 27.0106], [84.80193, 27.01375], [84.7855, 27.00848], [84.77196, 26.99918], [84.7607, 26.99902], [84.64024, 27.02838], [84.62727, 27.03649], [84.62148, 27.05799], [84.63037, 27.08083], [84.64453, 27.10372], [84.6544, 27.12537], [84.65982, 27.16511], [84.65765, 27.20341], [84.6482, 27.24072], [84.63192, 27.27704], [84.60655, 27.31048], [84.57704, 27.32903], [84.28941, 27.37611], [84.2677, 27.38856], [84.24889, 27.41244], [84.23902, 27.43114], [84.22554, 27.44039], [84.19525, 27.43605], [84.18585, 27.43864], [84.1751, 27.46298], [84.16575, 27.47217], [84.14172, 27.48075], [84.13097, 27.48641], [84.12156, 27.49496], [84.11717, 27.51328], [84.09955, 27.51687], [84.0796, 27.50954], [84.02891, 27.45373], [84.00767, 27.44081], [83.97584, 27.43972], [83.93594, 27.44608], [83.92302, 27.44995], [83.92204, 27.4497], [83.89987, 27.44386], [83.85352, 27.44096], [83.83409, 27.43404], [83.84272, 27.41807], [83.87119, 27.38944], [83.87367, 27.38009], [83.87765, 27.36991], [83.87739, 27.36174], [83.86752, 27.35838], [83.86173, 27.35451], [83.8546, 27.34505], [83.85334, 27.34619], [83.84799, 27.35104], [83.802, 27.36593], [83.6634, 27.43228], [83.59043, 27.45662], [83.48098, 27.46975], [83.38703, 27.47047], [83.36099, 27.4622], [83.35592, 27.45249], [83.35386, 27.44029], [83.35582, 27.42866], [83.37096, 27.41021], [83.36957, 27.39817], [83.36275, 27.38562], [83.34114, 27.35694], [83.32435, 27.34169], [83.30487, 27.33192], [83.28244, 27.33094], [83.2595, 27.33813], [83.24942, 27.3481], [83.24312, 27.36216], [83.23159, 27.38122], [83.21924, 27.39378], [83.16963, 27.43119], [83.13279, 27.44422], [83.01047, 27.44339], [82.94716, 27.45732], [82.90127, 27.48036], [82.87626, 27.48755], [82.75214, 27.49496], [82.72971, 27.51817], [82.71886, 27.55612], [82.70925, 27.63092], [82.69705, 27.6694], [82.67969, 27.69441], [82.67389, 27.69646], [82.65214, 27.70415], [82.52616, 27.67521], [82.44068, 27.66643], [82.40193, 27.67717], [82.34792, 27.72601], [82.27041, 27.76048], [82.15104, 27.84828], [82.10742, 27.86357], [82.09037, 27.87233], [82.07166, 27.89003], [82.05161, 27.90517], [82.05021, 27.90559], [82.02722, 27.91241], [81.9759, 27.91695], [81.9464, 27.90535], [81.90609, 27.86311], [81.8832, 27.84905], [81.85565, 27.85094], [81.82785, 27.86564], [81.80015, 27.88409], [81.75013, 27.90967], [81.71039, 27.94752], [81.68895, 27.9632], [81.66543, 27.9708], [81.61505, 27.98124], [81.59536, 27.99478], [81.5951, 27.99488], [81.58218, 28.01328], [81.56193, 28.02599], [81.47346, 28.0664], [81.45821, 28.07728], [81.45403, 28.08661], [81.45294, 28.09705], [81.44824, 28.11141], [81.43527, 28.12978], [81.41733, 28.14702], [81.39604, 28.16063], [81.3732, 28.16784], [81.35791, 28.16598], [81.35145, 28.15681], [81.34726, 28.14443], [81.33812, 28.13273], [81.3237, 28.12624], [81.30706, 28.12381], [81.29621, 28.12831], [81.29941, 28.14252], [81.28308, 28.14609], [81.27678, 28.15379], [81.28075, 28.16198], [81.29595, 28.16746], [81.28236, 28.19159], [81.22432, 28.25078], [81.21073, 28.27864], [81.19037, 28.33812], [81.1697, 28.36132], [81.14634, 28.37225], [81.04707, 28.38909], [81.00041, 28.397], [80.99317, 28.40783], [80.99131, 28.42026], [80.9878, 28.43098], [80.97602, 28.43692], [80.96052, 28.43227], [80.94119, 28.43268], [80.92134, 28.4362], [80.90527, 28.44085], [80.88667, 28.45279], [80.88186, 28.46684], [80.88036, 28.48188], [80.87225, 28.49687], [80.85799, 28.50245], [80.81701, 28.50255], [80.79841, 28.5057], [80.78166, 28.51475], [80.74353, 28.54996], [80.72709, 28.55968], [80.69578, 28.56751], [80.67862, 28.57472], [80.66818, 28.58634], [80.64834, 28.61975], [80.63563, 28.62787], [80.59852, 28.63378], [80.58137, 28.63895], [80.56359, 28.64704], [80.55687, 28.65502], [80.55739, 28.66435], [80.55904, 28.67303], [80.55584, 28.67895], [80.53444, 28.67956], [80.5176, 28.68003], [80.49755, 28.67014], [80.48762, 28.65647], [80.48494, 28.63929], [80.49341, 28.57565], [80.48845, 28.56244], [80.46881, 28.57185], [80.42654, 28.61681], [80.40835, 28.62634], [80.3883, 28.62725], [80.36908, 28.62265], [80.34975, 28.62022], [80.3297, 28.62748], [80.31833, 28.64011], [80.29105, 28.68967], [80.2834, 28.69536], [80.26521, 28.69928], [80.25704, 28.70275], [80.2494, 28.71021], [80.23896, 28.72626], [80.23327, 28.73272], [80.21643, 28.74194], [80.18118, 28.74729], [80.16206, 28.75329], [80.14759, 28.76331], [80.11421, 28.80258], [80.08186, 28.81935], [80.07305, 28.82092], [80.05478, 28.82418], [80.03639, 28.83703], [80.03029, 28.87767], [80.03111, 28.8978], [80.03391, 28.91594], [80.04052, 28.93281], [80.05292, 28.94911], [80.06843, 28.95994], [80.08517, 28.96748], [80.09943, 28.97728], [80.10791, 28.99459], [80.10791, 28.99477], [80.1047, 29.02761], [80.11307, 29.07221], [80.13261, 29.11021], [80.16351, 29.12337], [80.18056, 29.12132], [80.20144, 29.12117], [80.22066, 29.12608], [80.23307, 29.13931], [80.23048, 29.15473], [80.21374, 29.19656], [80.2188, 29.21109], [80.23606, 29.21308], [80.24867, 29.20439], [80.25818, 29.20246], [80.27875, 29.26808], [80.28278, 29.29131], [80.28009, 29.31015], [80.27275, 29.31571], [80.26355, 29.31532], [80.25498, 29.31664], [80.2495, 29.327], [80.24216, 29.36741], [80.22097, 29.40012], [80.21374, 29.41689], [80.21767, 29.43464], [80.22831, 29.44172], [80.25746, 29.45006], [80.26345, 29.45924], [80.26624, 29.47213], [80.27306, 29.47867], [80.28205, 29.4843], [80.29115, 29.49461], [80.29146, 29.49474], [80.31151, 29.50812], [80.32009, 29.51582], [80.32722, 29.52484], [80.32763, 29.52993], [80.32505, 29.53551], [80.3236, 29.54166], [80.32722, 29.54858], [80.3327, 29.55246], [80.3451, 29.55835], [80.35079, 29.56207], [80.37332, 29.58419], [80.3852, 29.60484], [80.38675, 29.62682], [80.37755, 29.65295], [80.36391, 29.67971], [80.3544, 29.70488], [80.3543, 29.73028], [80.36898, 29.75793], [80.39523, 29.77658], [80.45486, 29.79059], [80.47615, 29.80614], [80.52731, 29.86242], [80.54953, 29.89368], [80.56287, 29.9297], [80.57134, 29.94685], [80.58622, 29.95414], [80.62229, 29.95817], [80.64141, 29.96344], [80.65413, 29.97058], [80.68017, 29.99207], [80.71583, 30.01331], [80.72575, 30.02277], [80.75572, 30.06457], [80.76967, 30.07729], [80.82982, 30.11713], [80.84967, 30.14338], [80.83644, 30.17005], [80.85039, 30.18193], [80.86791, 30.20017], [80.88368, 30.21028], [80.88388, 30.21041], [80.89365, 30.1981], [80.90331, 30.18043], [80.92083, 30.17666], [80.98816, 30.19656], [80.99602, 30.19697], [81.00651, 30.18891], [81.01943, 30.17227], [81.0309, 30.15273], [81.04366, 30.12023], [81.06661, 30.08716], [81.0742, 30.07191], [81.08445, 30.02788], [81.08485, 30.02618], [81.09777, 30.01693], [81.12459, 30.02277], [81.1481, 30.02323], [81.19451, 30.00447], [81.21683, 30.0082], [81.22727, 30.02246], [81.22572, 30.05047], [81.23952, 30.05879], [81.25709, 30.06354], [81.2668, 30.06995], [81.2679, 30.07205], [81.27202, 30.07992], [81.27595, 30.09537], [81.2745, 30.10219], [81.26634, 30.11775], [81.26696, 30.12509], [81.2777, 30.13186], [81.29326, 30.13284], [81.30954, 30.13206], [81.32241, 30.13377], [81.33827, 30.14354], [81.35005, 30.15723], [81.35729, 30.17356], [81.36183, 30.20477], [81.37439, 30.22312], [81.37785, 30.23263], [81.37692, 30.2412], [81.37052, 30.25728], [81.36902, 30.26606], [81.36804, 30.30105], [81.37155, 30.31691], [81.38214, 30.33128], [81.38726, 30.34513], [81.38488, 30.36094], [81.38752, 30.37391], [81.40741, 30.37918], [81.42612, 30.37251], [81.46281, 30.34135], [81.48307, 30.3319], [81.50937, 30.32838], [81.52069, 30.33195], [81.53195, 30.37034], [81.53681, 30.37856], [81.54425, 30.38264], [81.56327, 30.38559], [81.57671, 30.39096], [81.58198, 30.39944], [81.58508, 30.40812], [81.59159, 30.41427], [81.61401, 30.4169], [81.63572, 30.41096], [81.75737, 30.3629], [81.77902, 30.35805], [81.8015, 30.3613], [81.82279, 30.36817], [81.84439, 30.37117], [81.88718, 30.355], [81.92149, 30.35737], [81.94123, 30.35396], [81.95012, 30.34838], [81.96211, 30.33365], [81.96903, 30.32828], [81.97885, 30.32683], [81.98846, 30.32978], [81.99818, 30.33407], [82.00763, 30.33681], [82.04985, 30.33923], [82.07321, 30.33722], [82.08877, 30.33009], [82.09321, 30.31474], [82.0821, 30.25733], [82.08499, 30.23082], [82.0959, 30.21345], [82.11424, 30.20219], [82.14039, 30.19402], [82.15569, 30.18136], [82.15099, 30.16224], [82.12758, 30.12436], [82.12871, 30.11077], [82.13522, 30.08974], [82.14453, 30.06943], [82.15383, 30.05817], [82.17424, 30.05548], [82.19217, 30.06147], [82.21067, 30.06442], [82.25573, 30.03967], [82.27599, 30.03693], [82.29651, 30.03682], [82.31888, 30.03181], [82.32715, 30.02571], [82.33909, 30.00923], [82.3473, 30.00344], [82.36374, 30.00117], [82.37914, 30.00323], [82.39443, 30.00313], [82.40978, 29.9946], [82.42285, 29.97967], [82.43893, 29.96577], [82.45707, 29.95409], [82.47582, 29.94551], [82.52424, 29.93239], [82.54181, 29.92324], [82.6185, 29.83983], [82.63586, 29.82903], [82.64641, 29.82934], [82.66697, 29.83503], [82.67731, 29.83441], [82.68899, 29.82774], [82.68919, 29.81958], [82.68465, 29.80971], [82.68175, 29.79772], [82.69095, 29.78074], [82.75152, 29.73932], [82.77012, 29.71416], [82.78108, 29.70511], [82.79306, 29.69951], [82.80516, 29.69597], [82.81554, 29.69013], [82.82237, 29.67796], [82.83658, 29.65979], [82.85745, 29.6662], [82.88009, 29.68111], [82.89973, 29.68842], [82.90913, 29.68462], [82.9237, 29.66966], [82.93192, 29.66418], [82.9421, 29.66295], [82.96432, 29.66589], [82.9759, 29.66403], [83.03289, 29.62047], [83.0409, 29.61029], [83.0545, 29.58605], [83.06494, 29.57879], [83.07956, 29.57964], [83.08555, 29.59039], [83.08845, 29.60442], [83.09336, 29.61514], [83.10028, 29.61768], [83.12669, 29.62341], [83.15005, 29.62563], [83.16209, 29.62517], [83.17356, 29.62127], [83.18725, 29.6121], [83.19087, 29.6069], [83.19449, 29.59365], [83.19718, 29.5891], [83.20493, 29.58491], [83.22188, 29.57982], [83.22932, 29.57595], [83.25257, 29.5552], [83.26084, 29.54205], [83.26332, 29.52709], [83.25991, 29.51877], [83.25402, 29.51329], [83.24875, 29.50657], [83.2472, 29.49474], [83.26394, 29.47301], [83.32797, 29.48502], [83.3552, 29.46073], [83.35779, 29.44275], [83.3552, 29.42797], [83.35701, 29.41536], [83.38724, 29.3935], [83.38941, 29.38245], [83.38827, 29.37022], [83.39313, 29.35625], [83.40502, 29.34648], [83.41778, 29.3409], [83.42817, 29.33346], [83.43721, 29.30524], [83.44822, 29.29677], [83.47581, 29.28692], [83.49338, 29.27615], [83.503, 29.26103], [83.5125, 29.22349], [83.51457, 29.20181], [83.51705, 29.19171], [83.52372, 29.18359], [83.53597, 29.17923], [83.56139, 29.17623], [83.57203, 29.1684], [83.58382, 29.16215], [83.62444, 29.15546], [83.63927, 29.15476], [83.65499, 29.16041], [83.65601, 29.16078], [83.6634, 29.17481], [83.66774, 29.19233], [83.67508, 29.20876], [83.69549, 29.22618], [83.71973, 29.23359], [83.74536, 29.23447], [83.77063, 29.23225], [83.79321, 29.23475], [83.83786, 29.254], [83.86163, 29.2602], [83.86886, 29.26344], [83.87739, 29.27677], [83.88344, 29.28201], [83.91439, 29.2894], [83.93315, 29.29178], [83.94555, 29.29183], [83.95795, 29.28904], [83.96726, 29.2847], [83.97325, 29.27702], [83.97584, 29.26375], [83.98824, 29.26953], [84.0009, 29.27253], [84.01252, 29.2702], [84.02152, 29.25977], [84.03521, 29.24762], [84.05304, 29.25036], [84.07206, 29.25698], [84.08973, 29.25661], [84.09914, 29.247], [84.10534, 29.21992], [84.11236, 29.2091], [84.12601, 29.20625], [84.14198, 29.20827], [84.15546, 29.20664], [84.16166, 29.19253], [84.1552, 29.17595], [84.14172, 29.16026], [84.13226, 29.1438], [84.138, 29.12466], [84.16011, 29.10549], [84.16621, 29.09846], [84.16972, 29.08892], [84.17546, 29.0574], [84.1982, 29.04531], [84.22057, 29.0389], [84.23143, 29.02598], [84.20673, 28.94066], [84.22529, 28.91411], [84.23515, 28.90002], [84.286, 28.87374], [84.354, 28.86129], [84.3663, 28.85674], [84.37659, 28.84884], [84.39307, 28.82434], [84.41431, 28.80827], [84.42273, 28.79917], [84.43782, 28.75334], [84.45085, 28.73388], [84.47575, 28.72729], [84.49859, 28.72786], [84.51565, 28.7214], [84.53198, 28.71269], [84.55182, 28.70639], [84.60722, 28.6982], [84.61621, 28.69365], [84.62582, 28.67608], [84.63264, 28.66879], [84.65228, 28.66239], [84.67114, 28.65895], [84.68297, 28.65076], [84.67776, 28.6044], [84.69083, 28.59614], [84.73662, 28.59417], [84.75563, 28.58541], [84.78178, 28.5589], [84.79914, 28.54663], [84.81196, 28.54198], [84.82395, 28.54053], [84.87929, 28.54363], [84.89144, 28.54177], [84.90787, 28.53702], [84.91872, 28.53568], [84.92849, 28.53847], [84.93645, 28.54477], [84.94895, 28.56828], [84.95495, 28.5743], [84.98477, 28.58859], [84.99407, 28.59081], [85.00249, 28.59443], [85.00916, 28.60254], [85.01877, 28.61986], [85.02528, 28.62841], [85.0321, 28.63407], [85.05494, 28.63869], [85.07504, 28.63166], [85.11189, 28.60882], [85.16098, 28.595], [85.16801, 28.58319], [85.15695, 28.53314], [85.15375, 28.5249], [85.14765, 28.51583], [85.14036, 28.51092], [85.12315, 28.50459], [85.11721, 28.49733], [85.11566, 28.49149], [85.11556, 28.47273], [85.10946, 28.4593], [85.08367, 28.44553], [85.07758, 28.43568], [85.08569, 28.38101], [85.08569, 28.36153], [85.08187, 28.3317], [85.08021, 28.31879], [85.0874, 28.30411], [85.10941, 28.29225], [85.13416, 28.29197], [85.15457, 28.30086], [85.17359, 28.30432], [85.20573, 28.27828], [85.22392, 28.27169], [85.24341, 28.26791], [85.25958, 28.26693], [85.27312, 28.26983], [85.30102, 28.28107], [85.3126, 28.28277], [85.32573, 28.2774], [85.33482, 28.26869], [85.34536, 28.26125], [85.36257, 28.25967], [85.37782, 28.26598], [85.40138, 28.28879], [85.41523, 28.29644], [85.43156, 28.29706], [85.44665, 28.29215], [85.47569, 28.2791], [85.49755, 28.28262], [85.52065, 28.28293], [85.5437, 28.28039], [85.5653, 28.27538], [85.5855, 28.26319], [85.59894, 28.25083], [85.61181, 28.25115], [85.63909, 28.28789], [85.64695, 28.2937], [85.66814, 28.30055], [85.67506, 28.30639], [85.6762, 28.31512], [85.67599, 28.32473], [85.67914, 28.3329], [85.69294, 28.33522], [85.698, 28.31344], [85.69976, 28.2691], [85.71557, 28.24337], [85.73449, 28.22153], [85.7566, 28.20324], [85.78275, 28.1881], [85.82689, 28.17048], [85.84828, 28.15893], [85.86337, 28.14335], [85.86704, 28.13293], [85.87174, 28.11092], [85.8891, 28.09028], [85.89107, 28.0809], [85.88983, 28.07126], [85.89045, 28.05919], [85.8983, 28.03602], [85.90895, 28.02242], [85.94398, 27.99473], [85.95659, 27.97623], [85.95628, 27.95687], [85.95184, 27.9368], [85.95122, 27.91623], [85.96269, 27.89137], [85.98026, 27.88517], [86.02646, 27.88993], [86.05142, 27.88755], [86.0546, 27.88801], [86.0617, 27.88905], [86.07565, 27.89478], [86.10718, 27.92284], [86.11286, 27.9268], [86.11224, 27.93726], [86.10718, 27.94424], [86.10056, 27.95023], [86.0956, 27.95785], [86.09508, 27.96889], [86.09803, 27.97752], [86.09813, 27.98563], [86.0894, 27.99473], [86.0894, 27.99488], [86.0893, 27.99488], [86.07917, 28.00113], [86.07762, 28.00695], [86.07953, 28.01333], [86.07953, 28.02165], [86.08392, 28.03855], [86.0847, 28.04387], [86.08155, 28.0517], [86.07018, 28.06671], [86.06873, 28.07676], [86.15596, 28.15652], [86.17601, 28.15301], [86.18604, 28.13353], [86.18717, 28.1087], [86.18076, 28.08875], [86.17224, 28.07183], [86.17446, 28.06245], [86.18185, 28.05488], [86.18914, 28.04361], [86.19601, 28.01457], [86.20304, 28.00258], [86.21776, 27.99498], [86.21792, 27.99493], [86.21838, 27.99473], [86.23854, 27.98956], [86.259, 27.98765], [86.27807, 27.98369], [86.29466, 27.97238], [86.31822, 27.94579], [86.32773, 27.93969], [86.33755, 27.93804], [86.34561, 27.94093], [86.35367, 27.94481], [86.36298, 27.9461], [86.37197, 27.94196], [86.40571, 27.917], [86.4253, 27.90993], [86.43884, 27.91086], [86.47548, 27.9276], [86.49692, 27.93788], [86.51046, 27.95243], [86.51676, 27.97143], [86.51645, 27.99473], [86.5162, 28.01225], [86.52229, 28.02372], [86.53092, 28.03369], [86.53837, 28.04718], [86.54074, 28.06216], [86.54126, 28.07821], [86.54415, 28.09302], [86.55356, 28.10415], [86.56953, 28.10661], [86.58312, 28.09803], [86.59686, 28.0865], [86.61231, 28.08028], [86.62715, 28.08348], [86.64947, 28.10118], [86.66198, 28.10684], [86.68006, 28.10573], [86.69965, 28.09875], [86.71768, 28.08826], [86.73174, 28.07692], [86.73598, 28.06485], [86.7322, 28.03496], [86.7398, 28.0215], [86.76998, 28.01209], [86.84047, 28.01478], [86.86817, 27.99488], [86.86817, 27.99473], [86.8769, 27.97065], [86.89307, 27.95419], [86.91473, 27.94512], [86.94036, 27.9431], [86.97023, 27.94744], [86.98209, 27.95067], [86.98873, 27.95248], [87.00568, 27.9515], [87.03053, 27.93809], [87.062, 27.90843], [87.11652, 27.84458], [87.1558, 27.8258], [87.182, 27.8245], [87.2329, 27.82972], [87.29052, 27.81608], [87.31393, 27.82859], [87.33584, 27.84636], [87.36384, 27.85525], [87.38534, 27.84941], [87.38069, 27.83582], [87.36912, 27.81908], [87.36912, 27.80394], [87.38679, 27.8044], [87.47557, 27.8267], [87.51453, 27.8352], [87.53159, 27.8368], [87.55133, 27.83189], [87.55598, 27.82709], [87.5598, 27.81908], [87.56507, 27.81086], [87.57334, 27.80502], [87.58998, 27.80461], [87.62109, 27.81954], [87.63608, 27.82365], [87.65995, 27.81988], [87.67853, 27.81335], [87.70047, 27.80564], [87.72682, 27.80776], [87.75638, 27.82037], [87.77984, 27.83944], [87.79865, 27.86347], [87.81415, 27.89096], [87.82588, 27.90657], [87.83669, 27.90832], [87.85612, 27.89861], [87.93456, 27.8953], [87.94521, 27.8923], [87.96639, 27.88274], [87.97843, 27.88052], [87.99182, 27.88264], [88.01812, 27.89215], [88.02995, 27.89334], [88.0528, 27.88652], [88.09574, 27.86533], [88.11822, 27.86088]]]}, "properties": {"id": "0YtE", "status": "validé", "pieces": [{"kind": "country"}]}}, {"type": "Feature", "geometry": {"type": "Polygon", "coordinates": [[[86.72007, 27.74009], [86.72007, 27.76317], [86.70582, 27.76317], [86.70582, 27.74009], [86.72007, 27.74009]]]}, "properties": {"id": "13Id", "status": "validé", "pieces": [{"kind": "rect", "bounds": [86.70582, 27.74009, 86.72007, 27.76317]}]}}, {"type": "Feature", "geometry": {"type": "Polygon", "coordinates": [[[86.72247, 27.70271], [86.72247, 27.73598], [86.70702, 27.73598], [86.70702, 27.70271], [86.72247, 27.70271]]]}, "properties": {"id": "15gH", "status": "validé", "pieces": [{"kind": "rect", "bounds": [86.70702, 27.70271, 86.72247, 27.73598]}]}}, {"type": "Feature", "geometry": {"type": "Polygon", "coordinates": [[[87.05566, 26.619], [86.81396, 26.64845], [86.69861, 26.87397], [86.80847, 27.00125], [87.23145, 26.97678], [87.46216, 27.05505], [87.79175, 27.13326], [87.97661, 27.13073], [87.97084, 27.11922], [87.96918, 27.1108], [87.97073, 27.10274], [87.97549, 27.09514], [87.9913, 27.0815], [88.00949, 27.04564], [88.02737, 27.03535], [88.04282, 27.02895], [88.05595, 27.01804], [88.07688, 26.99179], [88.09682, 26.95934], [88.11181, 26.9243], [88.12044, 26.90885], [88.14282, 26.87841], [88.15139, 26.86281], [88.15532, 26.8456], [88.15904, 26.80255], [88.16783, 26.76291], [88.16907, 26.744], [88.16752, 26.72504], [88.16338, 26.70514], [88.14664, 26.66122], [88.10168, 26.58194], [88.08714, 26.5391], [88.07982, 26.51756], [88.07915, 26.50737], [88.08225, 26.49487], [88.07419, 26.45394], [88.04432, 26.40568], [88.00665, 26.36986], [87.97549, 26.36656], [87.96122, 26.37896], [87.92898, 26.39643], [87.91477, 26.40826], [87.90851, 26.41782], [87.902, 26.43529], [87.8973, 26.44345], [87.89477, 26.44293], [87.87069, 26.46071], [87.86981, 26.46464], [87.85208, 26.46066], [87.8216, 26.43751], [87.80444, 26.43735], [87.78594, 26.44598], [87.76899, 26.45146], [87.75617, 26.44691], [87.74945, 26.42573], [87.74222, 26.41048], [87.72754, 26.40376], [87.7109, 26.40568], [87.69757, 26.41627], [87.68119, 26.42423], [87.65964, 26.41751], [87.64875, 26.40999], [87.62398, 26.39291], [87.58698, 26.37803], [87.55205, 26.38671], [87.48032, 26.4234], [87.44963, 26.42862], [87.41645, 26.42697], [87.38421, 26.41865], [87.3564, 26.40371], [87.34493, 26.38935], [87.32622, 26.35333], [87.31403, 26.34377], [87.30049, 26.34599], [87.25843, 26.36294], [87.2453, 26.37023], [87.23631, 26.3833], [87.22943, 26.39875], [87.2191, 26.4081], [87.18846, 26.39958], [87.13502, 26.3942], [87.10629, 26.40475], [87.08329, 26.43208], [87.06671, 26.46562], [87.05668, 26.49487], [87.05647, 26.49492], [87.045, 26.54427], [87.04498, 26.54495], [87.05566, 26.619]]]}, "properties": {"id": "3OLY", "status": "validé", "pieces": [{"kind": "polygon", "ring": [[87.03369, 26.46672], [87.05566, 26.619], [86.81396, 26.64845], [86.69861, 26.87397], [86.80847, 27.00125], [87.23145, 26.97678], [87.46216, 27.05505], [87.79175, 27.13326], [88.1488, 27.12838], [88.27515, 26.76617], [88.26416, 26.37329], [87.90161, 26.22561], [87.1051, 26.35853]]}, {"kind": "clip"}]}}, {"type": "Feature", "geometry": {"type": "Polygon", "coordinates": [[[87.7533, 26.79057], [87.90161, 26.93752], [87.98389, 27.08789], [87.9913, 27.0815], [88.00949, 27.04564], [88.02737, 27.03535], [88.04282, 27.02895], [88.05595, 27.01804], [88.07688, 26.99179], [88.09682, 26.95934], [88.11181, 26.9243], [88.12044, 26.90885], [88.14282, 26.87841], [88.15139, 26.86281], [88.15532, 26.8456], [88.15904, 26.80255], [88.16783, 26.76291], [88.16907, 26.744], [88.16752, 26.72504], [88.16338, 26.70514], [88.14664, 26.66122], [88.10168, 26.58194], [88.08714, 26.5391], [88.07982, 26.51756], [88.07915, 26.50737], [88.08225, 26.49487], [88.07419, 26.45394], [88.04432, 26.40568], [88.00665, 26.36986], [87.97549, 26.36656], [87.96122, 26.37896], [87.92898, 26.39643], [87.91477, 26.40826], [87.90851, 26.41782], [87.902, 26.43529], [87.8973, 26.44345], [87.89477, 26.44293], [87.87069, 26.46071], [87.86981, 26.46464], [87.85208, 26.46066], [87.8216, 26.43751], [87.80444, 26.43735], [87.79732, 26.44067], [87.79724, 26.44203], [87.7533, 26.79057]]]}, "properties": {"id": "3thG", "status": "validé", "pieces": [{"kind": "polygon", "ring": [[87.79724, 26.44203], [87.7533, 26.79057], [87.90161, 26.93752], [88.00598, 27.12827], [88.29712, 27.08428], [88.24219, 26.58943], [88.13232, 26.30429], [87.80273, 26.34858]]}, {"kind": "clip"}]}}, {"type": "Feature", "geometry": {"type": "MultiPolygon", "coordinates": [[[[84.95178, 27.25006], [85.09186, 27.2525], [85.18524, 27.23053], [85.23743, 27.16705], [85.23743, 27.0693], [85.19348, 26.97881], [85.14954, 26.89069], [85.12134, 26.86556], [85.10021, 26.86353], [85.04399, 26.84374], [85.01856, 26.8458], [85.01686, 26.85924], [85.01805, 26.87443], [85.00084, 26.88224], [84.98818, 26.88379], [84.97577, 26.88689], [84.95273, 26.89764], [84.94425, 26.91572], [84.93857, 26.9366], [84.92405, 26.95567], [84.90157, 26.96719], [84.85175, 26.98213], [84.84641, 26.98502], [84.83368, 26.99838], [84.81445, 27.11574], [84.95178, 27.25006]]], [[[85.07538, 27.39154], [85.00671, 27.47439], [85.01495, 27.52066], [85.06439, 27.5523], [85.15228, 27.55961], [85.31158, 27.50605], [85.41595, 27.45002], [85.47089, 27.39397], [85.43243, 27.3379], [85.35828, 27.3257], [85.17975, 27.35009], [85.07538, 27.39154]]]]}, "properties": {"id": "4SYu", "status": "validé", "pieces": [{"kind": "polygon", "ring": [[84.83368, 26.99838], [84.81445, 27.11574], [84.95178, 27.25006], [85.09186, 27.2525], [85.18524, 27.23053], [85.23743, 27.16705], [85.23743, 27.0693], [85.19348, 26.97881], [85.14954, 26.89069], [85.10834, 26.85396], [85.00397, 26.81966]]}, {"kind": "clip"}, {"kind": "polygon", "ring": [[85.35828, 27.3257], [85.17975, 27.35009], [85.07538, 27.39154], [85.00671, 27.47439], [85.01495, 27.52066], [85.06439, 27.5523], [85.15228, 27.55961], [85.31158, 27.50605], [85.41595, 27.45002], [85.47089, 27.39397], [85.43243, 27.3379]]}]}}, {"type": "Feature", "geometry": {"type": "Polygon", "coordinates": [[[80.46387, 29.63204], [81.19995, 29.43138], [81.41968, 29.22074], [81.49658, 28.73078], [81.76025, 28.58623], [82.24365, 28.54765], [82.44141, 28.54765], [82.91382, 28.35454], [83.21045, 28.21916], [83.50708, 28.07391], [83.6499, 27.73424], [83.23242, 27.85082], [82.85889, 27.96727], [82.27661, 28.14172], [81.83716, 28.23851], [81.50757, 28.40285], [81.29883, 28.60552], [80.92529, 28.83665], [80.66162, 29.02888], [80.2771, 29.10567], [80.24495, 29.20696], [80.24867, 29.20439], [80.25818, 29.20246], [80.27875, 29.26808], [80.28278, 29.29131], [80.28009, 29.31015], [80.27275, 29.31571], [80.26355, 29.31532], [80.25498, 29.31664], [80.2495, 29.327], [80.24216, 29.36741], [80.22097, 29.40012], [80.21374, 29.41689], [80.21767, 29.43464], [80.22831, 29.44172], [80.25746, 29.45006], [80.26345, 29.45924], [80.26624, 29.47213], [80.27306, 29.47867], [80.28205, 29.4843], [80.29115, 29.49461], [80.29146, 29.49474], [80.31151, 29.50812], [80.32009, 29.51582], [80.32722, 29.52484], [80.32763, 29.52993], [80.32505, 29.53551], [80.3236, 29.54166], [80.32722, 29.54858], [80.3327, 29.55246], [80.3451, 29.55835], [80.35079, 29.56207], [80.37332, 29.58419], [80.3852, 29.60484], [80.38675, 29.62682], [80.38492, 29.63204], [80.46387, 29.63204]]]}, "properties": {"id": "4cJ4", "status": "validé", "pieces": [{"kind": "polygon", "ring": [[80.2771, 29.10567], [80.66162, 29.02888], [80.92529, 28.83665], [81.29883, 28.60552], [81.50757, 28.40285], [81.83716, 28.23851], [82.27661, 28.14172], [82.85889, 27.96727], [83.23242, 27.85082], [83.6499, 27.73424], [83.50708, 28.07391], [83.21045, 28.21916], [82.91382, 28.35454], [82.44141, 28.54765], [82.24365, 28.54765], [81.76025, 28.58623], [81.49658, 28.73078], [81.41968, 29.22074], [81.19995, 29.43138], [80.46387, 29.63204], [80.354, 29.63204], [80.13428, 29.55564]]}, {"kind": "clip"}]}}, {"type": "Feature", "geometry": {"type": "Polygon", "coordinates": [[[86.8998, 27.86047], [86.6993, 27.86047], [86.6993, 28.00964], [86.84761, 28.00964], [86.86817, 27.99488], [86.86817, 27.99473], [86.8769, 27.97065], [86.89307, 27.95419], [86.8998, 27.95137], [86.8998, 27.86047]]]}, "properties": {"id": "5sld", "status": "validé", "pieces": [{"kind": "rect", "bounds": [86.6993, 27.86047, 86.8998, 28.00964]}, {"kind": "clip"}]}}, {"type": "Feature", "geometry": {"type": "Polygon", "coordinates": [[[86.74667, 27.85797], [86.74667, 27.9244], [86.70685, 27.9244], [86.70685, 27.85797], [86.74667, 27.85797]]]}, "properties": {"id": "6zi1", "status": "validé", "pieces": [{"kind": "rect", "bounds": [86.70685, 27.85797, 86.74667, 27.9244]}]}}, {"type": "Feature", "geometry": {"type": "Polygon", "coordinates": [[[88.11822, 27.86088], [88.14302, 27.85572], [88.15641, 27.85127], [88.16462, 27.84536], [88.16659, 27.8336], [88.1546, 27.81515], [88.15966, 27.77412], [88.14933, 27.74877], [88.13486, 27.72317], [88.11088, 27.6395], [88.04877, 27.54535], [88.02334, 27.49491], [88.0221, 27.48424], [88.02334, 27.47465], [88.02809, 27.45512], [88.03078, 27.45073], [88.03977, 27.44236], [88.04163, 27.43807], [88.03931, 27.42949], [88.03481, 27.42381], [88.02959, 27.41874], [88.02582, 27.41208], [88.01724, 27.38923], [88.01476, 27.37807], [88.01579, 27.36422], [88.02014, 27.35337], [88.03254, 27.33389], [88.03512, 27.32257], [88.02902, 27.29808], [88.00466, 27.24916], [87.98934, 27.21839], [87.98546, 27.14837], [87.97084, 27.11922], [87.96918, 27.1108], [87.97073, 27.10274], [87.97549, 27.09514], [87.9913, 27.0815], [88.00949, 27.04564], [88.02737, 27.03535], [88.04282, 27.02895], [88.05595, 27.01804], [88.07688, 26.99179], [88.09682, 26.95934], [88.11181, 26.9243], [88.12044, 26.90885], [88.14282, 26.87841], [88.15139, 26.86281], [88.15532, 26.8456], [88.15904, 26.80255], [88.16783, 26.76291], [88.16907, 26.744], [88.16752, 26.72504], [88.16338, 26.70514], [88.14664, 26.66122], [88.10168, 26.58194], [88.08714, 26.5391], [88.07982, 26.51756], [88.07915, 26.50737], [88.08225, 26.49487], [88.07419, 26.45394], [88.04432, 26.40568], [88.00665, 26.36986], [87.97549, 26.36656], [87.96122, 26.37896], [87.92898, 26.39643], [87.91477, 26.40826], [87.90851, 26.41782], [87.902, 26.43529], [87.8973, 26.44345], [87.89477, 26.44293], [87.87069, 26.46071], [87.86981, 26.46464], [87.85208, 26.46066], [87.8216, 26.43751], [87.80444, 26.43735], [87.78594, 26.44598], [87.76899, 26.45146], [87.75617, 26.44691], [87.74945, 26.42573], [87.74222, 26.41048], [87.72754, 26.40376], [87.7109, 26.40568], [87.69757, 26.41627], [87.68119, 26.42423], [87.65964, 26.41751], [87.64875, 26.40999], [87.62398, 26.39291], [87.58698, 26.37803], [87.55205, 26.38671], [87.48032, 26.4234], [87.44963, 26.42862], [87.41645, 26.42697], [87.38421, 26.41865], [87.3564, 26.40371], [87.34493, 26.38935], [87.32622, 26.35333], [87.31403, 26.34377], [87.30049, 26.34599], [87.25843, 26.36294], [87.2453, 26.37023], [87.23631, 26.3833], [87.22943, 26.39875], [87.2191, 26.4081], [87.18846, 26.39958], [87.13502, 26.3942], [87.10629, 26.40475], [87.08329, 26.43208], [87.06671, 26.46562], [87.05668, 26.49487], [87.05647, 26.49492], [87.045, 26.54427], [87.04443, 26.56117], [87.04133, 26.58019], [87.02991, 26.57977], [87.01544, 26.56897], [86.98521, 26.54066], [86.97245, 26.53197], [86.93515, 26.52029], [86.90713, 26.51151], [86.87597, 26.49492], [86.86568, 26.47244], [86.84636, 26.45265], [86.82186, 26.43813], [86.79644, 26.43151], [86.78724, 26.43306], [86.75189, 26.44552], [86.7382, 26.44371], [86.73071, 26.43379], [86.72409, 26.42195], [86.7136, 26.41456], [86.6952, 26.41823], [86.62534, 26.45632], [86.5579, 26.48402], [86.53795, 26.49487], [86.53775, 26.49487], [86.52431, 26.50908], [86.51062, 26.52014], [86.49491, 26.52784], [86.47548, 26.53197], [86.44483, 26.54308], [86.38365, 26.57285], [86.35367, 26.58262], [86.34484, 26.58262], [86.32318, 26.58008], [86.316, 26.58096], [86.30903, 26.58799], [86.30861, 26.60215], [86.30138, 26.60902], [86.28443, 26.61202], [86.26309, 26.60908], [86.22516, 26.5974], [86.20288, 26.58458], [86.19585, 26.58267], [86.18536, 26.58442], [86.17927, 26.58861], [86.17446, 26.59331], [86.16779, 26.59662], [86.15265, 26.60065], [86.14635, 26.60136], [86.1448, 26.60153], [86.12206, 26.60029], [86.11586, 26.60256], [86.11069, 26.60675], [86.0417, 26.64545], [86.01137, 26.65445], [85.97571, 26.64437], [85.95215, 26.64204], [85.93468, 26.6329], [85.86637, 26.57993], [85.84476, 26.56851], [85.82854, 26.56613], [85.82161, 26.57171], [85.81975, 26.57952], [85.81955, 26.5883], [85.81763, 26.59672], [85.80973, 26.60303], [85.80007, 26.6007], [85.78999, 26.59703], [85.781, 26.5992], [85.72705, 26.6376], [85.71289, 26.65321], [85.70224, 26.68845], [85.70963, 26.76245], [85.70183, 26.79661], [85.68777, 26.81185], [85.60938, 26.85102], [85.59858, 26.85438], [85.51946, 26.82643], [85.47569, 26.80524], [85.43962, 26.78772], [85.42154, 26.78266], [85.40319, 26.78762], [85.38588, 26.78844], [85.36924, 26.77501], [85.35535, 26.75991], [85.35322, 26.75759], [85.33704, 26.74679], [85.30237, 26.73734], [85.28728, 26.73697], [85.19493, 26.75888], [85.16568, 26.78627], [85.16553, 26.82079], [85.16202, 26.85102], [85.12284, 26.8657], [85.10021, 26.86353], [85.04399, 26.84374], [85.01856, 26.8458], [85.01686, 26.85924], [85.01805, 26.87443], [85.00084, 26.88224], [84.98818, 26.88379], [84.97577, 26.88689], [84.95273, 26.89764], [84.94425, 26.91572], [84.93857, 26.9366], [84.92405, 26.95567], [84.90157, 26.96719], [84.85175, 26.98213], [84.82829, 26.99484], [84.82813, 26.99494], [84.81749, 27.0106], [84.80193, 27.01375], [84.7855, 27.00848], [84.77196, 26.99918], [84.7607, 26.99902], [84.64024, 27.02838], [84.62727, 27.03649], [84.62148, 27.05799], [84.63037, 27.08083], [84.64453, 27.10372], [84.6544, 27.12537], [84.65982, 27.16511], [84.65765, 27.20341], [84.6482, 27.24072], [84.63192, 27.27704], [84.60655, 27.31048], [84.57704, 27.32903], [84.28941, 27.37611], [84.2677, 27.38856], [84.24889, 27.41244], [84.23902, 27.43114], [84.22554, 27.44039], [84.19525, 27.43605], [84.18585, 27.43864], [84.1751, 27.46298], [84.16575, 27.47217], [84.14172, 27.48075], [84.13097, 27.48641], [84.12156, 27.49496], [84.11717, 27.51328], [84.09955, 27.51687], [84.0796, 27.50954], [84.02891, 27.45373], [84.00767, 27.44081], [83.97584, 27.43972], [83.93594, 27.44608], [83.92302, 27.44995], [83.92204, 27.4497], [83.89987, 27.44386], [83.85352, 27.44096], [83.83409, 27.43404], [83.84272, 27.41807], [83.87119, 27.38944], [83.87367, 27.38009], [83.87765, 27.36991], [83.87739, 27.36174], [83.86752, 27.35838], [83.86173, 27.35451], [83.8546, 27.34505], [83.85334, 27.34619], [83.84799, 27.35104], [83.802, 27.36593], [83.6634, 27.43228], [83.59043, 27.45662], [83.48098, 27.46975], [83.38703, 27.47047], [83.36099, 27.4622], [83.35592, 27.45249], [83.35386, 27.44029], [83.35582, 27.42866], [83.37096, 27.41021], [83.36957, 27.39817], [83.36275, 27.38562], [83.34114, 27.35694], [83.32435, 27.34169], [83.30487, 27.33192], [83.28244, 27.33094], [83.2595, 27.33813], [83.24942, 27.3481], [83.24312, 27.36216], [83.23159, 27.38122], [83.21924, 27.39378], [83.16963, 27.43119], [83.13279, 27.44422], [83.01047, 27.44339], [82.94716, 27.45732], [82.90127, 27.48036], [82.87626, 27.48755], [82.75214, 27.49496], [82.72971, 27.51817], [82.71886, 27.55612], [82.70925, 27.63092], [82.69705, 27.6694], [82.67969, 27.69441], [82.67389, 27.69646], [82.65214, 27.70415], [82.52616, 27.67521], [82.44068, 27.66643], [82.40193, 27.67717], [82.34792, 27.72601], [82.27041, 27.76048], [82.15104, 27.84828], [82.10742, 27.86357], [82.09037, 27.87233], [82.07166, 27.89003], [82.05161, 27.90517], [82.05021, 27.90559], [82.02722, 27.91241], [81.9759, 27.91695], [81.9464, 27.90535], [81.90609, 27.86311], [81.8832, 27.84905], [81.85565, 27.85094], [81.82785, 27.86564], [81.80015, 27.88409], [81.75013, 27.90967], [81.71039, 27.94752], [81.68895, 27.9632], [81.66543, 27.9708], [81.61505, 27.98124], [81.59536, 27.99478], [81.5951, 27.99488], [81.58218, 28.01328], [81.56193, 28.02599], [81.47346, 28.0664], [81.45821, 28.07728], [81.45403, 28.08661], [81.45294, 28.09705], [81.44824, 28.11141], [81.43527, 28.12978], [81.41733, 28.14702], [81.39604, 28.16063], [81.3732, 28.16784], [81.35791, 28.16598], [81.35145, 28.15681], [81.34726, 28.14443], [81.33812, 28.13273], [81.3237, 28.12624], [81.30706, 28.12381], [81.29621, 28.12831], [81.29941, 28.14252], [81.28308, 28.14609], [81.27678, 28.15379], [81.28075, 28.16198], [81.29595, 28.16746], [81.28236, 28.19159], [81.22432, 28.25078], [81.21073, 28.27864], [81.19037, 28.33812], [81.1697, 28.36132], [81.14634, 28.37225], [81.04707, 28.38909], [81.00041, 28.397], [80.99317, 28.40783], [80.99131, 28.42026], [80.9878, 28.43098], [80.97602, 28.43692], [80.96052, 28.43227], [80.94119, 28.43268], [80.92134, 28.4362], [80.90527, 28.44085], [80.88667, 28.45279], [80.88186, 28.46684], [80.88036, 28.48188], [80.87225, 28.49687], [80.85799, 28.50245], [80.81701, 28.50255], [80.79841, 28.5057], [80.78166, 28.51475], [80.74353, 28.54996], [80.72709, 28.55968], [80.69578, 28.56751], [80.67862, 28.57472], [80.66818, 28.58634], [80.64834, 28.61975], [80.63563, 28.62787], [80.59852, 28.63378], [80.58137, 28.63895], [80.56359, 28.64704], [80.55687, 28.65502], [80.55739, 28.66435], [80.55904, 28.67303], [80.55584, 28.67895], [80.53444, 28.67956], [80.5176, 28.68003], [80.49755, 28.67014], [80.48762, 28.65647], [80.48494, 28.63929], [80.49341, 28.57565], [80.48845, 28.56244], [80.46881, 28.57185], [80.42654, 28.61681], [80.40835, 28.62634], [80.3883, 28.62725], [80.36908, 28.62265], [80.34975, 28.62022], [80.3297, 28.62748], [80.31833, 28.64011], [80.29105, 28.68967], [80.2834, 28.69536], [80.26521, 28.69928], [80.25704, 28.70275], [80.2494, 28.71021], [80.23896, 28.72626], [80.23327, 28.73272], [80.21643, 28.74194], [80.18118, 28.74729], [80.16206, 28.75329], [80.14759, 28.76331], [80.11421, 28.80258], [80.08186, 28.81935], [80.07305, 28.82092], [80.05478, 28.82418], [80.03639, 28.83703], [80.03029, 28.87767], [80.03111, 28.8978], [80.03391, 28.91594], [80.04052, 28.93281], [80.05292, 28.94911], [80.06843, 28.95994], [80.08517, 28.96748], [80.09943, 28.97728], [80.10791, 28.99459], [80.10791, 28.99477], [80.1047, 29.02761], [80.11307, 29.07221], [80.13261, 29.11021], [80.16351, 29.12337], [80.18056, 29.12132], [80.20144, 29.12117], [80.22066, 29.12608], [80.23307, 29.13931], [80.23048, 29.15473], [80.21374, 29.19656], [80.2188, 29.21109], [80.23606, 29.21308], [80.24867, 29.20439], [80.25818, 29.20246], [80.27875, 29.26808], [80.28278, 29.29131], [80.28009, 29.31015], [80.27275, 29.31571], [80.26355, 29.31532], [80.25498, 29.31664], [80.2495, 29.327], [80.24216, 29.36741], [80.22097, 29.40012], [80.21374, 29.41689], [80.21767, 29.43464], [80.22831, 29.44172], [80.25746, 29.45006], [80.26345, 29.45924], [80.26624, 29.47213], [80.27306, 29.47867], [80.28205, 29.4843], [80.29115, 29.49461], [80.29146, 29.49474], [80.31151, 29.50812], [80.32009, 29.51582], [80.32722, 29.52484], [80.32763, 29.52993], [80.32505, 29.53551], [80.3236, 29.54166], [80.32722, 29.54858], [80.3327, 29.55246], [80.3451, 29.55835], [80.35079, 29.56207], [80.37332, 29.58419], [80.3852, 29.60484], [80.38675, 29.62682], [80.37755, 29.65295], [80.36391, 29.67971], [80.3544, 29.70488], [80.3543, 29.73028], [80.36898, 29.75793], [80.39523, 29.77658], [80.45486, 29.79059], [80.47615, 29.80614], [80.52731, 29.86242], [80.54953, 29.89368], [80.56287, 29.9297], [80.57134, 29.94685], [80.58622, 29.95414], [80.62229, 29.95817], [80.64141, 29.96344], [80.65413, 29.97058], [80.68017, 29.99207], [80.71583, 30.01331], [80.72575, 30.02277], [80.75572, 30.06457], [80.76967, 30.07729], [80.82982, 30.11713], [80.84967, 30.14338], [80.83644, 30.17005], [80.85039, 30.18193], [80.86791, 30.20017], [80.88368, 30.21028], [80.88388, 30.21041], [80.89365, 30.1981], [80.90331, 30.18043], [80.92083, 30.17666], [80.98816, 30.19656], [80.99602, 30.19697], [81.00651, 30.18891], [81.01943, 30.17227], [81.0309, 30.15273], [81.04366, 30.12023], [81.06661, 30.08716], [81.0742, 30.07191], [81.08445, 30.02788], [81.08485, 30.02618], [81.09777, 30.01693], [81.12459, 30.02277], [81.1481, 30.02323], [81.19451, 30.00447], [81.21683, 30.0082], [81.22727, 30.02246], [81.22572, 30.05047], [81.23952, 30.05879], [81.25709, 30.06354], [81.2668, 30.06995], [81.2679, 30.07205], [81.27202, 30.07992], [81.27595, 30.09537], [81.2745, 30.10219], [81.26634, 30.11775], [81.26696, 30.12509], [81.2777, 30.13186], [81.29326, 30.13284], [81.30954, 30.13206], [81.32241, 30.13377], [81.33827, 30.14354], [81.35005, 30.15723], [81.35729, 30.17356], [81.36183, 30.20477], [81.37439, 30.22312], [81.37785, 30.23263], [81.37692, 30.2412], [81.37052, 30.25728], [81.36902, 30.26606], [81.36804, 30.30105], [81.37155, 30.31691], [81.38214, 30.33128], [81.38726, 30.34513], [81.38488, 30.36094], [81.38752, 30.37391], [81.40741, 30.37918], [81.42612, 30.37251], [81.46281, 30.34135], [81.48307, 30.3319], [81.50937, 30.32838], [81.52069, 30.33195], [81.53195, 30.37034], [81.53681, 30.37856], [81.54425, 30.38264], [81.56327, 30.38559], [81.57671, 30.39096], [81.58198, 30.39944], [81.58508, 30.40812], [81.59159, 30.41427], [81.61401, 30.4169], [81.63572, 30.41096], [81.75737, 30.3629], [81.77902, 30.35805], [81.8015, 30.3613], [81.82279, 30.36817], [81.84439, 30.37117], [81.88718, 30.355], [81.92149, 30.35737], [81.94123, 30.35396], [81.95012, 30.34838], [81.96211, 30.33365], [81.96903, 30.32828], [81.97885, 30.32683], [81.98846, 30.32978], [81.99818, 30.33407], [82.00763, 30.33681], [82.04985, 30.33923], [82.07321, 30.33722], [82.08877, 30.33009], [82.09321, 30.31474], [82.0821, 30.25733], [82.08499, 30.23082], [82.0959, 30.21345], [82.11424, 30.20219], [82.14039, 30.19402], [82.15569, 30.18136], [82.15099, 30.16224], [82.12758, 30.12436], [82.12871, 30.11077], [82.13522, 30.08974], [82.14453, 30.06943], [82.15383, 30.05817], [82.17424, 30.05548], [82.19217, 30.06147], [82.21067, 30.06442], [82.25573, 30.03967], [82.27599, 30.03693], [82.29651, 30.03682], [82.31888, 30.03181], [82.32715, 30.02571], [82.33909, 30.00923], [82.3473, 30.00344], [82.36374, 30.00117], [82.37914, 30.00323], [82.39443, 30.00313], [82.40978, 29.9946], [82.42285, 29.97967], [82.43893, 29.96577], [82.45707, 29.95409], [82.47582, 29.94551], [82.52424, 29.93239], [82.54181, 29.92324], [82.6185, 29.83983], [82.63586, 29.82903], [82.64641, 29.82934], [82.66697, 29.83503], [82.67731, 29.83441], [82.68899, 29.82774], [82.68919, 29.81958], [82.68465, 29.80971], [82.68175, 29.79772], [82.69095, 29.78074], [82.75152, 29.73932], [82.77012, 29.71416], [82.78108, 29.70511], [82.79306, 29.69951], [82.80516, 29.69597], [82.81554, 29.69013], [82.82237, 29.67796], [82.83658, 29.65979], [82.85745, 29.6662], [82.88009, 29.68111], [82.89973, 29.68842], [82.90913, 29.68462], [82.9237, 29.66966], [82.93192, 29.66418], [82.9421, 29.66295], [82.96432, 29.66589], [82.9759, 29.66403], [83.03289, 29.62047], [83.0409, 29.61029], [83.0545, 29.58605], [83.06494, 29.57879], [83.07956, 29.57964], [83.08555, 29.59039], [83.08845, 29.60442], [83.09336, 29.61514], [83.10028, 29.61768], [83.12669, 29.62341], [83.15005, 29.62563], [83.16209, 29.62517], [83.17356, 29.62127], [83.18725, 29.6121], [83.19087, 29.6069], [83.19449, 29.59365], [83.19718, 29.5891], [83.20493, 29.58491], [83.22188, 29.57982], [83.22932, 29.57595], [83.25257, 29.5552], [83.26084, 29.54205], [83.26332, 29.52709], [83.25991, 29.51877], [83.25402, 29.51329], [83.24875, 29.50657], [83.2472, 29.49474], [83.26394, 29.47301], [83.32797, 29.48502], [83.3552, 29.46073], [83.35779, 29.44275], [83.3552, 29.42797], [83.35701, 29.41536], [83.38724, 29.3935], [83.38941, 29.38245], [83.38827, 29.37022], [83.39313, 29.35625], [83.40502, 29.34648], [83.41778, 29.3409], [83.42817, 29.33346], [83.43721, 29.30524], [83.44822, 29.29677], [83.47581, 29.28692], [83.49338, 29.27615], [83.503, 29.26103], [83.5125, 29.22349], [83.51457, 29.20181], [83.51705, 29.19171], [83.52372, 29.18359], [83.53597, 29.17923], [83.56139, 29.17623], [83.57203, 29.1684], [83.58382, 29.16215], [83.62444, 29.15546], [83.63927, 29.15476], [83.65499, 29.16041], [83.65601, 29.16078], [83.6634, 29.17481], [83.66774, 29.19233], [83.67508, 29.20876], [83.69549, 29.22618], [83.71973, 29.23359], [83.74536, 29.23447], [83.77063, 29.23225], [83.79321, 29.23475], [83.83786, 29.254], [83.86163, 29.2602], [83.86886, 29.26344], [83.87739, 29.27677], [83.88344, 29.28201], [83.91439, 29.2894], [83.93315, 29.29178], [83.94555, 29.29183], [83.95795, 29.28904], [83.96726, 29.2847], [83.97325, 29.27702], [83.97584, 29.26375], [83.98824, 29.26953], [84.0009, 29.27253], [84.01252, 29.2702], [84.02152, 29.25977], [84.03521, 29.24762], [84.05304, 29.25036], [84.07206, 29.25698], [84.08973, 29.25661], [84.09914, 29.247], [84.10534, 29.21992], [84.11236, 29.2091], [84.12601, 29.20625], [84.14198, 29.20827], [84.15546, 29.20664], [84.16166, 29.19253], [84.1552, 29.17595], [84.14172, 29.16026], [84.13226, 29.1438], [84.138, 29.12466], [84.16011, 29.10549], [84.16621, 29.09846], [84.16972, 29.08892], [84.17546, 29.0574], [84.1982, 29.04531], [84.22057, 29.0389], [84.23143, 29.02598], [84.20673, 28.94066], [84.22529, 28.91411], [84.23515, 28.90002], [84.286, 28.87374], [84.354, 28.86129], [84.3663, 28.85674], [84.37659, 28.84884], [84.39307, 28.82434], [84.41431, 28.80827], [84.42273, 28.79917], [84.43782, 28.75334], [84.45085, 28.73388], [84.47575, 28.72729], [84.49859, 28.72786], [84.51565, 28.7214], [84.53198, 28.71269], [84.55182, 28.70639], [84.60722, 28.6982], [84.61621, 28.69365], [84.62582, 28.67608], [84.63264, 28.66879], [84.65228, 28.66239], [84.67114, 28.65895], [84.68297, 28.65076], [84.67776, 28.6044], [84.69083, 28.59614], [84.73662, 28.59417], [84.75563, 28.58541], [84.78178, 28.5589], [84.79914, 28.54663], [84.81196, 28.54198], [84.82395, 28.54053], [84.87929, 28.54363], [84.89144, 28.54177], [84.90787, 28.53702], [84.91872, 28.53568], [84.92849, 28.53847], [84.93645, 28.54477], [84.94895, 28.56828], [84.95495, 28.5743], [84.98477, 28.58859], [84.99407, 28.59081], [85.00249, 28.59443], [85.00916, 28.60254], [85.01877, 28.61986], [85.02528, 28.62841], [85.0321, 28.63407], [85.05494, 28.63869], [85.07504, 28.63166], [85.11189, 28.60882], [85.16098, 28.595], [85.16801, 28.58319], [85.15695, 28.53314], [85.15375, 28.5249], [85.14765, 28.51583], [85.14036, 28.51092], [85.12315, 28.50459], [85.11721, 28.49733], [85.11566, 28.49149], [85.11556, 28.47273], [85.10946, 28.4593], [85.08367, 28.44553], [85.07758, 28.43568], [85.08569, 28.38101], [85.08569, 28.36153], [85.08187, 28.3317], [85.08021, 28.31879], [85.0874, 28.30411], [85.10941, 28.29225], [85.13416, 28.29197], [85.15457, 28.30086], [85.17359, 28.30432], [85.20573, 28.27828], [85.22392, 28.27169], [85.24341, 28.26791], [85.25958, 28.26693], [85.27312, 28.26983], [85.30102, 28.28107], [85.3126, 28.28277], [85.32573, 28.2774], [85.33482, 28.26869], [85.34536, 28.26125], [85.36257, 28.25967], [85.37782, 28.26598], [85.40138, 28.28879], [85.41523, 28.29644], [85.43156, 28.29706], [85.44665, 28.29215], [85.47569, 28.2791], [85.49755, 28.28262], [85.52065, 28.28293], [85.5437, 28.28039], [85.5653, 28.27538], [85.5855, 28.26319], [85.59894, 28.25083], [85.61181, 28.25115], [85.63909, 28.28789], [85.64695, 28.2937], [85.66814, 28.30055], [85.67506, 28.30639], [85.6762, 28.31512], [85.67599, 28.32473], [85.67914, 28.3329], [85.69294, 28.33522], [85.698, 28.31344], [85.69976, 28.2691], [85.71557, 28.24337], [85.73449, 28.22153], [85.7566, 28.20324], [85.78275, 28.1881], [85.82689, 28.17048], [85.84828, 28.15893], [85.86337, 28.14335], [85.86704, 28.13293], [85.87174, 28.11092], [85.8891, 28.09028], [85.89107, 28.0809], [85.88983, 28.07126], [85.89045, 28.05919], [85.8983, 28.03602], [85.90895, 28.02242], [85.94398, 27.99473], [85.95659, 27.97623], [85.95628, 27.95687], [85.95184, 27.9368], [85.95122, 27.91623], [85.96269, 27.89137], [85.98026, 27.88517], [86.02646, 27.88993], [86.05142, 27.88755], [86.0546, 27.88801], [86.0617, 27.88905], [86.07565, 27.89478], [86.10718, 27.92284], [86.11286, 27.9268], [86.11224, 27.93726], [86.10718, 27.94424], [86.10056, 27.95023], [86.0956, 27.95785], [86.09508, 27.96889], [86.09803, 27.97752], [86.09813, 27.98563], [86.0894, 27.99473], [86.0894, 27.99488], [86.0893, 27.99488], [86.07917, 28.00113], [86.07762, 28.00695], [86.07953, 28.01333], [86.07953, 28.02165], [86.08392, 28.03855], [86.0847, 28.04387], [86.08155, 28.0517], [86.07018, 28.06671], [86.06873, 28.07676], [86.15596, 28.15652], [86.17601, 28.15301], [86.18604, 28.13353], [86.18717, 28.1087], [86.18076, 28.08875], [86.17224, 28.07183], [86.17446, 28.06245], [86.18185, 28.05488], [86.18914, 28.04361], [86.19601, 28.01457], [86.20304, 28.00258], [86.21776, 27.99498], [86.21792, 27.99493], [86.21838, 27.99473], [86.23854, 27.98956], [86.259, 27.98765], [86.27807, 27.98369], [86.29466, 27.97238], [86.31822, 27.94579], [86.32773, 27.93969], [86.33755, 27.93804], [86.34561, 27.94093], [86.35367, 27.94481], [86.36298, 27.9461], [86.37197, 27.94196], [86.40571, 27.917], [86.4253, 27.90993], [86.43884, 27.91086], [86.47548, 27.9276], [86.49692, 27.93788], [86.51046, 27.95243], [86.51676, 27.97143], [86.51645, 27.99473], [86.5162, 28.01225], [86.52229, 28.02372], [86.53092, 28.03369], [86.53837, 28.04718], [86.54074, 28.06216], [86.54126, 28.07821], [86.54415, 28.09302], [86.55356, 28.10415], [86.56953, 28.10661], [86.58312, 28.09803], [86.59686, 28.0865], [86.61231, 28.08028], [86.62715, 28.08348], [86.64947, 28.10118], [86.66198, 28.10684], [86.68006, 28.10573], [86.69965, 28.09875], [86.71768, 28.08826], [86.73174, 28.07692], [86.73598, 28.06485], [86.7322, 28.03496], [86.7398, 28.0215], [86.76998, 28.01209], [86.84047, 28.01478], [86.86817, 27.99488], [86.86817, 27.99473], [86.8769, 27.97065], [86.89307, 27.95419], [86.91473, 27.94512], [86.94036, 27.9431], [86.97023, 27.94744], [86.98209, 27.95067], [86.98873, 27.95248], [87.00568, 27.9515], [87.03053, 27.93809], [87.062, 27.90843], [87.11652, 27.84458], [87.1558, 27.8258], [87.182, 27.8245], [87.2329, 27.82972], [87.29052, 27.81608], [87.31393, 27.82859], [87.33584, 27.84636], [87.36384, 27.85525], [87.38534, 27.84941], [87.38069, 27.83582], [87.36912, 27.81908], [87.36912, 27.80394], [87.38679, 27.8044], [87.47557, 27.8267], [87.51453, 27.8352], [87.53159, 27.8368], [87.55133, 27.83189], [87.55598, 27.82709], [87.5598, 27.81908], [87.56507, 27.81086], [87.57334, 27.80502], [87.58998, 27.80461], [87.62109, 27.81954], [87.63608, 27.82365], [87.65995, 27.81988], [87.67853, 27.81335], [87.70047, 27.80564], [87.72682, 27.80776], [87.75638, 27.82037], [87.77984, 27.83944], [87.79865, 27.86347], [87.81415, 27.89096], [87.82588, 27.90657], [87.83669, 27.90832], [87.85612, 27.89861], [87.93456, 27.8953], [87.94521, 27.8923], [87.96639, 27.88274], [87.97843, 27.88052], [87.99182, 27.88264], [88.01812, 27.89215], [88.02995, 27.89334], [88.0528, 27.88652], [88.09574, 27.86533], [88.11822, 27.86088]]]}, "properties": {"id": "7qax", "status": "validé", "pieces": [{"kind": "country"}]}}, {"type": "Feature", "geometry": {"type": "Polygon", "coordinates": [[[87.74952, 27.3922], [87.7357, 27.37978], [87.72943, 27.37254], [87.7345, 27.37056], [87.74454, 27.37384], [87.75295, 27.38496], [87.76016, 27.39684], [87.7593, 27.40316], [87.74694, 27.40454], [87.74952, 27.3922]]]}, "properties": {"id": "8fCe", "status": "validé", "pieces": [{"kind": "polygon", "ring": [[87.74952, 27.3922], [87.7357, 27.37978], [87.72943, 27.37254], [87.7345, 27.37056], [87.74454, 27.37384], [87.75295, 27.38496], [87.76016, 27.39684], [87.7593, 27.40316], [87.74694, 27.40454]]}]}}, {"type": "Feature", "geometry": {"type": "Polygon", "coordinates": [[[88.11822, 27.86088], [88.14302, 27.85572], [88.15641, 27.85127], [88.16462, 27.84536], [88.16659, 27.8336], [88.1546, 27.81515], [88.15966, 27.77412], [88.14933, 27.74877], [88.13486, 27.72317], [88.11088, 27.6395], [88.04877, 27.54535], [88.02334, 27.49491], [88.0221, 27.48424], [88.02334, 27.47465], [88.02809, 27.45512], [88.03078, 27.45073], [88.03977, 27.44236], [88.04163, 27.43807], [88.03931, 27.42949], [88.03481, 27.42381], [88.02959, 27.41874], [88.02582, 27.41208], [88.01724, 27.38923], [88.01476, 27.37807], [88.01579, 27.36422], [88.02014, 27.35337], [88.03254, 27.33389], [88.03512, 27.32257], [88.02902, 27.29808], [88.00466, 27.24916], [87.98934, 27.21839], [87.98546, 27.14837], [87.97084, 27.11922], [87.96918, 27.1108], [87.97073, 27.10274], [87.97549, 27.09514], [87.9913, 27.0815], [88.00949, 27.04564], [88.02737, 27.03535], [88.04282, 27.02895], [88.05595, 27.01804], [88.07688, 26.99179], [88.09682, 26.95934], [88.11181, 26.9243], [88.12044, 26.90885], [88.14282, 26.87841], [88.15139, 26.86281], [88.15532, 26.8456], [88.15904, 26.80255], [88.16783, 26.76291], [88.16907, 26.744], [88.16752, 26.72504], [88.16338, 26.70514], [88.14664, 26.66122], [88.10168, 26.58194], [88.08714, 26.5391], [88.07982, 26.51756], [88.07915, 26.50737], [88.08225, 26.49487], [88.07419, 26.45394], [88.04432, 26.40568], [88.00665, 26.36986], [87.97549, 26.36656], [87.96122, 26.37896], [87.92898, 26.39643], [87.91477, 26.40826], [87.90851, 26.41782], [87.902, 26.43529], [87.8973, 26.44345], [87.89477, 26.44293], [87.87069, 26.46071], [87.86981, 26.46464], [87.85208, 26.46066], [87.8216, 26.43751], [87.80444, 26.43735], [87.78594, 26.44598], [87.76899, 26.45146], [87.75617, 26.44691], [87.74945, 26.42573], [87.74222, 26.41048], [87.72754, 26.40376], [87.7109, 26.40568], [87.69757, 26.41627], [87.68119, 26.42423], [87.65964, 26.41751], [87.64875, 26.40999], [87.62398, 26.39291], [87.58698, 26.37803], [87.55205, 26.38671], [87.48032, 26.4234], [87.44963, 26.42862], [87.41645, 26.42697], [87.38421, 26.41865], [87.3564, 26.40371], [87.34493, 26.38935], [87.32622, 26.35333], [87.31403, 26.34377], [87.30049, 26.34599], [87.25843, 26.36294], [87.2453, 26.37023], [87.23631, 26.3833], [87.22943, 26.39875], [87.2191, 26.4081], [87.18846, 26.39958], [87.13502, 26.3942], [87.10629, 26.40475], [87.08329, 26.43208], [87.06671, 26.46562], [87.05668, 26.49487], [87.05647, 26.49492], [87.045, 26.54427], [87.04443, 26.56117], [87.04133, 26.58019], [87.02991, 26.57977], [87.01544, 26.56897], [86.98521, 26.54066], [86.97245, 26.53197], [86.93515, 26.52029], [86.90713, 26.51151], [86.87597, 26.49492], [86.86568, 26.47244], [86.84636, 26.45265], [86.82186, 26.43813], [86.79644, 26.43151], [86.78724, 26.43306], [86.75189, 26.44552], [86.7382, 26.44371], [86.73071, 26.43379], [86.72409, 26.42195], [86.7136, 26.41456], [86.6952, 26.41823], [86.62534, 26.45632], [86.5579, 26.48402], [86.53795, 26.49487], [86.53775, 26.49487], [86.52431, 26.50908], [86.51062, 26.52014], [86.49491, 26.52784], [86.47548, 26.53197], [86.44483, 26.54308], [86.38365, 26.57285], [86.35367, 26.58262], [86.34484, 26.58262], [86.32318, 26.58008], [86.316, 26.58096], [86.30903, 26.58799], [86.30861, 26.60215], [86.30138, 26.60902], [86.28443, 26.61202], [86.26309, 26.60908], [86.22516, 26.5974], [86.20288, 26.58458], [86.19585, 26.58267], [86.18536, 26.58442], [86.17927, 26.58861], [86.17446, 26.59331], [86.16779, 26.59662], [86.15265, 26.60065], [86.14635, 26.60136], [86.1448, 26.60153], [86.12206, 26.60029], [86.11586, 26.60256], [86.11069, 26.60675], [86.0417, 26.64545], [86.01137, 26.65445], [85.97571, 26.64437], [85.95215, 26.64204], [85.93468, 26.6329], [85.86637, 26.57993], [85.84476, 26.56851], [85.82854, 26.56613], [85.82161, 26.57171], [85.81975, 26.57952], [85.81955, 26.5883], [85.81763, 26.59672], [85.80973, 26.60303], [85.80007, 26.6007], [85.78999, 26.59703], [85.781, 26.5992], [85.72705, 26.6376], [85.71289, 26.65321], [85.70224, 26.68845], [85.70963, 26.76245], [85.70183, 26.79661], [85.68777, 26.81185], [85.60938, 26.85102], [85.59858, 26.85438], [85.51946, 26.82643], [85.47569, 26.80524], [85.43962, 26.78772], [85.42154, 26.78266], [85.40319, 26.78762], [85.38588, 26.78844], [85.36924, 26.77501], [85.35535, 26.75991], [85.35322, 26.75759], [85.33704, 26.74679], [85.30237, 26.73734], [85.28728, 26.73697], [85.19493, 26.75888], [85.16568, 26.78627], [85.16553, 26.82079], [85.16202, 26.85102], [85.12284, 26.8657], [85.10021, 26.86353], [85.04399, 26.84374], [85.01856, 26.8458], [85.01686, 26.85924], [85.01805, 26.87443], [85.00084, 26.88224], [84.98818, 26.88379], [84.97577, 26.88689], [84.95273, 26.89764], [84.94425, 26.91572], [84.93857, 26.9366], [84.92405, 26.95567], [84.90157, 26.96719], [84.85175, 26.98213], [84.82829, 26.99484], [84.82813, 26.99494], [84.81749, 27.0106], [84.80193, 27.01375], [84.7855, 27.00848], [84.77196, 26.99918], [84.7607, 26.99902], [84.64024, 27.02838], [84.62727, 27.03649], [84.62148, 27.05799], [84.63037, 27.08083], [84.64453, 27.10372], [84.6544, 27.12537], [84.65982, 27.16511], [84.65765, 27.20341], [84.6482, 27.24072], [84.63192, 27.27704], [84.60655, 27.31048], [84.57704, 27.32903], [84.28941, 27.37611], [84.2677, 27.38856], [84.24889, 27.41244], [84.23902, 27.43114], [84.22554, 27.44039], [84.19525, 27.43605], [84.18585, 27.43864], [84.1751, 27.46298], [84.16575, 27.47217], [84.14172, 27.48075], [84.13097, 27.48641], [84.12156, 27.49496], [84.11717, 27.51328], [84.09955, 27.51687], [84.0796, 27.50954], [84.02891, 27.45373], [84.00767, 27.44081], [83.97584, 27.43972], [83.93594, 27.44608], [83.92302, 27.44995], [83.92204, 27.4497], [83.89987, 27.44386], [83.85352, 27.44096], [83.83409, 27.43404], [83.84272, 27.41807], [83.87119, 27.38944], [83.87367, 27.38009], [83.87765, 27.36991], [83.87739, 27.36174], [83.86752, 27.35838], [83.86173, 27.35451], [83.8546, 27.34505], [83.85334, 27.34619], [83.84799, 27.35104], [83.802, 27.36593], [83.6634, 27.43228], [83.59043, 27.45662], [83.48098, 27.46975], [83.38703, 27.47047], [83.36099, 27.4622], [83.35592, 27.45249], [83.35386, 27.44029], [83.35582, 27.42866], [83.37096, 27.41021], [83.36957, 27.39817], [83.36275, 27.38562], [83.34114, 27.35694], [83.32435, 27.34169], [83.30487, 27.33192], [83.28244, 27.33094], [83.2595, 27.33813], [83.24942, 27.3481], [83.24312, 27.36216], [83.23159, 27.38122], [83.21924, 27.39378], [83.16963, 27.43119], [83.13279, 27.44422], [83.01047, 27.44339], [82.94716, 27.45732], [82.90127, 27.48036], [82.87626, 27.48755], [82.75214, 27.49496], [82.72971, 27.51817], [82.71886, 27.55612], [82.70925, 27.63092], [82.69705, 27.6694], [82.67969, 27.69441], [82.67389, 27.69646], [82.65214, 27.70415], [82.52616, 27.67521], [82.44068, 27.66643], [82.40193, 27.67717], [82.34792, 27.72601], [82.27041, 27.76048], [82.15104, 27.84828], [82.10742, 27.86357], [82.09037, 27.87233], [82.07166, 27.89003], [82.05161, 27.90517], [82.05021, 27.90559], [82.02722, 27.91241], [81.9759, 27.91695], [81.9464, 27.90535], [81.90609, 27.86311], [81.8832, 27.84905], [81.85565, 27.85094], [81.82785, 27.86564], [81.80015, 27.88409], [81.75013, 27.90967], [81.71039, 27.94752], [81.68895, 27.9632], [81.66543, 27.9708], [81.61505, 27.98124], [81.59536, 27.99478], [81.5951, 27.99488], [81.58218, 28.01328], [81.56193, 28.02599], [81.47346, 28.0664], [81.45821, 28.07728], [81.45403, 28.08661], [81.45294, 28.09705], [81.44824, 28.11141], [81.43527, 28.12978], [81.41733, 28.14702], [81.39604, 28.16063], [81.3732, 28.16784], [81.35791, 28.16598], [81.35145, 28.15681], [81.34726, 28.14443], [81.33812, 28.13273], [81.3237, 28.12624], [81.30706, 28.12381], [81.29621, 28.12831], [81.29941, 28.14252], [81.28308, 28.14609], [81.27678, 28.15379], [81.28075, 28.16198], [81.29595, 28.16746], [81.28236, 28.19159], [81.22432, 28.25078], [81.21073, 28.27864], [81.19037, 28.33812], [81.1697, 28.36132], [81.14634, 28.37225], [81.04707, 28.38909], [81.00041, 28.397], [80.99317, 28.40783], [80.99131, 28.42026], [80.9878, 28.43098], [80.97602, 28.43692], [80.96052, 28.43227], [80.94119, 28.43268], [80.92134, 28.4362], [80.90527, 28.44085], [80.88667, 28.45279], [80.88186, 28.46684], [80.88036, 28.48188], [80.87225, 28.49687], [80.85799, 28.50245], [80.81701, 28.50255], [80.79841, 28.5057], [80.78166, 28.51475], [80.74353, 28.54996], [80.72709, 28.55968], [80.69578, 28.56751], [80.67862, 28.57472], [80.66818, 28.58634], [80.64834, 28.61975], [80.63563, 28.62787], [80.59852, 28.63378], [80.58137, 28.63895], [80.56359, 28.64704], [80.55687, 28.65502], [80.55739, 28.66435], [80.55904, 28.67303], [80.55584, 28.67895], [80.53444, 28.67956], [80.5176, 28.68003], [80.49755, 28.67014], [80.48762, 28.65647], [80.48494, 28.63929], [80.49341, 28.57565], [80.48845, 28.56244], [80.46881, 28.57185], [80.42654, 28.61681], [80.40835, 28.62634], [80.3883, 28.62725], [80.36908, 28.62265], [80.34975, 28.62022], [80.3297, 28.62748], [80.31833, 28.64011], [80.29105, 28.68967], [80.2834, 28.69536], [80.26521, 28.69928], [80.25704, 28.70275], [80.2494, 28.71021], [80.23896, 28.72626], [80.23327, 28.73272], [80.21643, 28.74194], [80.18118, 28.74729], [80.16206, 28.75329], [80.14759, 28.76331], [80.11421, 28.80258], [80.08186, 28.81935], [80.07305, 28.82092], [80.05478, 28.82418], [80.03639, 28.83703], [80.03029, 28.87767], [80.03111, 28.8978], [80.03391, 28.91594], [80.04052, 28.93281], [80.05292, 28.94911], [80.06843, 28.95994], [80.08517, 28.96748], [80.09943, 28.97728], [80.10791, 28.99459], [80.10791, 28.99477], [80.1047, 29.02761], [80.11307, 29.07221], [80.13261, 29.11021], [80.16351, 29.12337], [80.18056, 29.12132], [80.20144, 29.12117], [80.22066, 29.12608], [80.23307, 29.13931], [80.23048, 29.15473], [80.21374, 29.19656], [80.2188, 29.21109], [80.23606, 29.21308], [80.24867, 29.20439], [80.25818, 29.20246], [80.27875, 29.26808], [80.28278, 29.29131], [80.28009, 29.31015], [80.27275, 29.31571], [80.26355, 29.31532], [80.25498, 29.31664], [80.2495, 29.327], [80.24216, 29.36741], [80.22097, 29.40012], [80.21374, 29.41689], [80.21767, 29.43464], [80.22831, 29.44172], [80.25746, 29.45006], [80.26345, 29.45924], [80.26624, 29.47213], [80.27306, 29.47867], [80.28205, 29.4843], [80.29115, 29.49461], [80.29146, 29.49474], [80.31151, 29.50812], [80.32009, 29.51582], [80.32722, 29.52484], [80.32763, 29.52993], [80.32505, 29.53551], [80.3236, 29.54166], [80.32722, 29.54858], [80.3327, 29.55246], [80.3451, 29.55835], [80.35079, 29.56207], [80.37332, 29.58419], [80.3852, 29.60484], [80.38675, 29.62682], [80.37755, 29.65295], [80.36391, 29.67971], [80.3544, 29.70488], [80.3543, 29.73028], [80.36898, 29.75793], [80.39523, 29.77658], [80.45486, 29.79059], [80.47615, 29.80614], [80.52731, 29.86242], [80.54953, 29.89368], [80.56287, 29.9297], [80.57134, 29.94685], [80.58622, 29.95414], [80.62229, 29.95817], [80.64141, 29.96344], [80.65413, 29.97058], [80.68017, 29.99207], [80.71583, 30.01331], [80.72575, 30.02277], [80.75572, 30.06457], [80.76967, 30.07729], [80.82982, 30.11713], [80.84967, 30.14338], [80.83644, 30.17005], [80.85039, 30.18193], [80.86791, 30.20017], [80.88368, 30.21028], [80.88388, 30.21041], [80.89365, 30.1981], [80.90331, 30.18043], [80.92083, 30.17666], [80.98816, 30.19656], [80.99602, 30.19697], [81.00651, 30.18891], [81.01943, 30.17227], [81.0309, 30.15273], [81.04366, 30.12023], [81.06661, 30.08716], [81.0742, 30.07191], [81.08445, 30.02788], [81.08485, 30.02618], [81.09777, 30.01693], [81.12459, 30.02277], [81.1481, 30.02323], [81.19451, 30.00447], [81.21683, 30.0082], [81.22727, 30.02246], [81.22572, 30.05047], [81.23952, 30.05879], [81.25709, 30.06354], [81.2668, 30.06995], [81.2679, 30.07205], [81.27202, 30.07992], [81.27595, 30.09537], [81.2745, 30.10219], [81.26634, 30.11775], [81.26696, 30.12509], [81.2777, 30.13186], [81.29326, 30.13284], [81.30954, 30.13206], [81.32241, 30.13377], [81.33827, 30.14354], [81.35005, 30.15723], [81.35729, 30.17356], [81.36183, 30.20477], [81.37439, 30.22312], [81.37785, 30.23263], [81.37692, 30.2412], [81.37052, 30.25728], [81.36902, 30.26606], [81.36804, 30.30105], [81.37155, 30.31691], [81.38214, 30.33128], [81.38726, 30.34513], [81.38488, 30.36094], [81.38752, 30.37391], [81.40741, 30.37918], [81.42612, 30.37251], [81.46281, 30.34135], [81.48307, 30.3319], [81.50937, 30.32838], [81.52069, 30.33195], [81.53195, 30.37034], [81.53681, 30.37856], [81.54425, 30.38264], [81.56327, 30.38559], [81.57671, 30.39096], [81.58198, 30.39944], [81.58508, 30.40812], [81.59159, 30.41427], [81.61401, 30.4169], [81.63572, 30.41096], [81.75737, 30.3629], [81.77902, 30.35805], [81.8015, 30.3613], [81.82279, 30.36817], [81.84439, 30.37117], [81.88718, 30.355], [81.92149, 30.35737], [81.94123, 30.35396], [81.95012, 30.34838], [81.96211, 30.33365], [81.96903, 30.32828], [81.97885, 30.32683], [81.98846, 30.32978], [81.99818, 30.33407], [82.00763, 30.33681], [82.04985, 30.33923], [82.07321, 30.33722], [82.08877, 30.33009], [82.09321, 30.31474], [82.0821, 30.25733], [82.08499, 30.23082], [82.0959, 30.21345], [82.11424, 30.20219], [82.14039, 30.19402], [82.15569, 30.18136], [82.15099, 30.16224], [82.12758, 30.12436], [82.12871, 30.11077], [82.13522, 30.08974], [82.14453, 30.06943], [82.15383, 30.05817], [82.17424, 30.05548], [82.19217, 30.06147], [82.21067, 30.06442], [82.25573, 30.03967], [82.27599, 30.03693], [82.29651, 30.03682], [82.31888, 30.03181], [82.32715, 30.02571], [82.33909, 30.00923], [82.3473, 30.00344], [82.36374, 30.00117], [82.37914, 30.00323], [82.39443, 30.00313], [82.40978, 29.9946], [82.42285, 29.97967], [82.43893, 29.96577], [82.45707, 29.95409], [82.47582, 29.94551], [82.52424, 29.93239], [82.54181, 29.92324], [82.6185, 29.83983], [82.63586, 29.82903], [82.64641, 29.82934], [82.66697, 29.83503], [82.67731, 29.83441], [82.68899, 29.82774], [82.68919, 29.81958], [82.68465, 29.80971], [82.68175, 29.79772], [82.69095, 29.78074], [82.75152, 29.73932], [82.77012, 29.71416], [82.78108, 29.70511], [82.79306, 29.69951], [82.80516, 29.69597], [82.81554, 29.69013], [82.82237, 29.67796], [82.83658, 29.65979], [82.85745, 29.6662], [82.88009, 29.68111], [82.89973, 29.68842], [82.90913, 29.68462], [82.9237, 29.66966], [82.93192, 29.66418], [82.9421, 29.66295], [82.96432, 29.66589], [82.9759, 29.66403], [83.03289, 29.62047], [83.0409, 29.61029], [83.0545, 29.58605], [83.06494, 29.57879], [83.07956, 29.57964], [83.08555, 29.59039], [83.08845, 29.60442], [83.09336, 29.61514], [83.10028, 29.61768], [83.12669, 29.62341], [83.15005, 29.62563], [83.16209, 29.62517], [83.17356, 29.62127], [83.18725, 29.6121], [83.19087, 29.6069], [83.19449, 29.59365], [83.19718, 29.5891], [83.20493, 29.58491], [83.22188, 29.57982], [83.22932, 29.57595], [83.25257, 29.5552], [83.26084, 29.54205], [83.26332, 29.52709], [83.25991, 29.51877], [83.25402, 29.51329], [83.24875, 29.50657], [83.2472, 29.49474], [83.26394, 29.47301], [83.32797, 29.48502], [83.3552, 29.46073], [83.35779, 29.44275], [83.3552, 29.42797], [83.35701, 29.41536], [83.38724, 29.3935], [83.38941, 29.38245], [83.38827, 29.37022], [83.39313, 29.35625], [83.40502, 29.34648], [83.41778, 29.3409], [83.42817, 29.33346], [83.43721, 29.30524], [83.44822, 29.29677], [83.47581, 29.28692], [83.49338, 29.27615], [83.503, 29.26103], [83.5125, 29.22349], [83.51457, 29.20181], [83.51705, 29.19171], [83.52372, 29.18359], [83.53597, 29.17923], [83.56139, 29.17623], [83.57203, 29.1684], [83.58382, 29.16215], [83.62444, 29.15546], [83.63927, 29.15476], [83.65499, 29.16041], [83.65601, 29.16078], [83.6634, 29.17481], [83.66774, 29.19233], [83.67508, 29.20876], [83.69549, 29.22618], [83.71973, 29.23359], [83.74536, 29.23447], [83.77063, 29.23225], [83.79321, 29.23475], [83.83786, 29.254], [83.86163, 29.2602], [83.86886, 29.26344], [83.87739, 29.27677], [83.88344, 29.28201], [83.91439, 29.2894], [83.93315, 29.29178], [83.94555, 29.29183], [83.95795, 29.28904], [83.96726, 29.2847], [83.97325, 29.27702], [83.97584, 29.26375], [83.98824, 29.26953], [84.0009, 29.27253], [84.01252, 29.2702], [84.02152, 29.25977], [84.03521, 29.24762], [84.05304, 29.25036], [84.07206, 29.25698], [84.08973, 29.25661], [84.09914, 29.247], [84.10534, 29.21992], [84.11236, 29.2091], [84.12601, 29.20625], [84.14198, 29.20827], [84.15546, 29.20664], [84.16166, 29.19253], [84.1552, 29.17595], [84.14172, 29.16026], [84.13226, 29.1438], [84.138, 29.12466], [84.16011, 29.10549], [84.16621, 29.09846], [84.16972, 29.08892], [84.17546, 29.0574], [84.1982, 29.04531], [84.22057, 29.0389], [84.23143, 29.02598], [84.20673, 28.94066], [84.22529, 28.91411], [84.23515, 28.90002], [84.286, 28.87374], [84.354, 28.86129], [84.3663, 28.85674], [84.37659, 28.84884], [84.39307, 28.82434], [84.41431, 28.80827], [84.42273, 28.79917], [84.43782, 28.75334], [84.45085, 28.73388], [84.47575, 28.72729], [84.49859, 28.72786], [84.51565, 28.7214], [84.53198, 28.71269], [84.55182, 28.70639], [84.60722, 28.6982], [84.61621, 28.69365], [84.62582, 28.67608], [84.63264, 28.66879], [84.65228, 28.66239], [84.67114, 28.65895], [84.68297, 28.65076], [84.67776, 28.6044], [84.69083, 28.59614], [84.73662, 28.59417], [84.75563, 28.58541], [84.78178, 28.5589], [84.79914, 28.54663], [84.81196, 28.54198], [84.82395, 28.54053], [84.87929, 28.54363], [84.89144, 28.54177], [84.90787, 28.53702], [84.91872, 28.53568], [84.92849, 28.53847], [84.93645, 28.54477], [84.94895, 28.56828], [84.95495, 28.5743], [84.98477, 28.58859], [84.99407, 28.59081], [85.00249, 28.59443], [85.00916, 28.60254], [85.01877, 28.61986], [85.02528, 28.62841], [85.0321, 28.63407], [85.05494, 28.63869], [85.07504, 28.63166], [85.11189, 28.60882], [85.16098, 28.595], [85.16801, 28.58319], [85.15695, 28.53314], [85.15375, 28.5249], [85.14765, 28.51583], [85.14036, 28.51092], [85.12315, 28.50459], [85.11721, 28.49733], [85.11566, 28.49149], [85.11556, 28.47273], [85.10946, 28.4593], [85.08367, 28.44553], [85.07758, 28.43568], [85.08569, 28.38101], [85.08569, 28.36153], [85.08187, 28.3317], [85.08021, 28.31879], [85.0874, 28.30411], [85.10941, 28.29225], [85.13416, 28.29197], [85.15457, 28.30086], [85.17359, 28.30432], [85.20573, 28.27828], [85.22392, 28.27169], [85.24341, 28.26791], [85.25958, 28.26693], [85.27312, 28.26983], [85.30102, 28.28107], [85.3126, 28.28277], [85.32573, 28.2774], [85.33482, 28.26869], [85.34536, 28.26125], [85.36257, 28.25967], [85.37782, 28.26598], [85.40138, 28.28879], [85.41523, 28.29644], [85.43156, 28.29706], [85.44665, 28.29215], [85.47569, 28.2791], [85.49755, 28.28262], [85.52065, 28.28293], [85.5437, 28.28039], [85.5653, 28.27538], [85.5855, 28.26319], [85.59894, 28.25083], [85.61181, 28.25115], [85.63909, 28.28789], [85.64695, 28.2937], [85.66814, 28.30055], [85.67506, 28.30639], [85.6762, 28.31512], [85.67599, 28.32473], [85.67914, 28.3329], [85.69294, 28.33522], [85.698, 28.31344], [85.69976, 28.2691], [85.71557, 28.24337], [85.73449, 28.22153], [85.7566, 28.20324], [85.78275, 28.1881], [85.82689, 28.17048], [85.84828, 28.15893], [85.86337, 28.14335], [85.86704, 28.13293], [85.87174, 28.11092], [85.8891, 28.09028], [85.89107, 28.0809], [85.88983, 28.07126], [85.89045, 28.05919], [85.8983, 28.03602], [85.90895, 28.02242], [85.94398, 27.99473], [85.95659, 27.97623], [85.95628, 27.95687], [85.95184, 27.9368], [85.95122, 27.91623], [85.96269, 27.89137], [85.98026, 27.88517], [86.02646, 27.88993], [86.05142, 27.88755], [86.0546, 27.88801], [86.0617, 27.88905], [86.07565, 27.89478], [86.10718, 27.92284], [86.11286, 27.9268], [86.11224, 27.93726], [86.10718, 27.94424], [86.10056, 27.95023], [86.0956, 27.95785], [86.09508, 27.96889], [86.09803, 27.97752], [86.09813, 27.98563], [86.0894, 27.99473], [86.0894, 27.99488], [86.0893, 27.99488], [86.07917, 28.00113], [86.07762, 28.00695], [86.07953, 28.01333], [86.07953, 28.02165], [86.08392, 28.03855], [86.0847, 28.04387], [86.08155, 28.0517], [86.07018, 28.06671], [86.06873, 28.07676], [86.15596, 28.15652], [86.17601, 28.15301], [86.18604, 28.13353], [86.18717, 28.1087], [86.18076, 28.08875], [86.17224, 28.07183], [86.17446, 28.06245], [86.18185, 28.05488], [86.18914, 28.04361], [86.19601, 28.01457], [86.20304, 28.00258], [86.21776, 27.99498], [86.21792, 27.99493], [86.21838, 27.99473], [86.23854, 27.98956], [86.259, 27.98765], [86.27807, 27.98369], [86.29466, 27.97238], [86.31822, 27.94579], [86.32773, 27.93969], [86.33755, 27.93804], [86.34561, 27.94093], [86.35367, 27.94481], [86.36298, 27.9461], [86.37197, 27.94196], [86.40571, 27.917], [86.4253, 27.90993], [86.43884, 27.91086], [86.47548, 27.9276], [86.49692, 27.93788], [86.51046, 27.95243], [86.51676, 27.97143], [86.51645, 27.99473], [86.5162, 28.01225], [86.52229, 28.02372], [86.53092, 28.03369], [86.53837, 28.04718], [86.54074, 28.06216], [86.54126, 28.07821], [86.54415, 28.09302], [86.55356, 28.10415], [86.56953, 28.10661], [86.58312, 28.09803], [86.59686, 28.0865], [86.61231, 28.08028], [86.62715, 28.08348], [86.64947, 28.10118], [86.66198, 28.10684], [86.68006, 28.10573], [86.69965, 28.09875], [86.71768, 28.08826], [86.73174, 28.07692], [86.73598, 28.06485], [86.7322, 28.03496], [86.7398, 28.0215], [86.76998, 28.01209], [86.84047, 28.01478], [86.86817, 27.99488], [86.86817, 27.99473], [86.8769, 27.97065], [86.89307, 27.95419], [86.91473, 27.94512], [86.94036, 27.9431], [86.97023, 27.94744], [86.98209, 27.95067], [86.98873, 27.95248], [87.00568, 27.9515], [87.03053, 27.93809], [87.062, 27.90843], [87.11652, 27.84458], [87.1558, 27.8258], [87.182, 27.8245], [87.2329, 27.82972], [87.29052, 27.81608], [87.31393, 27.82859], [87.33584, 27.84636], [87.36384, 27.85525], [87.38534, 27.84941], [87.38069, 27.83582], [87.36912, 27.81908], [87.36912, 27.80394], [87.38679, 27.8044], [87.47557, 27.8267], [87.51453, 27.8352], [87.53159, 27.8368], [87.55133, 27.83189], [87.55598, 27.82709], [87.5598, 27.81908], [87.56507, 27.81086], [87.57334, 27.80502], [87.58998, 27.80461], [87.62109, 27.81954], [87.63608, 27.82365], [87.65995, 27.81988], [87.67853, 27.81335], [87.70047, 27.80564], [87.72682, 27.80776], [87.75638, 27.82037], [87.77984, 27.83944], [87.79865, 27.86347], [87.81415, 27.89096], [87.82588, 27.90657], [87.83669, 27.90832], [87.85612, 27.89861], [87.93456, 27.8953], [87.94521, 27.8923], [87.96639, 27.88274], [87.97843, 27.88052], [87.99182, 27.88264], [88.01812, 27.89215], [88.02995, 27.89334], [88.0528, 27.88652], [88.09574, 27.86533], [88.11822, 27.86088]]]}, "properties": {"id": "8n9O", "status": "validé", "pieces": [{"kind": "country"}]}}, {"type": "Feature", "geometry": {"type": "Polygon", "coordinates": [[[86.7841, 27.9329], [86.7841, 27.97898], [86.73946, 27.97898], [86.73946, 27.9329], [86.7841, 27.9329]]]}, "properties": {"id": "8v2z", "status": "validé", "pieces": [{"kind": "rect", "bounds": [86.73946, 27.9329, 86.7841, 27.97898]}]}}, {"type": "Feature", "geometry": {"type": "MultiPolygon", "coordinates": [[[[85.73181, 27.06484], [85.86365, 27.12839], [86.03943, 27.14304], [86.14929, 27.09417], [86.25366, 26.967], [86.29761, 26.84949], [86.31409, 26.72695], [86.26465, 26.62391], [86.24124, 26.60235], [86.22516, 26.5974], [86.20288, 26.58458], [86.19585, 26.58267], [86.18536, 26.58442], [86.17927, 26.58861], [86.17446, 26.59331], [86.16779, 26.59662], [86.15265, 26.60065], [86.14635, 26.60136], [86.1448, 26.60153], [86.12206, 26.60029], [86.11586, 26.60256], [86.11069, 26.60675], [86.0417, 26.64545], [86.01137, 26.65445], [85.97571, 26.64437], [85.95215, 26.64204], [85.93468, 26.6329], [85.86637, 26.57993], [85.84476, 26.56851], [85.82854, 26.56613], [85.82161, 26.57171], [85.81975, 26.57952], [85.81955, 26.5883], [85.81763, 26.59672], [85.80973, 26.60303], [85.80007, 26.6007], [85.78999, 26.59703], [85.781, 26.5992], [85.72705, 26.6376], [85.71289, 26.65321], [85.70224, 26.68845], [85.70963, 26.76245], [85.70183, 26.79661], [85.68777, 26.81185], [85.6193, 26.84607], [85.62195, 26.85929], [85.64941, 26.99147], [85.73181, 27.06484]]], [[[84.89685, 27.38709], [85.02869, 27.32369], [85.06165, 27.23096], [85.0946, 27.06973], [85.01221, 26.99147], [84.90234, 26.967], [84.90203, 26.96695], [84.90157, 26.96719], [84.85175, 26.98213], [84.82829, 26.99484], [84.82813, 26.99494], [84.81749, 27.0106], [84.80193, 27.01375], [84.7855, 27.00848], [84.77196, 26.99918], [84.7607, 26.99902], [84.64024, 27.02838], [84.62727, 27.03649], [84.62148, 27.05799], [84.63037, 27.08083], [84.64453, 27.10372], [84.6544, 27.12537], [84.65982, 27.16511], [84.65765, 27.20341], [84.6482, 27.24072], [84.63267, 27.27536], [84.64417, 27.31393], [84.76501, 27.36758], [84.89685, 27.38709]]]]}, "properties": {"id": "Awwe", "status": "validé", "pieces": [{"kind": "polygon", "ring": [[84.64417, 27.31393], [84.76501, 27.36758], [84.89685, 27.38709], [85.02869, 27.32369], [85.06165, 27.23096], [85.0946, 27.06973], [85.01221, 26.99147], [84.90234, 26.967], [84.52332, 26.90826]]}, {"kind": "clip"}, {"kind": "polygon", "ring": [[85.62195, 26.85929], [85.64941, 26.99147], [85.73181, 27.06484], [85.86365, 27.12839], [86.03943, 27.14304], [86.14929, 27.09417], [86.25366, 26.967], [86.29761, 26.84949], [86.31409, 26.72695], [86.26465, 26.62391], [86.08337, 26.4569], [85.55603, 26.53061]]}]}}, {"type": "Feature", "geometry": {"type": "Polygon", "coordinates": [[[84.10034, 28.05836], [83.83118, 28.0729], [83.78723, 28.14554], [83.79822, 28.33903], [83.91357, 28.38252], [84.03992, 28.38252], [84.13879, 28.3487], [84.22668, 28.3052], [84.30908, 28.16975], [84.22668, 28.0729], [84.10034, 28.05836]]]}, "properties": {"id": "Cs2W", "status": "validé", "pieces": [{"kind": "polygon", "ring": [[84.10034, 28.05836], [83.83118, 28.0729], [83.78723, 28.14554], [83.79822, 28.33903], [83.91357, 28.38252], [84.03992, 28.38252], [84.13879, 28.3487], [84.22668, 28.3052], [84.30908, 28.16975], [84.22668, 28.0729]]}]}}, {"type": "Feature", "geometry": null, "properties": {"id": "Dg6E", "status": "rejeté", "pieces": []}}, {"type": "Feature", "geometry": null, "properties": {"id": "E2q2", "status": "rejeté", "pieces": []}}, {"type": "Feature", "geometry": {"type": "Polygon", "coordinates": [[[84.03992, 27.47489], [83.74878, 27.55768], [83.74878, 27.65985], [83.78174, 27.7668], [83.974, 27.81052], [84.18823, 27.84936], [84.34204, 27.84936], [84.49036, 27.78137], [84.49585, 27.69389], [84.40796, 27.57715], [84.34753, 27.51872], [84.16626, 27.50411], [84.1226, 27.49402], [84.12156, 27.49496], [84.11717, 27.51328], [84.09955, 27.51687], [84.0796, 27.50954], [84.05031, 27.47729], [84.03992, 27.47489]]]}, "properties": {"id": "Eg1M", "status": "validé", "pieces": [{"kind": "polygon", "ring": [[83.974, 27.81052], [83.78174, 27.7668], [83.74878, 27.65985], [83.74878, 27.55768], [84.03992, 27.47489], [84.16626, 27.50411], [84.34753, 27.51872], [84.40796, 27.57715], [84.49585, 27.69389], [84.49036, 27.78137], [84.34204, 27.84936], [84.18823, 27.84936]]}, {"kind": "clip"}]}}, {"type": "Feature", "geometry": {"type": "Polygon", "coordinates": [[[86.77277, 27.83008], [86.77277, 27.85921], [86.72745, 27.85921], [86.72745, 27.83008], [86.77277, 27.83008]]]}, "properties": {"id": "FSi3", "status": "validé", "pieces": [{"kind": "rect", "bounds": [86.72745, 27.83008, 86.77277, 27.85921]}]}}, {"type": "Feature", "geometry": {"type": "Polygon", "coordinates": [[[87.12708, 26.63353], [87.25891, 26.65316], [87.35779, 26.64825], [87.42371, 26.58934], [87.46216, 26.45178], [87.46765, 26.43211], [87.46257, 26.42642], [87.44963, 26.42862], [87.41645, 26.42697], [87.38421, 26.41865], [87.3564, 26.40371], [87.34493, 26.38935], [87.32622, 26.35333], [87.31403, 26.34377], [87.30049, 26.34599], [87.25843, 26.36294], [87.2453, 26.37023], [87.23631, 26.3833], [87.22943, 26.39875], [87.2191, 26.4081], [87.18846, 26.39958], [87.13502, 26.3942], [87.10629, 26.40475], [87.08329, 26.43208], [87.06671, 26.46562], [87.05668, 26.49487], [87.05647, 26.49492], [87.04873, 26.52823], [87.06116, 26.55988], [87.12708, 26.63353]]]}, "properties": {"id": "GK0F", "status": "validé", "pieces": [{"kind": "polygon", "ring": [[87.06116, 26.55988], [87.12708, 26.63353], [87.25891, 26.65316], [87.35779, 26.64825], [87.42371, 26.58934], [87.46216, 26.45178], [87.46765, 26.43211], [87.2699, 26.21064], [86.98975, 26.37801]]}, {"kind": "clip"}]}}, {"type": "Feature", "geometry": null, "properties": {"id": "Ipk5", "status": "rejeté", "pieces": []}}, {"type": "Feature", "geometry": {"type": "Polygon", "coordinates": [[[86.53381, 26.71695], [86.61072, 26.78069], [86.94031, 26.815], [87.30835, 26.78069], [87.55005, 26.78069], [88.16528, 26.72676], [88.16655, 26.7204], [88.16338, 26.70514], [88.14664, 26.66122], [88.10168, 26.58194], [88.08714, 26.5391], [88.07982, 26.51756], [88.07915, 26.50737], [88.08225, 26.49487], [88.07419, 26.45394], [88.04432, 26.40568], [88.03758, 26.39927], [87.96265, 26.37772], [87.96122, 26.37896], [87.92898, 26.39643], [87.91477, 26.40826], [87.90851, 26.41782], [87.902, 26.43529], [87.8973, 26.44345], [87.89477, 26.44293], [87.87069, 26.46071], [87.86981, 26.46464], [87.85208, 26.46066], [87.8216, 26.43751], [87.80444, 26.43735], [87.78594, 26.44598], [87.76899, 26.45146], [87.75617, 26.44691], [87.74945, 26.42573], [87.74222, 26.41048], [87.72754, 26.40376], [87.7109, 26.40568], [87.69757, 26.41627], [87.68119, 26.42423], [87.65964, 26.41751], [87.64875, 26.40999], [87.62398, 26.39291], [87.58698, 26.37803], [87.55205, 26.38671], [87.48032, 26.4234], [87.44963, 26.42862], [87.41645, 26.42697], [87.38421, 26.41865], [87.3564, 26.40371], [87.34493, 26.38935], [87.32622, 26.35333], [87.31403, 26.34377], [87.30049, 26.34599], [87.25843, 26.36294], [87.2453, 26.37023], [87.23631, 26.3833], [87.22943, 26.39875], [87.2191, 26.4081], [87.18846, 26.39958], [87.13502, 26.3942], [87.10629, 26.40475], [87.08329, 26.43208], [87.06671, 26.46562], [87.05668, 26.49487], [87.05647, 26.49492], [87.045, 26.54427], [87.04443, 26.56117], [87.04133, 26.58019], [87.02991, 26.57977], [87.01544, 26.56897], [86.98521, 26.54066], [86.97245, 26.53197], [86.93515, 26.52029], [86.90713, 26.51151], [86.87597, 26.49492], [86.86568, 26.47244], [86.84636, 26.45265], [86.82186, 26.43813], [86.79644, 26.43151], [86.78724, 26.43306], [86.75189, 26.44552], [86.7382, 26.44371], [86.73071, 26.43379], [86.72409, 26.42195], [86.7136, 26.41456], [86.6952, 26.41823], [86.62534, 26.45632], [86.5579, 26.48402], [86.55522, 26.48548], [86.51733, 26.54516], [86.53381, 26.71695]]]}, "properties": {"id": "JXKf", "status": "validé", "pieces": [{"kind": "polygon", "ring": [[86.51733, 26.54516], [86.53381, 26.71695], [86.61072, 26.78069], [86.94031, 26.815], [87.30835, 26.78069], [87.55005, 26.78069], [88.16528, 26.72676], [88.22021, 26.45179], [87.33032, 26.19587], [86.65466, 26.32882]]}, {"kind": "clip"}]}}, {"type": "Feature", "geometry": null, "properties": {"id": "K8df", "status": "rejeté", "pieces": []}}, {"type": "Feature", "geometry": null, "properties": {"id": "KIyv", "status": "rejeté", "pieces": []}}, {"type": "Feature", "geometry": {"type": "MultiPolygon", "coordinates": [[[[86.31409, 26.63849], [86.27014, 26.7219], [86.31958, 26.81014], [86.48438, 26.81504], [86.5448, 26.7219], [86.4624, 26.62377], [86.31409, 26.63849]]], [[[85.20996, 27.65963], [85.20996, 27.77143], [85.3418, 27.82972], [85.49011, 27.78601], [85.5011, 27.67908], [85.44617, 27.58666], [85.31982, 27.58666], [85.20996, 27.65963]]]]}, "properties": {"id": "L6Cc", "status": "validé", "pieces": [{"kind": "polygon", "ring": [[85.31982, 27.58666], [85.20996, 27.65963], [85.20996, 27.77143], [85.3418, 27.82972], [85.49011, 27.78601], [85.5011, 27.67908], [85.44617, 27.58666]]}, {"kind": "polygon", "ring": [[86.4624, 26.62377], [86.31409, 26.63849], [86.27014, 26.7219], [86.31958, 26.81014], [86.48438, 26.81504], [86.5448, 26.7219]]}]}}, {"type": "Feature", "geometry": null, "properties": {"id": "L7uv", "status": "rejeté", "pieces": []}}, {"type": "Feature", "geometry": null, "properties": {"id": "LKPy", "status": "rejeté", "pieces": []}}, {"type": "Feature", "geometry": {"type": "Polygon", "coordinates": [[[86.36902, 27.06976], [86.40198, 26.95725], [86.29211, 26.86912], [86.05042, 26.86422], [85.79224, 26.95725], [85.44067, 27.06487], [85.27039, 27.14797], [85.03967, 27.24076], [84.90234, 27.30421], [84.86389, 27.39687], [84.91333, 27.52842], [85.05615, 27.56737], [85.39124, 27.45536], [85.56152, 27.44074], [85.88562, 27.4115], [85.93506, 27.29933], [86.13281, 27.22123], [86.36902, 27.06976]]]}, "properties": {"id": "OjoN", "status": "validé", "pieces": [{"kind": "polygon", "ring": [[86.36902, 27.06976], [86.40198, 26.95725], [86.29211, 26.86912], [86.05042, 26.86422], [85.79224, 26.95725], [85.44067, 27.06487], [85.27039, 27.14797], [85.03967, 27.24076], [84.90234, 27.30421], [84.86389, 27.39687], [84.91333, 27.52842], [85.05615, 27.56737], [85.39124, 27.45536], [85.56152, 27.44074], [85.88562, 27.4115], [85.93506, 27.29933], [86.13281, 27.22123]]}]}}, {"type": "Feature", "geometry": {"type": "Polygon", "coordinates": [[[85.96802, 26.76113], [86.01196, 26.83955], [86.12732, 26.88853], [86.33057, 26.86894], [86.38, 26.75623], [86.38, 26.65812], [86.36902, 26.59922], [86.31187, 26.58513], [86.30903, 26.58799], [86.30861, 26.60215], [86.30138, 26.60902], [86.28443, 26.61202], [86.26309, 26.60908], [86.22516, 26.5974], [86.20288, 26.58458], [86.19585, 26.58267], [86.18536, 26.58442], [86.17927, 26.58861], [86.17446, 26.59331], [86.16779, 26.59662], [86.15265, 26.60065], [86.14635, 26.60136], [86.1448, 26.60153], [86.12206, 26.60029], [86.11586, 26.60256], [86.11069, 26.60675], [86.0417, 26.64545], [86.01648, 26.65293], [85.96802, 26.76113]]]}, "properties": {"id": "Px6r", "status": "validé", "pieces": [{"kind": "polygon", "ring": [[86.02295, 26.63849], [85.96802, 26.76113], [86.01196, 26.83955], [86.12732, 26.88853], [86.33057, 26.86894], [86.38, 26.75623], [86.38, 26.65812], [86.36902, 26.59922], [86.20972, 26.55994]]}, {"kind": "clip"}]}}, {"type": "Feature", "geometry": null, "properties": {"id": "QPNM", "status": "rejeté", "pieces": []}}, {"type": "Feature", "geometry": null, "properties": {"id": "TvYi", "status": "rejeté", "pieces": []}}, {"type": "Feature", "geometry": {"type": "MultiPolygon", "coordinates": [[[[85.97351, 26.85931], [86.11633, 26.83482], [86.29761, 26.77601], [86.31958, 26.68283], [86.31958, 26.61903], [86.29942, 26.60937], [86.28443, 26.61202], [86.26309, 26.60908], [86.22516, 26.5974], [86.20288, 26.58458], [86.19585, 26.58267], [86.18536, 26.58442], [86.17927, 26.58861], [86.17446, 26.59331], [86.16779, 26.59662], [86.15265, 26.60065], [86.14635, 26.60136], [86.1448, 26.60153], [86.12206, 26.60029], [86.11586, 26.60256], [86.11069, 26.60675], [86.0417, 26.64545], [86.01137, 26.65445], [85.97571, 26.64437], [85.95215, 26.64204], [85.93468, 26.6329], [85.86637, 26.57993], [85.84476, 26.56851], [85.82854, 26.56613], [85.82161, 26.57171], [85.81975, 26.57952], [85.81955, 26.5883], [85.81763, 26.59672], [85.80973, 26.60303], [85.80007, 26.6007], [85.78999, 26.59703], [85.781, 26.5992], [85.76479, 26.61073], [85.7428, 26.67792], [85.80872, 26.79071], [85.97351, 26.85931]]], [[[84.84192, 27.26068], [85.0177, 27.32411], [85.12207, 27.29972], [85.16602, 27.24603], [85.17151, 27.1337], [85.12756, 27.06527], [85.1825, 27.00658], [85.31433, 26.93806], [85.37476, 26.88421], [85.3909, 26.7882], [85.38588, 26.78844], [85.36924, 26.77501], [85.35535, 26.75991], [85.35322, 26.75759], [85.33704, 26.74679], [85.30237, 26.73734], [85.28728, 26.73697], [85.19493, 26.75888], [85.16568, 26.78627], [85.16553, 26.82079], [85.16202, 26.85102], [85.12284, 26.8657], [85.10021, 26.86353], [85.04399, 26.84374], [85.01856, 26.8458], [85.01686, 26.85924], [85.01805, 26.87443], [85.00084, 26.88224], [84.98818, 26.88379], [84.97577, 26.88689], [84.95273, 26.89764], [84.94425, 26.91572], [84.93857, 26.9366], [84.92405, 26.95567], [84.90157, 26.96719], [84.85175, 26.98213], [84.82829, 26.99484], [84.82813, 26.99494], [84.81749, 27.0106], [84.80193, 27.01375], [84.7855, 27.00848], [84.77196, 26.99918], [84.7607, 26.99902], [84.73694, 27.00481], [84.73755, 27.02125], [84.76501, 27.13859], [84.84192, 27.26068]]]]}, "properties": {"id": "Tzjk", "status": "validé", "pieces": [{"kind": "polygon", "ring": [[84.73755, 27.02125], [84.76501, 27.13859], [84.84192, 27.26068], [85.0177, 27.32411], [85.12207, 27.29972], [85.16602, 27.24603], [85.17151, 27.1337], [85.12756, 27.06527], [85.1825, 27.00658], [85.31433, 26.93806], [85.37476, 26.88421], [85.39124, 26.78621], [85.25391, 26.61452], [84.73206, 26.87401]]}, {"kind": "clip"}, {"kind": "polygon", "ring": [[85.7428, 26.67792], [85.80872, 26.79071], [85.97351, 26.85931], [86.11633, 26.83482], [86.29761, 26.77601], [86.31958, 26.68283], [86.31958, 26.61903], [86.01196, 26.47167], [85.80872, 26.47658]]}]}}, {"type": "Feature", "geometry": null, "properties": {"id": "UiDS", "status": "rejeté", "pieces": []}}, {"type": "Feature", "geometry": null, "properties": {"id": "VUae", "status": "rejeté", "pieces": []}}, {"type": "Feature", "geometry": null, "properties": {"id": "VYWX", "status": "rejeté", "pieces": []}}, {"type": "Feature", "geometry": {"type": "Polygon", "coordinates": [[[85.00122, 27.01592], [85.02869, 27.12837], [85.17151, 27.21142], [85.3363, 27.24071], [85.60547, 27.23583], [85.78125, 27.187], [85.94604, 27.13326], [86.13831, 27.03548], [86.19324, 26.93762], [86.20972, 26.83478], [86.17676, 26.74165], [86.13831, 26.64844], [86.07775, 26.62523], [86.0417, 26.64545], [86.01137, 26.65445], [85.97571, 26.64437], [85.95215, 26.64204], [85.93468, 26.6329], [85.86637, 26.57993], [85.84476, 26.56851], [85.82854, 26.56613], [85.82161, 26.57171], [85.81975, 26.57952], [85.81955, 26.5883], [85.81763, 26.59672], [85.80973, 26.60303], [85.80007, 26.6007], [85.78999, 26.59703], [85.781, 26.5992], [85.72705, 26.6376], [85.71289, 26.65321], [85.70224, 26.68845], [85.70963, 26.76245], [85.70183, 26.79661], [85.68777, 26.81185], [85.60938, 26.85102], [85.59858, 26.85438], [85.51946, 26.82643], [85.47569, 26.80524], [85.43962, 26.78772], [85.42154, 26.78266], [85.40319, 26.78762], [85.38588, 26.78844], [85.36924, 26.77501], [85.35535, 26.75991], [85.35322, 26.75759], [85.33704, 26.74679], [85.30237, 26.73734], [85.28728, 26.73697], [85.19493, 26.75888], [85.16568, 26.78627], [85.16553, 26.82079], [85.16202, 26.85102], [85.12284, 26.8657], [85.10021, 26.86353], [85.05595, 26.84795], [85.04517, 26.85927], [85.00122, 27.01592]]]}, "properties": {"id": "WzwA", "status": "validé", "pieces": [{"kind": "polygon", "ring": [[85.04517, 26.85927], [85.00122, 27.01592], [85.02869, 27.12837], [85.17151, 27.21142], [85.3363, 27.24071], [85.60547, 27.23583], [85.78125, 27.187], [85.94604, 27.13326], [86.13831, 27.03548], [86.19324, 26.93762], [86.20972, 26.83478], [86.17676, 26.74165], [86.13831, 26.64844], [85.48462, 26.39788]]}, {"kind": "clip"}]}}, {"type": "Feature", "geometry": {"type": "MultiPolygon", "coordinates": [[[[86.12183, 26.83507], [86.13281, 26.92812], [86.18774, 27.00153], [86.34705, 27.00153], [86.41296, 26.86936], [86.29211, 26.81057], [86.12183, 26.83507]]], [[[85.08911, 27.70868], [85.15503, 27.82528], [85.33081, 27.86898], [85.46814, 27.79128], [85.5011, 27.69409], [85.44617, 27.61141], [85.28687, 27.62114], [85.08911, 27.70868]]]]}, "properties": {"id": "Y0PQ", "status": "validé", "pieces": [{"kind": "polygon", "ring": [[85.28687, 27.62114], [85.08911, 27.70868], [85.15503, 27.82528], [85.33081, 27.86898], [85.46814, 27.79128], [85.5011, 27.69409], [85.44617, 27.61141]]}, {"kind": "polygon", "ring": [[86.29211, 26.81057], [86.12183, 26.83507], [86.13281, 26.92812], [86.18774, 27.00153], [86.34705, 27.00153], [86.41296, 26.86936]]}]}}, {"type": "Feature", "geometry": {"type": "Polygon", "coordinates": [[[88.11822, 27.86088], [88.14302, 27.85572], [88.15641, 27.85127], [88.16462, 27.84536], [88.16659, 27.8336], [88.1546, 27.81515], [88.15966, 27.77412], [88.14933, 27.74877], [88.13486, 27.72317], [88.11088, 27.6395], [88.04877, 27.54535], [88.02334, 27.49491], [88.0221, 27.48424], [88.02334, 27.47465], [88.02809, 27.45512], [88.03078, 27.45073], [88.03977, 27.44236], [88.04163, 27.43807], [88.03931, 27.42949], [88.03481, 27.42381], [88.02959, 27.41874], [88.02582, 27.41208], [88.01724, 27.38923], [88.01476, 27.37807], [88.01579, 27.36422], [88.02014, 27.35337], [88.03254, 27.33389], [88.03512, 27.32257], [88.02902, 27.29808], [88.00466, 27.24916], [87.98934, 27.21839], [87.98546, 27.14837], [87.97084, 27.11922], [87.96918, 27.1108], [87.97073, 27.10274], [87.97549, 27.09514], [87.9913, 27.0815], [88.00949, 27.04564], [88.02737, 27.03535], [88.04282, 27.02895], [88.05595, 27.01804], [88.07688, 26.99179], [88.09682, 26.95934], [88.11181, 26.9243], [88.12044, 26.90885], [88.14282, 26.87841], [88.15139, 26.86281], [88.15532, 26.8456], [88.15904, 26.80255], [88.16783, 26.76291], [88.16907, 26.744], [88.16752, 26.72504], [88.16338, 26.70514], [88.14664, 26.66122], [88.10168, 26.58194], [88.08714, 26.5391], [88.07982, 26.51756], [88.07915, 26.50737], [88.08225, 26.49487], [88.07419, 26.45394], [88.04432, 26.40568], [88.00665, 26.36986], [87.97549, 26.36656], [87.96122, 26.37896], [87.92898, 26.39643], [87.91477, 26.40826], [87.90851, 26.41782], [87.902, 26.43529], [87.8973, 26.44345], [87.89477, 26.44293], [87.87069, 26.46071], [87.86981, 26.46464], [87.85208, 26.46066], [87.8216, 26.43751], [87.80444, 26.43735], [87.78594, 26.44598], [87.76899, 26.45146], [87.75617, 26.44691], [87.74945, 26.42573], [87.74222, 26.41048], [87.72754, 26.40376], [87.7109, 26.40568], [87.69757, 26.41627], [87.68119, 26.42423], [87.65964, 26.41751], [87.64875, 26.40999], [87.62398, 26.39291], [87.58698, 26.37803], [87.55205, 26.38671], [87.48032, 26.4234], [87.44963, 26.42862], [87.41645, 26.42697], [87.38421, 26.41865], [87.3564, 26.40371], [87.34493, 26.38935], [87.32622, 26.35333], [87.31403, 26.34377], [87.30049, 26.34599], [87.25843, 26.36294], [87.2453, 26.37023], [87.23631, 26.3833], [87.22943, 26.39875], [87.2191, 26.4081], [87.18846, 26.39958], [87.13502, 26.3942], [87.10629, 26.40475], [87.08329, 26.43208], [87.06671, 26.46562], [87.05668, 26.49487], [87.05647, 26.49492], [87.045, 26.54427], [87.04443, 26.56117], [87.04133, 26.58019], [87.02991, 26.57977], [87.01544, 26.56897], [86.98521, 26.54066], [86.97245, 26.53197], [86.93515, 26.52029], [86.90713, 26.51151], [86.87597, 26.49492], [86.86568, 26.47244], [86.84636, 26.45265], [86.82186, 26.43813], [86.79644, 26.43151], [86.78724, 26.43306], [86.75189, 26.44552], [86.7382, 26.44371], [86.73071, 26.43379], [86.72409, 26.42195], [86.7136, 26.41456], [86.6952, 26.41823], [86.62534, 26.45632], [86.5579, 26.48402], [86.53795, 26.49487], [86.53775, 26.49487], [86.52431, 26.50908], [86.51062, 26.52014], [86.49491, 26.52784], [86.47548, 26.53197], [86.44483, 26.54308], [86.38365, 26.57285], [86.35367, 26.58262], [86.34484, 26.58262], [86.32318, 26.58008], [86.316, 26.58096], [86.30903, 26.58799], [86.30861, 26.60215], [86.30138, 26.60902], [86.28443, 26.61202], [86.26309, 26.60908], [86.22516, 26.5974], [86.20288, 26.58458], [86.19585, 26.58267], [86.18536, 26.58442], [86.17927, 26.58861], [86.17446, 26.59331], [86.16779, 26.59662], [86.15265, 26.60065], [86.14635, 26.60136], [86.1448, 26.60153], [86.12206, 26.60029], [86.11586, 26.60256], [86.11069, 26.60675], [86.0417, 26.64545], [86.01137, 26.65445], [85.97571, 26.64437], [85.95215, 26.64204], [85.93468, 26.6329], [85.86637, 26.57993], [85.84476, 26.56851], [85.82854, 26.56613], [85.82161, 26.57171], [85.81975, 26.57952], [85.81955, 26.5883], [85.81763, 26.59672], [85.80973, 26.60303], [85.80007, 26.6007], [85.78999, 26.59703], [85.781, 26.5992], [85.72705, 26.6376], [85.71289, 26.65321], [85.70224, 26.68845], [85.70963, 26.76245], [85.70183, 26.79661], [85.68777, 26.81185], [85.60938, 26.85102], [85.59858, 26.85438], [85.51946, 26.82643], [85.47569, 26.80524], [85.43962, 26.78772], [85.42154, 26.78266], [85.40319, 26.78762], [85.38588, 26.78844], [85.36924, 26.77501], [85.35535, 26.75991], [85.35322, 26.75759], [85.33704, 26.74679], [85.30237, 26.73734], [85.28728, 26.73697], [85.19493, 26.75888], [85.16568, 26.78627], [85.16553, 26.82079], [85.16202, 26.85102], [85.12284, 26.8657], [85.10021, 26.86353], [85.04399, 26.84374], [85.01856, 26.8458], [85.01686, 26.85924], [85.01805, 26.87443], [85.00084, 26.88224], [84.98818, 26.88379], [84.97577, 26.88689], [84.95273, 26.89764], [84.94425, 26.91572], [84.93857, 26.9366], [84.92405, 26.95567], [84.90157, 26.96719], [84.85175, 26.98213], [84.82829, 26.99484], [84.82813, 26.99494], [84.81749, 27.0106], [84.80193, 27.01375], [84.7855, 27.00848], [84.77196, 26.99918], [84.7607, 26.99902], [84.64024, 27.02838], [84.62727, 27.03649], [84.62148, 27.05799], [84.63037, 27.08083], [84.64453, 27.10372], [84.6544, 27.12537], [84.65982, 27.16511], [84.65765, 27.20341], [84.6482, 27.24072], [84.63192, 27.27704], [84.60655, 27.31048], [84.57704, 27.32903], [84.28941, 27.37611], [84.2677, 27.38856], [84.24889, 27.41244], [84.23902, 27.43114], [84.22554, 27.44039], [84.19525, 27.43605], [84.18585, 27.43864], [84.1751, 27.46298], [84.16575, 27.47217], [84.14172, 27.48075], [84.13097, 27.48641], [84.12156, 27.49496], [84.11717, 27.51328], [84.09955, 27.51687], [84.0796, 27.50954], [84.02891, 27.45373], [84.00767, 27.44081], [83.97584, 27.43972], [83.93594, 27.44608], [83.92302, 27.44995], [83.92204, 27.4497], [83.89987, 27.44386], [83.85352, 27.44096], [83.83409, 27.43404], [83.84272, 27.41807], [83.87119, 27.38944], [83.87367, 27.38009], [83.87765, 27.36991], [83.87739, 27.36174], [83.86752, 27.35838], [83.86173, 27.35451], [83.8546, 27.34505], [83.85334, 27.34619], [83.84799, 27.35104], [83.802, 27.36593], [83.6634, 27.43228], [83.59043, 27.45662], [83.48098, 27.46975], [83.38703, 27.47047], [83.36099, 27.4622], [83.35592, 27.45249], [83.35386, 27.44029], [83.35582, 27.42866], [83.37096, 27.41021], [83.36957, 27.39817], [83.36275, 27.38562], [83.34114, 27.35694], [83.32435, 27.34169], [83.30487, 27.33192], [83.28244, 27.33094], [83.2595, 27.33813], [83.24942, 27.3481], [83.24312, 27.36216], [83.23159, 27.38122], [83.21924, 27.39378], [83.16963, 27.43119], [83.13279, 27.44422], [83.01047, 27.44339], [82.94716, 27.45732], [82.90127, 27.48036], [82.87626, 27.48755], [82.75214, 27.49496], [82.72971, 27.51817], [82.71886, 27.55612], [82.70925, 27.63092], [82.69705, 27.6694], [82.67969, 27.69441], [82.67389, 27.69646], [82.65214, 27.70415], [82.52616, 27.67521], [82.44068, 27.66643], [82.40193, 27.67717], [82.34792, 27.72601], [82.27041, 27.76048], [82.15104, 27.84828], [82.10742, 27.86357], [82.09037, 27.87233], [82.07166, 27.89003], [82.05161, 27.90517], [82.05021, 27.90559], [82.02722, 27.91241], [81.9759, 27.91695], [81.9464, 27.90535], [81.90609, 27.86311], [81.8832, 27.84905], [81.85565, 27.85094], [81.82785, 27.86564], [81.80015, 27.88409], [81.75013, 27.90967], [81.71039, 27.94752], [81.68895, 27.9632], [81.66543, 27.9708], [81.61505, 27.98124], [81.59536, 27.99478], [81.5951, 27.99488], [81.58218, 28.01328], [81.56193, 28.02599], [81.47346, 28.0664], [81.45821, 28.07728], [81.45403, 28.08661], [81.45294, 28.09705], [81.44824, 28.11141], [81.43527, 28.12978], [81.41733, 28.14702], [81.39604, 28.16063], [81.3732, 28.16784], [81.35791, 28.16598], [81.35145, 28.15681], [81.34726, 28.14443], [81.33812, 28.13273], [81.3237, 28.12624], [81.30706, 28.12381], [81.29621, 28.12831], [81.29941, 28.14252], [81.28308, 28.14609], [81.27678, 28.15379], [81.28075, 28.16198], [81.29595, 28.16746], [81.28236, 28.19159], [81.22432, 28.25078], [81.21073, 28.27864], [81.19037, 28.33812], [81.1697, 28.36132], [81.14634, 28.37225], [81.04707, 28.38909], [81.00041, 28.397], [80.99317, 28.40783], [80.99131, 28.42026], [80.9878, 28.43098], [80.97602, 28.43692], [80.96052, 28.43227], [80.94119, 28.43268], [80.92134, 28.4362], [80.90527, 28.44085], [80.88667, 28.45279], [80.88186, 28.46684], [80.88036, 28.48188], [80.87225, 28.49687], [80.85799, 28.50245], [80.81701, 28.50255], [80.79841, 28.5057], [80.78166, 28.51475], [80.74353, 28.54996], [80.72709, 28.55968], [80.69578, 28.56751], [80.67862, 28.57472], [80.66818, 28.58634], [80.64834, 28.61975], [80.63563, 28.62787], [80.59852, 28.63378], [80.58137, 28.63895], [80.56359, 28.64704], [80.55687, 28.65502], [80.55739, 28.66435], [80.55904, 28.67303], [80.55584, 28.67895], [80.53444, 28.67956], [80.5176, 28.68003], [80.49755, 28.67014], [80.48762, 28.65647], [80.48494, 28.63929], [80.49341, 28.57565], [80.48845, 28.56244], [80.46881, 28.57185], [80.42654, 28.61681], [80.40835, 28.62634], [80.3883, 28.62725], [80.36908, 28.62265], [80.34975, 28.62022], [80.3297, 28.62748], [80.31833, 28.64011], [80.29105, 28.68967], [80.2834, 28.69536], [80.26521, 28.69928], [80.25704, 28.70275], [80.2494, 28.71021], [80.23896, 28.72626], [80.23327, 28.73272], [80.21643, 28.74194], [80.18118, 28.74729], [80.16206, 28.75329], [80.14759, 28.76331], [80.11421, 28.80258], [80.08186, 28.81935], [80.07305, 28.82092], [80.05478, 28.82418], [80.03639, 28.83703], [80.03029, 28.87767], [80.03111, 28.8978], [80.03391, 28.91594], [80.04052, 28.93281], [80.05292, 28.94911], [80.06843, 28.95994], [80.08517, 28.96748], [80.09943, 28.97728], [80.10791, 28.99459], [80.10791, 28.99477], [80.1047, 29.02761], [80.11307, 29.07221], [80.13261, 29.11021], [80.16351, 29.12337], [80.18056, 29.12132], [80.20144, 29.12117], [80.22066, 29.12608], [80.23307, 29.13931], [80.23048, 29.15473], [80.21374, 29.19656], [80.2188, 29.21109], [80.23606, 29.21308], [80.24867, 29.20439], [80.25818, 29.20246], [80.27875, 29.26808], [80.28278, 29.29131], [80.28009, 29.31015], [80.27275, 29.31571], [80.26355, 29.31532], [80.25498, 29.31664], [80.2495, 29.327], [80.24216, 29.36741], [80.22097, 29.40012], [80.21374, 29.41689], [80.21767, 29.43464], [80.22831, 29.44172], [80.25746, 29.45006], [80.26345, 29.45924], [80.26624, 29.47213], [80.27306, 29.47867], [80.28205, 29.4843], [80.29115, 29.49461], [80.29146, 29.49474], [80.31151, 29.50812], [80.32009, 29.51582], [80.32722, 29.52484], [80.32763, 29.52993], [80.32505, 29.53551], [80.3236, 29.54166], [80.32722, 29.54858], [80.3327, 29.55246], [80.3451, 29.55835], [80.35079, 29.56207], [80.37332, 29.58419], [80.3852, 29.60484], [80.38675, 29.62682], [80.37755, 29.65295], [80.36391, 29.67971], [80.3544, 29.70488], [80.3543, 29.73028], [80.36898, 29.75793], [80.39523, 29.77658], [80.45486, 29.79059], [80.47615, 29.80614], [80.52731, 29.86242], [80.54953, 29.89368], [80.56287, 29.9297], [80.57134, 29.94685], [80.58622, 29.95414], [80.62229, 29.95817], [80.64141, 29.96344], [80.65413, 29.97058], [80.68017, 29.99207], [80.71583, 30.01331], [80.72575, 30.02277], [80.75572, 30.06457], [80.76967, 30.07729], [80.82982, 30.11713], [80.84967, 30.14338], [80.83644, 30.17005], [80.85039, 30.18193], [80.86791, 30.20017], [80.88368, 30.21028], [80.88388, 30.21041], [80.89365, 30.1981], [80.90331, 30.18043], [80.92083, 30.17666], [80.98816, 30.19656], [80.99602, 30.19697], [81.00651, 30.18891], [81.01943, 30.17227], [81.0309, 30.15273], [81.04366, 30.12023], [81.06661, 30.08716], [81.0742, 30.07191], [81.08445, 30.02788], [81.08485, 30.02618], [81.09777, 30.01693], [81.12459, 30.02277], [81.1481, 30.02323], [81.19451, 30.00447], [81.21683, 30.0082], [81.22727, 30.02246], [81.22572, 30.05047], [81.23952, 30.05879], [81.25709, 30.06354], [81.2668, 30.06995], [81.2679, 30.07205], [81.27202, 30.07992], [81.27595, 30.09537], [81.2745, 30.10219], [81.26634, 30.11775], [81.26696, 30.12509], [81.2777, 30.13186], [81.29326, 30.13284], [81.30954, 30.13206], [81.32241, 30.13377], [81.33827, 30.14354], [81.35005, 30.15723], [81.35729, 30.17356], [81.36183, 30.20477], [81.37439, 30.22312], [81.37785, 30.23263], [81.37692, 30.2412], [81.37052, 30.25728], [81.36902, 30.26606], [81.36804, 30.30105], [81.37155, 30.31691], [81.38214, 30.33128], [81.38726, 30.34513], [81.38488, 30.36094], [81.38752, 30.37391], [81.40741, 30.37918], [81.42612, 30.37251], [81.46281, 30.34135], [81.48307, 30.3319], [81.50937, 30.32838], [81.52069, 30.33195], [81.53195, 30.37034], [81.53681, 30.37856], [81.54425, 30.38264], [81.56327, 30.38559], [81.57671, 30.39096], [81.58198, 30.39944], [81.58508, 30.40812], [81.59159, 30.41427], [81.61401, 30.4169], [81.63572, 30.41096], [81.75737, 30.3629], [81.77902, 30.35805], [81.8015, 30.3613], [81.82279, 30.36817], [81.84439, 30.37117], [81.88718, 30.355], [81.92149, 30.35737], [81.94123, 30.35396], [81.95012, 30.34838], [81.96211, 30.33365], [81.96903, 30.32828], [81.97885, 30.32683], [81.98846, 30.32978], [81.99818, 30.33407], [82.00763, 30.33681], [82.04985, 30.33923], [82.07321, 30.33722], [82.08877, 30.33009], [82.09321, 30.31474], [82.0821, 30.25733], [82.08499, 30.23082], [82.0959, 30.21345], [82.11424, 30.20219], [82.14039, 30.19402], [82.15569, 30.18136], [82.15099, 30.16224], [82.12758, 30.12436], [82.12871, 30.11077], [82.13522, 30.08974], [82.14453, 30.06943], [82.15383, 30.05817], [82.17424, 30.05548], [82.19217, 30.06147], [82.21067, 30.06442], [82.25573, 30.03967], [82.27599, 30.03693], [82.29651, 30.03682], [82.31888, 30.03181], [82.32715, 30.02571], [82.33909, 30.00923], [82.3473, 30.00344], [82.36374, 30.00117], [82.37914, 30.00323], [82.39443, 30.00313], [82.40978, 29.9946], [82.42285, 29.97967], [82.43893, 29.96577], [82.45707, 29.95409], [82.47582, 29.94551], [82.52424, 29.93239], [82.54181, 29.92324], [82.6185, 29.83983], [82.63586, 29.82903], [82.64641, 29.82934], [82.66697, 29.83503], [82.67731, 29.83441], [82.68899, 29.82774], [82.68919, 29.81958], [82.68465, 29.80971], [82.68175, 29.79772], [82.69095, 29.78074], [82.75152, 29.73932], [82.77012, 29.71416], [82.78108, 29.70511], [82.79306, 29.69951], [82.80516, 29.69597], [82.81554, 29.69013], [82.82237, 29.67796], [82.83658, 29.65979], [82.85745, 29.6662], [82.88009, 29.68111], [82.89973, 29.68842], [82.90913, 29.68462], [82.9237, 29.66966], [82.93192, 29.66418], [82.9421, 29.66295], [82.96432, 29.66589], [82.9759, 29.66403], [83.03289, 29.62047], [83.0409, 29.61029], [83.0545, 29.58605], [83.06494, 29.57879], [83.07956, 29.57964], [83.08555, 29.59039], [83.08845, 29.60442], [83.09336, 29.61514], [83.10028, 29.61768], [83.12669, 29.62341], [83.15005, 29.62563], [83.16209, 29.62517], [83.17356, 29.62127], [83.18725, 29.6121], [83.19087, 29.6069], [83.19449, 29.59365], [83.19718, 29.5891], [83.20493, 29.58491], [83.22188, 29.57982], [83.22932, 29.57595], [83.25257, 29.5552], [83.26084, 29.54205], [83.26332, 29.52709], [83.25991, 29.51877], [83.25402, 29.51329], [83.24875, 29.50657], [83.2472, 29.49474], [83.26394, 29.47301], [83.32797, 29.48502], [83.3552, 29.46073], [83.35779, 29.44275], [83.3552, 29.42797], [83.35701, 29.41536], [83.38724, 29.3935], [83.38941, 29.38245], [83.38827, 29.37022], [83.39313, 29.35625], [83.40502, 29.34648], [83.41778, 29.3409], [83.42817, 29.33346], [83.43721, 29.30524], [83.44822, 29.29677], [83.47581, 29.28692], [83.49338, 29.27615], [83.503, 29.26103], [83.5125, 29.22349], [83.51457, 29.20181], [83.51705, 29.19171], [83.52372, 29.18359], [83.53597, 29.17923], [83.56139, 29.17623], [83.57203, 29.1684], [83.58382, 29.16215], [83.62444, 29.15546], [83.63927, 29.15476], [83.65499, 29.16041], [83.65601, 29.16078], [83.6634, 29.17481], [83.66774, 29.19233], [83.67508, 29.20876], [83.69549, 29.22618], [83.71973, 29.23359], [83.74536, 29.23447], [83.77063, 29.23225], [83.79321, 29.23475], [83.83786, 29.254], [83.86163, 29.2602], [83.86886, 29.26344], [83.87739, 29.27677], [83.88344, 29.28201], [83.91439, 29.2894], [83.93315, 29.29178], [83.94555, 29.29183], [83.95795, 29.28904], [83.96726, 29.2847], [83.97325, 29.27702], [83.97584, 29.26375], [83.98824, 29.26953], [84.0009, 29.27253], [84.01252, 29.2702], [84.02152, 29.25977], [84.03521, 29.24762], [84.05304, 29.25036], [84.07206, 29.25698], [84.08973, 29.25661], [84.09914, 29.247], [84.10534, 29.21992], [84.11236, 29.2091], [84.12601, 29.20625], [84.14198, 29.20827], [84.15546, 29.20664], [84.16166, 29.19253], [84.1552, 29.17595], [84.14172, 29.16026], [84.13226, 29.1438], [84.138, 29.12466], [84.16011, 29.10549], [84.16621, 29.09846], [84.16972, 29.08892], [84.17546, 29.0574], [84.1982, 29.04531], [84.22057, 29.0389], [84.23143, 29.02598], [84.20673, 28.94066], [84.22529, 28.91411], [84.23515, 28.90002], [84.286, 28.87374], [84.354, 28.86129], [84.3663, 28.85674], [84.37659, 28.84884], [84.39307, 28.82434], [84.41431, 28.80827], [84.42273, 28.79917], [84.43782, 28.75334], [84.45085, 28.73388], [84.47575, 28.72729], [84.49859, 28.72786], [84.51565, 28.7214], [84.53198, 28.71269], [84.55182, 28.70639], [84.60722, 28.6982], [84.61621, 28.69365], [84.62582, 28.67608], [84.63264, 28.66879], [84.65228, 28.66239], [84.67114, 28.65895], [84.68297, 28.65076], [84.67776, 28.6044], [84.69083, 28.59614], [84.73662, 28.59417], [84.75563, 28.58541], [84.78178, 28.5589], [84.79914, 28.54663], [84.81196, 28.54198], [84.82395, 28.54053], [84.87929, 28.54363], [84.89144, 28.54177], [84.90787, 28.53702], [84.91872, 28.53568], [84.92849, 28.53847], [84.93645, 28.54477], [84.94895, 28.56828], [84.95495, 28.5743], [84.98477, 28.58859], [84.99407, 28.59081], [85.00249, 28.59443], [85.00916, 28.60254], [85.01877, 28.61986], [85.02528, 28.62841], [85.0321, 28.63407], [85.05494, 28.63869], [85.07504, 28.63166], [85.11189, 28.60882], [85.16098, 28.595], [85.16801, 28.58319], [85.15695, 28.53314], [85.15375, 28.5249], [85.14765, 28.51583], [85.14036, 28.51092], [85.12315, 28.50459], [85.11721, 28.49733], [85.11566, 28.49149], [85.11556, 28.47273], [85.10946, 28.4593], [85.08367, 28.44553], [85.07758, 28.43568], [85.08569, 28.38101], [85.08569, 28.36153], [85.08187, 28.3317], [85.08021, 28.31879], [85.0874, 28.30411], [85.10941, 28.29225], [85.13416, 28.29197], [85.15457, 28.30086], [85.17359, 28.30432], [85.20573, 28.27828], [85.22392, 28.27169], [85.24341, 28.26791], [85.25958, 28.26693], [85.27312, 28.26983], [85.30102, 28.28107], [85.3126, 28.28277], [85.32573, 28.2774], [85.33482, 28.26869], [85.34536, 28.26125], [85.36257, 28.25967], [85.37782, 28.26598], [85.40138, 28.28879], [85.41523, 28.29644], [85.43156, 28.29706], [85.44665, 28.29215], [85.47569, 28.2791], [85.49755, 28.28262], [85.52065, 28.28293], [85.5437, 28.28039], [85.5653, 28.27538], [85.5855, 28.26319], [85.59894, 28.25083], [85.61181, 28.25115], [85.63909, 28.28789], [85.64695, 28.2937], [85.66814, 28.30055], [85.67506, 28.30639], [85.6762, 28.31512], [85.67599, 28.32473], [85.67914, 28.3329], [85.69294, 28.33522], [85.698, 28.31344], [85.69976, 28.2691], [85.71557, 28.24337], [85.73449, 28.22153], [85.7566, 28.20324], [85.78275, 28.1881], [85.82689, 28.17048], [85.84828, 28.15893], [85.86337, 28.14335], [85.86704, 28.13293], [85.87174, 28.11092], [85.8891, 28.09028], [85.89107, 28.0809], [85.88983, 28.07126], [85.89045, 28.05919], [85.8983, 28.03602], [85.90895, 28.02242], [85.94398, 27.99473], [85.95659, 27.97623], [85.95628, 27.95687], [85.95184, 27.9368], [85.95122, 27.91623], [85.96269, 27.89137], [85.98026, 27.88517], [86.02646, 27.88993], [86.05142, 27.88755], [86.0546, 27.88801], [86.0617, 27.88905], [86.07565, 27.89478], [86.10718, 27.92284], [86.11286, 27.9268], [86.11224, 27.93726], [86.10718, 27.94424], [86.10056, 27.95023], [86.0956, 27.95785], [86.09508, 27.96889], [86.09803, 27.97752], [86.09813, 27.98563], [86.0894, 27.99473], [86.0894, 27.99488], [86.0893, 27.99488], [86.07917, 28.00113], [86.07762, 28.00695], [86.07953, 28.01333], [86.07953, 28.02165], [86.08392, 28.03855], [86.0847, 28.04387], [86.08155, 28.0517], [86.07018, 28.06671], [86.06873, 28.07676], [86.15596, 28.15652], [86.17601, 28.15301], [86.18604, 28.13353], [86.18717, 28.1087], [86.18076, 28.08875], [86.17224, 28.07183], [86.17446, 28.06245], [86.18185, 28.05488], [86.18914, 28.04361], [86.19601, 28.01457], [86.20304, 28.00258], [86.21776, 27.99498], [86.21792, 27.99493], [86.21838, 27.99473], [86.23854, 27.98956], [86.259, 27.98765], [86.27807, 27.98369], [86.29466, 27.97238], [86.31822, 27.94579], [86.32773, 27.93969], [86.33755, 27.93804], [86.34561, 27.94093], [86.35367, 27.94481], [86.36298, 27.9461], [86.37197, 27.94196], [86.40571, 27.917], [86.4253, 27.90993], [86.43884, 27.91086], [86.47548, 27.9276], [86.49692, 27.93788], [86.51046, 27.95243], [86.51676, 27.97143], [86.51645, 27.99473], [86.5162, 28.01225], [86.52229, 28.02372], [86.53092, 28.03369], [86.53837, 28.04718], [86.54074, 28.06216], [86.54126, 28.07821], [86.54415, 28.09302], [86.55356, 28.10415], [86.56953, 28.10661], [86.58312, 28.09803], [86.59686, 28.0865], [86.61231, 28.08028], [86.62715, 28.08348], [86.64947, 28.10118], [86.66198, 28.10684], [86.68006, 28.10573], [86.69965, 28.09875], [86.71768, 28.08826], [86.73174, 28.07692], [86.73598, 28.06485], [86.7322, 28.03496], [86.7398, 28.0215], [86.76998, 28.01209], [86.84047, 28.01478], [86.86817, 27.99488], [86.86817, 27.99473], [86.8769, 27.97065], [86.89307, 27.95419], [86.91473, 27.94512], [86.94036, 27.9431], [86.97023, 27.94744], [86.98209, 27.95067], [86.98873, 27.95248], [87.00568, 27.9515], [87.03053, 27.93809], [87.062, 27.90843], [87.11652, 27.84458], [87.1558, 27.8258], [87.182, 27.8245], [87.2329, 27.82972], [87.29052, 27.81608], [87.31393, 27.82859], [87.33584, 27.84636], [87.36384, 27.85525], [87.38534, 27.84941], [87.38069, 27.83582], [87.36912, 27.81908], [87.36912, 27.80394], [87.38679, 27.8044], [87.47557, 27.8267], [87.51453, 27.8352], [87.53159, 27.8368], [87.55133, 27.83189], [87.55598, 27.82709], [87.5598, 27.81908], [87.56507, 27.81086], [87.57334, 27.80502], [87.58998, 27.80461], [87.62109, 27.81954], [87.63608, 27.82365], [87.65995, 27.81988], [87.67853, 27.81335], [87.70047, 27.80564], [87.72682, 27.80776], [87.75638, 27.82037], [87.77984, 27.83944], [87.79865, 27.86347], [87.81415, 27.89096], [87.82588, 27.90657], [87.83669, 27.90832], [87.85612, 27.89861], [87.93456, 27.8953], [87.94521, 27.8923], [87.96639, 27.88274], [87.97843, 27.88052], [87.99182, 27.88264], [88.01812, 27.89215], [88.02995, 27.89334], [88.0528, 27.88652], [88.09574, 27.86533], [88.11822, 27.86088]]]}, "properties": {"id": "Y1VK", "status": "validé", "pieces": [{"kind": "country"}]}}, {"type": "Feature", "geometry": null, "properties": {"id": "Zjaj", "status": "rejeté", "pieces": []}}, {"type": "Feature", "geometry": {"type": "Polygon", "coordinates": [[[85.79773, 26.92768], [86.89087, 26.7464], [87.56653, 26.70716], [88.16198, 26.7893], [88.16783, 26.76291], [88.16907, 26.744], [88.16752, 26.72504], [88.16338, 26.70514], [88.14664, 26.66122], [88.10168, 26.58194], [88.08714, 26.5391], [88.07982, 26.51756], [88.07915, 26.50737], [88.08225, 26.49487], [88.07419, 26.45394], [88.04432, 26.40568], [88.00665, 26.36986], [87.97549, 26.36656], [87.96122, 26.37896], [87.92898, 26.39643], [87.91477, 26.40826], [87.90851, 26.41782], [87.902, 26.43529], [87.8973, 26.44345], [87.89477, 26.44293], [87.87069, 26.46071], [87.86981, 26.46464], [87.85208, 26.46066], [87.8216, 26.43751], [87.80444, 26.43735], [87.78594, 26.44598], [87.76899, 26.45146], [87.75617, 26.44691], [87.74945, 26.42573], [87.74222, 26.41048], [87.72754, 26.40376], [87.7109, 26.40568], [87.69757, 26.41627], [87.68119, 26.42423], [87.65964, 26.41751], [87.64875, 26.40999], [87.62398, 26.39291], [87.58698, 26.37803], [87.55205, 26.38671], [87.48032, 26.4234], [87.44963, 26.42862], [87.41645, 26.42697], [87.38421, 26.41865], [87.3564, 26.40371], [87.34493, 26.38935], [87.32622, 26.35333], [87.31403, 26.34377], [87.30049, 26.34599], [87.25843, 26.36294], [87.2453, 26.37023], [87.23631, 26.3833], [87.22943, 26.39875], [87.2191, 26.4081], [87.18846, 26.39958], [87.13502, 26.3942], [87.10629, 26.40475], [87.08329, 26.43208], [87.06671, 26.46562], [87.05668, 26.49487], [87.05647, 26.49492], [87.045, 26.54427], [87.04443, 26.56117], [87.04133, 26.58019], [87.02991, 26.57977], [87.01544, 26.56897], [86.98521, 26.54066], [86.97245, 26.53197], [86.93515, 26.52029], [86.90713, 26.51151], [86.87597, 26.49492], [86.86568, 26.47244], [86.84636, 26.45265], [86.82186, 26.43813], [86.79644, 26.43151], [86.78724, 26.43306], [86.75189, 26.44552], [86.7382, 26.44371], [86.73071, 26.43379], [86.72409, 26.42195], [86.7136, 26.41456], [86.6952, 26.41823], [86.62534, 26.45632], [86.5579, 26.48402], [86.53795, 26.49487], [86.53775, 26.49487], [86.52431, 26.50908], [86.51062, 26.52014], [86.49491, 26.52784], [86.47548, 26.53197], [86.44483, 26.54308], [86.38365, 26.57285], [86.35367, 26.58262], [86.34484, 26.58262], [86.32318, 26.58008], [86.316, 26.58096], [86.30903, 26.58799], [86.30861, 26.60215], [86.30138, 26.60902], [86.28443, 26.61202], [86.26309, 26.60908], [86.22516, 26.5974], [86.20288, 26.58458], [86.19585, 26.58267], [86.18536, 26.58442], [86.17927, 26.58861], [86.17446, 26.59331], [86.16779, 26.59662], [86.15265, 26.60065], [86.14635, 26.60136], [86.1448, 26.60153], [86.12206, 26.60029], [86.11586, 26.60256], [86.11069, 26.60675], [86.0417, 26.64545], [86.01137, 26.65445], [85.97571, 26.64437], [85.95215, 26.64204], [85.93468, 26.6329], [85.86637, 26.57993], [85.84476, 26.56851], [85.82854, 26.56613], [85.82161, 26.57171], [85.81975, 26.57952], [85.81955, 26.5883], [85.81763, 26.59672], [85.80973, 26.60303], [85.80007, 26.6007], [85.78999, 26.59703], [85.781, 26.5992], [85.72705, 26.6376], [85.71289, 26.65321], [85.70224, 26.68845], [85.70963, 26.76245], [85.70374, 26.78822], [85.73181, 26.80522], [85.79773, 26.92768]]]}, "properties": {"id": "aJ2N", "status": "validé", "pieces": [{"kind": "polygon", "ring": [[85.73181, 26.80522], [85.79773, 26.92768], [86.89087, 26.7464], [87.56653, 26.70716], [88.17078, 26.79052], [88.24768, 26.34853], [86.98975, 26.29931], [85.8252, 26.54518], [85.578, 26.71207]]}, {"kind": "clip"}]}}, {"type": "Feature", "geometry": null, "properties": {"id": "ansC", "status": "rejeté", "pieces": []}}, {"type": "Feature", "geometry": {"type": "Polygon", "coordinates": [[[87.27539, 26.4763], [87.24792, 26.59911], [87.24792, 26.69726], [87.38525, 26.75121], [87.45667, 26.72669], [87.5061, 26.66783], [87.56653, 26.57456], [87.53357, 26.46647], [87.51302, 26.40668], [87.48032, 26.4234], [87.44963, 26.42862], [87.41645, 26.42697], [87.38421, 26.41865], [87.3564, 26.40371], [87.3502, 26.39595], [87.27539, 26.4763]]]}, "properties": {"id": "cOqH", "status": "validé", "pieces": [{"kind": "polygon", "ring": [[87.35779, 26.3878], [87.27539, 26.4763], [87.24792, 26.59911], [87.24792, 26.69726], [87.38525, 26.75121], [87.45667, 26.72669], [87.5061, 26.66783], [87.56653, 26.57456], [87.53357, 26.46647], [87.5116, 26.40255]]}, {"kind": "clip"}]}}, {"type": "Feature", "geometry": null, "properties": {"id": "cqVV", "status": "rejeté", "pieces": []}}, {"type": "Feature", "geometry": {"type": "Polygon", "coordinates": [[[81.19145, 29.55503], [81.19145, 29.57481], [81.1639, 29.57481], [81.1639, 29.55503], [81.19145, 29.55503]]]}, "properties": {"id": "cvRP", "status": "validé", "pieces": [{"kind": "rect", "bounds": [81.1639, 29.55503, 81.19145, 29.57481]}]}}, {"type": "Feature", "geometry": null, "properties": {"id": "cwQB", "status": "rejeté", "pieces": []}}, {"type": "Feature", "geometry": {"type": "Polygon", "coordinates": [[[86.24268, 26.61388], [86.31958, 26.67277], [86.37451, 26.73164], [86.53931, 26.73164], [86.75903, 26.73654], [86.90735, 26.66787], [86.94535, 26.52348], [86.93515, 26.52029], [86.90713, 26.51151], [86.87597, 26.49492], [86.86568, 26.47244], [86.84636, 26.45265], [86.82186, 26.43813], [86.79644, 26.43151], [86.78724, 26.43306], [86.75189, 26.44552], [86.7382, 26.44371], [86.73071, 26.43379], [86.72409, 26.42195], [86.7136, 26.41456], [86.6952, 26.41823], [86.62534, 26.45632], [86.5579, 26.48402], [86.53795, 26.49487], [86.53775, 26.49487], [86.52431, 26.50908], [86.51062, 26.52014], [86.49491, 26.52784], [86.47548, 26.53197], [86.44483, 26.54308], [86.38365, 26.57285], [86.35367, 26.58262], [86.34484, 26.58262], [86.32318, 26.58008], [86.316, 26.58096], [86.30903, 26.58799], [86.30861, 26.60215], [86.30138, 26.60902], [86.28443, 26.61202], [86.26309, 26.60908], [86.24268, 26.60279], [86.24268, 26.61388]]]}, "properties": {"id": "dAPp", "status": "validé", "pieces": [{"kind": "polygon", "ring": [[86.95129, 26.50091], [86.90735, 26.66787], [86.75903, 26.73654], [86.53931, 26.73164], [86.37451, 26.73164], [86.31958, 26.67277], [86.24268, 26.61388], [86.24268, 26.48126], [86.64368, 26.28942]]}, {"kind": "clip"}]}}, {"type": "Feature", "geometry": {"type": "Polygon", "coordinates": [[[88.11822, 27.86088], [88.14302, 27.85572], [88.15641, 27.85127], [88.16462, 27.84536], [88.16659, 27.8336], [88.1546, 27.81515], [88.15966, 27.77412], [88.14933, 27.74877], [88.13486, 27.72317], [88.11088, 27.6395], [88.04877, 27.54535], [88.02334, 27.49491], [88.0221, 27.48424], [88.02334, 27.47465], [88.02809, 27.45512], [88.03078, 27.45073], [88.03977, 27.44236], [88.04163, 27.43807], [88.03931, 27.42949], [88.03481, 27.42381], [88.02959, 27.41874], [88.02582, 27.41208], [88.01724, 27.38923], [88.01476, 27.37807], [88.01579, 27.36422], [88.02014, 27.35337], [88.03254, 27.33389], [88.03512, 27.32257], [88.02902, 27.29808], [88.00466, 27.24916], [87.98934, 27.21839], [87.98546, 27.14837], [87.97084, 27.11922], [87.96918, 27.1108], [87.97073, 27.10274], [87.97549, 27.09514], [87.9913, 27.0815], [88.00949, 27.04564], [88.02737, 27.03535], [88.04282, 27.02895], [88.05595, 27.01804], [88.07688, 26.99179], [88.09682, 26.95934], [88.11181, 26.9243], [88.12044, 26.90885], [88.14282, 26.87841], [88.15139, 26.86281], [88.15532, 26.8456], [88.15904, 26.80255], [88.16783, 26.76291], [88.16907, 26.744], [88.16752, 26.72504], [88.16338, 26.70514], [88.14664, 26.66122], [88.10168, 26.58194], [88.08714, 26.5391], [88.07982, 26.51756], [88.07915, 26.50737], [88.08225, 26.49487], [88.07419, 26.45394], [88.04432, 26.40568], [88.00665, 26.36986], [87.97549, 26.36656], [87.96122, 26.37896], [87.92898, 26.39643], [87.91477, 26.40826], [87.90851, 26.41782], [87.902, 26.43529], [87.8973, 26.44345], [87.89477, 26.44293], [87.87069, 26.46071], [87.86981, 26.46464], [87.85208, 26.46066], [87.8216, 26.43751], [87.80444, 26.43735], [87.78594, 26.44598], [87.76899, 26.45146], [87.75617, 26.44691], [87.74945, 26.42573], [87.74222, 26.41048], [87.72754, 26.40376], [87.7109, 26.40568], [87.69757, 26.41627], [87.68119, 26.42423], [87.65964, 26.41751], [87.64875, 26.40999], [87.62398, 26.39291], [87.58698, 26.37803], [87.55205, 26.38671], [87.48032, 26.4234], [87.44963, 26.42862], [87.41645, 26.42697], [87.38421, 26.41865], [87.3564, 26.40371], [87.34493, 26.38935], [87.32622, 26.35333], [87.31403, 26.34377], [87.30049, 26.34599], [87.25843, 26.36294], [87.2453, 26.37023], [87.23631, 26.3833], [87.22943, 26.39875], [87.2191, 26.4081], [87.18846, 26.39958], [87.13502, 26.3942], [87.10629, 26.40475], [87.08329, 26.43208], [87.06671, 26.46562], [87.05668, 26.49487], [87.05647, 26.49492], [87.045, 26.54427], [87.04443, 26.56117], [87.04133, 26.58019], [87.02991, 26.57977], [87.01544, 26.56897], [86.98521, 26.54066], [86.97245, 26.53197], [86.93515, 26.52029], [86.90713, 26.51151], [86.87597, 26.49492], [86.86568, 26.47244], [86.84636, 26.45265], [86.82186, 26.43813], [86.79644, 26.43151], [86.78724, 26.43306], [86.75189, 26.44552], [86.7382, 26.44371], [86.73071, 26.43379], [86.72409, 26.42195], [86.7136, 26.41456], [86.6952, 26.41823], [86.62534, 26.45632], [86.5579, 26.48402], [86.53795, 26.49487], [86.53775, 26.49487], [86.52431, 26.50908], [86.51062, 26.52014], [86.49491, 26.52784], [86.47548, 26.53197], [86.44483, 26.54308], [86.38365, 26.57285], [86.35367, 26.58262], [86.34484, 26.58262], [86.32318, 26.58008], [86.316, 26.58096], [86.30903, 26.58799], [86.30861, 26.60215], [86.30138, 26.60902], [86.28443, 26.61202], [86.26309, 26.60908], [86.22516, 26.5974], [86.20288, 26.58458], [86.19585, 26.58267], [86.18536, 26.58442], [86.17927, 26.58861], [86.17446, 26.59331], [86.16779, 26.59662], [86.15265, 26.60065], [86.14635, 26.60136], [86.1448, 26.60153], [86.12206, 26.60029], [86.11586, 26.60256], [86.11069, 26.60675], [86.0417, 26.64545], [86.01137, 26.65445], [85.97571, 26.64437], [85.95215, 26.64204], [85.93468, 26.6329], [85.86637, 26.57993], [85.84476, 26.56851], [85.82854, 26.56613], [85.82161, 26.57171], [85.81975, 26.57952], [85.81955, 26.5883], [85.81763, 26.59672], [85.80973, 26.60303], [85.80007, 26.6007], [85.78999, 26.59703], [85.781, 26.5992], [85.72705, 26.6376], [85.71289, 26.65321], [85.70224, 26.68845], [85.70963, 26.76245], [85.70183, 26.79661], [85.68777, 26.81185], [85.60938, 26.85102], [85.59858, 26.85438], [85.51946, 26.82643], [85.47569, 26.80524], [85.43962, 26.78772], [85.42154, 26.78266], [85.40319, 26.78762], [85.38588, 26.78844], [85.36924, 26.77501], [85.35535, 26.75991], [85.35322, 26.75759], [85.33704, 26.74679], [85.30237, 26.73734], [85.28728, 26.73697], [85.19493, 26.75888], [85.16568, 26.78627], [85.16553, 26.82079], [85.16202, 26.85102], [85.12284, 26.8657], [85.10021, 26.86353], [85.04399, 26.84374], [85.01856, 26.8458], [85.01686, 26.85924], [85.01805, 26.87443], [85.00084, 26.88224], [84.98818, 26.88379], [84.97577, 26.88689], [84.95273, 26.89764], [84.94425, 26.91572], [84.93857, 26.9366], [84.92405, 26.95567], [84.90157, 26.96719], [84.85175, 26.98213], [84.82829, 26.99484], [84.82813, 26.99494], [84.81749, 27.0106], [84.80193, 27.01375], [84.7855, 27.00848], [84.77196, 26.99918], [84.7607, 26.99902], [84.64024, 27.02838], [84.62727, 27.03649], [84.62148, 27.05799], [84.63037, 27.08083], [84.64453, 27.10372], [84.6544, 27.12537], [84.65982, 27.16511], [84.65765, 27.20341], [84.6482, 27.24072], [84.63192, 27.27704], [84.60655, 27.31048], [84.57704, 27.32903], [84.28941, 27.37611], [84.2677, 27.38856], [84.24889, 27.41244], [84.23902, 27.43114], [84.22554, 27.44039], [84.19525, 27.43605], [84.18585, 27.43864], [84.1751, 27.46298], [84.16575, 27.47217], [84.14172, 27.48075], [84.13097, 27.48641], [84.12156, 27.49496], [84.11717, 27.51328], [84.09955, 27.51687], [84.0796, 27.50954], [84.02891, 27.45373], [84.00767, 27.44081], [83.97584, 27.43972], [83.93594, 27.44608], [83.92302, 27.44995], [83.92204, 27.4497], [83.89987, 27.44386], [83.85352, 27.44096], [83.83409, 27.43404], [83.84272, 27.41807], [83.87119, 27.38944], [83.87367, 27.38009], [83.87765, 27.36991], [83.87739, 27.36174], [83.86752, 27.35838], [83.86173, 27.35451], [83.8546, 27.34505], [83.85334, 27.34619], [83.84799, 27.35104], [83.802, 27.36593], [83.6634, 27.43228], [83.59043, 27.45662], [83.48098, 27.46975], [83.38703, 27.47047], [83.36099, 27.4622], [83.35592, 27.45249], [83.35386, 27.44029], [83.35582, 27.42866], [83.37096, 27.41021], [83.36957, 27.39817], [83.36275, 27.38562], [83.34114, 27.35694], [83.32435, 27.34169], [83.30487, 27.33192], [83.28244, 27.33094], [83.2595, 27.33813], [83.24942, 27.3481], [83.24312, 27.36216], [83.23159, 27.38122], [83.21924, 27.39378], [83.16963, 27.43119], [83.13279, 27.44422], [83.01047, 27.44339], [82.94716, 27.45732], [82.90127, 27.48036], [82.87626, 27.48755], [82.75214, 27.49496], [82.72971, 27.51817], [82.71886, 27.55612], [82.70925, 27.63092], [82.69705, 27.6694], [82.67969, 27.69441], [82.67389, 27.69646], [82.65214, 27.70415], [82.52616, 27.67521], [82.44068, 27.66643], [82.40193, 27.67717], [82.34792, 27.72601], [82.27041, 27.76048], [82.15104, 27.84828], [82.10742, 27.86357], [82.09037, 27.87233], [82.07166, 27.89003], [82.05161, 27.90517], [82.05021, 27.90559], [82.02722, 27.91241], [81.9759, 27.91695], [81.9464, 27.90535], [81.90609, 27.86311], [81.8832, 27.84905], [81.85565, 27.85094], [81.82785, 27.86564], [81.80015, 27.88409], [81.75013, 27.90967], [81.71039, 27.94752], [81.68895, 27.9632], [81.66543, 27.9708], [81.61505, 27.98124], [81.59536, 27.99478], [81.5951, 27.99488], [81.58218, 28.01328], [81.56193, 28.02599], [81.47346, 28.0664], [81.45821, 28.07728], [81.45403, 28.08661], [81.45294, 28.09705], [81.44824, 28.11141], [81.43527, 28.12978], [81.41733, 28.14702], [81.39604, 28.16063], [81.3732, 28.16784], [81.35791, 28.16598], [81.35145, 28.15681], [81.34726, 28.14443], [81.33812, 28.13273], [81.3237, 28.12624], [81.30706, 28.12381], [81.29621, 28.12831], [81.29941, 28.14252], [81.28308, 28.14609], [81.27678, 28.15379], [81.28075, 28.16198], [81.29595, 28.16746], [81.28236, 28.19159], [81.22432, 28.25078], [81.21073, 28.27864], [81.19037, 28.33812], [81.1697, 28.36132], [81.14634, 28.37225], [81.04707, 28.38909], [81.00041, 28.397], [80.99317, 28.40783], [80.99131, 28.42026], [80.9878, 28.43098], [80.97602, 28.43692], [80.96052, 28.43227], [80.94119, 28.43268], [80.92134, 28.4362], [80.90527, 28.44085], [80.88667, 28.45279], [80.88186, 28.46684], [80.88036, 28.48188], [80.87225, 28.49687], [80.85799, 28.50245], [80.81701, 28.50255], [80.79841, 28.5057], [80.78166, 28.51475], [80.74353, 28.54996], [80.72709, 28.55968], [80.69578, 28.56751], [80.67862, 28.57472], [80.66818, 28.58634], [80.64834, 28.61975], [80.63563, 28.62787], [80.59852, 28.63378], [80.58137, 28.63895], [80.56359, 28.64704], [80.55687, 28.65502], [80.55739, 28.66435], [80.55904, 28.67303], [80.55584, 28.67895], [80.53444, 28.67956], [80.5176, 28.68003], [80.49755, 28.67014], [80.48762, 28.65647], [80.48494, 28.63929], [80.49341, 28.57565], [80.48845, 28.56244], [80.46881, 28.57185], [80.42654, 28.61681], [80.40835, 28.62634], [80.3883, 28.62725], [80.36908, 28.62265], [80.34975, 28.62022], [80.3297, 28.62748], [80.31833, 28.64011], [80.29105, 28.68967], [80.2834, 28.69536], [80.26521, 28.69928], [80.25704, 28.70275], [80.2494, 28.71021], [80.23896, 28.72626], [80.23327, 28.73272], [80.21643, 28.74194], [80.18118, 28.74729], [80.16206, 28.75329], [80.14759, 28.76331], [80.11421, 28.80258], [80.08186, 28.81935], [80.07305, 28.82092], [80.05478, 28.82418], [80.03639, 28.83703], [80.03029, 28.87767], [80.03111, 28.8978], [80.03391, 28.91594], [80.04052, 28.93281], [80.05292, 28.94911], [80.06843, 28.95994], [80.08517, 28.96748], [80.09943, 28.97728], [80.10791, 28.99459], [80.10791, 28.99477], [80.1047, 29.02761], [80.11307, 29.07221], [80.13261, 29.11021], [80.16351, 29.12337], [80.18056, 29.12132], [80.20144, 29.12117], [80.22066, 29.12608], [80.23307, 29.13931], [80.23048, 29.15473], [80.21374, 29.19656], [80.2188, 29.21109], [80.23606, 29.21308], [80.24867, 29.20439], [80.25818, 29.20246], [80.27875, 29.26808], [80.28278, 29.29131], [80.28009, 29.31015], [80.27275, 29.31571], [80.26355, 29.31532], [80.25498, 29.31664], [80.2495, 29.327], [80.24216, 29.36741], [80.22097, 29.40012], [80.21374, 29.41689], [80.21767, 29.43464], [80.22831, 29.44172], [80.25746, 29.45006], [80.26345, 29.45924], [80.26624, 29.47213], [80.27306, 29.47867], [80.28205, 29.4843], [80.29115, 29.49461], [80.29146, 29.49474], [80.31151, 29.50812], [80.32009, 29.51582], [80.32722, 29.52484], [80.32763, 29.52993], [80.32505, 29.53551], [80.3236, 29.54166], [80.32722, 29.54858], [80.3327, 29.55246], [80.3451, 29.55835], [80.35079, 29.56207], [80.37332, 29.58419], [80.3852, 29.60484], [80.38675, 29.62682], [80.37755, 29.65295], [80.36391, 29.67971], [80.3544, 29.70488], [80.3543, 29.73028], [80.36898, 29.75793], [80.39523, 29.77658], [80.45486, 29.79059], [80.47615, 29.80614], [80.52731, 29.86242], [80.54953, 29.89368], [80.56287, 29.9297], [80.57134, 29.94685], [80.58622, 29.95414], [80.62229, 29.95817], [80.64141, 29.96344], [80.65413, 29.97058], [80.68017, 29.99207], [80.71583, 30.01331], [80.72575, 30.02277], [80.75572, 30.06457], [80.76967, 30.07729], [80.82982, 30.11713], [80.84967, 30.14338], [80.83644, 30.17005], [80.85039, 30.18193], [80.86791, 30.20017], [80.88368, 30.21028], [80.88388, 30.21041], [80.89365, 30.1981], [80.90331, 30.18043], [80.92083, 30.17666], [80.98816, 30.19656], [80.99602, 30.19697], [81.00651, 30.18891], [81.01943, 30.17227], [81.0309, 30.15273], [81.04366, 30.12023], [81.06661, 30.08716], [81.0742, 30.07191], [81.08445, 30.02788], [81.08485, 30.02618], [81.09777, 30.01693], [81.12459, 30.02277], [81.1481, 30.02323], [81.19451, 30.00447], [81.21683, 30.0082], [81.22727, 30.02246], [81.22572, 30.05047], [81.23952, 30.05879], [81.25709, 30.06354], [81.2668, 30.06995], [81.2679, 30.07205], [81.27202, 30.07992], [81.27595, 30.09537], [81.2745, 30.10219], [81.26634, 30.11775], [81.26696, 30.12509], [81.2777, 30.13186], [81.29326, 30.13284], [81.30954, 30.13206], [81.32241, 30.13377], [81.33827, 30.14354], [81.35005, 30.15723], [81.35729, 30.17356], [81.36183, 30.20477], [81.37439, 30.22312], [81.37785, 30.23263], [81.37692, 30.2412], [81.37052, 30.25728], [81.36902, 30.26606], [81.36804, 30.30105], [81.37155, 30.31691], [81.38214, 30.33128], [81.38726, 30.34513], [81.38488, 30.36094], [81.38752, 30.37391], [81.40741, 30.37918], [81.42612, 30.37251], [81.46281, 30.34135], [81.48307, 30.3319], [81.50937, 30.32838], [81.52069, 30.33195], [81.53195, 30.37034], [81.53681, 30.37856], [81.54425, 30.38264], [81.56327, 30.38559], [81.57671, 30.39096], [81.58198, 30.39944], [81.58508, 30.40812], [81.59159, 30.41427], [81.61401, 30.4169], [81.63572, 30.41096], [81.75737, 30.3629], [81.77902, 30.35805], [81.8015, 30.3613], [81.82279, 30.36817], [81.84439, 30.37117], [81.88718, 30.355], [81.92149, 30.35737], [81.94123, 30.35396], [81.95012, 30.34838], [81.96211, 30.33365], [81.96903, 30.32828], [81.97885, 30.32683], [81.98846, 30.32978], [81.99818, 30.33407], [82.00763, 30.33681], [82.04985, 30.33923], [82.07321, 30.33722], [82.08877, 30.33009], [82.09321, 30.31474], [82.0821, 30.25733], [82.08499, 30.23082], [82.0959, 30.21345], [82.11424, 30.20219], [82.14039, 30.19402], [82.15569, 30.18136], [82.15099, 30.16224], [82.12758, 30.12436], [82.12871, 30.11077], [82.13522, 30.08974], [82.14453, 30.06943], [82.15383, 30.05817], [82.17424, 30.05548], [82.19217, 30.06147], [82.21067, 30.06442], [82.25573, 30.03967], [82.27599, 30.03693], [82.29651, 30.03682], [82.31888, 30.03181], [82.32715, 30.02571], [82.33909, 30.00923], [82.3473, 30.00344], [82.36374, 30.00117], [82.37914, 30.00323], [82.39443, 30.00313], [82.40978, 29.9946], [82.42285, 29.97967], [82.43893, 29.96577], [82.45707, 29.95409], [82.47582, 29.94551], [82.52424, 29.93239], [82.54181, 29.92324], [82.6185, 29.83983], [82.63586, 29.82903], [82.64641, 29.82934], [82.66697, 29.83503], [82.67731, 29.83441], [82.68899, 29.82774], [82.68919, 29.81958], [82.68465, 29.80971], [82.68175, 29.79772], [82.69095, 29.78074], [82.75152, 29.73932], [82.77012, 29.71416], [82.78108, 29.70511], [82.79306, 29.69951], [82.80516, 29.69597], [82.81554, 29.69013], [82.82237, 29.67796], [82.83658, 29.65979], [82.85745, 29.6662], [82.88009, 29.68111], [82.89973, 29.68842], [82.90913, 29.68462], [82.9237, 29.66966], [82.93192, 29.66418], [82.9421, 29.66295], [82.96432, 29.66589], [82.9759, 29.66403], [83.03289, 29.62047], [83.0409, 29.61029], [83.0545, 29.58605], [83.06494, 29.57879], [83.07956, 29.57964], [83.08555, 29.59039], [83.08845, 29.60442], [83.09336, 29.61514], [83.10028, 29.61768], [83.12669, 29.62341], [83.15005, 29.62563], [83.16209, 29.62517], [83.17356, 29.62127], [83.18725, 29.6121], [83.19087, 29.6069], [83.19449, 29.59365], [83.19718, 29.5891], [83.20493, 29.58491], [83.22188, 29.57982], [83.22932, 29.57595], [83.25257, 29.5552], [83.26084, 29.54205], [83.26332, 29.52709], [83.25991, 29.51877], [83.25402, 29.51329], [83.24875, 29.50657], [83.2472, 29.49474], [83.26394, 29.47301], [83.32797, 29.48502], [83.3552, 29.46073], [83.35779, 29.44275], [83.3552, 29.42797], [83.35701, 29.41536], [83.38724, 29.3935], [83.38941, 29.38245], [83.38827, 29.37022], [83.39313, 29.35625], [83.40502, 29.34648], [83.41778, 29.3409], [83.42817, 29.33346], [83.43721, 29.30524], [83.44822, 29.29677], [83.47581, 29.28692], [83.49338, 29.27615], [83.503, 29.26103], [83.5125, 29.22349], [83.51457, 29.20181], [83.51705, 29.19171], [83.52372, 29.18359], [83.53597, 29.17923], [83.56139, 29.17623], [83.57203, 29.1684], [83.58382, 29.16215], [83.62444, 29.15546], [83.63927, 29.15476], [83.65499, 29.16041], [83.65601, 29.16078], [83.6634, 29.17481], [83.66774, 29.19233], [83.67508, 29.20876], [83.69549, 29.22618], [83.71973, 29.23359], [83.74536, 29.23447], [83.77063, 29.23225], [83.79321, 29.23475], [83.83786, 29.254], [83.86163, 29.2602], [83.86886, 29.26344], [83.87739, 29.27677], [83.88344, 29.28201], [83.91439, 29.2894], [83.93315, 29.29178], [83.94555, 29.29183], [83.95795, 29.28904], [83.96726, 29.2847], [83.97325, 29.27702], [83.97584, 29.26375], [83.98824, 29.26953], [84.0009, 29.27253], [84.01252, 29.2702], [84.02152, 29.25977], [84.03521, 29.24762], [84.05304, 29.25036], [84.07206, 29.25698], [84.08973, 29.25661], [84.09914, 29.247], [84.10534, 29.21992], [84.11236, 29.2091], [84.12601, 29.20625], [84.14198, 29.20827], [84.15546, 29.20664], [84.16166, 29.19253], [84.1552, 29.17595], [84.14172, 29.16026], [84.13226, 29.1438], [84.138, 29.12466], [84.16011, 29.10549], [84.16621, 29.09846], [84.16972, 29.08892], [84.17546, 29.0574], [84.1982, 29.04531], [84.22057, 29.0389], [84.23143, 29.02598], [84.20673, 28.94066], [84.22529, 28.91411], [84.23515, 28.90002], [84.286, 28.87374], [84.354, 28.86129], [84.3663, 28.85674], [84.37659, 28.84884], [84.39307, 28.82434], [84.41431, 28.80827], [84.42273, 28.79917], [84.43782, 28.75334], [84.45085, 28.73388], [84.47575, 28.72729], [84.49859, 28.72786], [84.51565, 28.7214], [84.53198, 28.71269], [84.55182, 28.70639], [84.60722, 28.6982], [84.61621, 28.69365], [84.62582, 28.67608], [84.63264, 28.66879], [84.65228, 28.66239], [84.67114, 28.65895], [84.68297, 28.65076], [84.67776, 28.6044], [84.69083, 28.59614], [84.73662, 28.59417], [84.75563, 28.58541], [84.78178, 28.5589], [84.79914, 28.54663], [84.81196, 28.54198], [84.82395, 28.54053], [84.87929, 28.54363], [84.89144, 28.54177], [84.90787, 28.53702], [84.91872, 28.53568], [84.92849, 28.53847], [84.93645, 28.54477], [84.94895, 28.56828], [84.95495, 28.5743], [84.98477, 28.58859], [84.99407, 28.59081], [85.00249, 28.59443], [85.00916, 28.60254], [85.01877, 28.61986], [85.02528, 28.62841], [85.0321, 28.63407], [85.05494, 28.63869], [85.07504, 28.63166], [85.11189, 28.60882], [85.16098, 28.595], [85.16801, 28.58319], [85.15695, 28.53314], [85.15375, 28.5249], [85.14765, 28.51583], [85.14036, 28.51092], [85.12315, 28.50459], [85.11721, 28.49733], [85.11566, 28.49149], [85.11556, 28.47273], [85.10946, 28.4593], [85.08367, 28.44553], [85.07758, 28.43568], [85.08569, 28.38101], [85.08569, 28.36153], [85.08187, 28.3317], [85.08021, 28.31879], [85.0874, 28.30411], [85.10941, 28.29225], [85.13416, 28.29197], [85.15457, 28.30086], [85.17359, 28.30432], [85.20573, 28.27828], [85.22392, 28.27169], [85.24341, 28.26791], [85.25958, 28.26693], [85.27312, 28.26983], [85.30102, 28.28107], [85.3126, 28.28277], [85.32573, 28.2774], [85.33482, 28.26869], [85.34536, 28.26125], [85.36257, 28.25967], [85.37782, 28.26598], [85.40138, 28.28879], [85.41523, 28.29644], [85.43156, 28.29706], [85.44665, 28.29215], [85.47569, 28.2791], [85.49755, 28.28262], [85.52065, 28.28293], [85.5437, 28.28039], [85.5653, 28.27538], [85.5855, 28.26319], [85.59894, 28.25083], [85.61181, 28.25115], [85.63909, 28.28789], [85.64695, 28.2937], [85.66814, 28.30055], [85.67506, 28.30639], [85.6762, 28.31512], [85.67599, 28.32473], [85.67914, 28.3329], [85.69294, 28.33522], [85.698, 28.31344], [85.69976, 28.2691], [85.71557, 28.24337], [85.73449, 28.22153], [85.7566, 28.20324], [85.78275, 28.1881], [85.82689, 28.17048], [85.84828, 28.15893], [85.86337, 28.14335], [85.86704, 28.13293], [85.87174, 28.11092], [85.8891, 28.09028], [85.89107, 28.0809], [85.88983, 28.07126], [85.89045, 28.05919], [85.8983, 28.03602], [85.90895, 28.02242], [85.94398, 27.99473], [85.95659, 27.97623], [85.95628, 27.95687], [85.95184, 27.9368], [85.95122, 27.91623], [85.96269, 27.89137], [85.98026, 27.88517], [86.02646, 27.88993], [86.05142, 27.88755], [86.0546, 27.88801], [86.0617, 27.88905], [86.07565, 27.89478], [86.10718, 27.92284], [86.11286, 27.9268], [86.11224, 27.93726], [86.10718, 27.94424], [86.10056, 27.95023], [86.0956, 27.95785], [86.09508, 27.96889], [86.09803, 27.97752], [86.09813, 27.98563], [86.0894, 27.99473], [86.0894, 27.99488], [86.0893, 27.99488], [86.07917, 28.00113], [86.07762, 28.00695], [86.07953, 28.01333], [86.07953, 28.02165], [86.08392, 28.03855], [86.0847, 28.04387], [86.08155, 28.0517], [86.07018, 28.06671], [86.06873, 28.07676], [86.15596, 28.15652], [86.17601, 28.15301], [86.18604, 28.13353], [86.18717, 28.1087], [86.18076, 28.08875], [86.17224, 28.07183], [86.17446, 28.06245], [86.18185, 28.05488], [86.18914, 28.04361], [86.19601, 28.01457], [86.20304, 28.00258], [86.21776, 27.99498], [86.21792, 27.99493], [86.21838, 27.99473], [86.23854, 27.98956], [86.259, 27.98765], [86.27807, 27.98369], [86.29466, 27.97238], [86.31822, 27.94579], [86.32773, 27.93969], [86.33755, 27.93804], [86.34561, 27.94093], [86.35367, 27.94481], [86.36298, 27.9461], [86.37197, 27.94196], [86.40571, 27.917], [86.4253, 27.90993], [86.43884, 27.91086], [86.47548, 27.9276], [86.49692, 27.93788], [86.51046, 27.95243], [86.51676, 27.97143], [86.51645, 27.99473], [86.5162, 28.01225], [86.52229, 28.02372], [86.53092, 28.03369], [86.53837, 28.04718], [86.54074, 28.06216], [86.54126, 28.07821], [86.54415, 28.09302], [86.55356, 28.10415], [86.56953, 28.10661], [86.58312, 28.09803], [86.59686, 28.0865], [86.61231, 28.08028], [86.62715, 28.08348], [86.64947, 28.10118], [86.66198, 28.10684], [86.68006, 28.10573], [86.69965, 28.09875], [86.71768, 28.08826], [86.73174, 28.07692], [86.73598, 28.06485], [86.7322, 28.03496], [86.7398, 28.0215], [86.76998, 28.01209], [86.84047, 28.01478], [86.86817, 27.99488], [86.86817, 27.99473], [86.8769, 27.97065], [86.89307, 27.95419], [86.91473, 27.94512], [86.94036, 27.9431], [86.97023, 27.94744], [86.98209, 27.95067], [86.98873, 27.95248], [87.00568, 27.9515], [87.03053, 27.93809], [87.062, 27.90843], [87.11652, 27.84458], [87.1558, 27.8258], [87.182, 27.8245], [87.2329, 27.82972], [87.29052, 27.81608], [87.31393, 27.82859], [87.33584, 27.84636], [87.36384, 27.85525], [87.38534, 27.84941], [87.38069, 27.83582], [87.36912, 27.81908], [87.36912, 27.80394], [87.38679, 27.8044], [87.47557, 27.8267], [87.51453, 27.8352], [87.53159, 27.8368], [87.55133, 27.83189], [87.55598, 27.82709], [87.5598, 27.81908], [87.56507, 27.81086], [87.57334, 27.80502], [87.58998, 27.80461], [87.62109, 27.81954], [87.63608, 27.82365], [87.65995, 27.81988], [87.67853, 27.81335], [87.70047, 27.80564], [87.72682, 27.80776], [87.75638, 27.82037], [87.77984, 27.83944], [87.79865, 27.86347], [87.81415, 27.89096], [87.82588, 27.90657], [87.83669, 27.90832], [87.85612, 27.89861], [87.93456, 27.8953], [87.94521, 27.8923], [87.96639, 27.88274], [87.97843, 27.88052], [87.99182, 27.88264], [88.01812, 27.89215], [88.02995, 27.89334], [88.0528, 27.88652], [88.09574, 27.86533], [88.11822, 27.86088]]]}, "properties": {"id": "djZd", "status": "validé", "pieces": [{"kind": "country"}]}}, {"type": "Feature", "geometry": {"type": "Polygon", "coordinates": [[[88.12134, 26.86414], [87.8302, 26.80535], [87.63794, 26.83475], [87.56104, 26.92291], [87.54456, 27.05013], [87.69836, 27.143], [87.8302, 27.15766], [87.97233, 27.10018], [87.97549, 27.09514], [87.9913, 27.0815], [88.00949, 27.04564], [88.02737, 27.03535], [88.04282, 27.02895], [88.05595, 27.01804], [88.07688, 26.99179], [88.09682, 26.95934], [88.11181, 26.9243], [88.12044, 26.90885], [88.13923, 26.88328], [88.12134, 26.86414]]]}, "properties": {"id": "eQQW", "status": "validé", "pieces": [{"kind": "polygon", "ring": [[88.01147, 27.08435], [87.8302, 27.15766], [87.69836, 27.143], [87.54456, 27.05013], [87.56104, 26.92291], [87.63794, 26.83475], [87.8302, 26.80535], [88.12134, 26.86414], [88.2312, 26.98164]]}, {"kind": "clip"}]}}, {"type": "Feature", "geometry": {"type": "Polygon", "coordinates": [[[86.53484, 27.39313], [86.53484, 27.414], [86.50618, 27.414], [86.50618, 27.39313], [86.53484, 27.39313]]]}, "properties": {"id": "evPB", "status": "validé", "pieces": [{"kind": "rect", "bounds": [86.50618, 27.39313, 86.53484, 27.414]}]}}, {"type": "Feature", "geometry": null, "properties": {"id": "fB1L", "status": "rejeté", "pieces": []}}, {"type": "Feature", "geometry": null, "properties": {"id": "fClz", "status": "rejeté", "pieces": []}}, {"type": "Feature", "geometry": {"type": "Polygon", "coordinates": [[[88.11822, 27.86088], [88.14302, 27.85572], [88.15641, 27.85127], [88.16462, 27.84536], [88.16659, 27.8336], [88.1546, 27.81515], [88.15966, 27.77412], [88.14933, 27.74877], [88.13486, 27.72317], [88.11088, 27.6395], [88.04877, 27.54535], [88.02334, 27.49491], [88.0221, 27.48424], [88.02334, 27.47465], [88.02809, 27.45512], [88.03078, 27.45073], [88.03977, 27.44236], [88.04163, 27.43807], [88.03931, 27.42949], [88.03481, 27.42381], [88.02959, 27.41874], [88.02582, 27.41208], [88.01724, 27.38923], [88.01476, 27.37807], [88.01579, 27.36422], [88.02014, 27.35337], [88.03254, 27.33389], [88.03512, 27.32257], [88.02902, 27.29808], [88.00466, 27.24916], [87.98934, 27.21839], [87.98546, 27.14837], [87.97084, 27.11922], [87.96918, 27.1108], [87.97073, 27.10274], [87.97549, 27.09514], [87.9913, 27.0815], [88.00949, 27.04564], [88.02737, 27.03535], [88.04282, 27.02895], [88.05595, 27.01804], [88.07688, 26.99179], [88.09682, 26.95934], [88.11181, 26.9243], [88.12044, 26.90885], [88.14282, 26.87841], [88.15139, 26.86281], [88.15532, 26.8456], [88.15904, 26.80255], [88.16783, 26.76291], [88.16907, 26.744], [88.16752, 26.72504], [88.16338, 26.70514], [88.14664, 26.66122], [88.10168, 26.58194], [88.08714, 26.5391], [88.07982, 26.51756], [88.07915, 26.50737], [88.08225, 26.49487], [88.07419, 26.45394], [88.04432, 26.40568], [88.00665, 26.36986], [87.97549, 26.36656], [87.96122, 26.37896], [87.92898, 26.39643], [87.91477, 26.40826], [87.90851, 26.41782], [87.902, 26.43529], [87.8973, 26.44345], [87.89477, 26.44293], [87.87069, 26.46071], [87.86981, 26.46464], [87.85208, 26.46066], [87.8216, 26.43751], [87.80444, 26.43735], [87.78594, 26.44598], [87.76899, 26.45146], [87.75617, 26.44691], [87.74945, 26.42573], [87.74222, 26.41048], [87.72754, 26.40376], [87.7109, 26.40568], [87.69757, 26.41627], [87.68119, 26.42423], [87.65964, 26.41751], [87.64875, 26.40999], [87.62398, 26.39291], [87.58698, 26.37803], [87.55205, 26.38671], [87.48032, 26.4234], [87.44963, 26.42862], [87.41645, 26.42697], [87.38421, 26.41865], [87.3564, 26.40371], [87.34493, 26.38935], [87.32622, 26.35333], [87.31403, 26.34377], [87.30049, 26.34599], [87.25843, 26.36294], [87.2453, 26.37023], [87.23631, 26.3833], [87.22943, 26.39875], [87.2191, 26.4081], [87.18846, 26.39958], [87.13502, 26.3942], [87.10629, 26.40475], [87.08329, 26.43208], [87.06671, 26.46562], [87.05668, 26.49487], [87.05647, 26.49492], [87.045, 26.54427], [87.04443, 26.56117], [87.04133, 26.58019], [87.02991, 26.57977], [87.01544, 26.56897], [86.98521, 26.54066], [86.97245, 26.53197], [86.93515, 26.52029], [86.90713, 26.51151], [86.87597, 26.49492], [86.86568, 26.47244], [86.84636, 26.45265], [86.82186, 26.43813], [86.79644, 26.43151], [86.78724, 26.43306], [86.75189, 26.44552], [86.7382, 26.44371], [86.73071, 26.43379], [86.72409, 26.42195], [86.7136, 26.41456], [86.6952, 26.41823], [86.62534, 26.45632], [86.5579, 26.48402], [86.53795, 26.49487], [86.53775, 26.49487], [86.52431, 26.50908], [86.51062, 26.52014], [86.49491, 26.52784], [86.47548, 26.53197], [86.44483, 26.54308], [86.38365, 26.57285], [86.35367, 26.58262], [86.34484, 26.58262], [86.32318, 26.58008], [86.316, 26.58096], [86.30903, 26.58799], [86.30861, 26.60215], [86.30138, 26.60902], [86.28443, 26.61202], [86.26309, 26.60908], [86.22516, 26.5974], [86.20288, 26.58458], [86.19585, 26.58267], [86.18536, 26.58442], [86.17927, 26.58861], [86.17446, 26.59331], [86.16779, 26.59662], [86.15265, 26.60065], [86.14635, 26.60136], [86.1448, 26.60153], [86.12206, 26.60029], [86.11586, 26.60256], [86.11069, 26.60675], [86.0417, 26.64545], [86.01137, 26.65445], [85.97571, 26.64437], [85.95215, 26.64204], [85.93468, 26.6329], [85.86637, 26.57993], [85.84476, 26.56851], [85.82854, 26.56613], [85.82161, 26.57171], [85.81975, 26.57952], [85.81955, 26.5883], [85.81763, 26.59672], [85.80973, 26.60303], [85.80007, 26.6007], [85.78999, 26.59703], [85.781, 26.5992], [85.72705, 26.6376], [85.71289, 26.65321], [85.70224, 26.68845], [85.70963, 26.76245], [85.70183, 26.79661], [85.68777, 26.81185], [85.60938, 26.85102], [85.59858, 26.85438], [85.51946, 26.82643], [85.47569, 26.80524], [85.43962, 26.78772], [85.42154, 26.78266], [85.40319, 26.78762], [85.38588, 26.78844], [85.36924, 26.77501], [85.35535, 26.75991], [85.35322, 26.75759], [85.33704, 26.74679], [85.30237, 26.73734], [85.28728, 26.73697], [85.19493, 26.75888], [85.16568, 26.78627], [85.16553, 26.82079], [85.16202, 26.85102], [85.12284, 26.8657], [85.10021, 26.86353], [85.04399, 26.84374], [85.01856, 26.8458], [85.01686, 26.85924], [85.01805, 26.87443], [85.00084, 26.88224], [84.98818, 26.88379], [84.97577, 26.88689], [84.95273, 26.89764], [84.94425, 26.91572], [84.93857, 26.9366], [84.92405, 26.95567], [84.90157, 26.96719], [84.85175, 26.98213], [84.82829, 26.99484], [84.82813, 26.99494], [84.81749, 27.0106], [84.80193, 27.01375], [84.7855, 27.00848], [84.77196, 26.99918], [84.7607, 26.99902], [84.64024, 27.02838], [84.62727, 27.03649], [84.62148, 27.05799], [84.63037, 27.08083], [84.64453, 27.10372], [84.6544, 27.12537], [84.65982, 27.16511], [84.65765, 27.20341], [84.6482, 27.24072], [84.63192, 27.27704], [84.60655, 27.31048], [84.57704, 27.32903], [84.28941, 27.37611], [84.2677, 27.38856], [84.24889, 27.41244], [84.23902, 27.43114], [84.22554, 27.44039], [84.19525, 27.43605], [84.18585, 27.43864], [84.1751, 27.46298], [84.16575, 27.47217], [84.14172, 27.48075], [84.13097, 27.48641], [84.12156, 27.49496], [84.11717, 27.51328], [84.09955, 27.51687], [84.0796, 27.50954], [84.02891, 27.45373], [84.00767, 27.44081], [83.97584, 27.43972], [83.93594, 27.44608], [83.92302, 27.44995], [83.92204, 27.4497], [83.89987, 27.44386], [83.85352, 27.44096], [83.83409, 27.43404], [83.84272, 27.41807], [83.87119, 27.38944], [83.87367, 27.38009], [83.87765, 27.36991], [83.87739, 27.36174], [83.86752, 27.35838], [83.86173, 27.35451], [83.8546, 27.34505], [83.85334, 27.34619], [83.84799, 27.35104], [83.802, 27.36593], [83.6634, 27.43228], [83.59043, 27.45662], [83.48098, 27.46975], [83.38703, 27.47047], [83.36099, 27.4622], [83.35592, 27.45249], [83.35386, 27.44029], [83.35582, 27.42866], [83.37096, 27.41021], [83.36957, 27.39817], [83.36275, 27.38562], [83.34114, 27.35694], [83.32435, 27.34169], [83.30487, 27.33192], [83.28244, 27.33094], [83.2595, 27.33813], [83.24942, 27.3481], [83.24312, 27.36216], [83.23159, 27.38122], [83.21924, 27.39378], [83.16963, 27.43119], [83.13279, 27.44422], [83.01047, 27.44339], [82.94716, 27.45732], [82.90127, 27.48036], [82.87626, 27.48755], [82.75214, 27.49496], [82.72971, 27.51817], [82.71886, 27.55612], [82.70925, 27.63092], [82.69705, 27.6694], [82.67969, 27.69441], [82.67389, 27.69646], [82.65214, 27.70415], [82.52616, 27.67521], [82.44068, 27.66643], [82.40193, 27.67717], [82.34792, 27.72601], [82.27041, 27.76048], [82.15104, 27.84828], [82.10742, 27.86357], [82.09037, 27.87233], [82.07166, 27.89003], [82.05161, 27.90517], [82.05021, 27.90559], [82.02722, 27.91241], [81.9759, 27.91695], [81.9464, 27.90535], [81.90609, 27.86311], [81.8832, 27.84905], [81.85565, 27.85094], [81.82785, 27.86564], [81.80015, 27.88409], [81.75013, 27.90967], [81.71039, 27.94752], [81.68895, 27.9632], [81.66543, 27.9708], [81.61505, 27.98124], [81.59536, 27.99478], [81.5951, 27.99488], [81.58218, 28.01328], [81.56193, 28.02599], [81.47346, 28.0664], [81.45821, 28.07728], [81.45403, 28.08661], [81.45294, 28.09705], [81.44824, 28.11141], [81.43527, 28.12978], [81.41733, 28.14702], [81.39604, 28.16063], [81.3732, 28.16784], [81.35791, 28.16598], [81.35145, 28.15681], [81.34726, 28.14443], [81.33812, 28.13273], [81.3237, 28.12624], [81.30706, 28.12381], [81.29621, 28.12831], [81.29941, 28.14252], [81.28308, 28.14609], [81.27678, 28.15379], [81.28075, 28.16198], [81.29595, 28.16746], [81.28236, 28.19159], [81.22432, 28.25078], [81.21073, 28.27864], [81.19037, 28.33812], [81.1697, 28.36132], [81.14634, 28.37225], [81.04707, 28.38909], [81.00041, 28.397], [80.99317, 28.40783], [80.99131, 28.42026], [80.9878, 28.43098], [80.97602, 28.43692], [80.96052, 28.43227], [80.94119, 28.43268], [80.92134, 28.4362], [80.90527, 28.44085], [80.88667, 28.45279], [80.88186, 28.46684], [80.88036, 28.48188], [80.87225, 28.49687], [80.85799, 28.50245], [80.81701, 28.50255], [80.79841, 28.5057], [80.78166, 28.51475], [80.74353, 28.54996], [80.72709, 28.55968], [80.69578, 28.56751], [80.67862, 28.57472], [80.66818, 28.58634], [80.64834, 28.61975], [80.63563, 28.62787], [80.59852, 28.63378], [80.58137, 28.63895], [80.56359, 28.64704], [80.55687, 28.65502], [80.55739, 28.66435], [80.55904, 28.67303], [80.55584, 28.67895], [80.53444, 28.67956], [80.5176, 28.68003], [80.49755, 28.67014], [80.48762, 28.65647], [80.48494, 28.63929], [80.49341, 28.57565], [80.48845, 28.56244], [80.46881, 28.57185], [80.42654, 28.61681], [80.40835, 28.62634], [80.3883, 28.62725], [80.36908, 28.62265], [80.34975, 28.62022], [80.3297, 28.62748], [80.31833, 28.64011], [80.29105, 28.68967], [80.2834, 28.69536], [80.26521, 28.69928], [80.25704, 28.70275], [80.2494, 28.71021], [80.23896, 28.72626], [80.23327, 28.73272], [80.21643, 28.74194], [80.18118, 28.74729], [80.16206, 28.75329], [80.14759, 28.76331], [80.11421, 28.80258], [80.08186, 28.81935], [80.07305, 28.82092], [80.05478, 28.82418], [80.03639, 28.83703], [80.03029, 28.87767], [80.03111, 28.8978], [80.03391, 28.91594], [80.04052, 28.93281], [80.05292, 28.94911], [80.06843, 28.95994], [80.08517, 28.96748], [80.09943, 28.97728], [80.10791, 28.99459], [80.10791, 28.99477], [80.1047, 29.02761], [80.11307, 29.07221], [80.13261, 29.11021], [80.16351, 29.12337], [80.18056, 29.12132], [80.20144, 29.12117], [80.22066, 29.12608], [80.23307, 29.13931], [80.23048, 29.15473], [80.21374, 29.19656], [80.2188, 29.21109], [80.23606, 29.21308], [80.24867, 29.20439], [80.25818, 29.20246], [80.27875, 29.26808], [80.28278, 29.29131], [80.28009, 29.31015], [80.27275, 29.31571], [80.26355, 29.31532], [80.25498, 29.31664], [80.2495, 29.327], [80.24216, 29.36741], [80.22097, 29.40012], [80.21374, 29.41689], [80.21767, 29.43464], [80.22831, 29.44172], [80.25746, 29.45006], [80.26345, 29.45924], [80.26624, 29.47213], [80.27306, 29.47867], [80.28205, 29.4843], [80.29115, 29.49461], [80.29146, 29.49474], [80.31151, 29.50812], [80.32009, 29.51582], [80.32722, 29.52484], [80.32763, 29.52993], [80.32505, 29.53551], [80.3236, 29.54166], [80.32722, 29.54858], [80.3327, 29.55246], [80.3451, 29.55835], [80.35079, 29.56207], [80.37332, 29.58419], [80.3852, 29.60484], [80.38675, 29.62682], [80.37755, 29.65295], [80.36391, 29.67971], [80.3544, 29.70488], [80.3543, 29.73028], [80.36898, 29.75793], [80.39523, 29.77658], [80.45486, 29.79059], [80.47615, 29.80614], [80.52731, 29.86242], [80.54953, 29.89368], [80.56287, 29.9297], [80.57134, 29.94685], [80.58622, 29.95414], [80.62229, 29.95817], [80.64141, 29.96344], [80.65413, 29.97058], [80.68017, 29.99207], [80.71583, 30.01331], [80.72575, 30.02277], [80.75572, 30.06457], [80.76967, 30.07729], [80.82982, 30.11713], [80.84967, 30.14338], [80.83644, 30.17005], [80.85039, 30.18193], [80.86791, 30.20017], [80.88368, 30.21028], [80.88388, 30.21041], [80.89365, 30.1981], [80.90331, 30.18043], [80.92083, 30.17666], [80.98816, 30.19656], [80.99602, 30.19697], [81.00651, 30.18891], [81.01943, 30.17227], [81.0309, 30.15273], [81.04366, 30.12023], [81.06661, 30.08716], [81.0742, 30.07191], [81.08445, 30.02788], [81.08485, 30.02618], [81.09777, 30.01693], [81.12459, 30.02277], [81.1481, 30.02323], [81.19451, 30.00447], [81.21683, 30.0082], [81.22727, 30.02246], [81.22572, 30.05047], [81.23952, 30.05879], [81.25709, 30.06354], [81.2668, 30.06995], [81.2679, 30.07205], [81.27202, 30.07992], [81.27595, 30.09537], [81.2745, 30.10219], [81.26634, 30.11775], [81.26696, 30.12509], [81.2777, 30.13186], [81.29326, 30.13284], [81.30954, 30.13206], [81.32241, 30.13377], [81.33827, 30.14354], [81.35005, 30.15723], [81.35729, 30.17356], [81.36183, 30.20477], [81.37439, 30.22312], [81.37785, 30.23263], [81.37692, 30.2412], [81.37052, 30.25728], [81.36902, 30.26606], [81.36804, 30.30105], [81.37155, 30.31691], [81.38214, 30.33128], [81.38726, 30.34513], [81.38488, 30.36094], [81.38752, 30.37391], [81.40741, 30.37918], [81.42612, 30.37251], [81.46281, 30.34135], [81.48307, 30.3319], [81.50937, 30.32838], [81.52069, 30.33195], [81.53195, 30.37034], [81.53681, 30.37856], [81.54425, 30.38264], [81.56327, 30.38559], [81.57671, 30.39096], [81.58198, 30.39944], [81.58508, 30.40812], [81.59159, 30.41427], [81.61401, 30.4169], [81.63572, 30.41096], [81.75737, 30.3629], [81.77902, 30.35805], [81.8015, 30.3613], [81.82279, 30.36817], [81.84439, 30.37117], [81.88718, 30.355], [81.92149, 30.35737], [81.94123, 30.35396], [81.95012, 30.34838], [81.96211, 30.33365], [81.96903, 30.32828], [81.97885, 30.32683], [81.98846, 30.32978], [81.99818, 30.33407], [82.00763, 30.33681], [82.04985, 30.33923], [82.07321, 30.33722], [82.08877, 30.33009], [82.09321, 30.31474], [82.0821, 30.25733], [82.08499, 30.23082], [82.0959, 30.21345], [82.11424, 30.20219], [82.14039, 30.19402], [82.15569, 30.18136], [82.15099, 30.16224], [82.12758, 30.12436], [82.12871, 30.11077], [82.13522, 30.08974], [82.14453, 30.06943], [82.15383, 30.05817], [82.17424, 30.05548], [82.19217, 30.06147], [82.21067, 30.06442], [82.25573, 30.03967], [82.27599, 30.03693], [82.29651, 30.03682], [82.31888, 30.03181], [82.32715, 30.02571], [82.33909, 30.00923], [82.3473, 30.00344], [82.36374, 30.00117], [82.37914, 30.00323], [82.39443, 30.00313], [82.40978, 29.9946], [82.42285, 29.97967], [82.43893, 29.96577], [82.45707, 29.95409], [82.47582, 29.94551], [82.52424, 29.93239], [82.54181, 29.92324], [82.6185, 29.83983], [82.63586, 29.82903], [82.64641, 29.82934], [82.66697, 29.83503], [82.67731, 29.83441], [82.68899, 29.82774], [82.68919, 29.81958], [82.68465, 29.80971], [82.68175, 29.79772], [82.69095, 29.78074], [82.75152, 29.73932], [82.77012, 29.71416], [82.78108, 29.70511], [82.79306, 29.69951], [82.80516, 29.69597], [82.81554, 29.69013], [82.82237, 29.67796], [82.83658, 29.65979], [82.85745, 29.6662], [82.88009, 29.68111], [82.89973, 29.68842], [82.90913, 29.68462], [82.9237, 29.66966], [82.93192, 29.66418], [82.9421, 29.66295], [82.96432, 29.66589], [82.9759, 29.66403], [83.03289, 29.62047], [83.0409, 29.61029], [83.0545, 29.58605], [83.06494, 29.57879], [83.07956, 29.57964], [83.08555, 29.59039], [83.08845, 29.60442], [83.09336, 29.61514], [83.10028, 29.61768], [83.12669, 29.62341], [83.15005, 29.62563], [83.16209, 29.62517], [83.17356, 29.62127], [83.18725, 29.6121], [83.19087, 29.6069], [83.19449, 29.59365], [83.19718, 29.5891], [83.20493, 29.58491], [83.22188, 29.57982], [83.22932, 29.57595], [83.25257, 29.5552], [83.26084, 29.54205], [83.26332, 29.52709], [83.25991, 29.51877], [83.25402, 29.51329], [83.24875, 29.50657], [83.2472, 29.49474], [83.26394, 29.47301], [83.32797, 29.48502], [83.3552, 29.46073], [83.35779, 29.44275], [83.3552, 29.42797], [83.35701, 29.41536], [83.38724, 29.3935], [83.38941, 29.38245], [83.38827, 29.37022], [83.39313, 29.35625], [83.40502, 29.34648], [83.41778, 29.3409], [83.42817, 29.33346], [83.43721, 29.30524], [83.44822, 29.29677], [83.47581, 29.28692], [83.49338, 29.27615], [83.503, 29.26103], [83.5125, 29.22349], [83.51457, 29.20181], [83.51705, 29.19171], [83.52372, 29.18359], [83.53597, 29.17923], [83.56139, 29.17623], [83.57203, 29.1684], [83.58382, 29.16215], [83.62444, 29.15546], [83.63927, 29.15476], [83.65499, 29.16041], [83.65601, 29.16078], [83.6634, 29.17481], [83.66774, 29.19233], [83.67508, 29.20876], [83.69549, 29.22618], [83.71973, 29.23359], [83.74536, 29.23447], [83.77063, 29.23225], [83.79321, 29.23475], [83.83786, 29.254], [83.86163, 29.2602], [83.86886, 29.26344], [83.87739, 29.27677], [83.88344, 29.28201], [83.91439, 29.2894], [83.93315, 29.29178], [83.94555, 29.29183], [83.95795, 29.28904], [83.96726, 29.2847], [83.97325, 29.27702], [83.97584, 29.26375], [83.98824, 29.26953], [84.0009, 29.27253], [84.01252, 29.2702], [84.02152, 29.25977], [84.03521, 29.24762], [84.05304, 29.25036], [84.07206, 29.25698], [84.08973, 29.25661], [84.09914, 29.247], [84.10534, 29.21992], [84.11236, 29.2091], [84.12601, 29.20625], [84.14198, 29.20827], [84.15546, 29.20664], [84.16166, 29.19253], [84.1552, 29.17595], [84.14172, 29.16026], [84.13226, 29.1438], [84.138, 29.12466], [84.16011, 29.10549], [84.16621, 29.09846], [84.16972, 29.08892], [84.17546, 29.0574], [84.1982, 29.04531], [84.22057, 29.0389], [84.23143, 29.02598], [84.20673, 28.94066], [84.22529, 28.91411], [84.23515, 28.90002], [84.286, 28.87374], [84.354, 28.86129], [84.3663, 28.85674], [84.37659, 28.84884], [84.39307, 28.82434], [84.41431, 28.80827], [84.42273, 28.79917], [84.43782, 28.75334], [84.45085, 28.73388], [84.47575, 28.72729], [84.49859, 28.72786], [84.51565, 28.7214], [84.53198, 28.71269], [84.55182, 28.70639], [84.60722, 28.6982], [84.61621, 28.69365], [84.62582, 28.67608], [84.63264, 28.66879], [84.65228, 28.66239], [84.67114, 28.65895], [84.68297, 28.65076], [84.67776, 28.6044], [84.69083, 28.59614], [84.73662, 28.59417], [84.75563, 28.58541], [84.78178, 28.5589], [84.79914, 28.54663], [84.81196, 28.54198], [84.82395, 28.54053], [84.87929, 28.54363], [84.89144, 28.54177], [84.90787, 28.53702], [84.91872, 28.53568], [84.92849, 28.53847], [84.93645, 28.54477], [84.94895, 28.56828], [84.95495, 28.5743], [84.98477, 28.58859], [84.99407, 28.59081], [85.00249, 28.59443], [85.00916, 28.60254], [85.01877, 28.61986], [85.02528, 28.62841], [85.0321, 28.63407], [85.05494, 28.63869], [85.07504, 28.63166], [85.11189, 28.60882], [85.16098, 28.595], [85.16801, 28.58319], [85.15695, 28.53314], [85.15375, 28.5249], [85.14765, 28.51583], [85.14036, 28.51092], [85.12315, 28.50459], [85.11721, 28.49733], [85.11566, 28.49149], [85.11556, 28.47273], [85.10946, 28.4593], [85.08367, 28.44553], [85.07758, 28.43568], [85.08569, 28.38101], [85.08569, 28.36153], [85.08187, 28.3317], [85.08021, 28.31879], [85.0874, 28.30411], [85.10941, 28.29225], [85.13416, 28.29197], [85.15457, 28.30086], [85.17359, 28.30432], [85.20573, 28.27828], [85.22392, 28.27169], [85.24341, 28.26791], [85.25958, 28.26693], [85.27312, 28.26983], [85.30102, 28.28107], [85.3126, 28.28277], [85.32573, 28.2774], [85.33482, 28.26869], [85.34536, 28.26125], [85.36257, 28.25967], [85.37782, 28.26598], [85.40138, 28.28879], [85.41523, 28.29644], [85.43156, 28.29706], [85.44665, 28.29215], [85.47569, 28.2791], [85.49755, 28.28262], [85.52065, 28.28293], [85.5437, 28.28039], [85.5653, 28.27538], [85.5855, 28.26319], [85.59894, 28.25083], [85.61181, 28.25115], [85.63909, 28.28789], [85.64695, 28.2937], [85.66814, 28.30055], [85.67506, 28.30639], [85.6762, 28.31512], [85.67599, 28.32473], [85.67914, 28.3329], [85.69294, 28.33522], [85.698, 28.31344], [85.69976, 28.2691], [85.71557, 28.24337], [85.73449, 28.22153], [85.7566, 28.20324], [85.78275, 28.1881], [85.82689, 28.17048], [85.84828, 28.15893], [85.86337, 28.14335], [85.86704, 28.13293], [85.87174, 28.11092], [85.8891, 28.09028], [85.89107, 28.0809], [85.88983, 28.07126], [85.89045, 28.05919], [85.8983, 28.03602], [85.90895, 28.02242], [85.94398, 27.99473], [85.95659, 27.97623], [85.95628, 27.95687], [85.95184, 27.9368], [85.95122, 27.91623], [85.96269, 27.89137], [85.98026, 27.88517], [86.02646, 27.88993], [86.05142, 27.88755], [86.0546, 27.88801], [86.0617, 27.88905], [86.07565, 27.89478], [86.10718, 27.92284], [86.11286, 27.9268], [86.11224, 27.93726], [86.10718, 27.94424], [86.10056, 27.95023], [86.0956, 27.95785], [86.09508, 27.96889], [86.09803, 27.97752], [86.09813, 27.98563], [86.0894, 27.99473], [86.0894, 27.99488], [86.0893, 27.99488], [86.07917, 28.00113], [86.07762, 28.00695], [86.07953, 28.01333], [86.07953, 28.02165], [86.08392, 28.03855], [86.0847, 28.04387], [86.08155, 28.0517], [86.07018, 28.06671], [86.06873, 28.07676], [86.15596, 28.15652], [86.17601, 28.15301], [86.18604, 28.13353], [86.18717, 28.1087], [86.18076, 28.08875], [86.17224, 28.07183], [86.17446, 28.06245], [86.18185, 28.05488], [86.18914, 28.04361], [86.19601, 28.01457], [86.20304, 28.00258], [86.21776, 27.99498], [86.21792, 27.99493], [86.21838, 27.99473], [86.23854, 27.98956], [86.259, 27.98765], [86.27807, 27.98369], [86.29466, 27.97238], [86.31822, 27.94579], [86.32773, 27.93969], [86.33755, 27.93804], [86.34561, 27.94093], [86.35367, 27.94481], [86.36298, 27.9461], [86.37197, 27.94196], [86.40571, 27.917], [86.4253, 27.90993], [86.43884, 27.91086], [86.47548, 27.9276], [86.49692, 27.93788], [86.51046, 27.95243], [86.51676, 27.97143], [86.51645, 27.99473], [86.5162, 28.01225], [86.52229, 28.02372], [86.53092, 28.03369], [86.53837, 28.04718], [86.54074, 28.06216], [86.54126, 28.07821], [86.54415, 28.09302], [86.55356, 28.10415], [86.56953, 28.10661], [86.58312, 28.09803], [86.59686, 28.0865], [86.61231, 28.08028], [86.62715, 28.08348], [86.64947, 28.10118], [86.66198, 28.10684], [86.68006, 28.10573], [86.69965, 28.09875], [86.71768, 28.08826], [86.73174, 28.07692], [86.73598, 28.06485], [86.7322, 28.03496], [86.7398, 28.0215], [86.76998, 28.01209], [86.84047, 28.01478], [86.86817, 27.99488], [86.86817, 27.99473], [86.8769, 27.97065], [86.89307, 27.95419], [86.91473, 27.94512], [86.94036, 27.9431], [86.97023, 27.94744], [86.98209, 27.95067], [86.98873, 27.95248], [87.00568, 27.9515], [87.03053, 27.93809], [87.062, 27.90843], [87.11652, 27.84458], [87.1558, 27.8258], [87.182, 27.8245], [87.2329, 27.82972], [87.29052, 27.81608], [87.31393, 27.82859], [87.33584, 27.84636], [87.36384, 27.85525], [87.38534, 27.84941], [87.38069, 27.83582], [87.36912, 27.81908], [87.36912, 27.80394], [87.38679, 27.8044], [87.47557, 27.8267], [87.51453, 27.8352], [87.53159, 27.8368], [87.55133, 27.83189], [87.55598, 27.82709], [87.5598, 27.81908], [87.56507, 27.81086], [87.57334, 27.80502], [87.58998, 27.80461], [87.62109, 27.81954], [87.63608, 27.82365], [87.65995, 27.81988], [87.67853, 27.81335], [87.70047, 27.80564], [87.72682, 27.80776], [87.75638, 27.82037], [87.77984, 27.83944], [87.79865, 27.86347], [87.81415, 27.89096], [87.82588, 27.90657], [87.83669, 27.90832], [87.85612, 27.89861], [87.93456, 27.8953], [87.94521, 27.8923], [87.96639, 27.88274], [87.97843, 27.88052], [87.99182, 27.88264], [88.01812, 27.89215], [88.02995, 27.89334], [88.0528, 27.88652], [88.09574, 27.86533], [88.11822, 27.86088]]]}, "properties": {"id": "fLll", "status": "validé", "pieces": [{"kind": "country"}]}}, {"type": "Feature", "geometry": {"type": "MultiPolygon", "coordinates": [[[[87.17651, 26.60921], [87.23145, 26.69264], [87.34131, 26.69755], [87.45117, 26.69264], [87.47864, 26.59448], [87.4292, 26.50116], [87.30835, 26.46184], [87.17651, 26.52572], [87.17651, 26.60921]]], [[[85.76477, 27.01596], [85.70435, 27.16261], [85.57251, 27.32371], [85.44617, 27.43586], [85.21545, 27.57223], [85.21545, 27.49919], [85.21545, 27.2798], [85.1825, 27.08931], [85.14404, 26.91808], [85.03967, 26.8838], [84.95071, 26.90193], [84.94425, 26.91572], [84.93857, 26.9366], [84.92405, 26.95567], [84.90157, 26.96719], [84.85175, 26.98213], [84.82829, 26.99484], [84.82813, 26.99494], [84.81749, 27.0106], [84.80193, 27.01375], [84.7855, 27.00848], [84.77196, 26.99918], [84.7607, 26.99902], [84.65858, 27.02391], [84.65515, 27.02574], [84.6467, 27.10848], [84.6544, 27.12537], [84.65982, 27.16511], [84.65765, 27.20341], [84.65421, 27.21697], [84.67163, 27.25052], [84.81445, 27.25052], [84.87488, 27.26028], [84.81995, 27.33347], [84.89685, 27.47971], [84.88586, 27.53815], [84.66614, 27.53815], [84.52332, 27.57223], [84.30359, 27.72301], [84.27612, 27.82503], [84.11133, 27.94152], [83.99048, 27.99001], [83.87512, 27.96577], [83.69934, 27.66953], [83.71582, 27.54302], [83.54004, 27.49432], [83.39722, 27.49919], [83.28735, 27.5138], [83.13354, 27.64521], [83.18298, 27.74245], [83.23792, 27.77646], [83.43567, 27.7716], [83.56201, 27.86387], [83.67188, 27.96092], [83.75427, 28.07725], [83.84216, 28.18378], [84.01245, 28.25636], [84.06738, 28.24668], [84.12231, 28.15474], [84.25964, 28.09663], [84.52881, 28.0191], [84.67712, 28.03849], [84.88037, 27.95122], [84.9408, 27.93666], [85.00122, 27.8396], [85.10559, 27.76189], [85.177, 27.82503], [85.28687, 27.82503], [85.45715, 27.74245], [85.71533, 27.56249], [85.89661, 27.45048], [86.01746, 27.24075], [86.17676, 27.16261], [86.24817, 26.94256], [86.27014, 26.83482], [86.39648, 26.81032], [86.40747, 26.72207], [86.35803, 26.58957], [86.31297, 26.58402], [86.30903, 26.58799], [86.30861, 26.60215], [86.30138, 26.60902], [86.28443, 26.61202], [86.26309, 26.60908], [86.22516, 26.5974], [86.20288, 26.58458], [86.19585, 26.58267], [86.18536, 26.58442], [86.17927, 26.58861], [86.17446, 26.59331], [86.16779, 26.59662], [86.15265, 26.60065], [86.14635, 26.60136], [86.1448, 26.60153], [86.12206, 26.60029], [86.11586, 26.60256], [86.11069, 26.60675], [86.0417, 26.64545], [86.01137, 26.65445], [85.97571, 26.64437], [85.95675, 26.6425], [85.94604, 26.64848], [85.94604, 26.71226], [86.01196, 26.78091], [85.95154, 26.82502], [85.76477, 27.01596]]]]}, "properties": {"id": "gXQt", "status": "validé", "pieces": [{"kind": "polygon", "ring": [[87.30835, 26.46184], [87.17651, 26.52572], [87.17651, 26.60921], [87.23145, 26.69264], [87.34131, 26.69755], [87.45117, 26.69264], [87.47864, 26.59448], [87.4292, 26.50116]]}, {"kind": "polygon", "ring": [[86.01196, 26.78091], [85.94604, 26.71226], [85.94604, 26.64848], [86.03394, 26.59939], [86.19873, 26.56993], [86.35803, 26.58957], [86.40747, 26.72207], [86.39648, 26.81032], [86.27014, 26.83482], [86.24817, 26.94256], [86.17676, 27.16261], [86.01746, 27.24075], [85.89661, 27.45048], [85.71533, 27.56249], [85.45715, 27.74245], [85.28687, 27.82503], [85.177, 27.82503], [85.10559, 27.76189], [85.00122, 27.8396], [84.9408, 27.93666], [84.88037, 27.95122], [84.67712, 28.03849], [84.52881, 28.0191], [84.25964, 28.09663], [84.12231, 28.15474], [84.06738, 28.24668], [84.01245, 28.25636], [83.84216, 28.18378], [83.75427, 28.07725], [83.67188, 27.96092], [83.56201, 27.86387], [83.43567, 27.7716], [83.23792, 27.77646], [83.18298, 27.74245], [83.13354, 27.64521], [83.28735, 27.5138], [83.39722, 27.49919], [83.54004, 27.49432], [83.71582, 27.54302], [83.69934, 27.66953], [83.87512, 27.96577], [83.99048, 27.99001], [84.11133, 27.94152], [84.27612, 27.82503], [84.30359, 27.72301], [84.52332, 27.57223], [84.66614, 27.53815], [84.88586, 27.53815], [84.89685, 27.47971], [84.81995, 27.33347], [84.87488, 27.26028], [84.81445, 27.25052], [84.67163, 27.25052], [84.63867, 27.18704], [84.65515, 27.02574], [84.84741, 26.92298], [85.03967, 26.8838], [85.14404, 26.91808], [85.1825, 27.08931], [85.21545, 27.2798], [85.21545, 27.49919], [85.21545, 27.57223], [85.44617, 27.43586], [85.57251, 27.32371], [85.70435, 27.16261], [85.76477, 27.01596], [85.95154, 26.82502]]}, {"kind": "clip"}]}}, {"type": "Feature", "geometry": null, "properties": {"id": "h60b", "status": "rejeté", "pieces": []}}, {"type": "Feature", "geometry": null, "properties": {"id": "hHGC", "status": "rejeté", "pieces": []}}, {"type": "Feature", "geometry": {"type": "MultiPolygon", "coordinates": [[[[83.45764, 27.77699], [83.63342, 27.77214], [83.77075, 27.78671], [83.84766, 27.83042], [84.02344, 27.83042], [84.12231, 27.82557], [84.31458, 27.80128], [84.2981, 27.69437], [84.27063, 27.50947], [84.19822, 27.43648], [84.19525, 27.43605], [84.18585, 27.43864], [84.1751, 27.46298], [84.16575, 27.47217], [84.14172, 27.48075], [84.13097, 27.48641], [84.12156, 27.49496], [84.11717, 27.51328], [84.09955, 27.51687], [84.0796, 27.50954], [84.02891, 27.45373], [84.00767, 27.44081], [83.97584, 27.43972], [83.93594, 27.44608], [83.92302, 27.44995], [83.92204, 27.4497], [83.89987, 27.44386], [83.85352, 27.44096], [83.83409, 27.43404], [83.84272, 27.41807], [83.87119, 27.38944], [83.87367, 27.38009], [83.87765, 27.36991], [83.87739, 27.36174], [83.86752, 27.35838], [83.86173, 27.35451], [83.8546, 27.34505], [83.85334, 27.34619], [83.84799, 27.35104], [83.802, 27.36593], [83.6634, 27.43228], [83.59043, 27.45662], [83.48098, 27.46975], [83.47859, 27.46976], [83.46863, 27.48024], [83.34229, 27.55816], [83.32031, 27.69924], [83.45764, 27.77699]]], [[[81.91956, 28.19883], [81.99097, 28.24238], [82.16125, 28.26172], [82.3645, 28.23754], [82.43591, 28.18915], [82.58423, 28.102], [82.67212, 27.99054], [82.68311, 27.811], [82.68311, 27.73326], [82.58624, 27.68901], [82.52616, 27.67521], [82.44068, 27.66643], [82.40193, 27.67717], [82.34792, 27.72601], [82.27041, 27.76048], [82.15104, 27.84828], [82.10742, 27.86357], [82.09037, 27.87233], [82.07166, 27.89003], [82.05161, 27.90517], [82.05021, 27.90559], [82.03717, 27.90945], [81.97998, 27.9566], [81.93054, 28.07294], [81.91956, 28.19883]]], [[[81.75476, 28.04871], [81.65588, 27.976], [81.59784, 27.99308], [81.59536, 27.99478], [81.5951, 27.99488], [81.58218, 28.01328], [81.56193, 28.02599], [81.49372, 28.05715], [81.45813, 28.10685], [81.47656, 28.13434], [81.44261, 28.11938], [81.43527, 28.12978], [81.41733, 28.14702], [81.39604, 28.16063], [81.3732, 28.16784], [81.35791, 28.16598], [81.35145, 28.15681], [81.3477, 28.14573], [81.27686, 28.22303], [81.19995, 28.31491], [81.18347, 28.45017], [81.2439, 28.59491], [81.35376, 28.62383], [81.4856, 28.58044], [81.57898, 28.52739], [81.65039, 28.40189], [81.65069, 28.39414], [81.65588, 28.40189], [81.7218, 28.28107], [81.78223, 28.17947], [81.75476, 28.04871]]]]}, "properties": {"id": "hSPg", "status": "validé", "pieces": [{"kind": "polygon", "ring": [[81.27686, 28.22303], [81.19995, 28.31491], [81.18347, 28.45017], [81.2439, 28.59491], [81.35376, 28.62383], [81.4856, 28.58044], [81.57898, 28.52739], [81.65039, 28.40189], [81.65588, 28.26172], [81.51306, 28.15043], [81.39221, 28.09716]]}, {"kind": "polygon", "ring": [[82.06238, 27.88868], [81.97998, 27.9566], [81.93054, 28.07294], [81.91956, 28.19883], [81.99097, 28.24238], [82.16125, 28.26172], [82.3645, 28.23754], [82.43591, 28.18915], [82.58423, 28.102], [82.67212, 27.99054], [82.68311, 27.811], [82.68311, 27.73326], [82.51282, 27.65547], [82.31506, 27.67492]]}, {"kind": "polygon", "ring": [[81.65588, 28.40189], [81.7218, 28.28107], [81.78223, 28.17947], [81.75476, 28.04871], [81.65588, 27.976], [81.52405, 28.01478], [81.45813, 28.10685]]}, {"kind": "polygon", "ring": [[83.46863, 27.48024], [83.34229, 27.55816], [83.32031, 27.69924], [83.45764, 27.77699], [83.63342, 27.77214], [83.77075, 27.78671], [83.84766, 27.83042], [84.02344, 27.83042], [84.12231, 27.82557], [84.31458, 27.80128], [84.2981, 27.69437], [84.27063, 27.50947], [84.14978, 27.38765], [83.88062, 27.28522], [83.61694, 27.32425]]}, {"kind": "clip"}]}}, {"type": "Feature", "geometry": {"type": "MultiPolygon", "coordinates": [[[[86.87988, 26.68827], [87.13257, 26.62938], [87.16003, 26.49678], [87.12625, 26.39742], [87.10629, 26.40475], [87.08329, 26.43208], [87.06671, 26.46562], [87.05668, 26.49487], [87.05647, 26.49492], [87.045, 26.54427], [87.04443, 26.56117], [87.04133, 26.58019], [87.02991, 26.57977], [87.01544, 26.56897], [86.98521, 26.54066], [86.97245, 26.53197], [86.93515, 26.52029], [86.90713, 26.51151], [86.87597, 26.49492], [86.86568, 26.47244], [86.84636, 26.45265], [86.82186, 26.43813], [86.79644, 26.43151], [86.78724, 26.43306], [86.75189, 26.44552], [86.7382, 26.44371], [86.73071, 26.43379], [86.72711, 26.42736], [86.66538, 26.43449], [86.62534, 26.45632], [86.5579, 26.48402], [86.53795, 26.49487], [86.53775, 26.49487], [86.52431, 26.50908], [86.51062, 26.52014], [86.49491, 26.52784], [86.47548, 26.53197], [86.44483, 26.54308], [86.38365, 26.57285], [86.35367, 26.58262], [86.34484, 26.58262], [86.32318, 26.58008], [86.316, 26.58096], [86.30903, 26.58799], [86.30861, 26.60215], [86.30138, 26.60902], [86.28443, 26.61202], [86.26309, 26.60908], [86.22516, 26.5974], [86.20288, 26.58458], [86.19585, 26.58267], [86.18536, 26.58442], [86.17927, 26.58861], [86.17446, 26.59331], [86.16779, 26.59662], [86.15265, 26.60065], [86.14635, 26.60136], [86.1448, 26.60153], [86.12206, 26.60029], [86.11586, 26.60256], [86.11069, 26.60675], [86.06515, 26.6323], [86.16577, 26.78635], [86.11633, 26.88434], [86.24817, 26.83045], [86.87988, 26.68827]]], [[[85.2594, 27.12406], [85.28137, 27.02138], [85.0946, 27.04095], [85.07812, 26.99203], [85.08911, 26.90393], [85.08911, 26.85962], [85.05386, 26.84721], [85.01689, 26.85965], [85.01805, 26.87443], [85.00084, 26.88224], [84.98818, 26.88379], [84.97577, 26.88689], [84.95273, 26.89764], [84.94425, 26.91572], [84.93857, 26.9366], [84.92405, 26.95567], [84.90157, 26.96719], [84.85175, 26.98213], [84.82829, 26.99484], [84.82813, 26.99494], [84.81749, 27.0106], [84.80193, 27.01375], [84.7855, 27.00848], [84.77196, 26.99918], [84.7607, 26.99902], [84.64024, 27.02838], [84.62727, 27.03649], [84.62148, 27.05799], [84.63037, 27.08083], [84.64453, 27.10372], [84.6544, 27.12537], [84.65982, 27.16511], [84.65765, 27.20341], [84.6482, 27.24072], [84.64736, 27.24258], [84.65515, 27.26081], [84.89685, 27.30961], [85.16052, 27.19734], [85.2594, 27.12406]]], [[[80.99286, 28.40994], [80.99131, 28.42026], [80.9878, 28.43098], [80.97602, 28.43692], [80.96052, 28.43227], [80.94119, 28.43268], [80.92134, 28.4362], [80.90527, 28.44085], [80.88667, 28.45279], [80.88186, 28.46684], [80.88036, 28.48188], [80.87225, 28.49687], [80.85799, 28.50245], [80.81701, 28.50255], [80.79841, 28.5057], [80.78166, 28.51475], [80.74353, 28.54996], [80.72709, 28.55968], [80.69578, 28.56751], [80.67862, 28.57472], [80.66818, 28.58634], [80.64834, 28.61975], [80.63563, 28.62787], [80.59852, 28.63378], [80.58137, 28.63895], [80.56359, 28.64704], [80.55687, 28.65502], [80.55739, 28.66435], [80.55904, 28.67303], [80.55584, 28.67895], [80.53444, 28.67956], [80.5176, 28.68003], [80.49755, 28.67014], [80.48762, 28.65647], [80.48494, 28.63929], [80.49341, 28.57565], [80.48845, 28.56244], [80.46881, 28.57185], [80.42654, 28.61681], [80.40835, 28.62634], [80.3883, 28.62725], [80.36908, 28.62265], [80.34975, 28.62022], [80.3297, 28.62748], [80.31833, 28.64011], [80.29105, 28.68967], [80.2834, 28.69536], [80.26521, 28.69928], [80.25704, 28.70275], [80.2494, 28.71021], [80.23896, 28.72626], [80.23327, 28.73272], [80.21643, 28.74194], [80.18118, 28.74729], [80.16206, 28.75329], [80.14759, 28.76331], [80.11421, 28.80258], [80.08186, 28.81935], [80.07305, 28.82092], [80.05478, 28.82418], [80.03639, 28.83703], [80.03029, 28.87767], [80.03111, 28.8978], [80.03391, 28.91594], [80.04052, 28.93281], [80.05292, 28.94911], [80.06843, 28.95994], [80.08517, 28.96748], [80.09943, 28.97728], [80.10791, 28.99459], [80.10791, 28.99477], [80.10487, 29.02587], [80.13977, 29.07591], [81.2384, 28.59009], [81.04614, 28.41154], [80.99286, 28.40994]]]]}, "properties": {"id": "hURU", "status": "validé", "pieces": [{"kind": "polygon", "ring": [[80.13977, 29.07591], [81.2384, 28.59009], [81.04614, 28.41154], [80.40344, 28.39222], [79.88159, 28.70573]]}, {"kind": "polygon", "ring": [[84.65515, 27.26081], [84.89685, 27.30961], [85.16052, 27.19734], [85.2594, 27.12406], [85.28137, 27.02138], [85.0946, 27.04095], [85.07812, 26.99203], [85.08911, 26.90393], [85.08911, 26.83535], [84.55078, 27.01649]]}, {"kind": "polygon", "ring": [[86.11633, 26.88434], [86.16577, 26.78635], [86.05042, 26.60975], [86.2207, 26.54591], [86.42395, 26.46237], [86.76453, 26.42304], [87.12158, 26.3837], [87.16003, 26.49678], [87.13257, 26.62938], [86.87988, 26.68827], [86.24817, 26.83045]]}, {"kind": "clip"}]}}, {"type": "Feature", "geometry": {"type": "Polygon", "coordinates": [[[88.11822, 27.86088], [88.14302, 27.85572], [88.15641, 27.85127], [88.16462, 27.84536], [88.16659, 27.8336], [88.1546, 27.81515], [88.15966, 27.77412], [88.14933, 27.74877], [88.13486, 27.72317], [88.11088, 27.6395], [88.04877, 27.54535], [88.02334, 27.49491], [88.0221, 27.48424], [88.02334, 27.47465], [88.02809, 27.45512], [88.03078, 27.45073], [88.03977, 27.44236], [88.04163, 27.43807], [88.03931, 27.42949], [88.03481, 27.42381], [88.02959, 27.41874], [88.02582, 27.41208], [88.01724, 27.38923], [88.01476, 27.37807], [88.01579, 27.36422], [88.02014, 27.35337], [88.03254, 27.33389], [88.03512, 27.32257], [88.02902, 27.29808], [88.00466, 27.24916], [87.98934, 27.21839], [87.98546, 27.14837], [87.97084, 27.11922], [87.96918, 27.1108], [87.97073, 27.10274], [87.97549, 27.09514], [87.9913, 27.0815], [88.00949, 27.04564], [88.02737, 27.03535], [88.04282, 27.02895], [88.05595, 27.01804], [88.07688, 26.99179], [88.09682, 26.95934], [88.11181, 26.9243], [88.12044, 26.90885], [88.14282, 26.87841], [88.15139, 26.86281], [88.15532, 26.8456], [88.15904, 26.80255], [88.16783, 26.76291], [88.16907, 26.744], [88.16752, 26.72504], [88.16338, 26.70514], [88.14664, 26.66122], [88.10168, 26.58194], [88.08714, 26.5391], [88.07982, 26.51756], [88.07915, 26.50737], [88.08225, 26.49487], [88.07419, 26.45394], [88.04432, 26.40568], [88.00665, 26.36986], [87.97549, 26.36656], [87.96122, 26.37896], [87.92898, 26.39643], [87.91477, 26.40826], [87.90851, 26.41782], [87.902, 26.43529], [87.8973, 26.44345], [87.89477, 26.44293], [87.87069, 26.46071], [87.86981, 26.46464], [87.85208, 26.46066], [87.8216, 26.43751], [87.80444, 26.43735], [87.78594, 26.44598], [87.76899, 26.45146], [87.75617, 26.44691], [87.74945, 26.42573], [87.74222, 26.41048], [87.72754, 26.40376], [87.7109, 26.40568], [87.69757, 26.41627], [87.68119, 26.42423], [87.65964, 26.41751], [87.64875, 26.40999], [87.62398, 26.39291], [87.58698, 26.37803], [87.55205, 26.38671], [87.48032, 26.4234], [87.44963, 26.42862], [87.41645, 26.42697], [87.38421, 26.41865], [87.3564, 26.40371], [87.34493, 26.38935], [87.32622, 26.35333], [87.31403, 26.34377], [87.30049, 26.34599], [87.25843, 26.36294], [87.2453, 26.37023], [87.23631, 26.3833], [87.22943, 26.39875], [87.2191, 26.4081], [87.18846, 26.39958], [87.13502, 26.3942], [87.10629, 26.40475], [87.08329, 26.43208], [87.06671, 26.46562], [87.05668, 26.49487], [87.05647, 26.49492], [87.045, 26.54427], [87.04443, 26.56117], [87.04133, 26.58019], [87.02991, 26.57977], [87.01544, 26.56897], [86.98521, 26.54066], [86.97245, 26.53197], [86.93515, 26.52029], [86.90713, 26.51151], [86.87597, 26.49492], [86.86568, 26.47244], [86.84636, 26.45265], [86.82186, 26.43813], [86.79644, 26.43151], [86.78724, 26.43306], [86.75189, 26.44552], [86.7382, 26.44371], [86.73071, 26.43379], [86.72409, 26.42195], [86.7136, 26.41456], [86.6952, 26.41823], [86.62534, 26.45632], [86.5579, 26.48402], [86.53795, 26.49487], [86.53775, 26.49487], [86.52431, 26.50908], [86.51062, 26.52014], [86.49491, 26.52784], [86.47548, 26.53197], [86.44483, 26.54308], [86.38365, 26.57285], [86.35367, 26.58262], [86.34484, 26.58262], [86.32318, 26.58008], [86.316, 26.58096], [86.30903, 26.58799], [86.30861, 26.60215], [86.30138, 26.60902], [86.28443, 26.61202], [86.26309, 26.60908], [86.22516, 26.5974], [86.20288, 26.58458], [86.19585, 26.58267], [86.18536, 26.58442], [86.17927, 26.58861], [86.17446, 26.59331], [86.16779, 26.59662], [86.15265, 26.60065], [86.14635, 26.60136], [86.1448, 26.60153], [86.12206, 26.60029], [86.11586, 26.60256], [86.11069, 26.60675], [86.0417, 26.64545], [86.01137, 26.65445], [85.97571, 26.64437], [85.95215, 26.64204], [85.93468, 26.6329], [85.86637, 26.57993], [85.84476, 26.56851], [85.82854, 26.56613], [85.82161, 26.57171], [85.81975, 26.57952], [85.81955, 26.5883], [85.81763, 26.59672], [85.80973, 26.60303], [85.80007, 26.6007], [85.78999, 26.59703], [85.781, 26.5992], [85.72705, 26.6376], [85.71289, 26.65321], [85.70224, 26.68845], [85.70963, 26.76245], [85.70183, 26.79661], [85.68777, 26.81185], [85.60938, 26.85102], [85.59858, 26.85438], [85.51946, 26.82643], [85.47569, 26.80524], [85.43962, 26.78772], [85.42154, 26.78266], [85.40319, 26.78762], [85.38588, 26.78844], [85.36924, 26.77501], [85.35535, 26.75991], [85.35322, 26.75759], [85.33704, 26.74679], [85.30237, 26.73734], [85.28728, 26.73697], [85.19493, 26.75888], [85.16568, 26.78627], [85.16553, 26.82079], [85.16202, 26.85102], [85.12284, 26.8657], [85.10021, 26.86353], [85.04399, 26.84374], [85.01856, 26.8458], [85.01686, 26.85924], [85.01805, 26.87443], [85.00084, 26.88224], [84.98818, 26.88379], [84.97577, 26.88689], [84.95273, 26.89764], [84.94425, 26.91572], [84.93857, 26.9366], [84.92405, 26.95567], [84.90157, 26.96719], [84.85175, 26.98213], [84.82829, 26.99484], [84.82813, 26.99494], [84.81749, 27.0106], [84.80193, 27.01375], [84.7855, 27.00848], [84.77196, 26.99918], [84.7607, 26.99902], [84.64024, 27.02838], [84.62727, 27.03649], [84.62148, 27.05799], [84.63037, 27.08083], [84.64453, 27.10372], [84.6544, 27.12537], [84.65982, 27.16511], [84.65765, 27.20341], [84.6482, 27.24072], [84.63192, 27.27704], [84.60655, 27.31048], [84.57704, 27.32903], [84.28941, 27.37611], [84.2677, 27.38856], [84.24889, 27.41244], [84.23902, 27.43114], [84.22554, 27.44039], [84.19525, 27.43605], [84.18585, 27.43864], [84.1751, 27.46298], [84.16575, 27.47217], [84.14172, 27.48075], [84.13097, 27.48641], [84.12156, 27.49496], [84.11717, 27.51328], [84.09955, 27.51687], [84.0796, 27.50954], [84.02891, 27.45373], [84.00767, 27.44081], [83.97584, 27.43972], [83.93594, 27.44608], [83.92302, 27.44995], [83.92204, 27.4497], [83.89987, 27.44386], [83.85352, 27.44096], [83.83409, 27.43404], [83.84272, 27.41807], [83.87119, 27.38944], [83.87367, 27.38009], [83.87765, 27.36991], [83.87739, 27.36174], [83.86752, 27.35838], [83.86173, 27.35451], [83.8546, 27.34505], [83.85334, 27.34619], [83.84799, 27.35104], [83.802, 27.36593], [83.6634, 27.43228], [83.59043, 27.45662], [83.48098, 27.46975], [83.38703, 27.47047], [83.36099, 27.4622], [83.35592, 27.45249], [83.35386, 27.44029], [83.35582, 27.42866], [83.37096, 27.41021], [83.36957, 27.39817], [83.36275, 27.38562], [83.34114, 27.35694], [83.32435, 27.34169], [83.30487, 27.33192], [83.28244, 27.33094], [83.2595, 27.33813], [83.24942, 27.3481], [83.24312, 27.36216], [83.23159, 27.38122], [83.21924, 27.39378], [83.16963, 27.43119], [83.13279, 27.44422], [83.01047, 27.44339], [82.94716, 27.45732], [82.90127, 27.48036], [82.87626, 27.48755], [82.75214, 27.49496], [82.72971, 27.51817], [82.71886, 27.55612], [82.70925, 27.63092], [82.69705, 27.6694], [82.67969, 27.69441], [82.67389, 27.69646], [82.65214, 27.70415], [82.52616, 27.67521], [82.44068, 27.66643], [82.40193, 27.67717], [82.34792, 27.72601], [82.27041, 27.76048], [82.15104, 27.84828], [82.10742, 27.86357], [82.09037, 27.87233], [82.07166, 27.89003], [82.05161, 27.90517], [82.05021, 27.90559], [82.02722, 27.91241], [81.9759, 27.91695], [81.9464, 27.90535], [81.90609, 27.86311], [81.8832, 27.84905], [81.85565, 27.85094], [81.82785, 27.86564], [81.80015, 27.88409], [81.75013, 27.90967], [81.71039, 27.94752], [81.68895, 27.9632], [81.66543, 27.9708], [81.61505, 27.98124], [81.59536, 27.99478], [81.5951, 27.99488], [81.58218, 28.01328], [81.56193, 28.02599], [81.47346, 28.0664], [81.45821, 28.07728], [81.45403, 28.08661], [81.45294, 28.09705], [81.44824, 28.11141], [81.43527, 28.12978], [81.41733, 28.14702], [81.39604, 28.16063], [81.3732, 28.16784], [81.35791, 28.16598], [81.35145, 28.15681], [81.34726, 28.14443], [81.33812, 28.13273], [81.3237, 28.12624], [81.30706, 28.12381], [81.29621, 28.12831], [81.29941, 28.14252], [81.28308, 28.14609], [81.27678, 28.15379], [81.28075, 28.16198], [81.29595, 28.16746], [81.28236, 28.19159], [81.22432, 28.25078], [81.21073, 28.27864], [81.19037, 28.33812], [81.1697, 28.36132], [81.14634, 28.37225], [81.04707, 28.38909], [81.00041, 28.397], [80.99317, 28.40783], [80.99131, 28.42026], [80.9878, 28.43098], [80.97602, 28.43692], [80.96052, 28.43227], [80.94119, 28.43268], [80.92134, 28.4362], [80.90527, 28.44085], [80.88667, 28.45279], [80.88186, 28.46684], [80.88036, 28.48188], [80.87225, 28.49687], [80.85799, 28.50245], [80.81701, 28.50255], [80.79841, 28.5057], [80.78166, 28.51475], [80.74353, 28.54996], [80.72709, 28.55968], [80.69578, 28.56751], [80.67862, 28.57472], [80.66818, 28.58634], [80.64834, 28.61975], [80.63563, 28.62787], [80.59852, 28.63378], [80.58137, 28.63895], [80.56359, 28.64704], [80.55687, 28.65502], [80.55739, 28.66435], [80.55904, 28.67303], [80.55584, 28.67895], [80.53444, 28.67956], [80.5176, 28.68003], [80.49755, 28.67014], [80.48762, 28.65647], [80.48494, 28.63929], [80.49341, 28.57565], [80.48845, 28.56244], [80.46881, 28.57185], [80.42654, 28.61681], [80.40835, 28.62634], [80.3883, 28.62725], [80.36908, 28.62265], [80.34975, 28.62022], [80.3297, 28.62748], [80.31833, 28.64011], [80.29105, 28.68967], [80.2834, 28.69536], [80.26521, 28.69928], [80.25704, 28.70275], [80.2494, 28.71021], [80.23896, 28.72626], [80.23327, 28.73272], [80.21643, 28.74194], [80.18118, 28.74729], [80.16206, 28.75329], [80.14759, 28.76331], [80.11421, 28.80258], [80.08186, 28.81935], [80.07305, 28.82092], [80.05478, 28.82418], [80.03639, 28.83703], [80.03029, 28.87767], [80.03111, 28.8978], [80.03391, 28.91594], [80.04052, 28.93281], [80.05292, 28.94911], [80.06843, 28.95994], [80.08517, 28.96748], [80.09943, 28.97728], [80.10791, 28.99459], [80.10791, 28.99477], [80.1047, 29.02761], [80.11307, 29.07221], [80.13261, 29.11021], [80.16351, 29.12337], [80.18056, 29.12132], [80.20144, 29.12117], [80.22066, 29.12608], [80.23307, 29.13931], [80.23048, 29.15473], [80.21374, 29.19656], [80.2188, 29.21109], [80.23606, 29.21308], [80.24867, 29.20439], [80.25818, 29.20246], [80.27875, 29.26808], [80.28278, 29.29131], [80.28009, 29.31015], [80.27275, 29.31571], [80.26355, 29.31532], [80.25498, 29.31664], [80.2495, 29.327], [80.24216, 29.36741], [80.22097, 29.40012], [80.21374, 29.41689], [80.21767, 29.43464], [80.22831, 29.44172], [80.25746, 29.45006], [80.26345, 29.45924], [80.26624, 29.47213], [80.27306, 29.47867], [80.28205, 29.4843], [80.29115, 29.49461], [80.29146, 29.49474], [80.31151, 29.50812], [80.32009, 29.51582], [80.32722, 29.52484], [80.32763, 29.52993], [80.32505, 29.53551], [80.3236, 29.54166], [80.32722, 29.54858], [80.3327, 29.55246], [80.3451, 29.55835], [80.35079, 29.56207], [80.37332, 29.58419], [80.3852, 29.60484], [80.38675, 29.62682], [80.37755, 29.65295], [80.36391, 29.67971], [80.3544, 29.70488], [80.3543, 29.73028], [80.36898, 29.75793], [80.39523, 29.77658], [80.45486, 29.79059], [80.47615, 29.80614], [80.52731, 29.86242], [80.54953, 29.89368], [80.56287, 29.9297], [80.57134, 29.94685], [80.58622, 29.95414], [80.62229, 29.95817], [80.64141, 29.96344], [80.65413, 29.97058], [80.68017, 29.99207], [80.71583, 30.01331], [80.72575, 30.02277], [80.75572, 30.06457], [80.76967, 30.07729], [80.82982, 30.11713], [80.84967, 30.14338], [80.83644, 30.17005], [80.85039, 30.18193], [80.86791, 30.20017], [80.88368, 30.21028], [80.88388, 30.21041], [80.89365, 30.1981], [80.90331, 30.18043], [80.92083, 30.17666], [80.98816, 30.19656], [80.99602, 30.19697], [81.00651, 30.18891], [81.01943, 30.17227], [81.0309, 30.15273], [81.04366, 30.12023], [81.06661, 30.08716], [81.0742, 30.07191], [81.08445, 30.02788], [81.08485, 30.02618], [81.09777, 30.01693], [81.12459, 30.02277], [81.1481, 30.02323], [81.19451, 30.00447], [81.21683, 30.0082], [81.22727, 30.02246], [81.22572, 30.05047], [81.23952, 30.05879], [81.25709, 30.06354], [81.2668, 30.06995], [81.2679, 30.07205], [81.27202, 30.07992], [81.27595, 30.09537], [81.2745, 30.10219], [81.26634, 30.11775], [81.26696, 30.12509], [81.2777, 30.13186], [81.29326, 30.13284], [81.30954, 30.13206], [81.32241, 30.13377], [81.33827, 30.14354], [81.35005, 30.15723], [81.35729, 30.17356], [81.36183, 30.20477], [81.37439, 30.22312], [81.37785, 30.23263], [81.37692, 30.2412], [81.37052, 30.25728], [81.36902, 30.26606], [81.36804, 30.30105], [81.37155, 30.31691], [81.38214, 30.33128], [81.38726, 30.34513], [81.38488, 30.36094], [81.38752, 30.37391], [81.40741, 30.37918], [81.42612, 30.37251], [81.46281, 30.34135], [81.48307, 30.3319], [81.50937, 30.32838], [81.52069, 30.33195], [81.53195, 30.37034], [81.53681, 30.37856], [81.54425, 30.38264], [81.56327, 30.38559], [81.57671, 30.39096], [81.58198, 30.39944], [81.58508, 30.40812], [81.59159, 30.41427], [81.61401, 30.4169], [81.63572, 30.41096], [81.75737, 30.3629], [81.77902, 30.35805], [81.8015, 30.3613], [81.82279, 30.36817], [81.84439, 30.37117], [81.88718, 30.355], [81.92149, 30.35737], [81.94123, 30.35396], [81.95012, 30.34838], [81.96211, 30.33365], [81.96903, 30.32828], [81.97885, 30.32683], [81.98846, 30.32978], [81.99818, 30.33407], [82.00763, 30.33681], [82.04985, 30.33923], [82.07321, 30.33722], [82.08877, 30.33009], [82.09321, 30.31474], [82.0821, 30.25733], [82.08499, 30.23082], [82.0959, 30.21345], [82.11424, 30.20219], [82.14039, 30.19402], [82.15569, 30.18136], [82.15099, 30.16224], [82.12758, 30.12436], [82.12871, 30.11077], [82.13522, 30.08974], [82.14453, 30.06943], [82.15383, 30.05817], [82.17424, 30.05548], [82.19217, 30.06147], [82.21067, 30.06442], [82.25573, 30.03967], [82.27599, 30.03693], [82.29651, 30.03682], [82.31888, 30.03181], [82.32715, 30.02571], [82.33909, 30.00923], [82.3473, 30.00344], [82.36374, 30.00117], [82.37914, 30.00323], [82.39443, 30.00313], [82.40978, 29.9946], [82.42285, 29.97967], [82.43893, 29.96577], [82.45707, 29.95409], [82.47582, 29.94551], [82.52424, 29.93239], [82.54181, 29.92324], [82.6185, 29.83983], [82.63586, 29.82903], [82.64641, 29.82934], [82.66697, 29.83503], [82.67731, 29.83441], [82.68899, 29.82774], [82.68919, 29.81958], [82.68465, 29.80971], [82.68175, 29.79772], [82.69095, 29.78074], [82.75152, 29.73932], [82.77012, 29.71416], [82.78108, 29.70511], [82.79306, 29.69951], [82.80516, 29.69597], [82.81554, 29.69013], [82.82237, 29.67796], [82.83658, 29.65979], [82.85745, 29.6662], [82.88009, 29.68111], [82.89973, 29.68842], [82.90913, 29.68462], [82.9237, 29.66966], [82.93192, 29.66418], [82.9421, 29.66295], [82.96432, 29.66589], [82.9759, 29.66403], [83.03289, 29.62047], [83.0409, 29.61029], [83.0545, 29.58605], [83.06494, 29.57879], [83.07956, 29.57964], [83.08555, 29.59039], [83.08845, 29.60442], [83.09336, 29.61514], [83.10028, 29.61768], [83.12669, 29.62341], [83.15005, 29.62563], [83.16209, 29.62517], [83.17356, 29.62127], [83.18725, 29.6121], [83.19087, 29.6069], [83.19449, 29.59365], [83.19718, 29.5891], [83.20493, 29.58491], [83.22188, 29.57982], [83.22932, 29.57595], [83.25257, 29.5552], [83.26084, 29.54205], [83.26332, 29.52709], [83.25991, 29.51877], [83.25402, 29.51329], [83.24875, 29.50657], [83.2472, 29.49474], [83.26394, 29.47301], [83.32797, 29.48502], [83.3552, 29.46073], [83.35779, 29.44275], [83.3552, 29.42797], [83.35701, 29.41536], [83.38724, 29.3935], [83.38941, 29.38245], [83.38827, 29.37022], [83.39313, 29.35625], [83.40502, 29.34648], [83.41778, 29.3409], [83.42817, 29.33346], [83.43721, 29.30524], [83.44822, 29.29677], [83.47581, 29.28692], [83.49338, 29.27615], [83.503, 29.26103], [83.5125, 29.22349], [83.51457, 29.20181], [83.51705, 29.19171], [83.52372, 29.18359], [83.53597, 29.17923], [83.56139, 29.17623], [83.57203, 29.1684], [83.58382, 29.16215], [83.62444, 29.15546], [83.63927, 29.15476], [83.65499, 29.16041], [83.65601, 29.16078], [83.6634, 29.17481], [83.66774, 29.19233], [83.67508, 29.20876], [83.69549, 29.22618], [83.71973, 29.23359], [83.74536, 29.23447], [83.77063, 29.23225], [83.79321, 29.23475], [83.83786, 29.254], [83.86163, 29.2602], [83.86886, 29.26344], [83.87739, 29.27677], [83.88344, 29.28201], [83.91439, 29.2894], [83.93315, 29.29178], [83.94555, 29.29183], [83.95795, 29.28904], [83.96726, 29.2847], [83.97325, 29.27702], [83.97584, 29.26375], [83.98824, 29.26953], [84.0009, 29.27253], [84.01252, 29.2702], [84.02152, 29.25977], [84.03521, 29.24762], [84.05304, 29.25036], [84.07206, 29.25698], [84.08973, 29.25661], [84.09914, 29.247], [84.10534, 29.21992], [84.11236, 29.2091], [84.12601, 29.20625], [84.14198, 29.20827], [84.15546, 29.20664], [84.16166, 29.19253], [84.1552, 29.17595], [84.14172, 29.16026], [84.13226, 29.1438], [84.138, 29.12466], [84.16011, 29.10549], [84.16621, 29.09846], [84.16972, 29.08892], [84.17546, 29.0574], [84.1982, 29.04531], [84.22057, 29.0389], [84.23143, 29.02598], [84.20673, 28.94066], [84.22529, 28.91411], [84.23515, 28.90002], [84.286, 28.87374], [84.354, 28.86129], [84.3663, 28.85674], [84.37659, 28.84884], [84.39307, 28.82434], [84.41431, 28.80827], [84.42273, 28.79917], [84.43782, 28.75334], [84.45085, 28.73388], [84.47575, 28.72729], [84.49859, 28.72786], [84.51565, 28.7214], [84.53198, 28.71269], [84.55182, 28.70639], [84.60722, 28.6982], [84.61621, 28.69365], [84.62582, 28.67608], [84.63264, 28.66879], [84.65228, 28.66239], [84.67114, 28.65895], [84.68297, 28.65076], [84.67776, 28.6044], [84.69083, 28.59614], [84.73662, 28.59417], [84.75563, 28.58541], [84.78178, 28.5589], [84.79914, 28.54663], [84.81196, 28.54198], [84.82395, 28.54053], [84.87929, 28.54363], [84.89144, 28.54177], [84.90787, 28.53702], [84.91872, 28.53568], [84.92849, 28.53847], [84.93645, 28.54477], [84.94895, 28.56828], [84.95495, 28.5743], [84.98477, 28.58859], [84.99407, 28.59081], [85.00249, 28.59443], [85.00916, 28.60254], [85.01877, 28.61986], [85.02528, 28.62841], [85.0321, 28.63407], [85.05494, 28.63869], [85.07504, 28.63166], [85.11189, 28.60882], [85.16098, 28.595], [85.16801, 28.58319], [85.15695, 28.53314], [85.15375, 28.5249], [85.14765, 28.51583], [85.14036, 28.51092], [85.12315, 28.50459], [85.11721, 28.49733], [85.11566, 28.49149], [85.11556, 28.47273], [85.10946, 28.4593], [85.08367, 28.44553], [85.07758, 28.43568], [85.08569, 28.38101], [85.08569, 28.36153], [85.08187, 28.3317], [85.08021, 28.31879], [85.0874, 28.30411], [85.10941, 28.29225], [85.13416, 28.29197], [85.15457, 28.30086], [85.17359, 28.30432], [85.20573, 28.27828], [85.22392, 28.27169], [85.24341, 28.26791], [85.25958, 28.26693], [85.27312, 28.26983], [85.30102, 28.28107], [85.3126, 28.28277], [85.32573, 28.2774], [85.33482, 28.26869], [85.34536, 28.26125], [85.36257, 28.25967], [85.37782, 28.26598], [85.40138, 28.28879], [85.41523, 28.29644], [85.43156, 28.29706], [85.44665, 28.29215], [85.47569, 28.2791], [85.49755, 28.28262], [85.52065, 28.28293], [85.5437, 28.28039], [85.5653, 28.27538], [85.5855, 28.26319], [85.59894, 28.25083], [85.61181, 28.25115], [85.63909, 28.28789], [85.64695, 28.2937], [85.66814, 28.30055], [85.67506, 28.30639], [85.6762, 28.31512], [85.67599, 28.32473], [85.67914, 28.3329], [85.69294, 28.33522], [85.698, 28.31344], [85.69976, 28.2691], [85.71557, 28.24337], [85.73449, 28.22153], [85.7566, 28.20324], [85.78275, 28.1881], [85.82689, 28.17048], [85.84828, 28.15893], [85.86337, 28.14335], [85.86704, 28.13293], [85.87174, 28.11092], [85.8891, 28.09028], [85.89107, 28.0809], [85.88983, 28.07126], [85.89045, 28.05919], [85.8983, 28.03602], [85.90895, 28.02242], [85.94398, 27.99473], [85.95659, 27.97623], [85.95628, 27.95687], [85.95184, 27.9368], [85.95122, 27.91623], [85.96269, 27.89137], [85.98026, 27.88517], [86.02646, 27.88993], [86.05142, 27.88755], [86.0546, 27.88801], [86.0617, 27.88905], [86.07565, 27.89478], [86.10718, 27.92284], [86.11286, 27.9268], [86.11224, 27.93726], [86.10718, 27.94424], [86.10056, 27.95023], [86.0956, 27.95785], [86.09508, 27.96889], [86.09803, 27.97752], [86.09813, 27.98563], [86.0894, 27.99473], [86.0894, 27.99488], [86.0893, 27.99488], [86.07917, 28.00113], [86.07762, 28.00695], [86.07953, 28.01333], [86.07953, 28.02165], [86.08392, 28.03855], [86.0847, 28.04387], [86.08155, 28.0517], [86.07018, 28.06671], [86.06873, 28.07676], [86.15596, 28.15652], [86.17601, 28.15301], [86.18604, 28.13353], [86.18717, 28.1087], [86.18076, 28.08875], [86.17224, 28.07183], [86.17446, 28.06245], [86.18185, 28.05488], [86.18914, 28.04361], [86.19601, 28.01457], [86.20304, 28.00258], [86.21776, 27.99498], [86.21792, 27.99493], [86.21838, 27.99473], [86.23854, 27.98956], [86.259, 27.98765], [86.27807, 27.98369], [86.29466, 27.97238], [86.31822, 27.94579], [86.32773, 27.93969], [86.33755, 27.93804], [86.34561, 27.94093], [86.35367, 27.94481], [86.36298, 27.9461], [86.37197, 27.94196], [86.40571, 27.917], [86.4253, 27.90993], [86.43884, 27.91086], [86.47548, 27.9276], [86.49692, 27.93788], [86.51046, 27.95243], [86.51676, 27.97143], [86.51645, 27.99473], [86.5162, 28.01225], [86.52229, 28.02372], [86.53092, 28.03369], [86.53837, 28.04718], [86.54074, 28.06216], [86.54126, 28.07821], [86.54415, 28.09302], [86.55356, 28.10415], [86.56953, 28.10661], [86.58312, 28.09803], [86.59686, 28.0865], [86.61231, 28.08028], [86.62715, 28.08348], [86.64947, 28.10118], [86.66198, 28.10684], [86.68006, 28.10573], [86.69965, 28.09875], [86.71768, 28.08826], [86.73174, 28.07692], [86.73598, 28.06485], [86.7322, 28.03496], [86.7398, 28.0215], [86.76998, 28.01209], [86.84047, 28.01478], [86.86817, 27.99488], [86.86817, 27.99473], [86.8769, 27.97065], [86.89307, 27.95419], [86.91473, 27.94512], [86.94036, 27.9431], [86.97023, 27.94744], [86.98209, 27.95067], [86.98873, 27.95248], [87.00568, 27.9515], [87.03053, 27.93809], [87.062, 27.90843], [87.11652, 27.84458], [87.1558, 27.8258], [87.182, 27.8245], [87.2329, 27.82972], [87.29052, 27.81608], [87.31393, 27.82859], [87.33584, 27.84636], [87.36384, 27.85525], [87.38534, 27.84941], [87.38069, 27.83582], [87.36912, 27.81908], [87.36912, 27.80394], [87.38679, 27.8044], [87.47557, 27.8267], [87.51453, 27.8352], [87.53159, 27.8368], [87.55133, 27.83189], [87.55598, 27.82709], [87.5598, 27.81908], [87.56507, 27.81086], [87.57334, 27.80502], [87.58998, 27.80461], [87.62109, 27.81954], [87.63608, 27.82365], [87.65995, 27.81988], [87.67853, 27.81335], [87.70047, 27.80564], [87.72682, 27.80776], [87.75638, 27.82037], [87.77984, 27.83944], [87.79865, 27.86347], [87.81415, 27.89096], [87.82588, 27.90657], [87.83669, 27.90832], [87.85612, 27.89861], [87.93456, 27.8953], [87.94521, 27.8923], [87.96639, 27.88274], [87.97843, 27.88052], [87.99182, 27.88264], [88.01812, 27.89215], [88.02995, 27.89334], [88.0528, 27.88652], [88.09574, 27.86533], [88.11822, 27.86088]]]}, "properties": {"id": "i7zv", "status": "validé", "pieces": [{"kind": "country"}]}}, {"type": "Feature", "geometry": {"type": "MultiPolygon", "coordinates": [[[[87.22595, 26.9724], [87.33032, 26.9724], [87.47864, 26.91856], [87.49512, 26.76668], [87.52808, 26.6146], [87.5116, 26.50655], [87.48669, 26.42015], [87.48032, 26.4234], [87.44963, 26.42862], [87.41645, 26.42697], [87.38421, 26.41865], [87.3564, 26.40371], [87.34493, 26.38935], [87.32622, 26.35333], [87.31403, 26.34377], [87.30049, 26.34599], [87.26241, 26.36133], [87.22595, 26.40332], [87.20398, 26.51147], [87.14355, 26.8157], [87.22595, 26.9724]]], [[[87.76978, 26.74217], [87.76978, 26.8157], [87.89063, 26.8451], [87.995, 26.8402], [88.09387, 26.79119], [88.00598, 26.61951], [87.87964, 26.59005], [87.8302, 26.63424], [87.76978, 26.74217]]], [[[84.6167, 27.47532], [84.56177, 27.36321], [84.52206, 27.33803], [84.28941, 27.37611], [84.2677, 27.38856], [84.24889, 27.41244], [84.23902, 27.43114], [84.22554, 27.44039], [84.22348, 27.4401], [84.2981, 27.56297], [84.40796, 27.59704], [84.6167, 27.47532]]], [[[81.79321, 28.30035], [81.84814, 28.25683], [82.04041, 28.18426], [82.49084, 27.94199], [82.63367, 27.86435], [82.7655, 27.80608], [82.81494, 27.70404], [82.65015, 27.73321], [82.47986, 27.85464], [82.32605, 27.93714], [82.0459, 28.07773], [81.91829, 27.87589], [81.91163, 27.86891], [81.83836, 27.86008], [81.82785, 27.86564], [81.80015, 27.88409], [81.75013, 27.90967], [81.71039, 27.94752], [81.68895, 27.9632], [81.66543, 27.9708], [81.61505, 27.98124], [81.59536, 27.99478], [81.5951, 27.99488], [81.58218, 28.01328], [81.56193, 28.02599], [81.47346, 28.0664], [81.47086, 28.06826], [81.44165, 28.14553], [81.4856, 28.27134], [81.55701, 28.31002], [81.79321, 28.30035]]]]}, "properties": {"id": "ikN4", "status": "validé", "pieces": [{"kind": "polygon", "ring": [[81.44165, 28.14553], [81.4856, 28.27134], [81.55701, 28.31002], [81.79321, 28.30035], [81.84814, 28.25683], [82.04041, 28.18426], [82.49084, 27.94199], [82.63367, 27.86435], [82.7655, 27.80608], [82.81494, 27.70404], [82.65015, 27.73321], [82.47986, 27.85464], [82.32605, 27.93714], [82.0459, 28.07773], [81.91406, 27.8692], [81.67236, 27.84008], [81.49109, 28.01473]]}, {"kind": "polygon", "ring": [[84.22119, 27.43634], [84.2981, 27.56297], [84.40796, 27.59704], [84.6167, 27.47532], [84.56177, 27.36321], [84.48486, 27.31444], [84.27612, 27.31931]]}, {"kind": "polygon", "ring": [[87.22595, 26.40332], [87.20398, 26.51147], [87.14355, 26.8157], [87.22595, 26.9724], [87.33032, 26.9724], [87.47864, 26.91856], [87.49512, 26.76668], [87.52808, 26.6146], [87.5116, 26.50655], [87.46765, 26.35413], [87.30286, 26.31476]]}, {"kind": "polygon", "ring": [[88.00598, 26.61951], [87.87964, 26.59005], [87.8302, 26.63424], [87.76978, 26.74217], [87.76978, 26.8157], [87.89063, 26.8451], [87.995, 26.8402], [88.09387, 26.79119]]}, {"kind": "clip"}]}}, {"type": "Feature", "geometry": null, "properties": {"id": "j2HS", "status": "rejeté", "pieces": []}}, {"type": "Feature", "geometry": null, "properties": {"id": "jtSd", "status": "rejeté", "pieces": []}}, {"type": "Feature", "geometry": {"type": "Polygon", "coordinates": [[[85.42419, 27.6304], [85.31158, 27.62797], [85.22644, 27.66932], [85.23193, 27.75438], [85.3006, 27.82239], [85.47363, 27.79811], [85.47363, 27.70578], [85.42419, 27.6304]]]}, "properties": {"id": "l5Hu", "status": "validé", "pieces": [{"kind": "polygon", "ring": [[85.42419, 27.6304], [85.31158, 27.62797], [85.22644, 27.66932], [85.23193, 27.75438], [85.3006, 27.82239], [85.47363, 27.79811], [85.47363, 27.70578]]}]}}, {"type": "Feature", "geometry": null, "properties": {"id": "lNEk", "status": "rejeté", "pieces": []}}, {"type": "Feature", "geometry": null, "properties": {"id": "m56H", "status": "rejeté", "pieces": []}}, {"type": "Feature", "geometry": {"type": "MultiPolygon", "coordinates": [[[[87.50336, 26.62139], [87.48413, 26.71462], [87.51709, 26.75875], [87.69012, 26.78327], [87.80823, 26.76611], [87.90436, 26.71217], [87.89063, 26.60175], [87.74231, 26.56001], [87.55554, 26.56492], [87.50336, 26.62139]]], [[[85.47775, 26.94573], [85.51346, 26.99222], [85.58624, 27.00568], [85.66315, 26.98855], [85.6604, 26.94573], [85.65353, 26.90657], [85.57251, 26.898], [85.49423, 26.90167], [85.47775, 26.94573]]], [[[85.20996, 27.68411], [85.23743, 27.75945], [85.35278, 27.81046], [85.43518, 27.76917], [85.43793, 27.70842], [85.43793, 27.64278], [85.32806, 27.60142], [85.27039, 27.64278], [85.20996, 27.68411]]], [[[83.91907, 28.25152], [83.98224, 28.28537], [84.07562, 28.27812], [84.11957, 28.23943], [84.10034, 28.18136], [84.03168, 28.13779], [83.91357, 28.16926], [83.91907, 28.25152]]]]}, "properties": {"id": "mLJ5", "status": "validé", "pieces": [{"kind": "polygon", "ring": [[84.03168, 28.13779], [83.91357, 28.16926], [83.91907, 28.25152], [83.98224, 28.28537], [84.07562, 28.27812], [84.11957, 28.23943], [84.10034, 28.18136]]}, {"kind": "polygon", "ring": [[85.32806, 27.60142], [85.27039, 27.64278], [85.20996, 27.68411], [85.23743, 27.75945], [85.35278, 27.81046], [85.43518, 27.76917], [85.43793, 27.70842], [85.43793, 27.64278]]}, {"kind": "polygon", "ring": [[85.57251, 26.898], [85.49423, 26.90167], [85.47775, 26.94573], [85.51346, 26.99222], [85.58624, 27.00568], [85.66315, 26.98855], [85.6604, 26.94573], [85.65353, 26.90657]]}, {"kind": "polygon", "ring": [[87.74231, 26.56001], [87.55554, 26.56492], [87.50336, 26.62139], [87.48413, 26.71462], [87.51709, 26.75875], [87.69012, 26.78327], [87.80823, 26.76611], [87.90436, 26.71217], [87.89063, 26.60175]]}]}}, {"type": "Feature", "geometry": null, "properties": {"id": "oEN0", "status": "rejeté", "pieces": []}}, {"type": "Feature", "geometry": null, "properties": {"id": "oMsb", "status": "rejeté", "pieces": []}}, {"type": "Feature", "geometry": {"type": "Polygon", "coordinates": [[[88.11822, 27.86088], [88.14302, 27.85572], [88.15641, 27.85127], [88.16462, 27.84536], [88.16659, 27.8336], [88.1546, 27.81515], [88.15966, 27.77412], [88.14933, 27.74877], [88.13486, 27.72317], [88.11088, 27.6395], [88.04877, 27.54535], [88.02334, 27.49491], [88.0221, 27.48424], [88.02334, 27.47465], [88.02809, 27.45512], [88.03078, 27.45073], [88.03977, 27.44236], [88.04163, 27.43807], [88.03931, 27.42949], [88.03481, 27.42381], [88.02959, 27.41874], [88.02582, 27.41208], [88.01724, 27.38923], [88.01476, 27.37807], [88.01579, 27.36422], [88.02014, 27.35337], [88.03254, 27.33389], [88.03512, 27.32257], [88.02902, 27.29808], [88.00466, 27.24916], [87.98934, 27.21839], [87.98546, 27.14837], [87.97084, 27.11922], [87.96918, 27.1108], [87.97073, 27.10274], [87.97549, 27.09514], [87.9913, 27.0815], [88.00949, 27.04564], [88.02737, 27.03535], [88.04282, 27.02895], [88.05595, 27.01804], [88.07688, 26.99179], [88.09682, 26.95934], [88.11181, 26.9243], [88.12044, 26.90885], [88.14282, 26.87841], [88.15139, 26.86281], [88.15532, 26.8456], [88.15904, 26.80255], [88.16783, 26.76291], [88.16907, 26.744], [88.16752, 26.72504], [88.16338, 26.70514], [88.14664, 26.66122], [88.10168, 26.58194], [88.08714, 26.5391], [88.07982, 26.51756], [88.07915, 26.50737], [88.08225, 26.49487], [88.07419, 26.45394], [88.04432, 26.40568], [88.00665, 26.36986], [87.97549, 26.36656], [87.96122, 26.37896], [87.92898, 26.39643], [87.91477, 26.40826], [87.90851, 26.41782], [87.902, 26.43529], [87.8973, 26.44345], [87.89477, 26.44293], [87.87069, 26.46071], [87.86981, 26.46464], [87.85208, 26.46066], [87.8216, 26.43751], [87.80444, 26.43735], [87.78594, 26.44598], [87.76899, 26.45146], [87.75617, 26.44691], [87.74945, 26.42573], [87.74222, 26.41048], [87.72754, 26.40376], [87.7109, 26.40568], [87.69757, 26.41627], [87.68119, 26.42423], [87.65964, 26.41751], [87.64875, 26.40999], [87.62398, 26.39291], [87.58698, 26.37803], [87.55205, 26.38671], [87.48032, 26.4234], [87.44963, 26.42862], [87.41645, 26.42697], [87.38421, 26.41865], [87.3564, 26.40371], [87.34493, 26.38935], [87.32622, 26.35333], [87.31403, 26.34377], [87.30049, 26.34599], [87.25843, 26.36294], [87.2453, 26.37023], [87.23631, 26.3833], [87.22943, 26.39875], [87.2191, 26.4081], [87.18846, 26.39958], [87.13502, 26.3942], [87.10629, 26.40475], [87.08329, 26.43208], [87.06671, 26.46562], [87.05668, 26.49487], [87.05647, 26.49492], [87.045, 26.54427], [87.04443, 26.56117], [87.04133, 26.58019], [87.02991, 26.57977], [87.01544, 26.56897], [86.98521, 26.54066], [86.97245, 26.53197], [86.93515, 26.52029], [86.90713, 26.51151], [86.87597, 26.49492], [86.86568, 26.47244], [86.84636, 26.45265], [86.82186, 26.43813], [86.79644, 26.43151], [86.78724, 26.43306], [86.75189, 26.44552], [86.7382, 26.44371], [86.73071, 26.43379], [86.72409, 26.42195], [86.7136, 26.41456], [86.6952, 26.41823], [86.62534, 26.45632], [86.5579, 26.48402], [86.53795, 26.49487], [86.53775, 26.49487], [86.52431, 26.50908], [86.51062, 26.52014], [86.49491, 26.52784], [86.47548, 26.53197], [86.44483, 26.54308], [86.38365, 26.57285], [86.35367, 26.58262], [86.34484, 26.58262], [86.32318, 26.58008], [86.316, 26.58096], [86.30903, 26.58799], [86.30861, 26.60215], [86.30138, 26.60902], [86.28443, 26.61202], [86.26309, 26.60908], [86.22516, 26.5974], [86.20288, 26.58458], [86.19585, 26.58267], [86.18536, 26.58442], [86.17927, 26.58861], [86.17446, 26.59331], [86.16779, 26.59662], [86.15265, 26.60065], [86.14635, 26.60136], [86.1448, 26.60153], [86.12206, 26.60029], [86.11586, 26.60256], [86.11069, 26.60675], [86.0417, 26.64545], [86.01137, 26.65445], [85.97571, 26.64437], [85.95215, 26.64204], [85.93468, 26.6329], [85.86637, 26.57993], [85.84476, 26.56851], [85.82854, 26.56613], [85.82161, 26.57171], [85.81975, 26.57952], [85.81955, 26.5883], [85.81763, 26.59672], [85.80973, 26.60303], [85.80007, 26.6007], [85.78999, 26.59703], [85.781, 26.5992], [85.72705, 26.6376], [85.71289, 26.65321], [85.70224, 26.68845], [85.70963, 26.76245], [85.70183, 26.79661], [85.68777, 26.81185], [85.60938, 26.85102], [85.59858, 26.85438], [85.51946, 26.82643], [85.47569, 26.80524], [85.43962, 26.78772], [85.42154, 26.78266], [85.40319, 26.78762], [85.38588, 26.78844], [85.36924, 26.77501], [85.35535, 26.75991], [85.35322, 26.75759], [85.33704, 26.74679], [85.30237, 26.73734], [85.28728, 26.73697], [85.19493, 26.75888], [85.16568, 26.78627], [85.16553, 26.82079], [85.16202, 26.85102], [85.12284, 26.8657], [85.10021, 26.86353], [85.04399, 26.84374], [85.01856, 26.8458], [85.01686, 26.85924], [85.01805, 26.87443], [85.00084, 26.88224], [84.98818, 26.88379], [84.97577, 26.88689], [84.95273, 26.89764], [84.94425, 26.91572], [84.93857, 26.9366], [84.92405, 26.95567], [84.90157, 26.96719], [84.85175, 26.98213], [84.82829, 26.99484], [84.82813, 26.99494], [84.81749, 27.0106], [84.80193, 27.01375], [84.7855, 27.00848], [84.77196, 26.99918], [84.7607, 26.99902], [84.64024, 27.02838], [84.62727, 27.03649], [84.62148, 27.05799], [84.63037, 27.08083], [84.64453, 27.10372], [84.6544, 27.12537], [84.65982, 27.16511], [84.65765, 27.20341], [84.6482, 27.24072], [84.63192, 27.27704], [84.60655, 27.31048], [84.57704, 27.32903], [84.28941, 27.37611], [84.2677, 27.38856], [84.24889, 27.41244], [84.23902, 27.43114], [84.22554, 27.44039], [84.19525, 27.43605], [84.18585, 27.43864], [84.1751, 27.46298], [84.16575, 27.47217], [84.14172, 27.48075], [84.13097, 27.48641], [84.12156, 27.49496], [84.11717, 27.51328], [84.09955, 27.51687], [84.0796, 27.50954], [84.02891, 27.45373], [84.00767, 27.44081], [83.97584, 27.43972], [83.93594, 27.44608], [83.92302, 27.44995], [83.92204, 27.4497], [83.89987, 27.44386], [83.85352, 27.44096], [83.83409, 27.43404], [83.84272, 27.41807], [83.87119, 27.38944], [83.87367, 27.38009], [83.87765, 27.36991], [83.87739, 27.36174], [83.86752, 27.35838], [83.86173, 27.35451], [83.8546, 27.34505], [83.85334, 27.34619], [83.84799, 27.35104], [83.802, 27.36593], [83.6634, 27.43228], [83.59043, 27.45662], [83.48098, 27.46975], [83.38703, 27.47047], [83.36099, 27.4622], [83.35592, 27.45249], [83.35386, 27.44029], [83.35582, 27.42866], [83.37096, 27.41021], [83.36957, 27.39817], [83.36275, 27.38562], [83.34114, 27.35694], [83.32435, 27.34169], [83.30487, 27.33192], [83.28244, 27.33094], [83.2595, 27.33813], [83.24942, 27.3481], [83.24312, 27.36216], [83.23159, 27.38122], [83.21924, 27.39378], [83.16963, 27.43119], [83.13279, 27.44422], [83.01047, 27.44339], [82.94716, 27.45732], [82.90127, 27.48036], [82.87626, 27.48755], [82.75214, 27.49496], [82.72971, 27.51817], [82.71886, 27.55612], [82.70925, 27.63092], [82.69705, 27.6694], [82.67969, 27.69441], [82.67389, 27.69646], [82.65214, 27.70415], [82.52616, 27.67521], [82.44068, 27.66643], [82.40193, 27.67717], [82.34792, 27.72601], [82.27041, 27.76048], [82.15104, 27.84828], [82.10742, 27.86357], [82.09037, 27.87233], [82.07166, 27.89003], [82.05161, 27.90517], [82.05021, 27.90559], [82.02722, 27.91241], [81.9759, 27.91695], [81.9464, 27.90535], [81.90609, 27.86311], [81.8832, 27.84905], [81.85565, 27.85094], [81.82785, 27.86564], [81.80015, 27.88409], [81.75013, 27.90967], [81.71039, 27.94752], [81.68895, 27.9632], [81.66543, 27.9708], [81.61505, 27.98124], [81.59536, 27.99478], [81.5951, 27.99488], [81.58218, 28.01328], [81.56193, 28.02599], [81.47346, 28.0664], [81.45821, 28.07728], [81.45403, 28.08661], [81.45294, 28.09705], [81.44824, 28.11141], [81.43527, 28.12978], [81.41733, 28.14702], [81.39604, 28.16063], [81.3732, 28.16784], [81.35791, 28.16598], [81.35145, 28.15681], [81.34726, 28.14443], [81.33812, 28.13273], [81.3237, 28.12624], [81.30706, 28.12381], [81.29621, 28.12831], [81.29941, 28.14252], [81.28308, 28.14609], [81.27678, 28.15379], [81.28075, 28.16198], [81.29595, 28.16746], [81.28236, 28.19159], [81.22432, 28.25078], [81.21073, 28.27864], [81.19037, 28.33812], [81.1697, 28.36132], [81.14634, 28.37225], [81.04707, 28.38909], [81.00041, 28.397], [80.99317, 28.40783], [80.99131, 28.42026], [80.9878, 28.43098], [80.97602, 28.43692], [80.96052, 28.43227], [80.94119, 28.43268], [80.92134, 28.4362], [80.90527, 28.44085], [80.88667, 28.45279], [80.88186, 28.46684], [80.88036, 28.48188], [80.87225, 28.49687], [80.85799, 28.50245], [80.81701, 28.50255], [80.79841, 28.5057], [80.78166, 28.51475], [80.74353, 28.54996], [80.72709, 28.55968], [80.69578, 28.56751], [80.67862, 28.57472], [80.66818, 28.58634], [80.64834, 28.61975], [80.63563, 28.62787], [80.59852, 28.63378], [80.58137, 28.63895], [80.56359, 28.64704], [80.55687, 28.65502], [80.55739, 28.66435], [80.55904, 28.67303], [80.55584, 28.67895], [80.53444, 28.67956], [80.5176, 28.68003], [80.49755, 28.67014], [80.48762, 28.65647], [80.48494, 28.63929], [80.49341, 28.57565], [80.48845, 28.56244], [80.46881, 28.57185], [80.42654, 28.61681], [80.40835, 28.62634], [80.3883, 28.62725], [80.36908, 28.62265], [80.34975, 28.62022], [80.3297, 28.62748], [80.31833, 28.64011], [80.29105, 28.68967], [80.2834, 28.69536], [80.26521, 28.69928], [80.25704, 28.70275], [80.2494, 28.71021], [80.23896, 28.72626], [80.23327, 28.73272], [80.21643, 28.74194], [80.18118, 28.74729], [80.16206, 28.75329], [80.14759, 28.76331], [80.11421, 28.80258], [80.08186, 28.81935], [80.07305, 28.82092], [80.05478, 28.82418], [80.03639, 28.83703], [80.03029, 28.87767], [80.03111, 28.8978], [80.03391, 28.91594], [80.04052, 28.93281], [80.05292, 28.94911], [80.06843, 28.95994], [80.08517, 28.96748], [80.09943, 28.97728], [80.10791, 28.99459], [80.10791, 28.99477], [80.1047, 29.02761], [80.11307, 29.07221], [80.13261, 29.11021], [80.16351, 29.12337], [80.18056, 29.12132], [80.20144, 29.12117], [80.22066, 29.12608], [80.23307, 29.13931], [80.23048, 29.15473], [80.21374, 29.19656], [80.2188, 29.21109], [80.23606, 29.21308], [80.24867, 29.20439], [80.25818, 29.20246], [80.27875, 29.26808], [80.28278, 29.29131], [80.28009, 29.31015], [80.27275, 29.31571], [80.26355, 29.31532], [80.25498, 29.31664], [80.2495, 29.327], [80.24216, 29.36741], [80.22097, 29.40012], [80.21374, 29.41689], [80.21767, 29.43464], [80.22831, 29.44172], [80.25746, 29.45006], [80.26345, 29.45924], [80.26624, 29.47213], [80.27306, 29.47867], [80.28205, 29.4843], [80.29115, 29.49461], [80.29146, 29.49474], [80.31151, 29.50812], [80.32009, 29.51582], [80.32722, 29.52484], [80.32763, 29.52993], [80.32505, 29.53551], [80.3236, 29.54166], [80.32722, 29.54858], [80.3327, 29.55246], [80.3451, 29.55835], [80.35079, 29.56207], [80.37332, 29.58419], [80.3852, 29.60484], [80.38675, 29.62682], [80.37755, 29.65295], [80.36391, 29.67971], [80.3544, 29.70488], [80.3543, 29.73028], [80.36898, 29.75793], [80.39523, 29.77658], [80.45486, 29.79059], [80.47615, 29.80614], [80.52731, 29.86242], [80.54953, 29.89368], [80.56287, 29.9297], [80.57134, 29.94685], [80.58622, 29.95414], [80.62229, 29.95817], [80.64141, 29.96344], [80.65413, 29.97058], [80.68017, 29.99207], [80.71583, 30.01331], [80.72575, 30.02277], [80.75572, 30.06457], [80.76967, 30.07729], [80.82982, 30.11713], [80.84967, 30.14338], [80.83644, 30.17005], [80.85039, 30.18193], [80.86791, 30.20017], [80.88368, 30.21028], [80.88388, 30.21041], [80.89365, 30.1981], [80.90331, 30.18043], [80.92083, 30.17666], [80.98816, 30.19656], [80.99602, 30.19697], [81.00651, 30.18891], [81.01943, 30.17227], [81.0309, 30.15273], [81.04366, 30.12023], [81.06661, 30.08716], [81.0742, 30.07191], [81.08445, 30.02788], [81.08485, 30.02618], [81.09777, 30.01693], [81.12459, 30.02277], [81.1481, 30.02323], [81.19451, 30.00447], [81.21683, 30.0082], [81.22727, 30.02246], [81.22572, 30.05047], [81.23952, 30.05879], [81.25709, 30.06354], [81.2668, 30.06995], [81.2679, 30.07205], [81.27202, 30.07992], [81.27595, 30.09537], [81.2745, 30.10219], [81.26634, 30.11775], [81.26696, 30.12509], [81.2777, 30.13186], [81.29326, 30.13284], [81.30954, 30.13206], [81.32241, 30.13377], [81.33827, 30.14354], [81.35005, 30.15723], [81.35729, 30.17356], [81.36183, 30.20477], [81.37439, 30.22312], [81.37785, 30.23263], [81.37692, 30.2412], [81.37052, 30.25728], [81.36902, 30.26606], [81.36804, 30.30105], [81.37155, 30.31691], [81.38214, 30.33128], [81.38726, 30.34513], [81.38488, 30.36094], [81.38752, 30.37391], [81.40741, 30.37918], [81.42612, 30.37251], [81.46281, 30.34135], [81.48307, 30.3319], [81.50937, 30.32838], [81.52069, 30.33195], [81.53195, 30.37034], [81.53681, 30.37856], [81.54425, 30.38264], [81.56327, 30.38559], [81.57671, 30.39096], [81.58198, 30.39944], [81.58508, 30.40812], [81.59159, 30.41427], [81.61401, 30.4169], [81.63572, 30.41096], [81.75737, 30.3629], [81.77902, 30.35805], [81.8015, 30.3613], [81.82279, 30.36817], [81.84439, 30.37117], [81.88718, 30.355], [81.92149, 30.35737], [81.94123, 30.35396], [81.95012, 30.34838], [81.96211, 30.33365], [81.96903, 30.32828], [81.97885, 30.32683], [81.98846, 30.32978], [81.99818, 30.33407], [82.00763, 30.33681], [82.04985, 30.33923], [82.07321, 30.33722], [82.08877, 30.33009], [82.09321, 30.31474], [82.0821, 30.25733], [82.08499, 30.23082], [82.0959, 30.21345], [82.11424, 30.20219], [82.14039, 30.19402], [82.15569, 30.18136], [82.15099, 30.16224], [82.12758, 30.12436], [82.12871, 30.11077], [82.13522, 30.08974], [82.14453, 30.06943], [82.15383, 30.05817], [82.17424, 30.05548], [82.19217, 30.06147], [82.21067, 30.06442], [82.25573, 30.03967], [82.27599, 30.03693], [82.29651, 30.03682], [82.31888, 30.03181], [82.32715, 30.02571], [82.33909, 30.00923], [82.3473, 30.00344], [82.36374, 30.00117], [82.37914, 30.00323], [82.39443, 30.00313], [82.40978, 29.9946], [82.42285, 29.97967], [82.43893, 29.96577], [82.45707, 29.95409], [82.47582, 29.94551], [82.52424, 29.93239], [82.54181, 29.92324], [82.6185, 29.83983], [82.63586, 29.82903], [82.64641, 29.82934], [82.66697, 29.83503], [82.67731, 29.83441], [82.68899, 29.82774], [82.68919, 29.81958], [82.68465, 29.80971], [82.68175, 29.79772], [82.69095, 29.78074], [82.75152, 29.73932], [82.77012, 29.71416], [82.78108, 29.70511], [82.79306, 29.69951], [82.80516, 29.69597], [82.81554, 29.69013], [82.82237, 29.67796], [82.83658, 29.65979], [82.85745, 29.6662], [82.88009, 29.68111], [82.89973, 29.68842], [82.90913, 29.68462], [82.9237, 29.66966], [82.93192, 29.66418], [82.9421, 29.66295], [82.96432, 29.66589], [82.9759, 29.66403], [83.03289, 29.62047], [83.0409, 29.61029], [83.0545, 29.58605], [83.06494, 29.57879], [83.07956, 29.57964], [83.08555, 29.59039], [83.08845, 29.60442], [83.09336, 29.61514], [83.10028, 29.61768], [83.12669, 29.62341], [83.15005, 29.62563], [83.16209, 29.62517], [83.17356, 29.62127], [83.18725, 29.6121], [83.19087, 29.6069], [83.19449, 29.59365], [83.19718, 29.5891], [83.20493, 29.58491], [83.22188, 29.57982], [83.22932, 29.57595], [83.25257, 29.5552], [83.26084, 29.54205], [83.26332, 29.52709], [83.25991, 29.51877], [83.25402, 29.51329], [83.24875, 29.50657], [83.2472, 29.49474], [83.26394, 29.47301], [83.32797, 29.48502], [83.3552, 29.46073], [83.35779, 29.44275], [83.3552, 29.42797], [83.35701, 29.41536], [83.38724, 29.3935], [83.38941, 29.38245], [83.38827, 29.37022], [83.39313, 29.35625], [83.40502, 29.34648], [83.41778, 29.3409], [83.42817, 29.33346], [83.43721, 29.30524], [83.44822, 29.29677], [83.47581, 29.28692], [83.49338, 29.27615], [83.503, 29.26103], [83.5125, 29.22349], [83.51457, 29.20181], [83.51705, 29.19171], [83.52372, 29.18359], [83.53597, 29.17923], [83.56139, 29.17623], [83.57203, 29.1684], [83.58382, 29.16215], [83.62444, 29.15546], [83.63927, 29.15476], [83.65499, 29.16041], [83.65601, 29.16078], [83.6634, 29.17481], [83.66774, 29.19233], [83.67508, 29.20876], [83.69549, 29.22618], [83.71973, 29.23359], [83.74536, 29.23447], [83.77063, 29.23225], [83.79321, 29.23475], [83.83786, 29.254], [83.86163, 29.2602], [83.86886, 29.26344], [83.87739, 29.27677], [83.88344, 29.28201], [83.91439, 29.2894], [83.93315, 29.29178], [83.94555, 29.29183], [83.95795, 29.28904], [83.96726, 29.2847], [83.97325, 29.27702], [83.97584, 29.26375], [83.98824, 29.26953], [84.0009, 29.27253], [84.01252, 29.2702], [84.02152, 29.25977], [84.03521, 29.24762], [84.05304, 29.25036], [84.07206, 29.25698], [84.08973, 29.25661], [84.09914, 29.247], [84.10534, 29.21992], [84.11236, 29.2091], [84.12601, 29.20625], [84.14198, 29.20827], [84.15546, 29.20664], [84.16166, 29.19253], [84.1552, 29.17595], [84.14172, 29.16026], [84.13226, 29.1438], [84.138, 29.12466], [84.16011, 29.10549], [84.16621, 29.09846], [84.16972, 29.08892], [84.17546, 29.0574], [84.1982, 29.04531], [84.22057, 29.0389], [84.23143, 29.02598], [84.20673, 28.94066], [84.22529, 28.91411], [84.23515, 28.90002], [84.286, 28.87374], [84.354, 28.86129], [84.3663, 28.85674], [84.37659, 28.84884], [84.39307, 28.82434], [84.41431, 28.80827], [84.42273, 28.79917], [84.43782, 28.75334], [84.45085, 28.73388], [84.47575, 28.72729], [84.49859, 28.72786], [84.51565, 28.7214], [84.53198, 28.71269], [84.55182, 28.70639], [84.60722, 28.6982], [84.61621, 28.69365], [84.62582, 28.67608], [84.63264, 28.66879], [84.65228, 28.66239], [84.67114, 28.65895], [84.68297, 28.65076], [84.67776, 28.6044], [84.69083, 28.59614], [84.73662, 28.59417], [84.75563, 28.58541], [84.78178, 28.5589], [84.79914, 28.54663], [84.81196, 28.54198], [84.82395, 28.54053], [84.87929, 28.54363], [84.89144, 28.54177], [84.90787, 28.53702], [84.91872, 28.53568], [84.92849, 28.53847], [84.93645, 28.54477], [84.94895, 28.56828], [84.95495, 28.5743], [84.98477, 28.58859], [84.99407, 28.59081], [85.00249, 28.59443], [85.00916, 28.60254], [85.01877, 28.61986], [85.02528, 28.62841], [85.0321, 28.63407], [85.05494, 28.63869], [85.07504, 28.63166], [85.11189, 28.60882], [85.16098, 28.595], [85.16801, 28.58319], [85.15695, 28.53314], [85.15375, 28.5249], [85.14765, 28.51583], [85.14036, 28.51092], [85.12315, 28.50459], [85.11721, 28.49733], [85.11566, 28.49149], [85.11556, 28.47273], [85.10946, 28.4593], [85.08367, 28.44553], [85.07758, 28.43568], [85.08569, 28.38101], [85.08569, 28.36153], [85.08187, 28.3317], [85.08021, 28.31879], [85.0874, 28.30411], [85.10941, 28.29225], [85.13416, 28.29197], [85.15457, 28.30086], [85.17359, 28.30432], [85.20573, 28.27828], [85.22392, 28.27169], [85.24341, 28.26791], [85.25958, 28.26693], [85.27312, 28.26983], [85.30102, 28.28107], [85.3126, 28.28277], [85.32573, 28.2774], [85.33482, 28.26869], [85.34536, 28.26125], [85.36257, 28.25967], [85.37782, 28.26598], [85.40138, 28.28879], [85.41523, 28.29644], [85.43156, 28.29706], [85.44665, 28.29215], [85.47569, 28.2791], [85.49755, 28.28262], [85.52065, 28.28293], [85.5437, 28.28039], [85.5653, 28.27538], [85.5855, 28.26319], [85.59894, 28.25083], [85.61181, 28.25115], [85.63909, 28.28789], [85.64695, 28.2937], [85.66814, 28.30055], [85.67506, 28.30639], [85.6762, 28.31512], [85.67599, 28.32473], [85.67914, 28.3329], [85.69294, 28.33522], [85.698, 28.31344], [85.69976, 28.2691], [85.71557, 28.24337], [85.73449, 28.22153], [85.7566, 28.20324], [85.78275, 28.1881], [85.82689, 28.17048], [85.84828, 28.15893], [85.86337, 28.14335], [85.86704, 28.13293], [85.87174, 28.11092], [85.8891, 28.09028], [85.89107, 28.0809], [85.88983, 28.07126], [85.89045, 28.05919], [85.8983, 28.03602], [85.90895, 28.02242], [85.94398, 27.99473], [85.95659, 27.97623], [85.95628, 27.95687], [85.95184, 27.9368], [85.95122, 27.91623], [85.96269, 27.89137], [85.98026, 27.88517], [86.02646, 27.88993], [86.05142, 27.88755], [86.0546, 27.88801], [86.0617, 27.88905], [86.07565, 27.89478], [86.10718, 27.92284], [86.11286, 27.9268], [86.11224, 27.93726], [86.10718, 27.94424], [86.10056, 27.95023], [86.0956, 27.95785], [86.09508, 27.96889], [86.09803, 27.97752], [86.09813, 27.98563], [86.0894, 27.99473], [86.0894, 27.99488], [86.0893, 27.99488], [86.07917, 28.00113], [86.07762, 28.00695], [86.07953, 28.01333], [86.07953, 28.02165], [86.08392, 28.03855], [86.0847, 28.04387], [86.08155, 28.0517], [86.07018, 28.06671], [86.06873, 28.07676], [86.15596, 28.15652], [86.17601, 28.15301], [86.18604, 28.13353], [86.18717, 28.1087], [86.18076, 28.08875], [86.17224, 28.07183], [86.17446, 28.06245], [86.18185, 28.05488], [86.18914, 28.04361], [86.19601, 28.01457], [86.20304, 28.00258], [86.21776, 27.99498], [86.21792, 27.99493], [86.21838, 27.99473], [86.23854, 27.98956], [86.259, 27.98765], [86.27807, 27.98369], [86.29466, 27.97238], [86.31822, 27.94579], [86.32773, 27.93969], [86.33755, 27.93804], [86.34561, 27.94093], [86.35367, 27.94481], [86.36298, 27.9461], [86.37197, 27.94196], [86.40571, 27.917], [86.4253, 27.90993], [86.43884, 27.91086], [86.47548, 27.9276], [86.49692, 27.93788], [86.51046, 27.95243], [86.51676, 27.97143], [86.51645, 27.99473], [86.5162, 28.01225], [86.52229, 28.02372], [86.53092, 28.03369], [86.53837, 28.04718], [86.54074, 28.06216], [86.54126, 28.07821], [86.54415, 28.09302], [86.55356, 28.10415], [86.56953, 28.10661], [86.58312, 28.09803], [86.59686, 28.0865], [86.61231, 28.08028], [86.62715, 28.08348], [86.64947, 28.10118], [86.66198, 28.10684], [86.68006, 28.10573], [86.69965, 28.09875], [86.71768, 28.08826], [86.73174, 28.07692], [86.73598, 28.06485], [86.7322, 28.03496], [86.7398, 28.0215], [86.76998, 28.01209], [86.84047, 28.01478], [86.86817, 27.99488], [86.86817, 27.99473], [86.8769, 27.97065], [86.89307, 27.95419], [86.91473, 27.94512], [86.94036, 27.9431], [86.97023, 27.94744], [86.98209, 27.95067], [86.98873, 27.95248], [87.00568, 27.9515], [87.03053, 27.93809], [87.062, 27.90843], [87.11652, 27.84458], [87.1558, 27.8258], [87.182, 27.8245], [87.2329, 27.82972], [87.29052, 27.81608], [87.31393, 27.82859], [87.33584, 27.84636], [87.36384, 27.85525], [87.38534, 27.84941], [87.38069, 27.83582], [87.36912, 27.81908], [87.36912, 27.80394], [87.38679, 27.8044], [87.47557, 27.8267], [87.51453, 27.8352], [87.53159, 27.8368], [87.55133, 27.83189], [87.55598, 27.82709], [87.5598, 27.81908], [87.56507, 27.81086], [87.57334, 27.80502], [87.58998, 27.80461], [87.62109, 27.81954], [87.63608, 27.82365], [87.65995, 27.81988], [87.67853, 27.81335], [87.70047, 27.80564], [87.72682, 27.80776], [87.75638, 27.82037], [87.77984, 27.83944], [87.79865, 27.86347], [87.81415, 27.89096], [87.82588, 27.90657], [87.83669, 27.90832], [87.85612, 27.89861], [87.93456, 27.8953], [87.94521, 27.8923], [87.96639, 27.88274], [87.97843, 27.88052], [87.99182, 27.88264], [88.01812, 27.89215], [88.02995, 27.89334], [88.0528, 27.88652], [88.09574, 27.86533], [88.11822, 27.86088]]]}, "properties": {"id": "oWV4", "status": "validé", "pieces": [{"kind": "country"}]}}, {"type": "Feature", "geometry": {"type": "Polygon", "coordinates": [[[88.11822, 27.86088], [88.14302, 27.85572], [88.15641, 27.85127], [88.16462, 27.84536], [88.16659, 27.8336], [88.1546, 27.81515], [88.15966, 27.77412], [88.14933, 27.74877], [88.13486, 27.72317], [88.11088, 27.6395], [88.04877, 27.54535], [88.02334, 27.49491], [88.0221, 27.48424], [88.02334, 27.47465], [88.02809, 27.45512], [88.03078, 27.45073], [88.03977, 27.44236], [88.04163, 27.43807], [88.03931, 27.42949], [88.03481, 27.42381], [88.02959, 27.41874], [88.02582, 27.41208], [88.01724, 27.38923], [88.01476, 27.37807], [88.01579, 27.36422], [88.02014, 27.35337], [88.03254, 27.33389], [88.03512, 27.32257], [88.02902, 27.29808], [88.00466, 27.24916], [87.98934, 27.21839], [87.98546, 27.14837], [87.97084, 27.11922], [87.96918, 27.1108], [87.97073, 27.10274], [87.97549, 27.09514], [87.9913, 27.0815], [88.00949, 27.04564], [88.02737, 27.03535], [88.04282, 27.02895], [88.05595, 27.01804], [88.07688, 26.99179], [88.09682, 26.95934], [88.11181, 26.9243], [88.12044, 26.90885], [88.14282, 26.87841], [88.15139, 26.86281], [88.15532, 26.8456], [88.15904, 26.80255], [88.16783, 26.76291], [88.16907, 26.744], [88.16752, 26.72504], [88.16338, 26.70514], [88.14664, 26.66122], [88.10168, 26.58194], [88.08714, 26.5391], [88.07982, 26.51756], [88.07915, 26.50737], [88.08225, 26.49487], [88.07419, 26.45394], [88.04432, 26.40568], [88.00665, 26.36986], [87.97549, 26.36656], [87.96122, 26.37896], [87.92898, 26.39643], [87.91477, 26.40826], [87.90851, 26.41782], [87.902, 26.43529], [87.8973, 26.44345], [87.89477, 26.44293], [87.87069, 26.46071], [87.86981, 26.46464], [87.85208, 26.46066], [87.8216, 26.43751], [87.80444, 26.43735], [87.78594, 26.44598], [87.76899, 26.45146], [87.75617, 26.44691], [87.74945, 26.42573], [87.74222, 26.41048], [87.72754, 26.40376], [87.7109, 26.40568], [87.69757, 26.41627], [87.68119, 26.42423], [87.65964, 26.41751], [87.64875, 26.40999], [87.62398, 26.39291], [87.58698, 26.37803], [87.55205, 26.38671], [87.48032, 26.4234], [87.44963, 26.42862], [87.41645, 26.42697], [87.38421, 26.41865], [87.3564, 26.40371], [87.34493, 26.38935], [87.32622, 26.35333], [87.31403, 26.34377], [87.30049, 26.34599], [87.25843, 26.36294], [87.2453, 26.37023], [87.23631, 26.3833], [87.22943, 26.39875], [87.2191, 26.4081], [87.18846, 26.39958], [87.13502, 26.3942], [87.10629, 26.40475], [87.08329, 26.43208], [87.06671, 26.46562], [87.05668, 26.49487], [87.05647, 26.49492], [87.045, 26.54427], [87.04443, 26.56117], [87.04133, 26.58019], [87.02991, 26.57977], [87.01544, 26.56897], [86.98521, 26.54066], [86.97245, 26.53197], [86.93515, 26.52029], [86.90713, 26.51151], [86.87597, 26.49492], [86.86568, 26.47244], [86.84636, 26.45265], [86.82186, 26.43813], [86.79644, 26.43151], [86.78724, 26.43306], [86.75189, 26.44552], [86.7382, 26.44371], [86.73071, 26.43379], [86.72409, 26.42195], [86.7136, 26.41456], [86.6952, 26.41823], [86.62534, 26.45632], [86.5579, 26.48402], [86.53795, 26.49487], [86.53775, 26.49487], [86.52431, 26.50908], [86.51062, 26.52014], [86.49491, 26.52784], [86.47548, 26.53197], [86.44483, 26.54308], [86.38365, 26.57285], [86.35367, 26.58262], [86.34484, 26.58262], [86.32318, 26.58008], [86.316, 26.58096], [86.30903, 26.58799], [86.30861, 26.60215], [86.30138, 26.60902], [86.28443, 26.61202], [86.26309, 26.60908], [86.22516, 26.5974], [86.20288, 26.58458], [86.19585, 26.58267], [86.18536, 26.58442], [86.17927, 26.58861], [86.17446, 26.59331], [86.16779, 26.59662], [86.15265, 26.60065], [86.14635, 26.60136], [86.1448, 26.60153], [86.12206, 26.60029], [86.11586, 26.60256], [86.11069, 26.60675], [86.0417, 26.64545], [86.01137, 26.65445], [85.97571, 26.64437], [85.95215, 26.64204], [85.93468, 26.6329], [85.86637, 26.57993], [85.84476, 26.56851], [85.82854, 26.56613], [85.82161, 26.57171], [85.81975, 26.57952], [85.81955, 26.5883], [85.81763, 26.59672], [85.80973, 26.60303], [85.80007, 26.6007], [85.78999, 26.59703], [85.781, 26.5992], [85.72705, 26.6376], [85.71289, 26.65321], [85.70224, 26.68845], [85.70963, 26.76245], [85.70183, 26.79661], [85.68777, 26.81185], [85.60938, 26.85102], [85.59858, 26.85438], [85.51946, 26.82643], [85.47569, 26.80524], [85.43962, 26.78772], [85.42154, 26.78266], [85.40319, 26.78762], [85.38588, 26.78844], [85.36924, 26.77501], [85.35535, 26.75991], [85.35322, 26.75759], [85.33704, 26.74679], [85.30237, 26.73734], [85.28728, 26.73697], [85.19493, 26.75888], [85.16568, 26.78627], [85.16553, 26.82079], [85.16202, 26.85102], [85.12284, 26.8657], [85.10021, 26.86353], [85.04399, 26.84374], [85.01856, 26.8458], [85.01686, 26.85924], [85.01805, 26.87443], [85.00084, 26.88224], [84.98818, 26.88379], [84.97577, 26.88689], [84.95273, 26.89764], [84.94425, 26.91572], [84.93857, 26.9366], [84.92405, 26.95567], [84.90157, 26.96719], [84.85175, 26.98213], [84.82829, 26.99484], [84.82813, 26.99494], [84.81749, 27.0106], [84.80193, 27.01375], [84.7855, 27.00848], [84.77196, 26.99918], [84.7607, 26.99902], [84.64024, 27.02838], [84.62727, 27.03649], [84.62148, 27.05799], [84.63037, 27.08083], [84.64453, 27.10372], [84.6544, 27.12537], [84.65982, 27.16511], [84.65765, 27.20341], [84.6482, 27.24072], [84.63192, 27.27704], [84.60655, 27.31048], [84.57704, 27.32903], [84.28941, 27.37611], [84.2677, 27.38856], [84.24889, 27.41244], [84.23902, 27.43114], [84.22554, 27.44039], [84.19525, 27.43605], [84.18585, 27.43864], [84.1751, 27.46298], [84.16575, 27.47217], [84.14172, 27.48075], [84.13097, 27.48641], [84.12156, 27.49496], [84.11717, 27.51328], [84.09955, 27.51687], [84.0796, 27.50954], [84.02891, 27.45373], [84.00767, 27.44081], [83.97584, 27.43972], [83.93594, 27.44608], [83.92302, 27.44995], [83.92204, 27.4497], [83.89987, 27.44386], [83.85352, 27.44096], [83.83409, 27.43404], [83.84272, 27.41807], [83.87119, 27.38944], [83.87367, 27.38009], [83.87765, 27.36991], [83.87739, 27.36174], [83.86752, 27.35838], [83.86173, 27.35451], [83.8546, 27.34505], [83.85334, 27.34619], [83.84799, 27.35104], [83.802, 27.36593], [83.6634, 27.43228], [83.59043, 27.45662], [83.48098, 27.46975], [83.38703, 27.47047], [83.36099, 27.4622], [83.35592, 27.45249], [83.35386, 27.44029], [83.35582, 27.42866], [83.37096, 27.41021], [83.36957, 27.39817], [83.36275, 27.38562], [83.34114, 27.35694], [83.32435, 27.34169], [83.30487, 27.33192], [83.28244, 27.33094], [83.2595, 27.33813], [83.24942, 27.3481], [83.24312, 27.36216], [83.23159, 27.38122], [83.21924, 27.39378], [83.16963, 27.43119], [83.13279, 27.44422], [83.01047, 27.44339], [82.94716, 27.45732], [82.90127, 27.48036], [82.87626, 27.48755], [82.75214, 27.49496], [82.72971, 27.51817], [82.71886, 27.55612], [82.70925, 27.63092], [82.69705, 27.6694], [82.67969, 27.69441], [82.67389, 27.69646], [82.65214, 27.70415], [82.52616, 27.67521], [82.44068, 27.66643], [82.40193, 27.67717], [82.34792, 27.72601], [82.27041, 27.76048], [82.15104, 27.84828], [82.10742, 27.86357], [82.09037, 27.87233], [82.07166, 27.89003], [82.05161, 27.90517], [82.05021, 27.90559], [82.02722, 27.91241], [81.9759, 27.91695], [81.9464, 27.90535], [81.90609, 27.86311], [81.8832, 27.84905], [81.85565, 27.85094], [81.82785, 27.86564], [81.80015, 27.88409], [81.75013, 27.90967], [81.71039, 27.94752], [81.68895, 27.9632], [81.66543, 27.9708], [81.61505, 27.98124], [81.59536, 27.99478], [81.5951, 27.99488], [81.58218, 28.01328], [81.56193, 28.02599], [81.47346, 28.0664], [81.45821, 28.07728], [81.45403, 28.08661], [81.45294, 28.09705], [81.44824, 28.11141], [81.43527, 28.12978], [81.41733, 28.14702], [81.39604, 28.16063], [81.3732, 28.16784], [81.35791, 28.16598], [81.35145, 28.15681], [81.34726, 28.14443], [81.33812, 28.13273], [81.3237, 28.12624], [81.30706, 28.12381], [81.29621, 28.12831], [81.29941, 28.14252], [81.28308, 28.14609], [81.27678, 28.15379], [81.28075, 28.16198], [81.29595, 28.16746], [81.28236, 28.19159], [81.22432, 28.25078], [81.21073, 28.27864], [81.19037, 28.33812], [81.1697, 28.36132], [81.14634, 28.37225], [81.04707, 28.38909], [81.00041, 28.397], [80.99317, 28.40783], [80.99131, 28.42026], [80.9878, 28.43098], [80.97602, 28.43692], [80.96052, 28.43227], [80.94119, 28.43268], [80.92134, 28.4362], [80.90527, 28.44085], [80.88667, 28.45279], [80.88186, 28.46684], [80.88036, 28.48188], [80.87225, 28.49687], [80.85799, 28.50245], [80.81701, 28.50255], [80.79841, 28.5057], [80.78166, 28.51475], [80.74353, 28.54996], [80.72709, 28.55968], [80.69578, 28.56751], [80.67862, 28.57472], [80.66818, 28.58634], [80.64834, 28.61975], [80.63563, 28.62787], [80.59852, 28.63378], [80.58137, 28.63895], [80.56359, 28.64704], [80.55687, 28.65502], [80.55739, 28.66435], [80.55904, 28.67303], [80.55584, 28.67895], [80.53444, 28.67956], [80.5176, 28.68003], [80.49755, 28.67014], [80.48762, 28.65647], [80.48494, 28.63929], [80.49341, 28.57565], [80.48845, 28.56244], [80.46881, 28.57185], [80.42654, 28.61681], [80.40835, 28.62634], [80.3883, 28.62725], [80.36908, 28.62265], [80.34975, 28.62022], [80.3297, 28.62748], [80.31833, 28.64011], [80.29105, 28.68967], [80.2834, 28.69536], [80.26521, 28.69928], [80.25704, 28.70275], [80.2494, 28.71021], [80.23896, 28.72626], [80.23327, 28.73272], [80.21643, 28.74194], [80.18118, 28.74729], [80.16206, 28.75329], [80.14759, 28.76331], [80.11421, 28.80258], [80.08186, 28.81935], [80.07305, 28.82092], [80.05478, 28.82418], [80.03639, 28.83703], [80.03029, 28.87767], [80.03111, 28.8978], [80.03391, 28.91594], [80.04052, 28.93281], [80.05292, 28.94911], [80.06843, 28.95994], [80.08517, 28.96748], [80.09943, 28.97728], [80.10791, 28.99459], [80.10791, 28.99477], [80.1047, 29.02761], [80.11307, 29.07221], [80.13261, 29.11021], [80.16351, 29.12337], [80.18056, 29.12132], [80.20144, 29.12117], [80.22066, 29.12608], [80.23307, 29.13931], [80.23048, 29.15473], [80.21374, 29.19656], [80.2188, 29.21109], [80.23606, 29.21308], [80.24867, 29.20439], [80.25818, 29.20246], [80.27875, 29.26808], [80.28278, 29.29131], [80.28009, 29.31015], [80.27275, 29.31571], [80.26355, 29.31532], [80.25498, 29.31664], [80.2495, 29.327], [80.24216, 29.36741], [80.22097, 29.40012], [80.21374, 29.41689], [80.21767, 29.43464], [80.22831, 29.44172], [80.25746, 29.45006], [80.26345, 29.45924], [80.26624, 29.47213], [80.27306, 29.47867], [80.28205, 29.4843], [80.29115, 29.49461], [80.29146, 29.49474], [80.31151, 29.50812], [80.32009, 29.51582], [80.32722, 29.52484], [80.32763, 29.52993], [80.32505, 29.53551], [80.3236, 29.54166], [80.32722, 29.54858], [80.3327, 29.55246], [80.3451, 29.55835], [80.35079, 29.56207], [80.37332, 29.58419], [80.3852, 29.60484], [80.38675, 29.62682], [80.37755, 29.65295], [80.36391, 29.67971], [80.3544, 29.70488], [80.3543, 29.73028], [80.36898, 29.75793], [80.39523, 29.77658], [80.45486, 29.79059], [80.47615, 29.80614], [80.52731, 29.86242], [80.54953, 29.89368], [80.56287, 29.9297], [80.57134, 29.94685], [80.58622, 29.95414], [80.62229, 29.95817], [80.64141, 29.96344], [80.65413, 29.97058], [80.68017, 29.99207], [80.71583, 30.01331], [80.72575, 30.02277], [80.75572, 30.06457], [80.76967, 30.07729], [80.82982, 30.11713], [80.84967, 30.14338], [80.83644, 30.17005], [80.85039, 30.18193], [80.86791, 30.20017], [80.88368, 30.21028], [80.88388, 30.21041], [80.89365, 30.1981], [80.90331, 30.18043], [80.92083, 30.17666], [80.98816, 30.19656], [80.99602, 30.19697], [81.00651, 30.18891], [81.01943, 30.17227], [81.0309, 30.15273], [81.04366, 30.12023], [81.06661, 30.08716], [81.0742, 30.07191], [81.08445, 30.02788], [81.08485, 30.02618], [81.09777, 30.01693], [81.12459, 30.02277], [81.1481, 30.02323], [81.19451, 30.00447], [81.21683, 30.0082], [81.22727, 30.02246], [81.22572, 30.05047], [81.23952, 30.05879], [81.25709, 30.06354], [81.2668, 30.06995], [81.2679, 30.07205], [81.27202, 30.07992], [81.27595, 30.09537], [81.2745, 30.10219], [81.26634, 30.11775], [81.26696, 30.12509], [81.2777, 30.13186], [81.29326, 30.13284], [81.30954, 30.13206], [81.32241, 30.13377], [81.33827, 30.14354], [81.35005, 30.15723], [81.35729, 30.17356], [81.36183, 30.20477], [81.37439, 30.22312], [81.37785, 30.23263], [81.37692, 30.2412], [81.37052, 30.25728], [81.36902, 30.26606], [81.36804, 30.30105], [81.37155, 30.31691], [81.38214, 30.33128], [81.38726, 30.34513], [81.38488, 30.36094], [81.38752, 30.37391], [81.40741, 30.37918], [81.42612, 30.37251], [81.46281, 30.34135], [81.48307, 30.3319], [81.50937, 30.32838], [81.52069, 30.33195], [81.53195, 30.37034], [81.53681, 30.37856], [81.54425, 30.38264], [81.56327, 30.38559], [81.57671, 30.39096], [81.58198, 30.39944], [81.58508, 30.40812], [81.59159, 30.41427], [81.61401, 30.4169], [81.63572, 30.41096], [81.75737, 30.3629], [81.77902, 30.35805], [81.8015, 30.3613], [81.82279, 30.36817], [81.84439, 30.37117], [81.88718, 30.355], [81.92149, 30.35737], [81.94123, 30.35396], [81.95012, 30.34838], [81.96211, 30.33365], [81.96903, 30.32828], [81.97885, 30.32683], [81.98846, 30.32978], [81.99818, 30.33407], [82.00763, 30.33681], [82.04985, 30.33923], [82.07321, 30.33722], [82.08877, 30.33009], [82.09321, 30.31474], [82.0821, 30.25733], [82.08499, 30.23082], [82.0959, 30.21345], [82.11424, 30.20219], [82.14039, 30.19402], [82.15569, 30.18136], [82.15099, 30.16224], [82.12758, 30.12436], [82.12871, 30.11077], [82.13522, 30.08974], [82.14453, 30.06943], [82.15383, 30.05817], [82.17424, 30.05548], [82.19217, 30.06147], [82.21067, 30.06442], [82.25573, 30.03967], [82.27599, 30.03693], [82.29651, 30.03682], [82.31888, 30.03181], [82.32715, 30.02571], [82.33909, 30.00923], [82.3473, 30.00344], [82.36374, 30.00117], [82.37914, 30.00323], [82.39443, 30.00313], [82.40978, 29.9946], [82.42285, 29.97967], [82.43893, 29.96577], [82.45707, 29.95409], [82.47582, 29.94551], [82.52424, 29.93239], [82.54181, 29.92324], [82.6185, 29.83983], [82.63586, 29.82903], [82.64641, 29.82934], [82.66697, 29.83503], [82.67731, 29.83441], [82.68899, 29.82774], [82.68919, 29.81958], [82.68465, 29.80971], [82.68175, 29.79772], [82.69095, 29.78074], [82.75152, 29.73932], [82.77012, 29.71416], [82.78108, 29.70511], [82.79306, 29.69951], [82.80516, 29.69597], [82.81554, 29.69013], [82.82237, 29.67796], [82.83658, 29.65979], [82.85745, 29.6662], [82.88009, 29.68111], [82.89973, 29.68842], [82.90913, 29.68462], [82.9237, 29.66966], [82.93192, 29.66418], [82.9421, 29.66295], [82.96432, 29.66589], [82.9759, 29.66403], [83.03289, 29.62047], [83.0409, 29.61029], [83.0545, 29.58605], [83.06494, 29.57879], [83.07956, 29.57964], [83.08555, 29.59039], [83.08845, 29.60442], [83.09336, 29.61514], [83.10028, 29.61768], [83.12669, 29.62341], [83.15005, 29.62563], [83.16209, 29.62517], [83.17356, 29.62127], [83.18725, 29.6121], [83.19087, 29.6069], [83.19449, 29.59365], [83.19718, 29.5891], [83.20493, 29.58491], [83.22188, 29.57982], [83.22932, 29.57595], [83.25257, 29.5552], [83.26084, 29.54205], [83.26332, 29.52709], [83.25991, 29.51877], [83.25402, 29.51329], [83.24875, 29.50657], [83.2472, 29.49474], [83.26394, 29.47301], [83.32797, 29.48502], [83.3552, 29.46073], [83.35779, 29.44275], [83.3552, 29.42797], [83.35701, 29.41536], [83.38724, 29.3935], [83.38941, 29.38245], [83.38827, 29.37022], [83.39313, 29.35625], [83.40502, 29.34648], [83.41778, 29.3409], [83.42817, 29.33346], [83.43721, 29.30524], [83.44822, 29.29677], [83.47581, 29.28692], [83.49338, 29.27615], [83.503, 29.26103], [83.5125, 29.22349], [83.51457, 29.20181], [83.51705, 29.19171], [83.52372, 29.18359], [83.53597, 29.17923], [83.56139, 29.17623], [83.57203, 29.1684], [83.58382, 29.16215], [83.62444, 29.15546], [83.63927, 29.15476], [83.65499, 29.16041], [83.65601, 29.16078], [83.6634, 29.17481], [83.66774, 29.19233], [83.67508, 29.20876], [83.69549, 29.22618], [83.71973, 29.23359], [83.74536, 29.23447], [83.77063, 29.23225], [83.79321, 29.23475], [83.83786, 29.254], [83.86163, 29.2602], [83.86886, 29.26344], [83.87739, 29.27677], [83.88344, 29.28201], [83.91439, 29.2894], [83.93315, 29.29178], [83.94555, 29.29183], [83.95795, 29.28904], [83.96726, 29.2847], [83.97325, 29.27702], [83.97584, 29.26375], [83.98824, 29.26953], [84.0009, 29.27253], [84.01252, 29.2702], [84.02152, 29.25977], [84.03521, 29.24762], [84.05304, 29.25036], [84.07206, 29.25698], [84.08973, 29.25661], [84.09914, 29.247], [84.10534, 29.21992], [84.11236, 29.2091], [84.12601, 29.20625], [84.14198, 29.20827], [84.15546, 29.20664], [84.16166, 29.19253], [84.1552, 29.17595], [84.14172, 29.16026], [84.13226, 29.1438], [84.138, 29.12466], [84.16011, 29.10549], [84.16621, 29.09846], [84.16972, 29.08892], [84.17546, 29.0574], [84.1982, 29.04531], [84.22057, 29.0389], [84.23143, 29.02598], [84.20673, 28.94066], [84.22529, 28.91411], [84.23515, 28.90002], [84.286, 28.87374], [84.354, 28.86129], [84.3663, 28.85674], [84.37659, 28.84884], [84.39307, 28.82434], [84.41431, 28.80827], [84.42273, 28.79917], [84.43782, 28.75334], [84.45085, 28.73388], [84.47575, 28.72729], [84.49859, 28.72786], [84.51565, 28.7214], [84.53198, 28.71269], [84.55182, 28.70639], [84.60722, 28.6982], [84.61621, 28.69365], [84.62582, 28.67608], [84.63264, 28.66879], [84.65228, 28.66239], [84.67114, 28.65895], [84.68297, 28.65076], [84.67776, 28.6044], [84.69083, 28.59614], [84.73662, 28.59417], [84.75563, 28.58541], [84.78178, 28.5589], [84.79914, 28.54663], [84.81196, 28.54198], [84.82395, 28.54053], [84.87929, 28.54363], [84.89144, 28.54177], [84.90787, 28.53702], [84.91872, 28.53568], [84.92849, 28.53847], [84.93645, 28.54477], [84.94895, 28.56828], [84.95495, 28.5743], [84.98477, 28.58859], [84.99407, 28.59081], [85.00249, 28.59443], [85.00916, 28.60254], [85.01877, 28.61986], [85.02528, 28.62841], [85.0321, 28.63407], [85.05494, 28.63869], [85.07504, 28.63166], [85.11189, 28.60882], [85.16098, 28.595], [85.16801, 28.58319], [85.15695, 28.53314], [85.15375, 28.5249], [85.14765, 28.51583], [85.14036, 28.51092], [85.12315, 28.50459], [85.11721, 28.49733], [85.11566, 28.49149], [85.11556, 28.47273], [85.10946, 28.4593], [85.08367, 28.44553], [85.07758, 28.43568], [85.08569, 28.38101], [85.08569, 28.36153], [85.08187, 28.3317], [85.08021, 28.31879], [85.0874, 28.30411], [85.10941, 28.29225], [85.13416, 28.29197], [85.15457, 28.30086], [85.17359, 28.30432], [85.20573, 28.27828], [85.22392, 28.27169], [85.24341, 28.26791], [85.25958, 28.26693], [85.27312, 28.26983], [85.30102, 28.28107], [85.3126, 28.28277], [85.32573, 28.2774], [85.33482, 28.26869], [85.34536, 28.26125], [85.36257, 28.25967], [85.37782, 28.26598], [85.40138, 28.28879], [85.41523, 28.29644], [85.43156, 28.29706], [85.44665, 28.29215], [85.47569, 28.2791], [85.49755, 28.28262], [85.52065, 28.28293], [85.5437, 28.28039], [85.5653, 28.27538], [85.5855, 28.26319], [85.59894, 28.25083], [85.61181, 28.25115], [85.63909, 28.28789], [85.64695, 28.2937], [85.66814, 28.30055], [85.67506, 28.30639], [85.6762, 28.31512], [85.67599, 28.32473], [85.67914, 28.3329], [85.69294, 28.33522], [85.698, 28.31344], [85.69976, 28.2691], [85.71557, 28.24337], [85.73449, 28.22153], [85.7566, 28.20324], [85.78275, 28.1881], [85.82689, 28.17048], [85.84828, 28.15893], [85.86337, 28.14335], [85.86704, 28.13293], [85.87174, 28.11092], [85.8891, 28.09028], [85.89107, 28.0809], [85.88983, 28.07126], [85.89045, 28.05919], [85.8983, 28.03602], [85.90895, 28.02242], [85.94398, 27.99473], [85.95659, 27.97623], [85.95628, 27.95687], [85.95184, 27.9368], [85.95122, 27.91623], [85.96269, 27.89137], [85.98026, 27.88517], [86.02646, 27.88993], [86.05142, 27.88755], [86.0546, 27.88801], [86.0617, 27.88905], [86.07565, 27.89478], [86.10718, 27.92284], [86.11286, 27.9268], [86.11224, 27.93726], [86.10718, 27.94424], [86.10056, 27.95023], [86.0956, 27.95785], [86.09508, 27.96889], [86.09803, 27.97752], [86.09813, 27.98563], [86.0894, 27.99473], [86.0894, 27.99488], [86.0893, 27.99488], [86.07917, 28.00113], [86.07762, 28.00695], [86.07953, 28.01333], [86.07953, 28.02165], [86.08392, 28.03855], [86.0847, 28.04387], [86.08155, 28.0517], [86.07018, 28.06671], [86.06873, 28.07676], [86.15596, 28.15652], [86.17601, 28.15301], [86.18604, 28.13353], [86.18717, 28.1087], [86.18076, 28.08875], [86.17224, 28.07183], [86.17446, 28.06245], [86.18185, 28.05488], [86.18914, 28.04361], [86.19601, 28.01457], [86.20304, 28.00258], [86.21776, 27.99498], [86.21792, 27.99493], [86.21838, 27.99473], [86.23854, 27.98956], [86.259, 27.98765], [86.27807, 27.98369], [86.29466, 27.97238], [86.31822, 27.94579], [86.32773, 27.93969], [86.33755, 27.93804], [86.34561, 27.94093], [86.35367, 27.94481], [86.36298, 27.9461], [86.37197, 27.94196], [86.40571, 27.917], [86.4253, 27.90993], [86.43884, 27.91086], [86.47548, 27.9276], [86.49692, 27.93788], [86.51046, 27.95243], [86.51676, 27.97143], [86.51645, 27.99473], [86.5162, 28.01225], [86.52229, 28.02372], [86.53092, 28.03369], [86.53837, 28.04718], [86.54074, 28.06216], [86.54126, 28.07821], [86.54415, 28.09302], [86.55356, 28.10415], [86.56953, 28.10661], [86.58312, 28.09803], [86.59686, 28.0865], [86.61231, 28.08028], [86.62715, 28.08348], [86.64947, 28.10118], [86.66198, 28.10684], [86.68006, 28.10573], [86.69965, 28.09875], [86.71768, 28.08826], [86.73174, 28.07692], [86.73598, 28.06485], [86.7322, 28.03496], [86.7398, 28.0215], [86.76998, 28.01209], [86.84047, 28.01478], [86.86817, 27.99488], [86.86817, 27.99473], [86.8769, 27.97065], [86.89307, 27.95419], [86.91473, 27.94512], [86.94036, 27.9431], [86.97023, 27.94744], [86.98209, 27.95067], [86.98873, 27.95248], [87.00568, 27.9515], [87.03053, 27.93809], [87.062, 27.90843], [87.11652, 27.84458], [87.1558, 27.8258], [87.182, 27.8245], [87.2329, 27.82972], [87.29052, 27.81608], [87.31393, 27.82859], [87.33584, 27.84636], [87.36384, 27.85525], [87.38534, 27.84941], [87.38069, 27.83582], [87.36912, 27.81908], [87.36912, 27.80394], [87.38679, 27.8044], [87.47557, 27.8267], [87.51453, 27.8352], [87.53159, 27.8368], [87.55133, 27.83189], [87.55598, 27.82709], [87.5598, 27.81908], [87.56507, 27.81086], [87.57334, 27.80502], [87.58998, 27.80461], [87.62109, 27.81954], [87.63608, 27.82365], [87.65995, 27.81988], [87.67853, 27.81335], [87.70047, 27.80564], [87.72682, 27.80776], [87.75638, 27.82037], [87.77984, 27.83944], [87.79865, 27.86347], [87.81415, 27.89096], [87.82588, 27.90657], [87.83669, 27.90832], [87.85612, 27.89861], [87.93456, 27.8953], [87.94521, 27.8923], [87.96639, 27.88274], [87.97843, 27.88052], [87.99182, 27.88264], [88.01812, 27.89215], [88.02995, 27.89334], [88.0528, 27.88652], [88.09574, 27.86533], [88.11822, 27.86088]]]}, "properties": {"id": "oxoV", "status": "validé", "pieces": [{"kind": "country"}]}}, {"type": "Feature", "geometry": {"type": "Polygon", "coordinates": [[[81.78223, 28.26164], [81.82617, 28.32933], [82.03491, 28.34866], [82.22168, 28.26647], [82.58423, 28.05347], [82.5293, 27.95651], [82.43042, 27.908], [82.27112, 27.88859], [82.14478, 27.86917], [82.10426, 27.8652], [82.09037, 27.87233], [82.07166, 27.89003], [82.05161, 27.90517], [82.05021, 27.90559], [82.02722, 27.91241], [81.9759, 27.91695], [81.9464, 27.90535], [81.90609, 27.86311], [81.8832, 27.84905], [81.85565, 27.85094], [81.82785, 27.86564], [81.80015, 27.88409], [81.75013, 27.90967], [81.71039, 27.94752], [81.68895, 27.9632], [81.66543, 27.9708], [81.61505, 27.98124], [81.59536, 27.99478], [81.5951, 27.99488], [81.58218, 28.01328], [81.56193, 28.02599], [81.47346, 28.0664], [81.45821, 28.07728], [81.45403, 28.08661], [81.45294, 28.09705], [81.44824, 28.11141], [81.43527, 28.12978], [81.41733, 28.14702], [81.39604, 28.16063], [81.3732, 28.16784], [81.35791, 28.16598], [81.35145, 28.15681], [81.34726, 28.14443], [81.33812, 28.13273], [81.3237, 28.12624], [81.30706, 28.12381], [81.29621, 28.12831], [81.29941, 28.14252], [81.28308, 28.14609], [81.27678, 28.15379], [81.28075, 28.16198], [81.29595, 28.16746], [81.28236, 28.19159], [81.22432, 28.25078], [81.21073, 28.27864], [81.19037, 28.33812], [81.1697, 28.36132], [81.14634, 28.37225], [81.04707, 28.38909], [81.00041, 28.397], [80.99317, 28.40783], [80.99131, 28.42026], [80.9878, 28.43098], [80.97602, 28.43692], [80.96052, 28.43227], [80.94119, 28.43268], [80.92134, 28.4362], [80.90527, 28.44085], [80.88667, 28.45279], [80.88186, 28.46684], [80.88036, 28.48188], [80.87225, 28.49687], [80.85799, 28.50245], [80.81701, 28.50255], [80.79841, 28.5057], [80.78166, 28.51475], [80.74353, 28.54996], [80.72709, 28.55968], [80.69578, 28.56751], [80.67862, 28.57472], [80.66818, 28.58634], [80.64834, 28.61975], [80.63563, 28.62787], [80.59852, 28.63378], [80.58137, 28.63895], [80.56359, 28.64704], [80.55687, 28.65502], [80.55739, 28.66435], [80.55904, 28.67303], [80.55584, 28.67895], [80.53444, 28.67956], [80.5176, 28.68003], [80.49755, 28.67014], [80.48762, 28.65647], [80.48494, 28.63929], [80.49341, 28.57565], [80.48845, 28.56244], [80.46881, 28.57185], [80.42654, 28.61681], [80.40835, 28.62634], [80.3883, 28.62725], [80.36908, 28.62265], [80.34975, 28.62022], [80.3297, 28.62748], [80.31833, 28.64011], [80.29105, 28.68967], [80.2834, 28.69536], [80.26521, 28.69928], [80.25704, 28.70275], [80.2494, 28.71021], [80.23896, 28.72626], [80.23327, 28.73272], [80.21643, 28.74194], [80.18118, 28.74729], [80.16206, 28.75329], [80.14759, 28.76331], [80.11421, 28.80258], [80.08186, 28.81935], [80.07305, 28.82092], [80.05478, 28.82418], [80.03639, 28.83703], [80.03029, 28.87767], [80.03111, 28.8978], [80.03391, 28.91594], [80.04052, 28.93281], [80.05292, 28.94911], [80.06843, 28.95994], [80.08517, 28.96748], [80.09943, 28.97728], [80.10791, 28.99459], [80.10791, 28.99477], [80.1047, 29.02761], [80.11307, 29.07221], [80.12537, 29.09613], [80.21667, 29.09502], [81.78223, 28.26164]]]}, "properties": {"id": "p8KJ", "status": "validé", "pieces": [{"kind": "polygon", "ring": [[80.21667, 29.09502], [81.78223, 28.26164], [81.82617, 28.32933], [82.03491, 28.34866], [82.22168, 28.26647], [82.58423, 28.05347], [82.5293, 27.95651], [82.43042, 27.908], [82.27112, 27.88859], [82.14478, 27.86917], [81.35376, 27.79148], [79.85413, 28.42595], [79.82117, 29.09982]]}, {"kind": "clip"}]}}, {"type": "Feature", "geometry": null, "properties": {"id": "p93Y", "status": "rejeté", "pieces": []}}, {"type": "Feature", "geometry": null, "properties": {"id": "sqGf", "status": "rejeté", "pieces": []}}, {"type": "Feature", "geometry": {"type": "Polygon", "coordinates": [[[88.11822, 27.86088], [88.14302, 27.85572], [88.15641, 27.85127], [88.16462, 27.84536], [88.16659, 27.8336], [88.1546, 27.81515], [88.15966, 27.77412], [88.14933, 27.74877], [88.13486, 27.72317], [88.11088, 27.6395], [88.04877, 27.54535], [88.02334, 27.49491], [88.0221, 27.48424], [88.02334, 27.47465], [88.02809, 27.45512], [88.03078, 27.45073], [88.03977, 27.44236], [88.04163, 27.43807], [88.03931, 27.42949], [88.03481, 27.42381], [88.02959, 27.41874], [88.02582, 27.41208], [88.01724, 27.38923], [88.01476, 27.37807], [88.01579, 27.36422], [88.02014, 27.35337], [88.03254, 27.33389], [88.03512, 27.32257], [88.02902, 27.29808], [88.00466, 27.24916], [87.98934, 27.21839], [87.98546, 27.14837], [87.97084, 27.11922], [87.96918, 27.1108], [87.97073, 27.10274], [87.97549, 27.09514], [87.9913, 27.0815], [88.00949, 27.04564], [88.02737, 27.03535], [88.04282, 27.02895], [88.05595, 27.01804], [88.07688, 26.99179], [88.09682, 26.95934], [88.11181, 26.9243], [88.12044, 26.90885], [88.14282, 26.87841], [88.15139, 26.86281], [88.15532, 26.8456], [88.15904, 26.80255], [88.16783, 26.76291], [88.16907, 26.744], [88.16752, 26.72504], [88.16338, 26.70514], [88.14664, 26.66122], [88.10168, 26.58194], [88.08714, 26.5391], [88.07982, 26.51756], [88.07915, 26.50737], [88.08225, 26.49487], [88.07419, 26.45394], [88.04432, 26.40568], [88.00665, 26.36986], [87.97549, 26.36656], [87.96122, 26.37896], [87.92898, 26.39643], [87.91477, 26.40826], [87.90851, 26.41782], [87.902, 26.43529], [87.8973, 26.44345], [87.89477, 26.44293], [87.87069, 26.46071], [87.86981, 26.46464], [87.85208, 26.46066], [87.8216, 26.43751], [87.80444, 26.43735], [87.78594, 26.44598], [87.76899, 26.45146], [87.75617, 26.44691], [87.74945, 26.42573], [87.74222, 26.41048], [87.72754, 26.40376], [87.7109, 26.40568], [87.69757, 26.41627], [87.68119, 26.42423], [87.65964, 26.41751], [87.64875, 26.40999], [87.62398, 26.39291], [87.58698, 26.37803], [87.55205, 26.38671], [87.48032, 26.4234], [87.44963, 26.42862], [87.41645, 26.42697], [87.38421, 26.41865], [87.3564, 26.40371], [87.34493, 26.38935], [87.32622, 26.35333], [87.31403, 26.34377], [87.30049, 26.34599], [87.25843, 26.36294], [87.2453, 26.37023], [87.23631, 26.3833], [87.22943, 26.39875], [87.2191, 26.4081], [87.18846, 26.39958], [87.13502, 26.3942], [87.10629, 26.40475], [87.08329, 26.43208], [87.06671, 26.46562], [87.05668, 26.49487], [87.05647, 26.49492], [87.045, 26.54427], [87.04443, 26.56117], [87.04133, 26.58019], [87.02991, 26.57977], [87.01544, 26.56897], [86.98521, 26.54066], [86.97245, 26.53197], [86.93515, 26.52029], [86.90713, 26.51151], [86.87597, 26.49492], [86.86568, 26.47244], [86.84636, 26.45265], [86.82186, 26.43813], [86.79644, 26.43151], [86.78724, 26.43306], [86.75189, 26.44552], [86.7382, 26.44371], [86.73071, 26.43379], [86.72409, 26.42195], [86.7136, 26.41456], [86.6952, 26.41823], [86.62534, 26.45632], [86.5579, 26.48402], [86.53795, 26.49487], [86.53775, 26.49487], [86.52431, 26.50908], [86.51062, 26.52014], [86.49491, 26.52784], [86.47548, 26.53197], [86.44483, 26.54308], [86.38365, 26.57285], [86.35367, 26.58262], [86.34484, 26.58262], [86.32318, 26.58008], [86.316, 26.58096], [86.30903, 26.58799], [86.30861, 26.60215], [86.30138, 26.60902], [86.28443, 26.61202], [86.26309, 26.60908], [86.22516, 26.5974], [86.20288, 26.58458], [86.19585, 26.58267], [86.18536, 26.58442], [86.17927, 26.58861], [86.17446, 26.59331], [86.16779, 26.59662], [86.15265, 26.60065], [86.14635, 26.60136], [86.1448, 26.60153], [86.12206, 26.60029], [86.11586, 26.60256], [86.11069, 26.60675], [86.0417, 26.64545], [86.01137, 26.65445], [85.97571, 26.64437], [85.95215, 26.64204], [85.93468, 26.6329], [85.86637, 26.57993], [85.84476, 26.56851], [85.82854, 26.56613], [85.82161, 26.57171], [85.81975, 26.57952], [85.81955, 26.5883], [85.81763, 26.59672], [85.80973, 26.60303], [85.80007, 26.6007], [85.78999, 26.59703], [85.781, 26.5992], [85.72705, 26.6376], [85.71289, 26.65321], [85.70224, 26.68845], [85.70963, 26.76245], [85.70183, 26.79661], [85.68777, 26.81185], [85.60938, 26.85102], [85.59858, 26.85438], [85.51946, 26.82643], [85.47569, 26.80524], [85.43962, 26.78772], [85.42154, 26.78266], [85.40319, 26.78762], [85.38588, 26.78844], [85.36924, 26.77501], [85.35535, 26.75991], [85.35322, 26.75759], [85.33704, 26.74679], [85.30237, 26.73734], [85.28728, 26.73697], [85.19493, 26.75888], [85.16568, 26.78627], [85.16553, 26.82079], [85.16202, 26.85102], [85.12284, 26.8657], [85.10021, 26.86353], [85.04399, 26.84374], [85.01856, 26.8458], [85.01686, 26.85924], [85.01805, 26.87443], [85.00084, 26.88224], [84.98818, 26.88379], [84.97577, 26.88689], [84.95273, 26.89764], [84.94425, 26.91572], [84.93857, 26.9366], [84.92405, 26.95567], [84.90157, 26.96719], [84.85175, 26.98213], [84.82829, 26.99484], [84.82813, 26.99494], [84.81749, 27.0106], [84.80193, 27.01375], [84.7855, 27.00848], [84.77196, 26.99918], [84.7607, 26.99902], [84.64024, 27.02838], [84.62727, 27.03649], [84.62148, 27.05799], [84.63037, 27.08083], [84.64453, 27.10372], [84.6544, 27.12537], [84.65982, 27.16511], [84.65765, 27.20341], [84.6482, 27.24072], [84.63192, 27.27704], [84.60655, 27.31048], [84.57704, 27.32903], [84.28941, 27.37611], [84.2677, 27.38856], [84.24889, 27.41244], [84.23902, 27.43114], [84.22554, 27.44039], [84.19525, 27.43605], [84.18585, 27.43864], [84.1751, 27.46298], [84.16575, 27.47217], [84.14172, 27.48075], [84.13097, 27.48641], [84.12156, 27.49496], [84.11717, 27.51328], [84.09955, 27.51687], [84.0796, 27.50954], [84.02891, 27.45373], [84.00767, 27.44081], [83.97584, 27.43972], [83.93594, 27.44608], [83.92302, 27.44995], [83.92204, 27.4497], [83.89987, 27.44386], [83.85352, 27.44096], [83.83409, 27.43404], [83.84272, 27.41807], [83.87119, 27.38944], [83.87367, 27.38009], [83.87765, 27.36991], [83.87739, 27.36174], [83.86752, 27.35838], [83.86173, 27.35451], [83.8546, 27.34505], [83.85334, 27.34619], [83.84799, 27.35104], [83.802, 27.36593], [83.6634, 27.43228], [83.59043, 27.45662], [83.48098, 27.46975], [83.38703, 27.47047], [83.36099, 27.4622], [83.35592, 27.45249], [83.35386, 27.44029], [83.35582, 27.42866], [83.37096, 27.41021], [83.36957, 27.39817], [83.36275, 27.38562], [83.34114, 27.35694], [83.32435, 27.34169], [83.30487, 27.33192], [83.28244, 27.33094], [83.2595, 27.33813], [83.24942, 27.3481], [83.24312, 27.36216], [83.23159, 27.38122], [83.21924, 27.39378], [83.16963, 27.43119], [83.13279, 27.44422], [83.01047, 27.44339], [82.94716, 27.45732], [82.90127, 27.48036], [82.87626, 27.48755], [82.75214, 27.49496], [82.72971, 27.51817], [82.71886, 27.55612], [82.70925, 27.63092], [82.69705, 27.6694], [82.67969, 27.69441], [82.67389, 27.69646], [82.65214, 27.70415], [82.52616, 27.67521], [82.44068, 27.66643], [82.40193, 27.67717], [82.34792, 27.72601], [82.27041, 27.76048], [82.15104, 27.84828], [82.10742, 27.86357], [82.09037, 27.87233], [82.07166, 27.89003], [82.05161, 27.90517], [82.05021, 27.90559], [82.02722, 27.91241], [81.9759, 27.91695], [81.9464, 27.90535], [81.90609, 27.86311], [81.8832, 27.84905], [81.85565, 27.85094], [81.82785, 27.86564], [81.80015, 27.88409], [81.75013, 27.90967], [81.71039, 27.94752], [81.68895, 27.9632], [81.66543, 27.9708], [81.61505, 27.98124], [81.59536, 27.99478], [81.5951, 27.99488], [81.58218, 28.01328], [81.56193, 28.02599], [81.47346, 28.0664], [81.45821, 28.07728], [81.45403, 28.08661], [81.45294, 28.09705], [81.44824, 28.11141], [81.43527, 28.12978], [81.41733, 28.14702], [81.39604, 28.16063], [81.3732, 28.16784], [81.35791, 28.16598], [81.35145, 28.15681], [81.34726, 28.14443], [81.33812, 28.13273], [81.3237, 28.12624], [81.30706, 28.12381], [81.29621, 28.12831], [81.29941, 28.14252], [81.28308, 28.14609], [81.27678, 28.15379], [81.28075, 28.16198], [81.29595, 28.16746], [81.28236, 28.19159], [81.22432, 28.25078], [81.21073, 28.27864], [81.19037, 28.33812], [81.1697, 28.36132], [81.14634, 28.37225], [81.04707, 28.38909], [81.00041, 28.397], [80.99317, 28.40783], [80.99131, 28.42026], [80.9878, 28.43098], [80.97602, 28.43692], [80.96052, 28.43227], [80.94119, 28.43268], [80.92134, 28.4362], [80.90527, 28.44085], [80.88667, 28.45279], [80.88186, 28.46684], [80.88036, 28.48188], [80.87225, 28.49687], [80.85799, 28.50245], [80.81701, 28.50255], [80.79841, 28.5057], [80.78166, 28.51475], [80.74353, 28.54996], [80.72709, 28.55968], [80.69578, 28.56751], [80.67862, 28.57472], [80.66818, 28.58634], [80.64834, 28.61975], [80.63563, 28.62787], [80.59852, 28.63378], [80.58137, 28.63895], [80.56359, 28.64704], [80.55687, 28.65502], [80.55739, 28.66435], [80.55904, 28.67303], [80.55584, 28.67895], [80.53444, 28.67956], [80.5176, 28.68003], [80.49755, 28.67014], [80.48762, 28.65647], [80.48494, 28.63929], [80.49341, 28.57565], [80.48845, 28.56244], [80.46881, 28.57185], [80.42654, 28.61681], [80.40835, 28.62634], [80.3883, 28.62725], [80.36908, 28.62265], [80.34975, 28.62022], [80.3297, 28.62748], [80.31833, 28.64011], [80.29105, 28.68967], [80.2834, 28.69536], [80.26521, 28.69928], [80.25704, 28.70275], [80.2494, 28.71021], [80.23896, 28.72626], [80.23327, 28.73272], [80.21643, 28.74194], [80.18118, 28.74729], [80.16206, 28.75329], [80.14759, 28.76331], [80.11421, 28.80258], [80.08186, 28.81935], [80.07305, 28.82092], [80.05478, 28.82418], [80.03639, 28.83703], [80.03029, 28.87767], [80.03111, 28.8978], [80.03391, 28.91594], [80.04052, 28.93281], [80.05292, 28.94911], [80.06843, 28.95994], [80.08517, 28.96748], [80.09943, 28.97728], [80.10791, 28.99459], [80.10791, 28.99477], [80.1047, 29.02761], [80.11307, 29.07221], [80.13261, 29.11021], [80.16351, 29.12337], [80.18056, 29.12132], [80.20144, 29.12117], [80.22066, 29.12608], [80.23307, 29.13931], [80.23048, 29.15473], [80.21374, 29.19656], [80.2188, 29.21109], [80.23606, 29.21308], [80.24867, 29.20439], [80.25818, 29.20246], [80.27875, 29.26808], [80.28278, 29.29131], [80.28009, 29.31015], [80.27275, 29.31571], [80.26355, 29.31532], [80.25498, 29.31664], [80.2495, 29.327], [80.24216, 29.36741], [80.22097, 29.40012], [80.21374, 29.41689], [80.21767, 29.43464], [80.22831, 29.44172], [80.25746, 29.45006], [80.26345, 29.45924], [80.26624, 29.47213], [80.27306, 29.47867], [80.28205, 29.4843], [80.29115, 29.49461], [80.29146, 29.49474], [80.31151, 29.50812], [80.32009, 29.51582], [80.32722, 29.52484], [80.32763, 29.52993], [80.32505, 29.53551], [80.3236, 29.54166], [80.32722, 29.54858], [80.3327, 29.55246], [80.3451, 29.55835], [80.35079, 29.56207], [80.37332, 29.58419], [80.3852, 29.60484], [80.38675, 29.62682], [80.37755, 29.65295], [80.36391, 29.67971], [80.3544, 29.70488], [80.3543, 29.73028], [80.36898, 29.75793], [80.39523, 29.77658], [80.45486, 29.79059], [80.47615, 29.80614], [80.52731, 29.86242], [80.54953, 29.89368], [80.56287, 29.9297], [80.57134, 29.94685], [80.58622, 29.95414], [80.62229, 29.95817], [80.64141, 29.96344], [80.65413, 29.97058], [80.68017, 29.99207], [80.71583, 30.01331], [80.72575, 30.02277], [80.75572, 30.06457], [80.76967, 30.07729], [80.82982, 30.11713], [80.84967, 30.14338], [80.83644, 30.17005], [80.85039, 30.18193], [80.86791, 30.20017], [80.88368, 30.21028], [80.88388, 30.21041], [80.89365, 30.1981], [80.90331, 30.18043], [80.92083, 30.17666], [80.98816, 30.19656], [80.99602, 30.19697], [81.00651, 30.18891], [81.01943, 30.17227], [81.0309, 30.15273], [81.04366, 30.12023], [81.06661, 30.08716], [81.0742, 30.07191], [81.08445, 30.02788], [81.08485, 30.02618], [81.09777, 30.01693], [81.12459, 30.02277], [81.1481, 30.02323], [81.19451, 30.00447], [81.21683, 30.0082], [81.22727, 30.02246], [81.22572, 30.05047], [81.23952, 30.05879], [81.25709, 30.06354], [81.2668, 30.06995], [81.2679, 30.07205], [81.27202, 30.07992], [81.27595, 30.09537], [81.2745, 30.10219], [81.26634, 30.11775], [81.26696, 30.12509], [81.2777, 30.13186], [81.29326, 30.13284], [81.30954, 30.13206], [81.32241, 30.13377], [81.33827, 30.14354], [81.35005, 30.15723], [81.35729, 30.17356], [81.36183, 30.20477], [81.37439, 30.22312], [81.37785, 30.23263], [81.37692, 30.2412], [81.37052, 30.25728], [81.36902, 30.26606], [81.36804, 30.30105], [81.37155, 30.31691], [81.38214, 30.33128], [81.38726, 30.34513], [81.38488, 30.36094], [81.38752, 30.37391], [81.40741, 30.37918], [81.42612, 30.37251], [81.46281, 30.34135], [81.48307, 30.3319], [81.50937, 30.32838], [81.52069, 30.33195], [81.53195, 30.37034], [81.53681, 30.37856], [81.54425, 30.38264], [81.56327, 30.38559], [81.57671, 30.39096], [81.58198, 30.39944], [81.58508, 30.40812], [81.59159, 30.41427], [81.61401, 30.4169], [81.63572, 30.41096], [81.75737, 30.3629], [81.77902, 30.35805], [81.8015, 30.3613], [81.82279, 30.36817], [81.84439, 30.37117], [81.88718, 30.355], [81.92149, 30.35737], [81.94123, 30.35396], [81.95012, 30.34838], [81.96211, 30.33365], [81.96903, 30.32828], [81.97885, 30.32683], [81.98846, 30.32978], [81.99818, 30.33407], [82.00763, 30.33681], [82.04985, 30.33923], [82.07321, 30.33722], [82.08877, 30.33009], [82.09321, 30.31474], [82.0821, 30.25733], [82.08499, 30.23082], [82.0959, 30.21345], [82.11424, 30.20219], [82.14039, 30.19402], [82.15569, 30.18136], [82.15099, 30.16224], [82.12758, 30.12436], [82.12871, 30.11077], [82.13522, 30.08974], [82.14453, 30.06943], [82.15383, 30.05817], [82.17424, 30.05548], [82.19217, 30.06147], [82.21067, 30.06442], [82.25573, 30.03967], [82.27599, 30.03693], [82.29651, 30.03682], [82.31888, 30.03181], [82.32715, 30.02571], [82.33909, 30.00923], [82.3473, 30.00344], [82.36374, 30.00117], [82.37914, 30.00323], [82.39443, 30.00313], [82.40978, 29.9946], [82.42285, 29.97967], [82.43893, 29.96577], [82.45707, 29.95409], [82.47582, 29.94551], [82.52424, 29.93239], [82.54181, 29.92324], [82.6185, 29.83983], [82.63586, 29.82903], [82.64641, 29.82934], [82.66697, 29.83503], [82.67731, 29.83441], [82.68899, 29.82774], [82.68919, 29.81958], [82.68465, 29.80971], [82.68175, 29.79772], [82.69095, 29.78074], [82.75152, 29.73932], [82.77012, 29.71416], [82.78108, 29.70511], [82.79306, 29.69951], [82.80516, 29.69597], [82.81554, 29.69013], [82.82237, 29.67796], [82.83658, 29.65979], [82.85745, 29.6662], [82.88009, 29.68111], [82.89973, 29.68842], [82.90913, 29.68462], [82.9237, 29.66966], [82.93192, 29.66418], [82.9421, 29.66295], [82.96432, 29.66589], [82.9759, 29.66403], [83.03289, 29.62047], [83.0409, 29.61029], [83.0545, 29.58605], [83.06494, 29.57879], [83.07956, 29.57964], [83.08555, 29.59039], [83.08845, 29.60442], [83.09336, 29.61514], [83.10028, 29.61768], [83.12669, 29.62341], [83.15005, 29.62563], [83.16209, 29.62517], [83.17356, 29.62127], [83.18725, 29.6121], [83.19087, 29.6069], [83.19449, 29.59365], [83.19718, 29.5891], [83.20493, 29.58491], [83.22188, 29.57982], [83.22932, 29.57595], [83.25257, 29.5552], [83.26084, 29.54205], [83.26332, 29.52709], [83.25991, 29.51877], [83.25402, 29.51329], [83.24875, 29.50657], [83.2472, 29.49474], [83.26394, 29.47301], [83.32797, 29.48502], [83.3552, 29.46073], [83.35779, 29.44275], [83.3552, 29.42797], [83.35701, 29.41536], [83.38724, 29.3935], [83.38941, 29.38245], [83.38827, 29.37022], [83.39313, 29.35625], [83.40502, 29.34648], [83.41778, 29.3409], [83.42817, 29.33346], [83.43721, 29.30524], [83.44822, 29.29677], [83.47581, 29.28692], [83.49338, 29.27615], [83.503, 29.26103], [83.5125, 29.22349], [83.51457, 29.20181], [83.51705, 29.19171], [83.52372, 29.18359], [83.53597, 29.17923], [83.56139, 29.17623], [83.57203, 29.1684], [83.58382, 29.16215], [83.62444, 29.15546], [83.63927, 29.15476], [83.65499, 29.16041], [83.65601, 29.16078], [83.6634, 29.17481], [83.66774, 29.19233], [83.67508, 29.20876], [83.69549, 29.22618], [83.71973, 29.23359], [83.74536, 29.23447], [83.77063, 29.23225], [83.79321, 29.23475], [83.83786, 29.254], [83.86163, 29.2602], [83.86886, 29.26344], [83.87739, 29.27677], [83.88344, 29.28201], [83.91439, 29.2894], [83.93315, 29.29178], [83.94555, 29.29183], [83.95795, 29.28904], [83.96726, 29.2847], [83.97325, 29.27702], [83.97584, 29.26375], [83.98824, 29.26953], [84.0009, 29.27253], [84.01252, 29.2702], [84.02152, 29.25977], [84.03521, 29.24762], [84.05304, 29.25036], [84.07206, 29.25698], [84.08973, 29.25661], [84.09914, 29.247], [84.10534, 29.21992], [84.11236, 29.2091], [84.12601, 29.20625], [84.14198, 29.20827], [84.15546, 29.20664], [84.16166, 29.19253], [84.1552, 29.17595], [84.14172, 29.16026], [84.13226, 29.1438], [84.138, 29.12466], [84.16011, 29.10549], [84.16621, 29.09846], [84.16972, 29.08892], [84.17546, 29.0574], [84.1982, 29.04531], [84.22057, 29.0389], [84.23143, 29.02598], [84.20673, 28.94066], [84.22529, 28.91411], [84.23515, 28.90002], [84.286, 28.87374], [84.354, 28.86129], [84.3663, 28.85674], [84.37659, 28.84884], [84.39307, 28.82434], [84.41431, 28.80827], [84.42273, 28.79917], [84.43782, 28.75334], [84.45085, 28.73388], [84.47575, 28.72729], [84.49859, 28.72786], [84.51565, 28.7214], [84.53198, 28.71269], [84.55182, 28.70639], [84.60722, 28.6982], [84.61621, 28.69365], [84.62582, 28.67608], [84.63264, 28.66879], [84.65228, 28.66239], [84.67114, 28.65895], [84.68297, 28.65076], [84.67776, 28.6044], [84.69083, 28.59614], [84.73662, 28.59417], [84.75563, 28.58541], [84.78178, 28.5589], [84.79914, 28.54663], [84.81196, 28.54198], [84.82395, 28.54053], [84.87929, 28.54363], [84.89144, 28.54177], [84.90787, 28.53702], [84.91872, 28.53568], [84.92849, 28.53847], [84.93645, 28.54477], [84.94895, 28.56828], [84.95495, 28.5743], [84.98477, 28.58859], [84.99407, 28.59081], [85.00249, 28.59443], [85.00916, 28.60254], [85.01877, 28.61986], [85.02528, 28.62841], [85.0321, 28.63407], [85.05494, 28.63869], [85.07504, 28.63166], [85.11189, 28.60882], [85.16098, 28.595], [85.16801, 28.58319], [85.15695, 28.53314], [85.15375, 28.5249], [85.14765, 28.51583], [85.14036, 28.51092], [85.12315, 28.50459], [85.11721, 28.49733], [85.11566, 28.49149], [85.11556, 28.47273], [85.10946, 28.4593], [85.08367, 28.44553], [85.07758, 28.43568], [85.08569, 28.38101], [85.08569, 28.36153], [85.08187, 28.3317], [85.08021, 28.31879], [85.0874, 28.30411], [85.10941, 28.29225], [85.13416, 28.29197], [85.15457, 28.30086], [85.17359, 28.30432], [85.20573, 28.27828], [85.22392, 28.27169], [85.24341, 28.26791], [85.25958, 28.26693], [85.27312, 28.26983], [85.30102, 28.28107], [85.3126, 28.28277], [85.32573, 28.2774], [85.33482, 28.26869], [85.34536, 28.26125], [85.36257, 28.25967], [85.37782, 28.26598], [85.40138, 28.28879], [85.41523, 28.29644], [85.43156, 28.29706], [85.44665, 28.29215], [85.47569, 28.2791], [85.49755, 28.28262], [85.52065, 28.28293], [85.5437, 28.28039], [85.5653, 28.27538], [85.5855, 28.26319], [85.59894, 28.25083], [85.61181, 28.25115], [85.63909, 28.28789], [85.64695, 28.2937], [85.66814, 28.30055], [85.67506, 28.30639], [85.6762, 28.31512], [85.67599, 28.32473], [85.67914, 28.3329], [85.69294, 28.33522], [85.698, 28.31344], [85.69976, 28.2691], [85.71557, 28.24337], [85.73449, 28.22153], [85.7566, 28.20324], [85.78275, 28.1881], [85.82689, 28.17048], [85.84828, 28.15893], [85.86337, 28.14335], [85.86704, 28.13293], [85.87174, 28.11092], [85.8891, 28.09028], [85.89107, 28.0809], [85.88983, 28.07126], [85.89045, 28.05919], [85.8983, 28.03602], [85.90895, 28.02242], [85.94398, 27.99473], [85.95659, 27.97623], [85.95628, 27.95687], [85.95184, 27.9368], [85.95122, 27.91623], [85.96269, 27.89137], [85.98026, 27.88517], [86.02646, 27.88993], [86.05142, 27.88755], [86.0546, 27.88801], [86.0617, 27.88905], [86.07565, 27.89478], [86.10718, 27.92284], [86.11286, 27.9268], [86.11224, 27.93726], [86.10718, 27.94424], [86.10056, 27.95023], [86.0956, 27.95785], [86.09508, 27.96889], [86.09803, 27.97752], [86.09813, 27.98563], [86.0894, 27.99473], [86.0894, 27.99488], [86.0893, 27.99488], [86.07917, 28.00113], [86.07762, 28.00695], [86.07953, 28.01333], [86.07953, 28.02165], [86.08392, 28.03855], [86.0847, 28.04387], [86.08155, 28.0517], [86.07018, 28.06671], [86.06873, 28.07676], [86.15596, 28.15652], [86.17601, 28.15301], [86.18604, 28.13353], [86.18717, 28.1087], [86.18076, 28.08875], [86.17224, 28.07183], [86.17446, 28.06245], [86.18185, 28.05488], [86.18914, 28.04361], [86.19601, 28.01457], [86.20304, 28.00258], [86.21776, 27.99498], [86.21792, 27.99493], [86.21838, 27.99473], [86.23854, 27.98956], [86.259, 27.98765], [86.27807, 27.98369], [86.29466, 27.97238], [86.31822, 27.94579], [86.32773, 27.93969], [86.33755, 27.93804], [86.34561, 27.94093], [86.35367, 27.94481], [86.36298, 27.9461], [86.37197, 27.94196], [86.40571, 27.917], [86.4253, 27.90993], [86.43884, 27.91086], [86.47548, 27.9276], [86.49692, 27.93788], [86.51046, 27.95243], [86.51676, 27.97143], [86.51645, 27.99473], [86.5162, 28.01225], [86.52229, 28.02372], [86.53092, 28.03369], [86.53837, 28.04718], [86.54074, 28.06216], [86.54126, 28.07821], [86.54415, 28.09302], [86.55356, 28.10415], [86.56953, 28.10661], [86.58312, 28.09803], [86.59686, 28.0865], [86.61231, 28.08028], [86.62715, 28.08348], [86.64947, 28.10118], [86.66198, 28.10684], [86.68006, 28.10573], [86.69965, 28.09875], [86.71768, 28.08826], [86.73174, 28.07692], [86.73598, 28.06485], [86.7322, 28.03496], [86.7398, 28.0215], [86.76998, 28.01209], [86.84047, 28.01478], [86.86817, 27.99488], [86.86817, 27.99473], [86.8769, 27.97065], [86.89307, 27.95419], [86.91473, 27.94512], [86.94036, 27.9431], [86.97023, 27.94744], [86.98209, 27.95067], [86.98873, 27.95248], [87.00568, 27.9515], [87.03053, 27.93809], [87.062, 27.90843], [87.11652, 27.84458], [87.1558, 27.8258], [87.182, 27.8245], [87.2329, 27.82972], [87.29052, 27.81608], [87.31393, 27.82859], [87.33584, 27.84636], [87.36384, 27.85525], [87.38534, 27.84941], [87.38069, 27.83582], [87.36912, 27.81908], [87.36912, 27.80394], [87.38679, 27.8044], [87.47557, 27.8267], [87.51453, 27.8352], [87.53159, 27.8368], [87.55133, 27.83189], [87.55598, 27.82709], [87.5598, 27.81908], [87.56507, 27.81086], [87.57334, 27.80502], [87.58998, 27.80461], [87.62109, 27.81954], [87.63608, 27.82365], [87.65995, 27.81988], [87.67853, 27.81335], [87.70047, 27.80564], [87.72682, 27.80776], [87.75638, 27.82037], [87.77984, 27.83944], [87.79865, 27.86347], [87.81415, 27.89096], [87.82588, 27.90657], [87.83669, 27.90832], [87.85612, 27.89861], [87.93456, 27.8953], [87.94521, 27.8923], [87.96639, 27.88274], [87.97843, 27.88052], [87.99182, 27.88264], [88.01812, 27.89215], [88.02995, 27.89334], [88.0528, 27.88652], [88.09574, 27.86533], [88.11822, 27.86088]]]}, "properties": {"id": "tKtn", "status": "validé", "pieces": [{"kind": "country"}]}}, {"type": "Feature", "geometry": null, "properties": {"id": "tzvh", "status": "rejeté", "pieces": []}}, {"type": "Feature", "geometry": {"type": "Polygon", "coordinates": [[[85.11658, 27.07949], [85.24841, 27.36756], [85.54504, 27.42119], [85.88562, 27.63057], [86.55579, 27.54297], [86.69861, 27.34318], [87.06665, 27.26023], [87.53906, 27.20164], [87.90161, 27.22606], [87.9943, 27.22835], [87.98934, 27.21839], [87.98546, 27.14837], [87.97084, 27.11922], [87.96918, 27.1108], [87.97073, 27.10274], [87.97549, 27.09514], [87.9913, 27.0815], [88.00949, 27.04564], [88.02737, 27.03535], [88.04282, 27.02895], [88.05595, 27.01804], [88.07688, 26.99179], [88.09682, 26.95934], [88.11181, 26.9243], [88.12044, 26.90885], [88.14121, 26.8806], [88.16245, 26.7027], [88.14664, 26.66122], [88.10168, 26.58194], [88.08714, 26.5391], [88.07982, 26.51756], [88.07915, 26.50737], [88.08225, 26.49487], [88.07419, 26.45394], [88.04432, 26.40568], [88.00665, 26.36986], [87.97549, 26.36656], [87.96122, 26.37896], [87.92898, 26.39643], [87.91477, 26.40826], [87.90851, 26.41782], [87.902, 26.43529], [87.8973, 26.44345], [87.89477, 26.44293], [87.87069, 26.46071], [87.86981, 26.46464], [87.85208, 26.46066], [87.8216, 26.43751], [87.80444, 26.43735], [87.78594, 26.44598], [87.76899, 26.45146], [87.75617, 26.44691], [87.74945, 26.42573], [87.74222, 26.41048], [87.72754, 26.40376], [87.7109, 26.40568], [87.69757, 26.41627], [87.68119, 26.42423], [87.65964, 26.41751], [87.64875, 26.40999], [87.62398, 26.39291], [87.58698, 26.37803], [87.55205, 26.38671], [87.48032, 26.4234], [87.44963, 26.42862], [87.41645, 26.42697], [87.38421, 26.41865], [87.3564, 26.40371], [87.34493, 26.38935], [87.32622, 26.35333], [87.31403, 26.34377], [87.30049, 26.34599], [87.25843, 26.36294], [87.2453, 26.37023], [87.23631, 26.3833], [87.22943, 26.39875], [87.2191, 26.4081], [87.18846, 26.39958], [87.13502, 26.3942], [87.10629, 26.40475], [87.08329, 26.43208], [87.06671, 26.46562], [87.05668, 26.49487], [87.05647, 26.49492], [87.045, 26.54427], [87.04443, 26.56117], [87.04133, 26.58019], [87.02991, 26.57977], [87.01544, 26.56897], [86.98521, 26.54066], [86.97245, 26.53197], [86.93515, 26.52029], [86.90713, 26.51151], [86.87597, 26.49492], [86.86568, 26.47244], [86.84636, 26.45265], [86.82186, 26.43813], [86.79644, 26.43151], [86.78724, 26.43306], [86.75189, 26.44552], [86.7382, 26.44371], [86.73071, 26.43379], [86.72409, 26.42195], [86.7136, 26.41456], [86.6952, 26.41823], [86.62534, 26.45632], [86.5579, 26.48402], [86.53795, 26.49487], [86.53775, 26.49487], [86.52431, 26.50908], [86.51062, 26.52014], [86.49491, 26.52784], [86.47548, 26.53197], [86.44483, 26.54308], [86.38365, 26.57285], [86.35367, 26.58262], [86.34484, 26.58262], [86.32318, 26.58008], [86.316, 26.58096], [86.30903, 26.58799], [86.30861, 26.60215], [86.30138, 26.60902], [86.28443, 26.61202], [86.26309, 26.60908], [86.22516, 26.5974], [86.20288, 26.58458], [86.19585, 26.58267], [86.18536, 26.58442], [86.17927, 26.58861], [86.17446, 26.59331], [86.16779, 26.59662], [86.15265, 26.60065], [86.14635, 26.60136], [86.1448, 26.60153], [86.12206, 26.60029], [86.11586, 26.60256], [86.11069, 26.60675], [86.0417, 26.64545], [86.01137, 26.65445], [85.97571, 26.64437], [85.95215, 26.64204], [85.93468, 26.6329], [85.86637, 26.57993], [85.84476, 26.56851], [85.82854, 26.56613], [85.82161, 26.57171], [85.81975, 26.57952], [85.81955, 26.5883], [85.81763, 26.59672], [85.80973, 26.60303], [85.80007, 26.6007], [85.78999, 26.59703], [85.781, 26.5992], [85.72705, 26.6376], [85.71289, 26.65321], [85.70224, 26.68845], [85.70963, 26.76245], [85.70183, 26.79661], [85.68777, 26.81185], [85.60938, 26.85102], [85.59858, 26.85438], [85.51946, 26.82643], [85.47569, 26.80524], [85.43962, 26.78772], [85.42154, 26.78266], [85.40319, 26.78762], [85.38588, 26.78844], [85.36924, 26.77501], [85.35535, 26.75991], [85.35322, 26.75759], [85.33704, 26.74679], [85.30237, 26.73734], [85.28728, 26.73697], [85.26319, 26.74269], [85.18799, 26.80047], [85.11658, 27.07949]]]}, "properties": {"id": "uRkU", "status": "validé", "pieces": [{"kind": "polygon", "ring": [[85.18799, 26.80047], [85.11658, 27.07949], [85.24841, 27.36756], [85.54504, 27.42119], [85.88562, 27.63057], [86.55579, 27.54297], [86.69861, 27.34318], [87.06665, 27.26023], [87.53906, 27.20164], [87.90161, 27.22606], [88.09937, 27.23094], [88.2312, 26.12704], [85.42419, 26.61898]]}, {"kind": "clip"}]}}, {"type": "Feature", "geometry": {"type": "MultiPolygon", "coordinates": [[[[86.29211, 27.31948], [86.33606, 27.17303], [85.84167, 27.01171], [85.40771, 27.04106], [85.06714, 27.20234], [84.97925, 27.44137], [85.12756, 27.73337], [85.42419, 27.74795], [85.96662, 27.66566], [86.18774, 27.57774], [86.29211, 27.31948]]], [[[81.35925, 29.10953], [81.97998, 28.85977], [82.38098, 28.6865], [82.91931, 28.52742], [82.63916, 28.0875], [82.10632, 28.16982], [81.60645, 28.47434], [81.15601, 28.73947], [80.56824, 29.07594], [80.29907, 29.19105], [80.26217, 29.21518], [80.27875, 29.26808], [80.28278, 29.29131], [80.28009, 29.31015], [80.27275, 29.31571], [80.26355, 29.31532], [80.25498, 29.31664], [80.2495, 29.327], [80.24216, 29.36741], [80.22097, 29.40012], [80.21374, 29.41689], [80.21767, 29.43464], [80.22831, 29.44172], [80.25746, 29.45006], [80.26345, 29.45924], [80.26624, 29.47213], [80.27306, 29.47867], [80.28205, 29.4843], [80.29115, 29.49461], [80.29146, 29.49474], [80.31151, 29.50812], [80.32009, 29.51582], [80.32722, 29.52484], [80.32763, 29.52993], [80.32505, 29.53551], [80.3236, 29.54166], [80.32722, 29.54858], [80.3327, 29.55246], [80.3451, 29.55835], [80.35079, 29.56207], [80.37332, 29.58419], [80.3852, 29.60484], [80.38675, 29.62682], [80.37755, 29.65295], [80.36391, 29.67971], [80.3544, 29.70488], [80.3543, 29.73028], [80.36898, 29.75793], [80.39523, 29.77658], [80.45486, 29.79059], [80.46793, 29.80013], [80.49133, 29.77419], [80.92529, 29.4448], [81.35925, 29.10953]]]]}, "properties": {"id": "uTPc", "status": "validé", "pieces": [{"kind": "polygon", "ring": [[80.49133, 29.77419], [80.92529, 29.4448], [81.35925, 29.10953], [81.97998, 28.85977], [82.38098, 28.6865], [82.91931, 28.52742], [82.63916, 28.0875], [82.10632, 28.16982], [81.60645, 28.47434], [81.15601, 28.73947], [80.56824, 29.07594], [80.29907, 29.19105], [79.92554, 29.43523], [80.39246, 29.88375]]}, {"kind": "clip"}, {"kind": "polygon", "ring": [[85.91858, 27.68476], [86.18774, 27.57774], [86.29211, 27.31948], [86.33606, 27.17303], [85.84167, 27.01171], [85.40771, 27.04106], [85.06714, 27.20234], [84.97925, 27.44137], [85.12756, 27.73337], [85.42419, 27.74795], [86.00098, 27.66045]]}]}}, {"type": "Feature", "geometry": {"type": "Polygon", "coordinates": [[[80.68359, 29.74633], [80.88684, 29.65094], [80.95825, 29.5029], [81.24939, 29.39771], [81.44165, 29.11027], [81.27136, 28.94223], [81.05713, 28.92781], [80.8429, 28.95184], [80.43091, 29.08628], [80.27161, 29.19659], [80.26016, 29.20876], [80.27875, 29.26808], [80.28278, 29.29131], [80.28009, 29.31015], [80.27275, 29.31571], [80.26355, 29.31532], [80.25498, 29.31664], [80.2495, 29.327], [80.24216, 29.36741], [80.22097, 29.40012], [80.21374, 29.41689], [80.21767, 29.43464], [80.22831, 29.44172], [80.25746, 29.45006], [80.26345, 29.45924], [80.26624, 29.47213], [80.27306, 29.47867], [80.28205, 29.4843], [80.29115, 29.49461], [80.29146, 29.49474], [80.31151, 29.50812], [80.32009, 29.51582], [80.32722, 29.52484], [80.32763, 29.52993], [80.32505, 29.53551], [80.3236, 29.54166], [80.32722, 29.54858], [80.3327, 29.55246], [80.3451, 29.55835], [80.35079, 29.56207], [80.37332, 29.58419], [80.3852, 29.60484], [80.38675, 29.62682], [80.37755, 29.65295], [80.36391, 29.67971], [80.35694, 29.69817], [80.43091, 29.76063], [80.68359, 29.74633]]]}, "properties": {"id": "uYxZ", "status": "validé", "pieces": [{"kind": "polygon", "ring": [[80.43091, 29.76063], [80.68359, 29.74633], [80.88684, 29.65094], [80.95825, 29.5029], [81.24939, 29.39771], [81.44165, 29.11027], [81.27136, 28.94223], [81.05713, 28.92781], [80.8429, 28.95184], [80.43091, 29.08628], [80.27161, 29.19659], [80.04639, 29.43597]]}, {"kind": "clip"}]}}, {"type": "Feature", "geometry": {"type": "Polygon", "coordinates": [[[86.03497, 27.69574], [86.03497, 27.7565], [86.01574, 27.7565], [86.01574, 27.69574], [86.03497, 27.69574]]]}, "properties": {"id": "vYvI", "status": "validé", "pieces": [{"kind": "rect", "bounds": [86.01574, 27.69574, 86.03497, 27.7565]}]}}, {"type": "Feature", "geometry": {"type": "Polygon", "coordinates": [[[85.01221, 27.2943], [85.47363, 27.16248], [85.77576, 27.14293], [86.08337, 27.03538], [86.30859, 26.91305], [86.38, 26.82488], [86.3031, 26.6238], [86.26118, 26.60849], [86.22516, 26.5974], [86.21532, 26.59174], [86.19218, 26.58328], [86.18536, 26.58442], [86.17927, 26.58861], [86.17446, 26.59331], [86.16779, 26.59662], [86.15265, 26.60065], [86.14635, 26.60136], [86.1448, 26.60153], [86.12206, 26.60029], [86.11586, 26.60256], [86.11069, 26.60675], [86.0417, 26.64545], [86.01137, 26.65445], [85.97571, 26.64437], [85.95215, 26.64204], [85.93468, 26.6329], [85.86637, 26.57993], [85.84476, 26.56851], [85.82854, 26.56613], [85.82161, 26.57171], [85.81975, 26.57952], [85.81955, 26.5883], [85.81763, 26.59672], [85.80973, 26.60303], [85.80007, 26.6007], [85.78999, 26.59703], [85.781, 26.5992], [85.72705, 26.6376], [85.71289, 26.65321], [85.70224, 26.68845], [85.70963, 26.76245], [85.70183, 26.79661], [85.68777, 26.81185], [85.60938, 26.85102], [85.59858, 26.85438], [85.51946, 26.82643], [85.47569, 26.80524], [85.43962, 26.78772], [85.42154, 26.78266], [85.40319, 26.78762], [85.38588, 26.78844], [85.36924, 26.77501], [85.35535, 26.75991], [85.35322, 26.75759], [85.33704, 26.74679], [85.30237, 26.73734], [85.28728, 26.73697], [85.19493, 26.75888], [85.16568, 26.78627], [85.16553, 26.82079], [85.16202, 26.85102], [85.12284, 26.8657], [85.10021, 26.86353], [85.04399, 26.84374], [85.01856, 26.8458], [85.01686, 26.85924], [85.01805, 26.87443], [85.00084, 26.88224], [84.98818, 26.88379], [84.97577, 26.88689], [84.95273, 26.89764], [84.94425, 26.91572], [84.93857, 26.9366], [84.92405, 26.95567], [84.90157, 26.96719], [84.85175, 26.98213], [84.82829, 26.99484], [84.82813, 26.99494], [84.81749, 27.0106], [84.80193, 27.01375], [84.7855, 27.00848], [84.77196, 26.99918], [84.7607, 26.99902], [84.64024, 27.02838], [84.62727, 27.03649], [84.62148, 27.05799], [84.63037, 27.08083], [84.64453, 27.10372], [84.6544, 27.12537], [84.65982, 27.16511], [84.65765, 27.20341], [84.6482, 27.24072], [84.63192, 27.27704], [84.61697, 27.29674], [84.6167, 27.32358], [85.01221, 27.2943]]]}, "properties": {"id": "xEXu", "status": "validé", "pieces": [{"kind": "polygon", "ring": [[84.6167, 27.32358], [85.01221, 27.2943], [85.47363, 27.16248], [85.77576, 27.14293], [86.08337, 27.03538], [86.30859, 26.91305], [86.38, 26.82488], [86.3031, 26.6238], [85.64392, 26.38302], [84.62219, 26.78567]]}, {"kind": "clip"}]}}, {"type": "Feature", "geometry": {"type": "Polygon", "coordinates": [[[84.79797, 27.39195], [85.00671, 27.4017], [85.14404, 27.33343], [85.177, 27.20654], [85.177, 27.04527], [85.11108, 26.9572], [84.97232, 26.8885], [84.95273, 26.89764], [84.94425, 26.91572], [84.93857, 26.9366], [84.92405, 26.95567], [84.90157, 26.96719], [84.85175, 26.98213], [84.82829, 26.99484], [84.82813, 26.99494], [84.81749, 27.0106], [84.80193, 27.01375], [84.7855, 27.00848], [84.77196, 26.99918], [84.7607, 26.99902], [84.64024, 27.02838], [84.62727, 27.03649], [84.62148, 27.05799], [84.63037, 27.08083], [84.64453, 27.10372], [84.6544, 27.12537], [84.65982, 27.16511], [84.65765, 27.20341], [84.6482, 27.24072], [84.63192, 27.27704], [84.61053, 27.30523], [84.63318, 27.32368], [84.79797, 27.39195]]]}, "properties": {"id": "xHyX", "status": "validé", "pieces": [{"kind": "polygon", "ring": [[84.63318, 27.32368], [84.79797, 27.39195], [85.00671, 27.4017], [85.14404, 27.33343], [85.177, 27.20654], [85.177, 27.04527], [85.11108, 26.9572], [84.96277, 26.88377], [84.24316, 27.00614]]}, {"kind": "clip"}]}}, {"type": "Feature", "geometry": null, "properties": {"id": "yXhS", "status": "rejeté", "pieces": []}}, {"type": "Feature", "geometry": {"type": "MultiPolygon", "coordinates": [[[[85.26489, 26.91326], [85.33081, 26.97689], [85.5011, 27.0356], [85.72632, 27.06005], [85.77576, 26.94753], [85.79773, 26.86919], [85.71533, 26.74667], [85.70799, 26.74599], [85.70963, 26.76245], [85.70183, 26.79661], [85.68777, 26.81185], [85.60938, 26.85102], [85.59858, 26.85438], [85.51946, 26.82643], [85.47569, 26.80524], [85.43962, 26.78772], [85.42154, 26.78266], [85.40319, 26.78762], [85.38588, 26.78844], [85.36924, 26.77501], [85.35535, 26.75991], [85.35322, 26.75759], [85.34855, 26.75448], [85.28137, 26.80059], [85.26489, 26.91326]]], [[[84.95178, 27.33355], [85.00671, 27.24571], [85.02319, 27.18711], [85.07812, 27.15292], [85.11658, 27.1236], [85.06714, 27.04538], [85.02869, 26.96711], [84.92685, 26.95198], [84.92405, 26.95567], [84.90157, 26.96719], [84.85175, 26.98213], [84.82829, 26.99484], [84.82813, 26.99494], [84.81749, 27.0106], [84.80193, 27.01375], [84.7855, 27.00848], [84.77196, 26.99918], [84.7607, 26.99902], [84.64024, 27.02838], [84.62727, 27.03649], [84.62148, 27.05799], [84.63037, 27.08083], [84.64453, 27.10372], [84.6544, 27.12537], [84.65982, 27.16511], [84.65765, 27.20341], [84.6482, 27.24072], [84.63192, 27.27704], [84.61297, 27.30201], [84.63318, 27.33842], [84.72107, 27.39694], [84.83643, 27.39694], [84.95178, 27.33355]]], [[[83.86414, 28.36768], [84.00146, 28.40632], [84.18274, 28.36284], [84.22119, 28.22747], [84.18823, 28.10645], [84.00146, 28.0677], [83.82568, 28.10161], [83.79272, 28.23231], [83.86414, 28.36768]]]]}, "properties": {"id": "zQR5", "status": "validé", "pieces": [{"kind": "polygon", "ring": [[84.63318, 27.33842], [84.72107, 27.39694], [84.83643, 27.39694], [84.95178, 27.33355], [85.00671, 27.24571], [85.02319, 27.18711], [85.07812, 27.15292], [85.11658, 27.1236], [85.06714, 27.04538], [85.02869, 26.96711], [84.86389, 26.94263], [84.42444, 26.96221]]}, {"kind": "clip"}, {"kind": "polygon", "ring": [[85.35278, 26.75157], [85.28137, 26.80059], [85.26489, 26.91326], [85.33081, 26.97689], [85.5011, 27.0356], [85.72632, 27.06005], [85.77576, 26.94753], [85.79773, 26.86919], [85.71533, 26.74667], [85.55603, 26.73196]]}, {"kind": "polygon", "ring": [[84.00146, 28.0677], [83.82568, 28.10161], [83.79272, 28.23231], [83.86414, 28.36768], [84.00146, 28.40632], [84.18274, 28.36284], [84.22119, 28.22747], [84.18823, 28.10645]]}]}}, {"type": "Feature", "geometry": {"type": "MultiPolygon", "coordinates": [[[[85.12756, 27.32341], [85.46814, 27.20138], [85.72632, 27.15742], [86.41846, 26.90308], [87.08862, 26.81001], [87.48962, 26.7855], [87.77527, 26.65308], [87.89612, 26.49593], [87.89879, 26.44086], [87.8973, 26.44345], [87.89477, 26.44293], [87.87069, 26.46071], [87.86981, 26.46464], [87.85208, 26.46066], [87.8216, 26.43751], [87.80444, 26.43735], [87.78594, 26.44598], [87.76899, 26.45146], [87.75617, 26.44691], [87.74945, 26.42573], [87.74222, 26.41048], [87.72754, 26.40376], [87.7109, 26.40568], [87.69757, 26.41627], [87.68119, 26.42423], [87.65964, 26.41751], [87.64875, 26.40999], [87.62398, 26.39291], [87.58698, 26.37803], [87.55205, 26.38671], [87.48032, 26.4234], [87.44963, 26.42862], [87.41645, 26.42697], [87.38421, 26.41865], [87.3564, 26.40371], [87.34493, 26.38935], [87.32622, 26.35333], [87.31403, 26.34377], [87.30049, 26.34599], [87.25843, 26.36294], [87.2453, 26.37023], [87.23631, 26.3833], [87.22943, 26.39875], [87.2191, 26.4081], [87.18846, 26.39958], [87.13502, 26.3942], [87.10629, 26.40475], [87.08329, 26.43208], [87.06671, 26.46562], [87.05668, 26.49487], [87.05647, 26.49492], [87.045, 26.54427], [87.04443, 26.56117], [87.04133, 26.58019], [87.02991, 26.57977], [87.01544, 26.56897], [86.98521, 26.54066], [86.97245, 26.53197], [86.93515, 26.52029], [86.90713, 26.51151], [86.87597, 26.49492], [86.86568, 26.47244], [86.84636, 26.45265], [86.82186, 26.43813], [86.79644, 26.43151], [86.78724, 26.43306], [86.75189, 26.44552], [86.7382, 26.44371], [86.73071, 26.43379], [86.72409, 26.42195], [86.7136, 26.41456], [86.6952, 26.41823], [86.62534, 26.45632], [86.5579, 26.48402], [86.53795, 26.49487], [86.53775, 26.49487], [86.52431, 26.50908], [86.51062, 26.52014], [86.49491, 26.52784], [86.47548, 26.53197], [86.44483, 26.54308], [86.38365, 26.57285], [86.35367, 26.58262], [86.34484, 26.58262], [86.32318, 26.58008], [86.316, 26.58096], [86.30903, 26.58799], [86.30861, 26.60215], [86.30138, 26.60902], [86.28443, 26.61202], [86.26309, 26.60908], [86.22516, 26.5974], [86.20288, 26.58458], [86.19585, 26.58267], [86.18536, 26.58442], [86.17927, 26.58861], [86.17446, 26.59331], [86.16779, 26.59662], [86.15265, 26.60065], [86.14635, 26.60136], [86.1448, 26.60153], [86.12206, 26.60029], [86.11586, 26.60256], [86.11069, 26.60675], [86.0417, 26.64545], [86.01137, 26.65445], [85.97571, 26.64437], [85.95215, 26.64204], [85.93468, 26.6329], [85.86637, 26.57993], [85.84476, 26.56851], [85.82854, 26.56613], [85.82161, 26.57171], [85.81975, 26.57952], [85.81955, 26.5883], [85.81763, 26.59672], [85.80973, 26.60303], [85.80007, 26.6007], [85.78999, 26.59703], [85.781, 26.5992], [85.72705, 26.6376], [85.71289, 26.65321], [85.70224, 26.68845], [85.70963, 26.76245], [85.70183, 26.79661], [85.68777, 26.81185], [85.60938, 26.85102], [85.59858, 26.85438], [85.51946, 26.82643], [85.47569, 26.80524], [85.43962, 26.78772], [85.42154, 26.78266], [85.40319, 26.78762], [85.38588, 26.78844], [85.36924, 26.77501], [85.35535, 26.75991], [85.35322, 26.75759], [85.33704, 26.74679], [85.30237, 26.73734], [85.28728, 26.73697], [85.19493, 26.75888], [85.16568, 26.78627], [85.16553, 26.82079], [85.16202, 26.85102], [85.12284, 26.8657], [85.10021, 26.86353], [85.04399, 26.84374], [85.01856, 26.8458], [85.01686, 26.85924], [85.01805, 26.87443], [85.00084, 26.88224], [84.98818, 26.88379], [84.97577, 26.88689], [84.95273, 26.89764], [84.94425, 26.91572], [84.93857, 26.9366], [84.92405, 26.95567], [84.90157, 26.96719], [84.85175, 26.98213], [84.82829, 26.99484], [84.82813, 26.99494], [84.81749, 27.0106], [84.80193, 27.01375], [84.7855, 27.00848], [84.77196, 26.99918], [84.7607, 26.99902], [84.64024, 27.02838], [84.62727, 27.03649], [84.62148, 27.05799], [84.63037, 27.08083], [84.64453, 27.10372], [84.6544, 27.12537], [84.65982, 27.16511], [84.65765, 27.20341], [84.6482, 27.24072], [84.63192, 27.27704], [84.60936, 27.30678], [84.64417, 27.34779], [84.75952, 27.40143], [85.12756, 27.32341]]], [[[81.60095, 28.26089], [81.85913, 28.19316], [82.00745, 28.09632], [82.08435, 27.98001], [82.08435, 27.91695], [82.06125, 27.89789], [82.05161, 27.90517], [82.05021, 27.90559], [82.02722, 27.91241], [81.9759, 27.91695], [81.9464, 27.90535], [81.90609, 27.86311], [81.8832, 27.84905], [81.85565, 27.85094], [81.82785, 27.86564], [81.80015, 27.88409], [81.75013, 27.90967], [81.71039, 27.94752], [81.68895, 27.9632], [81.66543, 27.9708], [81.61505, 27.98124], [81.59536, 27.99478], [81.5951, 27.99488], [81.58218, 28.01328], [81.56193, 28.02599], [81.47346, 28.0664], [81.45821, 28.07728], [81.45785, 28.07809], [81.45264, 28.14475], [81.49658, 28.23187], [81.60095, 28.26089]]]]}, "properties": {"id": "zYdm", "status": "validé", "pieces": [{"kind": "polygon", "ring": [[81.45264, 28.14475], [81.49658, 28.23187], [81.60095, 28.26089], [81.85913, 28.19316], [82.00745, 28.09632], [82.08435, 27.98001], [82.08435, 27.91695], [81.83716, 27.71298], [81.46362, 28.00425]]}, {"kind": "clip"}, {"kind": "polygon", "ring": [[84.64417, 27.34779], [84.75952, 27.40143], [85.12756, 27.32341], [85.46814, 27.20138], [85.72632, 27.15742], [86.41846, 26.90308], [87.08862, 26.81001], [87.48962, 26.7855], [87.77527, 26.65308], [87.89612, 26.49593], [87.9071, 26.26966], [85.53406, 26.47627], [84.40796, 27.06944]]}]}}, {"type": "Feature", "geometry": {"type": "Polygon", "coordinates": [[[88.11822, 27.86088], [88.14302, 27.85572], [88.15641, 27.85127], [88.16462, 27.84536], [88.16659, 27.8336], [88.1546, 27.81515], [88.15966, 27.77412], [88.14933, 27.74877], [88.13486, 27.72317], [88.11088, 27.6395], [88.04877, 27.54535], [88.02334, 27.49491], [88.0221, 27.48424], [88.02334, 27.47465], [88.02809, 27.45512], [88.03078, 27.45073], [88.03977, 27.44236], [88.04163, 27.43807], [88.03931, 27.42949], [88.03481, 27.42381], [88.02959, 27.41874], [88.02582, 27.41208], [88.01724, 27.38923], [88.01476, 27.37807], [88.01579, 27.36422], [88.02014, 27.35337], [88.03254, 27.33389], [88.03512, 27.32257], [88.02902, 27.29808], [88.00466, 27.24916], [87.98934, 27.21839], [87.98546, 27.14837], [87.97084, 27.11922], [87.96918, 27.1108], [87.97073, 27.10274], [87.97549, 27.09514], [87.9913, 27.0815], [88.00949, 27.04564], [88.02737, 27.03535], [88.04282, 27.02895], [88.05595, 27.01804], [88.07688, 26.99179], [88.09682, 26.95934], [88.11181, 26.9243], [88.12044, 26.90885], [88.14282, 26.87841], [88.15139, 26.86281], [88.15532, 26.8456], [88.15904, 26.80255], [88.16783, 26.76291], [88.16907, 26.744], [88.16752, 26.72504], [88.16338, 26.70514], [88.14664, 26.66122], [88.10168, 26.58194], [88.08714, 26.5391], [88.07982, 26.51756], [88.07915, 26.50737], [88.08225, 26.49487], [88.07419, 26.45394], [88.04432, 26.40568], [88.00665, 26.36986], [87.97549, 26.36656], [87.96122, 26.37896], [87.92898, 26.39643], [87.91477, 26.40826], [87.90851, 26.41782], [87.902, 26.43529], [87.8973, 26.44345], [87.89477, 26.44293], [87.87069, 26.46071], [87.86981, 26.46464], [87.85208, 26.46066], [87.8216, 26.43751], [87.80444, 26.43735], [87.78594, 26.44598], [87.76899, 26.45146], [87.75617, 26.44691], [87.74945, 26.42573], [87.74222, 26.41048], [87.72754, 26.40376], [87.7109, 26.40568], [87.69757, 26.41627], [87.68119, 26.42423], [87.65964, 26.41751], [87.64875, 26.40999], [87.62398, 26.39291], [87.58698, 26.37803], [87.55205, 26.38671], [87.48032, 26.4234], [87.44963, 26.42862], [87.41645, 26.42697], [87.38421, 26.41865], [87.3564, 26.40371], [87.34493, 26.38935], [87.32622, 26.35333], [87.31403, 26.34377], [87.30049, 26.34599], [87.25843, 26.36294], [87.2453, 26.37023], [87.23631, 26.3833], [87.22943, 26.39875], [87.2191, 26.4081], [87.18846, 26.39958], [87.13502, 26.3942], [87.10629, 26.40475], [87.08329, 26.43208], [87.06671, 26.46562], [87.05668, 26.49487], [87.05647, 26.49492], [87.045, 26.54427], [87.04443, 26.56117], [87.04133, 26.58019], [87.02991, 26.57977], [87.01544, 26.56897], [86.98521, 26.54066], [86.97245, 26.53197], [86.93515, 26.52029], [86.90713, 26.51151], [86.87597, 26.49492], [86.86568, 26.47244], [86.84636, 26.45265], [86.82186, 26.43813], [86.79644, 26.43151], [86.78724, 26.43306], [86.75189, 26.44552], [86.7382, 26.44371], [86.73071, 26.43379], [86.72409, 26.42195], [86.7136, 26.41456], [86.6952, 26.41823], [86.62534, 26.45632], [86.5579, 26.48402], [86.53795, 26.49487], [86.53775, 26.49487], [86.52431, 26.50908], [86.51062, 26.52014], [86.49491, 26.52784], [86.47548, 26.53197], [86.44483, 26.54308], [86.38365, 26.57285], [86.35367, 26.58262], [86.34484, 26.58262], [86.32318, 26.58008], [86.316, 26.58096], [86.30903, 26.58799], [86.30861, 26.60215], [86.30138, 26.60902], [86.28443, 26.61202], [86.26309, 26.60908], [86.22516, 26.5974], [86.20288, 26.58458], [86.19585, 26.58267], [86.18536, 26.58442], [86.17927, 26.58861], [86.17446, 26.59331], [86.16779, 26.59662], [86.15265, 26.60065], [86.14635, 26.60136], [86.1448, 26.60153], [86.12206, 26.60029], [86.11586, 26.60256], [86.11069, 26.60675], [86.0417, 26.64545], [86.01137, 26.65445], [85.97571, 26.64437], [85.95215, 26.64204], [85.93468, 26.6329], [85.86637, 26.57993], [85.84476, 26.56851], [85.82854, 26.56613], [85.82161, 26.57171], [85.81975, 26.57952], [85.81955, 26.5883], [85.81763, 26.59672], [85.80973, 26.60303], [85.80007, 26.6007], [85.78999, 26.59703], [85.781, 26.5992], [85.72705, 26.6376], [85.71289, 26.65321], [85.70224, 26.68845], [85.70963, 26.76245], [85.70183, 26.79661], [85.68777, 26.81185], [85.60938, 26.85102], [85.59858, 26.85438], [85.51946, 26.82643], [85.47569, 26.80524], [85.43962, 26.78772], [85.42154, 26.78266], [85.40319, 26.78762], [85.38588, 26.78844], [85.36924, 26.77501], [85.35535, 26.75991], [85.35322, 26.75759], [85.33704, 26.74679], [85.30237, 26.73734], [85.28728, 26.73697], [85.19493, 26.75888], [85.16568, 26.78627], [85.16553, 26.82079], [85.16202, 26.85102], [85.12284, 26.8657], [85.10021, 26.86353], [85.04399, 26.84374], [85.01856, 26.8458], [85.01686, 26.85924], [85.01805, 26.87443], [85.00084, 26.88224], [84.98818, 26.88379], [84.97577, 26.88689], [84.95273, 26.89764], [84.94425, 26.91572], [84.93857, 26.9366], [84.92405, 26.95567], [84.90157, 26.96719], [84.85175, 26.98213], [84.82829, 26.99484], [84.82813, 26.99494], [84.81749, 27.0106], [84.80193, 27.01375], [84.7855, 27.00848], [84.77196, 26.99918], [84.7607, 26.99902], [84.64024, 27.02838], [84.62727, 27.03649], [84.62148, 27.05799], [84.63037, 27.08083], [84.64453, 27.10372], [84.6544, 27.12537], [84.65982, 27.16511], [84.65765, 27.20341], [84.6482, 27.24072], [84.63192, 27.27704], [84.60655, 27.31048], [84.57704, 27.32903], [84.28941, 27.37611], [84.2677, 27.38856], [84.24889, 27.41244], [84.23902, 27.43114], [84.22554, 27.44039], [84.19525, 27.43605], [84.18585, 27.43864], [84.1751, 27.46298], [84.16575, 27.47217], [84.14172, 27.48075], [84.13097, 27.48641], [84.12156, 27.49496], [84.11717, 27.51328], [84.09955, 27.51687], [84.0796, 27.50954], [84.02891, 27.45373], [84.00767, 27.44081], [83.97584, 27.43972], [83.93594, 27.44608], [83.92302, 27.44995], [83.92204, 27.4497], [83.89987, 27.44386], [83.85352, 27.44096], [83.83409, 27.43404], [83.84272, 27.41807], [83.87119, 27.38944], [83.87367, 27.38009], [83.87765, 27.36991], [83.87739, 27.36174], [83.86752, 27.35838], [83.86173, 27.35451], [83.8546, 27.34505], [83.85334, 27.34619], [83.84799, 27.35104], [83.802, 27.36593], [83.6634, 27.43228], [83.59043, 27.45662], [83.48098, 27.46975], [83.38703, 27.47047], [83.36099, 27.4622], [83.35592, 27.45249], [83.35386, 27.44029], [83.35582, 27.42866], [83.37096, 27.41021], [83.36957, 27.39817], [83.36275, 27.38562], [83.34114, 27.35694], [83.32435, 27.34169], [83.30487, 27.33192], [83.28244, 27.33094], [83.2595, 27.33813], [83.24942, 27.3481], [83.24312, 27.36216], [83.23159, 27.38122], [83.21924, 27.39378], [83.16963, 27.43119], [83.13279, 27.44422], [83.01047, 27.44339], [82.94716, 27.45732], [82.90127, 27.48036], [82.87626, 27.48755], [82.75214, 27.49496], [82.72971, 27.51817], [82.71886, 27.55612], [82.70925, 27.63092], [82.69705, 27.6694], [82.67969, 27.69441], [82.67389, 27.69646], [82.65214, 27.70415], [82.52616, 27.67521], [82.44068, 27.66643], [82.40193, 27.67717], [82.34792, 27.72601], [82.27041, 27.76048], [82.15104, 27.84828], [82.10742, 27.86357], [82.09037, 27.87233], [82.07166, 27.89003], [82.05161, 27.90517], [82.05021, 27.90559], [82.02722, 27.91241], [81.9759, 27.91695], [81.9464, 27.90535], [81.90609, 27.86311], [81.8832, 27.84905], [81.85565, 27.85094], [81.82785, 27.86564], [81.80015, 27.88409], [81.75013, 27.90967], [81.71039, 27.94752], [81.68895, 27.9632], [81.66543, 27.9708], [81.61505, 27.98124], [81.59536, 27.99478], [81.5951, 27.99488], [81.58218, 28.01328], [81.56193, 28.02599], [81.47346, 28.0664], [81.45821, 28.07728], [81.45403, 28.08661], [81.45294, 28.09705], [81.44824, 28.11141], [81.43527, 28.12978], [81.41733, 28.14702], [81.39604, 28.16063], [81.3732, 28.16784], [81.35791, 28.16598], [81.35145, 28.15681], [81.34726, 28.14443], [81.33812, 28.13273], [81.3237, 28.12624], [81.30706, 28.12381], [81.29621, 28.12831], [81.29941, 28.14252], [81.28308, 28.14609], [81.27678, 28.15379], [81.28075, 28.16198], [81.29595, 28.16746], [81.28236, 28.19159], [81.22432, 28.25078], [81.21073, 28.27864], [81.19037, 28.33812], [81.1697, 28.36132], [81.14634, 28.37225], [81.04707, 28.38909], [81.00041, 28.397], [80.99317, 28.40783], [80.99131, 28.42026], [80.9878, 28.43098], [80.97602, 28.43692], [80.96052, 28.43227], [80.94119, 28.43268], [80.92134, 28.4362], [80.90527, 28.44085], [80.88667, 28.45279], [80.88186, 28.46684], [80.88036, 28.48188], [80.87225, 28.49687], [80.85799, 28.50245], [80.81701, 28.50255], [80.79841, 28.5057], [80.78166, 28.51475], [80.74353, 28.54996], [80.72709, 28.55968], [80.69578, 28.56751], [80.67862, 28.57472], [80.66818, 28.58634], [80.64834, 28.61975], [80.63563, 28.62787], [80.59852, 28.63378], [80.58137, 28.63895], [80.56359, 28.64704], [80.55687, 28.65502], [80.55739, 28.66435], [80.55904, 28.67303], [80.55584, 28.67895], [80.53444, 28.67956], [80.5176, 28.68003], [80.49755, 28.67014], [80.48762, 28.65647], [80.48494, 28.63929], [80.49341, 28.57565], [80.48845, 28.56244], [80.46881, 28.57185], [80.42654, 28.61681], [80.40835, 28.62634], [80.3883, 28.62725], [80.36908, 28.62265], [80.34975, 28.62022], [80.3297, 28.62748], [80.31833, 28.64011], [80.29105, 28.68967], [80.2834, 28.69536], [80.26521, 28.69928], [80.25704, 28.70275], [80.2494, 28.71021], [80.23896, 28.72626], [80.23327, 28.73272], [80.21643, 28.74194], [80.18118, 28.74729], [80.16206, 28.75329], [80.14759, 28.76331], [80.11421, 28.80258], [80.08186, 28.81935], [80.07305, 28.82092], [80.05478, 28.82418], [80.03639, 28.83703], [80.03029, 28.87767], [80.03111, 28.8978], [80.03391, 28.91594], [80.04052, 28.93281], [80.05292, 28.94911], [80.06843, 28.95994], [80.08517, 28.96748], [80.09943, 28.97728], [80.10791, 28.99459], [80.10791, 28.99477], [80.1047, 29.02761], [80.11307, 29.07221], [80.13261, 29.11021], [80.16351, 29.12337], [80.18056, 29.12132], [80.20144, 29.12117], [80.22066, 29.12608], [80.23307, 29.13931], [80.23048, 29.15473], [80.21374, 29.19656], [80.2188, 29.21109], [80.23606, 29.21308], [80.24867, 29.20439], [80.25818, 29.20246], [80.27875, 29.26808], [80.28278, 29.29131], [80.28009, 29.31015], [80.27275, 29.31571], [80.26355, 29.31532], [80.25498, 29.31664], [80.2495, 29.327], [80.24216, 29.36741], [80.22097, 29.40012], [80.21374, 29.41689], [80.21767, 29.43464], [80.22831, 29.44172], [80.25746, 29.45006], [80.26345, 29.45924], [80.26624, 29.47213], [80.27306, 29.47867], [80.28205, 29.4843], [80.29115, 29.49461], [80.29146, 29.49474], [80.31151, 29.50812], [80.32009, 29.51582], [80.32722, 29.52484], [80.32763, 29.52993], [80.32505, 29.53551], [80.3236, 29.54166], [80.32722, 29.54858], [80.3327, 29.55246], [80.3451, 29.55835], [80.35079, 29.56207], [80.37332, 29.58419], [80.3852, 29.60484], [80.38675, 29.62682], [80.37755, 29.65295], [80.36391, 29.67971], [80.3544, 29.70488], [80.3543, 29.73028], [80.36898, 29.75793], [80.39523, 29.77658], [80.45486, 29.79059], [80.47615, 29.80614], [80.52731, 29.86242], [80.54953, 29.89368], [80.56287, 29.9297], [80.57134, 29.94685], [80.58622, 29.95414], [80.62229, 29.95817], [80.64141, 29.96344], [80.65413, 29.97058], [80.68017, 29.99207], [80.71583, 30.01331], [80.72575, 30.02277], [80.75572, 30.06457], [80.76967, 30.07729], [80.82982, 30.11713], [80.84967, 30.14338], [80.83644, 30.17005], [80.85039, 30.18193], [80.86791, 30.20017], [80.88368, 30.21028], [80.88388, 30.21041], [80.89365, 30.1981], [80.90331, 30.18043], [80.92083, 30.17666], [80.98816, 30.19656], [80.99602, 30.19697], [81.00651, 30.18891], [81.01943, 30.17227], [81.0309, 30.15273], [81.04366, 30.12023], [81.06661, 30.08716], [81.0742, 30.07191], [81.08445, 30.02788], [81.08485, 30.02618], [81.09777, 30.01693], [81.12459, 30.02277], [81.1481, 30.02323], [81.19451, 30.00447], [81.21683, 30.0082], [81.22727, 30.02246], [81.22572, 30.05047], [81.23952, 30.05879], [81.25709, 30.06354], [81.2668, 30.06995], [81.2679, 30.07205], [81.27202, 30.07992], [81.27595, 30.09537], [81.2745, 30.10219], [81.26634, 30.11775], [81.26696, 30.12509], [81.2777, 30.13186], [81.29326, 30.13284], [81.30954, 30.13206], [81.32241, 30.13377], [81.33827, 30.14354], [81.35005, 30.15723], [81.35729, 30.17356], [81.36183, 30.20477], [81.37439, 30.22312], [81.37785, 30.23263], [81.37692, 30.2412], [81.37052, 30.25728], [81.36902, 30.26606], [81.36804, 30.30105], [81.37155, 30.31691], [81.38214, 30.33128], [81.38726, 30.34513], [81.38488, 30.36094], [81.38752, 30.37391], [81.40741, 30.37918], [81.42612, 30.37251], [81.46281, 30.34135], [81.48307, 30.3319], [81.50937, 30.32838], [81.52069, 30.33195], [81.53195, 30.37034], [81.53681, 30.37856], [81.54425, 30.38264], [81.56327, 30.38559], [81.57671, 30.39096], [81.58198, 30.39944], [81.58508, 30.40812], [81.59159, 30.41427], [81.61401, 30.4169], [81.63572, 30.41096], [81.75737, 30.3629], [81.77902, 30.35805], [81.8015, 30.3613], [81.82279, 30.36817], [81.84439, 30.37117], [81.88718, 30.355], [81.92149, 30.35737], [81.94123, 30.35396], [81.95012, 30.34838], [81.96211, 30.33365], [81.96903, 30.32828], [81.97885, 30.32683], [81.98846, 30.32978], [81.99818, 30.33407], [82.00763, 30.33681], [82.04985, 30.33923], [82.07321, 30.33722], [82.08877, 30.33009], [82.09321, 30.31474], [82.0821, 30.25733], [82.08499, 30.23082], [82.0959, 30.21345], [82.11424, 30.20219], [82.14039, 30.19402], [82.15569, 30.18136], [82.15099, 30.16224], [82.12758, 30.12436], [82.12871, 30.11077], [82.13522, 30.08974], [82.14453, 30.06943], [82.15383, 30.05817], [82.17424, 30.05548], [82.19217, 30.06147], [82.21067, 30.06442], [82.25573, 30.03967], [82.27599, 30.03693], [82.29651, 30.03682], [82.31888, 30.03181], [82.32715, 30.02571], [82.33909, 30.00923], [82.3473, 30.00344], [82.36374, 30.00117], [82.37914, 30.00323], [82.39443, 30.00313], [82.40978, 29.9946], [82.42285, 29.97967], [82.43893, 29.96577], [82.45707, 29.95409], [82.47582, 29.94551], [82.52424, 29.93239], [82.54181, 29.92324], [82.6185, 29.83983], [82.63586, 29.82903], [82.64641, 29.82934], [82.66697, 29.83503], [82.67731, 29.83441], [82.68899, 29.82774], [82.68919, 29.81958], [82.68465, 29.80971], [82.68175, 29.79772], [82.69095, 29.78074], [82.75152, 29.73932], [82.77012, 29.71416], [82.78108, 29.70511], [82.79306, 29.69951], [82.80516, 29.69597], [82.81554, 29.69013], [82.82237, 29.67796], [82.83658, 29.65979], [82.85745, 29.6662], [82.88009, 29.68111], [82.89973, 29.68842], [82.90913, 29.68462], [82.9237, 29.66966], [82.93192, 29.66418], [82.9421, 29.66295], [82.96432, 29.66589], [82.9759, 29.66403], [83.03289, 29.62047], [83.0409, 29.61029], [83.0545, 29.58605], [83.06494, 29.57879], [83.07956, 29.57964], [83.08555, 29.59039], [83.08845, 29.60442], [83.09336, 29.61514], [83.10028, 29.61768], [83.12669, 29.62341], [83.15005, 29.62563], [83.16209, 29.62517], [83.17356, 29.62127], [83.18725, 29.6121], [83.19087, 29.6069], [83.19449, 29.59365], [83.19718, 29.5891], [83.20493, 29.58491], [83.22188, 29.57982], [83.22932, 29.57595], [83.25257, 29.5552], [83.26084, 29.54205], [83.26332, 29.52709], [83.25991, 29.51877], [83.25402, 29.51329], [83.24875, 29.50657], [83.2472, 29.49474], [83.26394, 29.47301], [83.32797, 29.48502], [83.3552, 29.46073], [83.35779, 29.44275], [83.3552, 29.42797], [83.35701, 29.41536], [83.38724, 29.3935], [83.38941, 29.38245], [83.38827, 29.37022], [83.39313, 29.35625], [83.40502, 29.34648], [83.41778, 29.3409], [83.42817, 29.33346], [83.43721, 29.30524], [83.44822, 29.29677], [83.47581, 29.28692], [83.49338, 29.27615], [83.503, 29.26103], [83.5125, 29.22349], [83.51457, 29.20181], [83.51705, 29.19171], [83.52372, 29.18359], [83.53597, 29.17923], [83.56139, 29.17623], [83.57203, 29.1684], [83.58382, 29.16215], [83.62444, 29.15546], [83.63927, 29.15476], [83.65499, 29.16041], [83.65601, 29.16078], [83.6634, 29.17481], [83.66774, 29.19233], [83.67508, 29.20876], [83.69549, 29.22618], [83.71973, 29.23359], [83.74536, 29.23447], [83.77063, 29.23225], [83.79321, 29.23475], [83.83786, 29.254], [83.86163, 29.2602], [83.86886, 29.26344], [83.87739, 29.27677], [83.88344, 29.28201], [83.91439, 29.2894], [83.93315, 29.29178], [83.94555, 29.29183], [83.95795, 29.28904], [83.96726, 29.2847], [83.97325, 29.27702], [83.97584, 29.26375], [83.98824, 29.26953], [84.0009, 29.27253], [84.01252, 29.2702], [84.02152, 29.25977], [84.03521, 29.24762], [84.05304, 29.25036], [84.07206, 29.25698], [84.08973, 29.25661], [84.09914, 29.247], [84.10534, 29.21992], [84.11236, 29.2091], [84.12601, 29.20625], [84.14198, 29.20827], [84.15546, 29.20664], [84.16166, 29.19253], [84.1552, 29.17595], [84.14172, 29.16026], [84.13226, 29.1438], [84.138, 29.12466], [84.16011, 29.10549], [84.16621, 29.09846], [84.16972, 29.08892], [84.17546, 29.0574], [84.1982, 29.04531], [84.22057, 29.0389], [84.23143, 29.02598], [84.20673, 28.94066], [84.22529, 28.91411], [84.23515, 28.90002], [84.286, 28.87374], [84.354, 28.86129], [84.3663, 28.85674], [84.37659, 28.84884], [84.39307, 28.82434], [84.41431, 28.80827], [84.42273, 28.79917], [84.43782, 28.75334], [84.45085, 28.73388], [84.47575, 28.72729], [84.49859, 28.72786], [84.51565, 28.7214], [84.53198, 28.71269], [84.55182, 28.70639], [84.60722, 28.6982], [84.61621, 28.69365], [84.62582, 28.67608], [84.63264, 28.66879], [84.65228, 28.66239], [84.67114, 28.65895], [84.68297, 28.65076], [84.67776, 28.6044], [84.69083, 28.59614], [84.73662, 28.59417], [84.75563, 28.58541], [84.78178, 28.5589], [84.79914, 28.54663], [84.81196, 28.54198], [84.82395, 28.54053], [84.87929, 28.54363], [84.89144, 28.54177], [84.90787, 28.53702], [84.91872, 28.53568], [84.92849, 28.53847], [84.93645, 28.54477], [84.94895, 28.56828], [84.95495, 28.5743], [84.98477, 28.58859], [84.99407, 28.59081], [85.00249, 28.59443], [85.00916, 28.60254], [85.01877, 28.61986], [85.02528, 28.62841], [85.0321, 28.63407], [85.05494, 28.63869], [85.07504, 28.63166], [85.11189, 28.60882], [85.16098, 28.595], [85.16801, 28.58319], [85.15695, 28.53314], [85.15375, 28.5249], [85.14765, 28.51583], [85.14036, 28.51092], [85.12315, 28.50459], [85.11721, 28.49733], [85.11566, 28.49149], [85.11556, 28.47273], [85.10946, 28.4593], [85.08367, 28.44553], [85.07758, 28.43568], [85.08569, 28.38101], [85.08569, 28.36153], [85.08187, 28.3317], [85.08021, 28.31879], [85.0874, 28.30411], [85.10941, 28.29225], [85.13416, 28.29197], [85.15457, 28.30086], [85.17359, 28.30432], [85.20573, 28.27828], [85.22392, 28.27169], [85.24341, 28.26791], [85.25958, 28.26693], [85.27312, 28.26983], [85.30102, 28.28107], [85.3126, 28.28277], [85.32573, 28.2774], [85.33482, 28.26869], [85.34536, 28.26125], [85.36257, 28.25967], [85.37782, 28.26598], [85.40138, 28.28879], [85.41523, 28.29644], [85.43156, 28.29706], [85.44665, 28.29215], [85.47569, 28.2791], [85.49755, 28.28262], [85.52065, 28.28293], [85.5437, 28.28039], [85.5653, 28.27538], [85.5855, 28.26319], [85.59894, 28.25083], [85.61181, 28.25115], [85.63909, 28.28789], [85.64695, 28.2937], [85.66814, 28.30055], [85.67506, 28.30639], [85.6762, 28.31512], [85.67599, 28.32473], [85.67914, 28.3329], [85.69294, 28.33522], [85.698, 28.31344], [85.69976, 28.2691], [85.71557, 28.24337], [85.73449, 28.22153], [85.7566, 28.20324], [85.78275, 28.1881], [85.82689, 28.17048], [85.84828, 28.15893], [85.86337, 28.14335], [85.86704, 28.13293], [85.87174, 28.11092], [85.8891, 28.09028], [85.89107, 28.0809], [85.88983, 28.07126], [85.89045, 28.05919], [85.8983, 28.03602], [85.90895, 28.02242], [85.94398, 27.99473], [85.95659, 27.97623], [85.95628, 27.95687], [85.95184, 27.9368], [85.95122, 27.91623], [85.96269, 27.89137], [85.98026, 27.88517], [86.02646, 27.88993], [86.05142, 27.88755], [86.0546, 27.88801], [86.0617, 27.88905], [86.07565, 27.89478], [86.10718, 27.92284], [86.11286, 27.9268], [86.11224, 27.93726], [86.10718, 27.94424], [86.10056, 27.95023], [86.0956, 27.95785], [86.09508, 27.96889], [86.09803, 27.97752], [86.09813, 27.98563], [86.0894, 27.99473], [86.0894, 27.99488], [86.0893, 27.99488], [86.07917, 28.00113], [86.07762, 28.00695], [86.07953, 28.01333], [86.07953, 28.02165], [86.08392, 28.03855], [86.0847, 28.04387], [86.08155, 28.0517], [86.07018, 28.06671], [86.06873, 28.07676], [86.15596, 28.15652], [86.17601, 28.15301], [86.18604, 28.13353], [86.18717, 28.1087], [86.18076, 28.08875], [86.17224, 28.07183], [86.17446, 28.06245], [86.18185, 28.05488], [86.18914, 28.04361], [86.19601, 28.01457], [86.20304, 28.00258], [86.21776, 27.99498], [86.21792, 27.99493], [86.21838, 27.99473], [86.23854, 27.98956], [86.259, 27.98765], [86.27807, 27.98369], [86.29466, 27.97238], [86.31822, 27.94579], [86.32773, 27.93969], [86.33755, 27.93804], [86.34561, 27.94093], [86.35367, 27.94481], [86.36298, 27.9461], [86.37197, 27.94196], [86.40571, 27.917], [86.4253, 27.90993], [86.43884, 27.91086], [86.47548, 27.9276], [86.49692, 27.93788], [86.51046, 27.95243], [86.51676, 27.97143], [86.51645, 27.99473], [86.5162, 28.01225], [86.52229, 28.02372], [86.53092, 28.03369], [86.53837, 28.04718], [86.54074, 28.06216], [86.54126, 28.07821], [86.54415, 28.09302], [86.55356, 28.10415], [86.56953, 28.10661], [86.58312, 28.09803], [86.59686, 28.0865], [86.61231, 28.08028], [86.62715, 28.08348], [86.64947, 28.10118], [86.66198, 28.10684], [86.68006, 28.10573], [86.69965, 28.09875], [86.71768, 28.08826], [86.73174, 28.07692], [86.73598, 28.06485], [86.7322, 28.03496], [86.7398, 28.0215], [86.76998, 28.01209], [86.84047, 28.01478], [86.86817, 27.99488], [86.86817, 27.99473], [86.8769, 27.97065], [86.89307, 27.95419], [86.91473, 27.94512], [86.94036, 27.9431], [86.97023, 27.94744], [86.98209, 27.95067], [86.98873, 27.95248], [87.00568, 27.9515], [87.03053, 27.93809], [87.062, 27.90843], [87.11652, 27.84458], [87.1558, 27.8258], [87.182, 27.8245], [87.2329, 27.82972], [87.29052, 27.81608], [87.31393, 27.82859], [87.33584, 27.84636], [87.36384, 27.85525], [87.38534, 27.84941], [87.38069, 27.83582], [87.36912, 27.81908], [87.36912, 27.80394], [87.38679, 27.8044], [87.47557, 27.8267], [87.51453, 27.8352], [87.53159, 27.8368], [87.55133, 27.83189], [87.55598, 27.82709], [87.5598, 27.81908], [87.56507, 27.81086], [87.57334, 27.80502], [87.58998, 27.80461], [87.62109, 27.81954], [87.63608, 27.82365], [87.65995, 27.81988], [87.67853, 27.81335], [87.70047, 27.80564], [87.72682, 27.80776], [87.75638, 27.82037], [87.77984, 27.83944], [87.79865, 27.86347], [87.81415, 27.89096], [87.82588, 27.90657], [87.83669, 27.90832], [87.85612, 27.89861], [87.93456, 27.8953], [87.94521, 27.8923], [87.96639, 27.88274], [87.97843, 27.88052], [87.99182, 27.88264], [88.01812, 27.89215], [88.02995, 27.89334], [88.0528, 27.88652], [88.09574, 27.86533], [88.11822, 27.86088]]]}, "properties": {"id": "zeXz", "status": "validé", "pieces": [{"kind": "country"}]}}, {"type": "Feature", "geometry": null, "properties": {"id": "zxhL", "status": "rejeté", "pieces": []}}]}