{"type": "FeatureCollection", "features": [{"type": "Feature", "geometry": {"type": "Polygon", "coordinates": [[[55.67459, 18.1343], [55.65811, 18.08994], [55.87509, 18.09907], [56.01929, 17.99074], [56.23764, 18.02207], [56.35849, 18.07558], [56.46698, 18.12517], [56.45325, 18.19951], [56.35712, 18.12386], [56.24725, 18.08211], [56.01791, 18.07819], [55.81329, 18.16952], [55.67459, 18.1343]]]}, "properties": {"id": "0Tbz", "status": "validé", "pieces": [{"kind": "polygon", "ring": [[55.67459, 18.1343], [55.65811, 18.08994], [55.87509, 18.09907], [56.01929, 17.99074], [56.23764, 18.02207], [56.35849, 18.07558], [56.46698, 18.12517], [56.45325, 18.19951], [56.35712, 18.12386], [56.24725, 18.08211], [56.01791, 18.07819], [55.81329, 18.16952]]}]}}, {"type": "Feature", "geometry": {"type": "MultiPolygon", "coordinates": [[[[57.64519, 23.79043], [57.68678, 23.78335], [57.70973, 23.78221], [57.77735, 23.78596], [57.79575, 23.78221], [57.82439, 23.74763], [57.83497, 23.74006], [57.85922, 23.73408], [57.88771, 23.72085], [57.91277, 23.71784], [58.04314, 23.72455], [58.08676, 23.72211], [58.1316, 23.71332], [58.1231, 23.7062], [58.12289, 23.7038], [58.12475, 23.70339], [58.09282, 23.56084], [58.11834, 23.46219], [57.90037, 23.2961], [57.87019, 23.23432], [57.61378, 23.19574], [57.57554, 23.213], [57.46009, 23.22525], [57.16367, 23.50397], [57.28684, 23.54098], [57.41652, 23.64262], [57.53268, 23.82959], [57.58644, 23.80744], [57.64519, 23.79043]]], [[[57.00806, 23.73296], [57.07123, 23.88116], [57.12174, 23.97578], [57.15154, 23.95356], [57.18426, 23.93427], [57.24701, 23.91208], [57.24701, 23.88869], [57.1701, 23.71537], [57.11243, 23.52168], [57.00806, 23.58711], [57.00806, 23.73296]]]]}, "properties": {"id": "2Xid", "status": "validé", "pieces": [{"kind": "admin1", "code": "OMN-5497"}, {"kind": "polygon", "ring": [[57.11243, 23.52168], [57.00806, 23.58711], [57.00806, 23.73296], [57.07123, 23.88116], [57.12616, 23.98405], [57.24701, 23.97652], [57.24701, 23.88869], [57.1701, 23.71537]]}, {"kind": "clip"}]}}, {"type": "Feature", "geometry": {"type": "Polygon", "coordinates": [[[58.14514, 20.82912], [58.23303, 21.14697], [58.21655, 21.64288], [58.14514, 21.94879], [58.07373, 22.11675], [57.96936, 22.39625], [57.95837, 22.63972], [57.94739, 22.74104], [57.79358, 22.75117], [57.71667, 22.88782], [57.76611, 22.90805], [57.81006, 22.81698], [58.0188, 22.86758], [58.07373, 22.72078], [58.04626, 22.56876], [58.16711, 22.24895], [58.32092, 21.95897], [58.3429, 21.58673], [58.3429, 21.13673], [58.23303, 20.82399], [58.14514, 20.82912]]]}, "properties": {"id": "3ymS", "status": "validé", "pieces": [{"kind": "polygon", "ring": [[58.14514, 20.82912], [58.23303, 21.14697], [58.21655, 21.64288], [58.14514, 21.94879], [58.07373, 22.11675], [57.96936, 22.39625], [57.95837, 22.63972], [57.94739, 22.74104], [57.79358, 22.75117], [57.71667, 22.88782], [57.76611, 22.90805], [57.81006, 22.81698], [58.0188, 22.86758], [58.07373, 22.72078], [58.04626, 22.56876], [58.16711, 22.24895], [58.32092, 21.95897], [58.3429, 21.58673], [58.3429, 21.13673], [58.23303, 20.82399]]}]}}, {"type": "Feature", "geometry": {"type": "Polygon", "coordinates": [[[55.53589, 23.30761], [55.38757, 23.15119], [55.31616, 22.92886], [55.30518, 22.75681], [55.49194, 22.6251], [55.71716, 22.62003], [55.92041, 22.61496], [56.04675, 22.5237], [56.37085, 22.48819], [56.62903, 22.60483], [56.53015, 22.91875], [56.47522, 23.08554], [56.27197, 23.09059], [55.96985, 23.131], [55.7666, 23.10069], [55.72266, 23.16634], [55.69519, 23.29248], [55.53589, 23.30761]]]}, "properties": {"id": "3yxy", "status": "validé", "pieces": [{"kind": "polygon", "ring": [[55.53589, 23.30761], [55.38757, 23.15119], [55.31616, 22.92886], [55.30518, 22.75681], [55.49194, 22.6251], [55.71716, 22.62003], [55.92041, 22.61496], [56.04675, 22.5237], [56.37085, 22.48819], [56.62903, 22.60483], [56.53015, 22.91875], [56.47522, 23.08554], [56.27197, 23.09059], [55.96985, 23.131], [55.7666, 23.10069], [55.72266, 23.16634], [55.69519, 23.29248]]}]}}, {"type": "Feature", "geometry": {"type": "Polygon", "coordinates": [[[54.06921, 17.69248], [55.12939, 18.22526], [56.1676, 18.9279], [56.37085, 19.03175], [56.11816, 19.67415], [56.15662, 19.81369], [56.20605, 19.83951], [56.20605, 19.67415], [56.50269, 19.07327], [56.36536, 18.78761], [55.75012, 18.36602], [55.48096, 18.18353], [55.2887, 18.16788], [54.89319, 17.84934], [54.53064, 17.69771], [54.08569, 17.57735], [54.06921, 17.69248]]]}, "properties": {"id": "4S9b", "status": "validé", "pieces": [{"kind": "polygon", "ring": [[54.06921, 17.69248], [55.12939, 18.22526], [56.1676, 18.9279], [56.37085, 19.03175], [56.11816, 19.67415], [56.15662, 19.81369], [56.20605, 19.83951], [56.20605, 19.67415], [56.50269, 19.07327], [56.36536, 18.78761], [55.75012, 18.36602], [55.48096, 18.18353], [55.2887, 18.16788], [54.89319, 17.84934], [54.53064, 17.69771], [54.08569, 17.57735]]}]}}, {"type": "Feature", "geometry": {"type": "Polygon", "coordinates": [[[56.55006, 22.2784], [56.55006, 22.37237], [56.45462, 22.37237], [56.45462, 22.2784], [56.55006, 22.2784]]]}, "properties": {"id": "5EZS", "status": "validé", "pieces": [{"kind": "rect", "bounds": [56.45462, 22.2784, 56.55006, 22.37237]}]}}, {"type": "Feature", "geometry": {"type": "Polygon", "coordinates": [[[57.47498, 22.08586], [57.33765, 21.81085], [57.24426, 21.56083], [57.15637, 21.27458], [57.11792, 20.98264], [56.99707, 20.69012], [56.82129, 20.52566], [56.59607, 20.39705], [56.53564, 20.26318], [56.61255, 20.14466], [56.67297, 20.26833], [57.03552, 20.5308], [57.2168, 20.83389], [57.26074, 21.32574], [57.39258, 21.64252], [57.55737, 22.08078], [57.47498, 22.08586]]]}, "properties": {"id": "5P9r", "status": "validé", "pieces": [{"kind": "polygon", "ring": [[57.47498, 22.08586], [57.33765, 21.81085], [57.24426, 21.56083], [57.15637, 21.27458], [57.11792, 20.98264], [56.99707, 20.69012], [56.82129, 20.52566], [56.59607, 20.39705], [56.53564, 20.26318], [56.61255, 20.14466], [56.67297, 20.26833], [57.03552, 20.5308], [57.2168, 20.83389], [57.26074, 21.32574], [57.39258, 21.64252], [57.55737, 22.08078]]}]}}, {"type": "Feature", "geometry": {"type": "MultiPolygon", "coordinates": [[[[55.83172, 17.50227], [55.83172, 17.50235], [55.83709, 17.51008], [55.84881, 17.51529], [55.86297, 17.51887], [55.88307, 17.50715], [55.89088, 17.50458], [55.8908, 17.50454], [55.87582, 17.49592], [55.84571, 17.49608], [55.83627, 17.49095], [55.83619, 17.49091], [55.83245, 17.50039], [55.83172, 17.50227]]], [[[56.05844, 17.54434], [56.06788, 17.53221], [56.08107, 17.52363], [56.09555, 17.51887], [56.06381, 17.49958], [56.04689, 17.49335], [56.0311, 17.49091], [55.98683, 17.49291], [55.97283, 17.49836], [55.9642, 17.51992], [55.99057, 17.53539], [56.02882, 17.54768], [56.05535, 17.5598], [56.05535, 17.55972], [56.0582, 17.54584], [56.05844, 17.54434]]], [[[58.94508, 20.53522], [58.95395, 20.51992], [58.95004, 20.50894], [58.94117, 20.50092], [58.90284, 20.47411], [58.86232, 20.45279], [58.84409, 20.43732], [58.82016, 20.40302], [58.80828, 20.37958], [58.79664, 20.33153], [58.78761, 20.31452], [58.78761, 20.31444], [58.78761, 20.30329], [58.78777, 20.3024], [58.78932, 20.2932], [58.7894, 20.28653], [58.78517, 20.27953], [58.75147, 20.24803], [58.73341, 20.22455], [58.72429, 20.21515], [58.71534, 20.2121], [58.70265, 20.21044], [58.69125, 20.20775], [58.68653, 20.20148], [58.68312, 20.1909], [58.67457, 20.17951], [58.66358, 20.17137], [58.65235, 20.17048], [58.65219, 20.17048], [58.64698, 20.17967], [58.64259, 20.18724], [58.63746, 20.21845], [58.63649, 20.2497], [58.63868, 20.26663], [58.63836, 20.26785], [58.63592, 20.277], [58.64291, 20.35611], [58.6482, 20.36884], [58.65903, 20.38272], [58.66456, 20.38784], [58.68238, 20.40062], [58.68995, 20.40322], [58.6919, 20.40518], [58.69386, 20.40717], [58.69825, 20.42569], [58.70069, 20.4311], [58.71762, 20.437], [58.73422, 20.43765], [58.75123, 20.44013], [58.76889, 20.45161], [58.77711, 20.46219], [58.78077, 20.46699], [58.78452, 20.4794], [58.78517, 20.48164], [58.7894, 20.51992], [58.79558, 20.5384], [58.80486, 20.55345], [58.85287, 20.61335], [58.87135, 20.6496], [58.88258, 20.68252], [58.89129, 20.69428], [58.90626, 20.69798], [58.9183, 20.68146], [58.9183, 20.68134], [58.917, 20.66425], [58.91017, 20.64594], [58.90626, 20.626], [58.90838, 20.60472], [58.91432, 20.58784], [58.94508, 20.53522]]], [[[56.46957, 24.77534], [56.48032, 24.76512], [56.48683, 24.74185], [56.4935, 24.70018], [56.61118, 24.49632], [56.63559, 24.47138], [56.69215, 24.42524], [56.80144, 24.30297], [56.82309, 24.27115], [56.83229, 24.25251], [56.84107, 24.22382], [56.93946, 24.11591], [57.05828, 24.0231], [57.15154, 23.95356], [57.18426, 23.93427], [57.32635, 23.88402], [57.50961, 23.8391], [57.58644, 23.80744], [57.64519, 23.79043], [57.68678, 23.78335], [57.70973, 23.78221], [57.77735, 23.78596], [57.79575, 23.78221], [57.82439, 23.74763], [57.83497, 23.74006], [57.85922, 23.73408], [57.88771, 23.72085], [57.91277, 23.71784], [58.04314, 23.72455], [58.08676, 23.72211], [58.1316, 23.71332], [58.19321, 23.68936], [58.2103, 23.68598], [58.22739, 23.67914], [58.26417, 23.64484], [58.2824, 23.63142], [58.31723, 23.62092], [58.36354, 23.61555], [58.41196, 23.6162], [58.45297, 23.62397], [58.47486, 23.63154], [58.48365, 23.63813], [58.4909, 23.65656], [58.49952, 23.65689], [58.51857, 23.65192], [58.56137, 23.65111], [58.58416, 23.64696], [58.6045, 23.6376], [58.61329, 23.62507], [58.63331, 23.58527], [58.6421, 23.57681], [58.64715, 23.5749], [58.65154, 23.57054], [58.65553, 23.56574], [58.65903, 23.56249], [58.66131, 23.56314], [58.66684, 23.56391], [58.674, 23.56395], [58.68035, 23.56249], [58.69459, 23.55142], [58.7024, 23.54295], [58.70688, 23.53514], [58.71437, 23.53514], [58.72055, 23.54881], [58.72291, 23.5434], [58.72495, 23.54011], [58.72682, 23.53608], [58.72804, 23.52839], [58.73487, 23.52839], [58.73601, 23.53266], [58.74098, 23.54206], [58.74635, 23.53767], [58.74952, 23.53644], [58.76205, 23.54206], [58.78614, 23.51211], [58.79298, 23.49567], [58.7894, 23.48062], [58.79737, 23.46678], [58.80763, 23.42113], [58.82057, 23.40176], [58.87916, 23.35126], [58.91521, 23.33609], [58.92945, 23.3181], [58.94654, 23.27509], [58.95623, 23.25943], [58.9865, 23.23249], [59.00172, 23.21239], [59.0101, 23.15331], [59.07374, 23.09325], [59.07789, 23.08515], [59.08367, 23.05536], [59.0879, 23.04841], [59.09254, 23.04365], [59.12045, 23.02277], [59.17368, 22.99396], [59.20753, 22.97036], [59.23227, 22.94302], [59.25001, 22.91201], [59.28614, 22.82648], [59.28981, 22.81208], [59.29754, 22.79271], [59.31568, 22.77949], [59.35182, 22.76118], [59.39161, 22.70222], [59.39723, 22.6861], [59.41065, 22.67084], [59.45249, 22.6341], [59.4839, 22.61884], [59.50685, 22.60008], [59.5298, 22.58788], [59.53549, 22.58308], [59.53647, 22.57258], [59.53045, 22.57005], [59.52198, 22.57217], [59.51564, 22.57559], [59.5158, 22.56151], [59.52312, 22.55512], [59.53517, 22.55386], [59.54982, 22.55512], [59.6268, 22.57982], [59.65349, 22.56973], [59.69386, 22.54145], [59.69996, 22.54092], [59.71567, 22.54291], [59.7212, 22.54145], [59.72397, 22.53681], [59.72584, 22.52611], [59.72853, 22.52098], [59.72836, 22.51813], [59.72722, 22.51358], [59.72804, 22.50764], [59.73471, 22.50047], [59.73976, 22.49779], [59.7461, 22.49559], [59.75278, 22.49421], [59.75896, 22.49364], [59.76254, 22.4986], [59.75603, 22.50943], [59.74155, 22.52473], [59.74578, 22.53824], [59.75636, 22.53848], [59.77638, 22.54145], [59.80323, 22.53474], [59.82488, 22.50886], [59.83937, 22.47529], [59.84457, 22.44526], [59.82488, 22.2814], [59.81178, 22.23737], [59.79176, 22.19806], [59.73471, 22.12311], [59.70493, 22.09955], [59.68816, 22.08271], [59.68068, 22.06509], [59.67799, 22.0419], [59.65968, 21.99404], [59.65504, 21.94575], [59.64527, 21.92585], [59.60564, 21.91022], [59.59343, 21.89277], [59.577, 21.85627], [59.49789, 21.75633], [59.46762, 21.66641], [59.44858, 21.6249], [59.35499, 21.48566], [59.3475, 21.45356], [59.34425, 21.44473], [59.33619, 21.43773], [59.19532, 21.3791], [59.16627, 21.36278], [59.05437, 21.27709], [58.9192, 21.1437], [58.8781, 21.08381], [58.86793, 21.07477], [58.85426, 21.06562], [58.83855, 21.0445], [58.80787, 20.99079], [58.80445, 20.98159], [58.80193, 20.94623], [58.79884, 20.93602], [58.79298, 20.9274], [58.73487, 20.883], [58.73902, 20.86225], [58.72218, 20.84805], [58.68035, 20.82835], [58.68149, 20.82648], [58.67384, 20.80817], [58.6727, 20.80785], [58.66578, 20.80158], [58.66131, 20.79633], [58.65903, 20.79084], [58.66147, 20.78164], [58.66765, 20.77228], [58.67644, 20.76439], [58.68653, 20.75947], [58.70135, 20.76602], [58.71811, 20.78083], [58.72934, 20.78681], [58.72804, 20.76691], [58.71811, 20.75365], [58.69988, 20.74079], [58.68181, 20.73591], [58.6727, 20.7464], [58.66651, 20.7464], [58.6609, 20.73233], [58.65333, 20.70527], [58.64536, 20.69115], [58.63746, 20.68439], [58.61541, 20.67243], [58.6045, 20.66327], [58.59181, 20.64395], [58.58082, 20.61848], [58.57325, 20.59064], [58.57049, 20.56428], [58.5451, 20.51643], [58.53126, 20.48139], [58.53248, 20.46528], [58.52687, 20.45771], [58.5215, 20.42438], [58.51857, 20.41681], [58.51043, 20.41523], [58.49708, 20.41079], [58.48357, 20.4042], [58.47413, 20.39639], [58.46746, 20.36953], [58.44581, 20.35863], [58.41765, 20.3596], [58.39161, 20.36848], [58.37257, 20.37739], [58.35914, 20.38158], [58.32643, 20.38272], [58.31381, 20.3808], [58.29005, 20.3714], [58.27556, 20.36848], [58.27866, 20.37739], [58.28452, 20.38199], [58.27963, 20.38483], [58.24415, 20.39423], [58.22429, 20.39639], [58.20289, 20.40473], [58.20053, 20.42438], [58.21339, 20.46528], [58.21323, 20.4527], [58.2173, 20.44156], [58.22478, 20.43183], [58.23463, 20.42365], [58.23846, 20.44383], [58.22828, 20.48884], [58.23805, 20.50934], [58.25131, 20.5292], [58.26157, 20.55809], [58.26417, 20.58763], [58.25514, 20.60928], [58.23487, 20.61567], [58.20574, 20.61335], [58.17628, 20.60472], [58.14422, 20.58519], [58.10353, 20.57514], [58.09083, 20.56684], [58.08448, 20.55805], [58.06723, 20.51105], [58.06658, 20.49982], [58.07309, 20.48916], [58.07586, 20.48005], [58.06764, 20.47248], [58.05535, 20.46723], [58.03077, 20.4619], [58.01246, 20.45344], [57.99439, 20.44229], [57.97071, 20.42121], [57.96209, 20.41088], [57.95582, 20.39956], [57.95338, 20.38642], [57.95655, 20.37694], [57.97071, 20.36188], [57.97389, 20.35228], [57.96656, 20.33023], [57.94874, 20.31757], [57.90504, 20.30077], [57.88844, 20.29072], [57.87045, 20.27705], [57.85613, 20.26065], [57.85035, 20.24242], [57.8449, 20.23119], [57.83351, 20.21833], [57.82374, 20.20108], [57.82301, 20.17666], [57.84197, 20.13605], [57.84799, 20.11176], [57.83172, 20.07534], [57.81625, 20.02074], [57.81568, 20.00658], [57.81365, 19.977], [57.79037, 19.92402], [57.77369, 19.86786], [57.76205, 19.84296], [57.6989, 19.75438], [57.68922, 19.72818], [57.69337, 19.69746], [57.70045, 19.68598], [57.70924, 19.67674], [57.71681, 19.66681], [57.71998, 19.65306], [57.72055, 19.62263], [57.71892, 19.60798], [57.71388, 19.59504], [57.70655, 19.56883], [57.70444, 19.54873], [57.71176, 19.52949], [57.76026, 19.45409], [57.76783, 19.43745], [57.77394, 19.40965], [57.77377, 19.38288], [57.76905, 19.35761], [57.75221, 19.31159], [57.7483, 19.291], [57.75066, 19.26805], [57.77084, 19.21695], [57.78053, 19.20112], [57.80568, 19.173], [57.81186, 19.15689], [57.80299, 19.11514], [57.80201, 19.09479], [57.83985, 19.02998], [57.8401, 19.01533], [57.81568, 18.99177], [57.80112, 18.98066], [57.79713, 18.97923], [57.75229, 18.97305], [57.74732, 18.96784], [57.74285, 18.96186], [57.73194, 18.9538], [57.71941, 18.94693], [57.70973, 18.944], [57.50147, 18.95368], [57.44532, 18.94534], [57.20753, 18.90998], [57.08375, 18.87637], [56.91505, 18.81029], [56.85035, 18.76581], [56.80779, 18.74559], [56.78468, 18.72858], [56.77475, 18.70718], [56.76645, 18.69684], [56.65968, 18.59536], [56.64112, 18.55927], [56.63689, 18.51195], [56.6434, 18.47919], [56.6443, 18.4676], [56.64112, 18.4549], [56.62664, 18.43586], [56.62127, 18.41958], [56.61232, 18.3996], [56.60963, 18.38906], [56.60963, 18.34748], [56.6006, 18.30541], [56.54884, 18.18985], [56.56373, 18.17023], [56.56129, 18.14924], [56.54721, 18.12971], [56.5276, 18.11469], [56.48414, 18.0965], [56.46258, 18.08442], [56.43198, 18.03217], [56.42563, 18.02741], [56.41131, 18.02318], [56.40414, 18.01911], [56.35768, 17.96979], [56.35499, 17.96231], [56.35629, 17.94001], [56.3449, 17.93781], [56.18849, 17.9571], [56.16822, 17.95409], [56.13836, 17.94058], [56.11622, 17.93659], [56.0311, 17.94343], [56.01075, 17.94037], [55.94606, 17.91547], [55.90943, 17.90664], [55.65349, 17.89533], [55.55291, 17.87027], [55.53053, 17.86831], [55.52247, 17.86644], [55.51734, 17.86225], [55.51287, 17.85749], [55.5066, 17.85399], [55.48829, 17.85346], [55.48683, 17.85399], [55.45395, 17.8454], [55.44516, 17.84101], [55.43165, 17.82465], [55.41733, 17.78522], [55.40797, 17.7687], [55.39308, 17.75214], [55.38868, 17.74429], [55.37338, 17.70331], [55.36948, 17.69636], [55.35572, 17.68159], [55.26319, 17.60773], [55.23504, 17.55882], [55.2282, 17.53876], [55.22543, 17.51545], [55.2295, 17.48859], [55.24008, 17.47517], [55.27377, 17.45742], [55.29322, 17.43769], [55.30079, 17.41681], [55.30112, 17.37116], [55.2942, 17.35212], [55.25343, 17.29914], [55.25123, 17.28998], [55.24952, 17.27611], [55.25066, 17.26362], [55.25685, 17.25821], [55.26482, 17.25479], [55.26515, 17.24706], [55.26026, 17.23428], [55.25473, 17.22871], [55.22853, 17.21613], [55.21925, 17.21039], [55.21314, 17.20209], [55.20932, 17.19355], [55.20509, 17.17621], [55.19549, 17.16083], [55.19874, 17.15575], [55.18922, 17.14476], [55.15886, 17.13581], [55.14357, 17.12783], [55.13844, 17.11888], [55.13299, 17.10505], [55.12477, 17.09248], [55.11256, 17.08686], [55.07179, 17.04218], [55.02687, 17.01113], [55.02068, 17.01113], [55.01092, 17.02627], [54.9992, 17.01968], [54.98699, 17.00536], [54.97535, 16.99746], [54.95965, 16.99486], [54.94508, 16.98998], [54.93133, 16.98713], [54.917, 16.99067], [54.90138, 16.97492], [54.88282, 16.96906], [54.84181, 16.96393], [54.80844, 16.95148], [54.79184, 16.9514], [54.78053, 16.96393], [54.76905, 16.95791], [54.75074, 16.96052], [54.73943, 16.95649], [54.70533, 16.97761], [54.69793, 16.97016], [54.68979, 16.98933], [54.68531, 17.0069], [54.67408, 17.01976], [54.63315, 17.02692], [54.60434, 17.03632], [54.59205, 17.03848], [54.58033, 17.03734], [54.55974, 17.0327], [54.5477, 17.03164], [54.51238, 17.0384], [54.49928, 17.03848], [54.48854, 17.03559], [54.46762, 17.02668], [54.46168, 17.02481], [54.41456, 17.03783], [54.38999, 17.03946], [54.36948, 17.02481], [54.36012, 17.02961], [54.35035, 17.03168], [54.16407, 17.01113], [54.08497, 17.01113], [54.06756, 17.00674], [54.02345, 16.98534], [54.01271, 16.97761], [54.00896, 16.96865], [54.00929, 16.96092], [54.0114, 16.95368], [54.01271, 16.94599], [54.00945, 16.93745], [53.99537, 16.92536], [53.9922, 16.91926], [53.98113, 16.90876], [53.9559, 16.90388], [53.91017, 16.90127], [53.85035, 16.88915], [53.83074, 16.88764], [53.81267, 16.88178], [53.792, 16.87031], [53.77133, 16.86262], [53.75318, 16.86774], [53.73463, 16.85615], [53.70932, 16.83601], [53.68702, 16.81362], [53.6775, 16.79511], [53.66928, 16.78408], [53.65056, 16.77318], [53.61541, 16.75788], [53.58269, 16.74995], [53.42303, 16.74681], [53.33863, 16.73481], [53.1753, 16.68452], [53.09034, 16.6424], [53.0279, 16.77748], [52.96527, 16.91292], [52.90275, 17.04826], [52.84032, 17.18371], [52.80156, 17.26742], [52.79102, 17.28122], [52.77386, 17.28711], [52.73624, 17.28918], [52.72146, 17.29817], [52.72301, 17.29869], [52.72828, 17.29936], [52.73015, 17.29988], [52.69842, 17.37145], [52.65563, 17.46798], [52.61284, 17.56456], [52.57021, 17.66109], [52.52742, 17.75763], [52.48453, 17.85416], [52.44174, 17.95064], [52.399, 18.04727], [52.35616, 18.14378], [52.31332, 18.24028], [52.27069, 18.33687], [52.2278, 18.43342], [52.18501, 18.52993], [52.14233, 18.62651], [52.09954, 18.72304], [52.05675, 18.81963], [52.01396, 18.91616], [51.98569, 18.97973], [51.97861, 18.99564], [52.08993, 19.03264], [52.26108, 19.08969], [52.43213, 19.14674], [52.60312, 19.20379], [52.77438, 19.26079], [52.94553, 19.31787], [53.11658, 19.37492], [53.28784, 19.43194], [53.45889, 19.48899], [53.63004, 19.54599], [53.80109, 19.60307], [53.97224, 19.66012], [54.1435, 19.71714], [54.31465, 19.77419], [54.48559, 19.83119], [54.65675, 19.88819], [54.8279, 19.94527], [54.97838, 19.99542], [55.01052, 20.09201], [55.01714, 20.11174], [55.03574, 20.16756], [55.06447, 20.25427], [55.10189, 20.36685], [55.14623, 20.49999], [55.19553, 20.64856], [55.24834, 20.80741], [55.30291, 20.97149], [55.34462, 21.09691], [55.35748, 21.13556], [55.41019, 21.29446], [55.45959, 21.44303], [55.50383, 21.57615], [55.54124, 21.68865], [55.57008, 21.77542], [55.58857, 21.83123], [55.59519, 21.85102], [55.60017, 21.86606], [55.63757, 21.97897], [55.63705, 22.00191], [55.62671, 22.02377], [55.57359, 22.10594], [55.49277, 22.23079], [55.41205, 22.35569], [55.33112, 22.48059], [55.25041, 22.6055], [55.18684, 22.70358], [55.19759, 22.84946], [55.19129, 22.99537], [55.19129, 22.99547], [55.1948, 23.02508], [55.22591, 23.12125], [55.3211, 23.27509], [55.34322, 23.33628], [55.36409, 23.43601], [55.37526, 23.46934], [55.39396, 23.49518], [55.39417, 23.49528], [55.43148, 23.53293], [55.44533, 23.55226], [55.4783, 23.67636], [55.48739, 23.69326], [55.53411, 23.75677], [55.53835, 23.77005], [55.53514, 23.84588], [55.53059, 23.87467], [55.51458, 23.89661], [55.4783, 23.91658], [55.46155, 23.93056], [55.45277, 23.94856], [55.4568, 23.96316], [55.49979, 23.9706], [55.54227, 23.98544], [55.5617, 23.99523], [55.59106, 24.01001], [55.61834, 24.02014], [55.64687, 24.02502], [55.68004, 24.02427], [55.7126, 24.01923], [55.728, 24.01959], [55.74443, 24.02528], [55.76241, 24.02815], [55.78846, 24.00957], [55.80706, 24.00748], [55.92354, 24.05114], [55.98679, 24.06538], [55.99785, 24.08127], [55.96075, 24.14243], [55.94897, 24.18483], [55.93315, 24.22072], [55.90318, 24.23224], [55.84716, 24.21142], [55.83032, 24.21227], [55.76769, 24.22488], [55.7557, 24.23033], [55.75415, 24.24547], [55.7621, 24.26297], [55.80097, 24.32627], [55.80737, 24.34079], [55.81089, 24.38924], [55.80861, 24.39763], [55.80107, 24.40647], [55.78102, 24.41887], [55.77461, 24.4259], [55.77141, 24.44109], [55.77368, 24.49525], [55.76118, 24.53744], [55.75983, 24.55853], [55.76996, 24.5724], [55.78402, 24.58633], [55.79022, 24.61987], [55.81823, 24.64338], [55.81492, 24.66273], [55.79998, 24.69326], [55.79476, 24.70392], [55.7927, 24.72229], [55.79704, 24.75955], [55.79704, 24.77836], [55.78867, 24.8552], [55.7991, 24.88611], [55.82939, 24.92117], [55.85783, 24.94485], [55.86215, 24.94845], [55.89698, 24.96861], [55.93543, 24.97773], [55.97587, 24.97211], [55.97842, 24.97176], [56.0056, 24.95618], [56.01697, 24.92662], [56.02525, 24.88256], [56.02927, 24.86117], [56.00529, 24.87698], [55.99238, 24.883], [55.97842, 24.88611], [55.96085, 24.88125], [55.95765, 24.86866], [55.96478, 24.85386], [56.00209, 24.82301], [56.03155, 24.75415], [56.06214, 24.73177], [56.07627, 24.72997], [56.07795, 24.72976], [56.09914, 24.73051], [56.11826, 24.73542], [56.12725, 24.7457], [56.13335, 24.76283], [56.15485, 24.78671], [56.17118, 24.82399], [56.17137, 24.82407], [56.18626, 24.83024], [56.22368, 24.83448], [56.24166, 24.84244], [56.27468, 24.87195], [56.28032, 24.87698], [56.30833, 24.89517], [56.3136, 24.90507], [56.31428, 24.91196], [56.31605, 24.92991], [56.31928, 24.96253], [56.32445, 24.96794], [56.32899, 24.97269], [56.38331, 24.97822], [56.40545, 24.89728], [56.46957, 24.77534]]], [[[56.34912, 25.29403], [56.34437, 25.26653], [56.31643, 25.25335], [56.29315, 25.24585], [56.28176, 25.23691], [56.2522, 25.21764], [56.23577, 25.21118], [56.21996, 25.21526], [56.20763, 25.22084], [56.20612, 25.2306], [56.20837, 25.25537], [56.23513, 25.26748], [56.24489, 25.27799], [56.23888, 25.28625], [56.23567, 25.29629], [56.23363, 25.31253], [56.26062, 25.33107], [56.29069, 25.32754], [56.30937, 25.30133], [56.34912, 25.29403]], [[56.27381, 25.28129], [56.26508, 25.28118], [56.25958, 25.27598], [56.26303, 25.24922], [56.28298, 25.25548], [56.28833, 25.27193], [56.27381, 25.28129]]], [[[56.09148, 26.10651], [56.15772, 26.20108], [56.18181, 26.246], [56.1919, 26.25507], [56.20826, 26.26309], [56.20916, 26.25755], [56.20826, 26.24404], [56.2199, 26.22773], [56.21681, 26.22211], [56.21241, 26.20783], [56.2199, 26.20783], [56.2295, 26.21678], [56.25554, 26.21808], [56.26075, 26.2246], [56.26686, 26.22748], [56.27996, 26.22309], [56.29184, 26.21186], [56.29493, 26.19424], [56.30193, 26.20531], [56.30885, 26.20474], [56.31739, 26.20063], [56.32911, 26.20108], [56.35629, 26.21914], [56.36695, 26.2215], [56.39747, 26.21385], [56.40414, 26.21475], [56.40691, 26.22313], [56.40235, 26.23208], [56.39454, 26.23916], [56.38738, 26.24201], [56.36785, 26.24409], [56.35572, 26.24339], [56.34685, 26.23859], [56.34116, 26.23233], [56.33131, 26.22346], [56.31959, 26.21792], [56.30844, 26.2215], [56.30828, 26.23261], [56.31593, 26.27464], [56.31593, 26.29043], [56.34522, 26.26923], [56.35841, 26.26496], [56.36378, 26.27953], [56.35906, 26.28734], [56.34783, 26.29743], [56.334, 26.30614], [56.32228, 26.30964], [56.32651, 26.31892], [56.33204, 26.32075], [56.33814, 26.32071], [56.34401, 26.32392], [56.35629, 26.33759], [56.36183, 26.34951], [56.36053, 26.37128], [56.36378, 26.38597], [56.36997, 26.38597], [56.38364, 26.35871], [56.3991, 26.36791], [56.40414, 26.3723], [56.41163, 26.36494], [56.40691, 26.35737], [56.40651, 26.3548], [56.4087, 26.35236], [56.41163, 26.34504], [56.42107, 26.35212], [56.42693, 26.3496], [56.43189, 26.34296], [56.43897, 26.33759], [56.46217, 26.33186], [56.47438, 26.3308], [56.48732, 26.33137], [56.4852, 26.33588], [56.48178, 26.34736], [56.47983, 26.35187], [56.50099, 26.35871], [56.51108, 26.33348], [56.50896, 26.32372], [56.49497, 26.32274], [56.46957, 26.32392], [56.45281, 26.31835], [56.42286, 26.29462], [56.40626, 26.2849], [56.40748, 26.28486], [56.40724, 26.27912], [56.39861, 26.2687], [56.42091, 26.24763], [56.4323, 26.23945], [56.44581, 26.23518], [56.45493, 26.23933], [56.46534, 26.24726], [56.47625, 26.24917], [56.48732, 26.23518], [56.46876, 26.20551], [56.45965, 26.20209], [56.4533, 26.2215], [56.44304, 26.22045], [56.43198, 26.2215], [56.4358, 26.21161], [56.43686, 26.20527], [56.43539, 26.20014], [56.43198, 26.19424], [56.44459, 26.18236], [56.45973, 26.17426], [56.47291, 26.16401], [56.47983, 26.14582], [56.46811, 26.14598], [56.45737, 26.14842], [56.44776, 26.15314], [56.43897, 26.1601], [56.42457, 26.15379], [56.41245, 26.15843], [56.40496, 26.1706], [56.40414, 26.18675], [56.39829, 26.18342], [56.38315, 26.17699], [56.37745, 26.17373], [56.37696, 26.18439], [56.37892, 26.19253], [56.38364, 26.19806], [56.39112, 26.20108], [56.36842, 26.20453], [56.3436, 26.19139], [56.32879, 26.17284], [56.33595, 26.1601], [56.3309, 26.14932], [56.32976, 26.13711], [56.33172, 26.12421], [56.33595, 26.11164], [56.34474, 26.13182], [56.35304, 26.14265], [56.36378, 26.14582], [56.37013, 26.13947], [56.3711, 26.12783], [56.36834, 26.1149], [56.36378, 26.10488], [56.38331, 26.09748], [56.47299, 26.09862], [56.46437, 26.08535], [56.44923, 26.07355], [56.4183, 26.05707], [56.38917, 26.0471], [56.38014, 26.03824], [56.38364, 26.02228], [56.40886, 26.03437], [56.42286, 26.02314], [56.42335, 26.00463], [56.4004, 25.99047], [56.40504, 25.98045], [56.4183, 25.96393], [56.42213, 25.95661], [56.43116, 25.9527], [56.4533, 25.94717], [56.44549, 25.94245], [56.44264, 25.93928], [56.43897, 25.92609], [56.42416, 25.93317], [56.40789, 25.9374], [56.39332, 25.93586], [56.38364, 25.92609], [56.39943, 25.90233], [56.39259, 25.88044], [56.37615, 25.85928], [56.36378, 25.83796], [56.36264, 25.83063], [56.36378, 25.80687], [56.34401, 25.78954], [56.3274, 25.7624], [56.31625, 25.74958], [56.30177, 25.74177], [56.30177, 25.76289], [56.28793, 25.7416], [56.27377, 25.70913], [56.26661, 25.67259], [56.27377, 25.63931], [56.27905, 25.62745], [56.23753, 25.61658], [56.22151, 25.61384], [56.2058, 25.61777], [56.19877, 25.62526], [56.18885, 25.64541], [56.17986, 25.65208], [56.1564, 25.6559], [56.1525, 25.65796], [56.15082, 25.65885], [56.14513, 25.67084], [56.14038, 25.71554], [56.1412, 25.73269], [56.15195, 25.74313], [56.16487, 25.75218], [56.172, 25.76525], [56.16735, 25.7777], [56.1441, 25.80592], [56.13965, 25.82297], [56.14451, 25.83791], [56.16384, 25.86245], [56.17056, 25.87682], [56.17469, 25.96653], [56.1813, 25.99624], [56.18348, 26.01454], [56.17841, 26.035], [56.1627, 26.07355], [56.15133, 26.07479], [56.10059, 26.06285], [56.0774, 26.06105], [56.07749, 26.06135], [56.08204, 26.07071], [56.09148, 26.10651]]]]}, "properties": {"id": "5QM5", "status": "validé", "pieces": [{"kind": "country"}]}}, {"type": "Feature", "geometry": {"type": "Polygon", "coordinates": [[[58.65051, 22.51297], [58.89221, 22.39625], [58.90869, 22.29468], [58.84277, 22.26928], [58.78235, 22.26928], [58.69446, 22.20829], [58.6615, 22.1371], [58.58459, 22.12692], [58.45276, 22.15236], [58.43079, 22.27436], [58.52966, 22.47238], [58.65051, 22.51297]]]}, "properties": {"id": "5ml1", "status": "validé", "pieces": [{"kind": "polygon", "ring": [[58.65051, 22.51297], [58.89221, 22.39625], [58.90869, 22.29468], [58.84277, 22.26928], [58.78235, 22.26928], [58.69446, 22.20829], [58.6615, 22.1371], [58.58459, 22.12692], [58.45276, 22.15236], [58.43079, 22.27436], [58.52966, 22.47238]]}]}}, {"type": "Feature", "geometry": {"type": "Polygon", "coordinates": [[[52.25235, 18.6151], [52.2496, 18.58258], [52.44049, 18.59298], [52.45903, 18.62486], [52.3423, 18.63071], [52.25235, 18.6151]]]}, "properties": {"id": "6oTi", "status": "validé", "pieces": [{"kind": "polygon", "ring": [[52.25235, 18.6151], [52.2496, 18.58258], [52.44049, 18.59298], [52.45903, 18.62486], [52.3423, 18.63071]]}]}}, {"type": "Feature", "geometry": {"type": "MultiPolygon", "coordinates": [[[[53.38257, 18.99105], [53.3606, 18.48146], [53.18481, 18.1374], [53.02002, 18.1374], [52.85522, 18.17914], [52.81128, 18.37727], [52.86621, 18.59599], [52.96509, 18.95989], [52.96509, 19.28155], [53.10198, 19.37005], [53.11658, 19.37492], [53.28784, 19.43194], [53.372, 19.46001], [53.38257, 18.99105]]], [[[55.16235, 20.45891], [55.59082, 20.34569], [55.88745, 20.39717], [56.0083, 20.60289], [55.95337, 20.82887], [55.7666, 20.94174], [55.74463, 21.13648], [55.94238, 21.32074], [55.73364, 21.9027], [55.44166, 22.30987], [55.41205, 22.35569], [55.33112, 22.48059], [55.25041, 22.6055], [55.18684, 22.70358], [55.19759, 22.84946], [55.19129, 22.99537], [55.19129, 22.99547], [55.1948, 23.02508], [55.22591, 23.12125], [55.3211, 23.27509], [55.34322, 23.33628], [55.35565, 23.39569], [55.60181, 23.37233], [55.74463, 23.46302], [55.74463, 23.16046], [55.85449, 23.00893], [55.88745, 22.79649], [55.88745, 22.59386], [56.05225, 22.46199], [56.18408, 22.31984], [56.28296, 22.00455], [56.30493, 21.80077], [56.43677, 21.57627], [56.50269, 21.46389], [56.43677, 21.13648], [56.39282, 20.85966], [56.37085, 20.71593], [56.79932, 20.78781], [57.52441, 20.96225], [57.83203, 21.07501], [58.07373, 21.07501], [58.07373, 20.82887], [57.71118, 20.67483], [57.01904, 20.55149], [56.57959, 20.43833], [56.0083, 20.2633], [55.60181, 20.03648], [55.18433, 19.81968], [54.74487, 19.47838], [54.47021, 19.29191], [54.01978, 19.24008], [53.9978, 19.4266], [54.14063, 19.69565], [54.15062, 19.71952], [54.31465, 19.77419], [54.48559, 19.83119], [54.65675, 19.88819], [54.8279, 19.94527], [54.97838, 19.99542], [55.01052, 20.09201], [55.01714, 20.11174], [55.03574, 20.16756], [55.06447, 20.25427], [55.10189, 20.36685], [55.13068, 20.45332], [55.16235, 20.45891]]]]}, "properties": {"id": "6sjg", "status": "validé", "pieces": [{"kind": "polygon", "ring": [[52.96509, 19.28155], [52.96509, 18.95989], [52.86621, 18.59599], [52.81128, 18.37727], [52.85522, 18.17914], [53.02002, 18.1374], [53.18481, 18.1374], [53.3606, 18.48146], [53.38257, 18.99105], [53.37158, 19.47838], [53.34961, 19.53014]]}, {"kind": "polygon", "ring": [[54.14063, 19.69565], [53.9978, 19.4266], [54.01978, 19.24008], [54.47021, 19.29191], [54.74487, 19.47838], [55.18433, 19.81968], [55.60181, 20.03648], [56.0083, 20.2633], [56.57959, 20.43833], [57.01904, 20.55149], [57.71118, 20.67483], [58.07373, 20.82887], [58.07373, 21.07501], [57.83203, 21.07501], [57.52441, 20.96225], [56.79932, 20.78781], [56.37085, 20.71593], [56.39282, 20.85966], [56.43677, 21.13648], [56.50269, 21.46389], [56.43677, 21.57627], [56.30493, 21.80077], [56.28296, 22.00455], [56.18408, 22.31984], [56.05225, 22.46199], [55.88745, 22.59386], [55.88745, 22.79649], [55.85449, 23.00893], [55.74463, 23.16046], [55.74463, 23.46302], [55.60181, 23.37233], [55.2832, 23.40257], [55.08545, 22.80661], [55.73364, 21.9027], [55.94238, 21.32074], [55.74463, 21.13648], [55.7666, 20.94174], [55.95337, 20.82887], [56.0083, 20.60289], [55.88745, 20.39717], [55.59082, 20.34569], [55.16235, 20.45891], [54.4043, 20.3251]]}, {"kind": "clip"}]}}, {"type": "Feature", "geometry": {"type": "MultiPolygon", "coordinates": [[[[55.83172, 17.50227], [55.83172, 17.50235], [55.83709, 17.51008], [55.84881, 17.51529], [55.86297, 17.51887], [55.88307, 17.50715], [55.89088, 17.50458], [55.8908, 17.50454], [55.87582, 17.49592], [55.84571, 17.49608], [55.83627, 17.49095], [55.83619, 17.49091], [55.83245, 17.50039], [55.83172, 17.50227]]], [[[56.05844, 17.54434], [56.06788, 17.53221], [56.08107, 17.52363], [56.09555, 17.51887], [56.06381, 17.49958], [56.04689, 17.49335], [56.0311, 17.49091], [55.98683, 17.49291], [55.97283, 17.49836], [55.9642, 17.51992], [55.99057, 17.53539], [56.02882, 17.54768], [56.05535, 17.5598], [56.05535, 17.55972], [56.0582, 17.54584], [56.05844, 17.54434]]], [[[58.94508, 20.53522], [58.95395, 20.51992], [58.95004, 20.50894], [58.94117, 20.50092], [58.90284, 20.47411], [58.86232, 20.45279], [58.84409, 20.43732], [58.82016, 20.40302], [58.80828, 20.37958], [58.79664, 20.33153], [58.78761, 20.31452], [58.78761, 20.31444], [58.78761, 20.30329], [58.78777, 20.3024], [58.78932, 20.2932], [58.7894, 20.28653], [58.78517, 20.27953], [58.75147, 20.24803], [58.73341, 20.22455], [58.72429, 20.21515], [58.71534, 20.2121], [58.70265, 20.21044], [58.69125, 20.20775], [58.68653, 20.20148], [58.68312, 20.1909], [58.67457, 20.17951], [58.66358, 20.17137], [58.65235, 20.17048], [58.65219, 20.17048], [58.64698, 20.17967], [58.64259, 20.18724], [58.63746, 20.21845], [58.63649, 20.2497], [58.63868, 20.26663], [58.63836, 20.26785], [58.63592, 20.277], [58.64291, 20.35611], [58.6482, 20.36884], [58.65903, 20.38272], [58.66456, 20.38784], [58.68238, 20.40062], [58.68995, 20.40322], [58.6919, 20.40518], [58.69386, 20.40717], [58.69825, 20.42569], [58.70069, 20.4311], [58.71762, 20.437], [58.73422, 20.43765], [58.75123, 20.44013], [58.76889, 20.45161], [58.77711, 20.46219], [58.78077, 20.46699], [58.78452, 20.4794], [58.78517, 20.48164], [58.7894, 20.51992], [58.79558, 20.5384], [58.80486, 20.55345], [58.85287, 20.61335], [58.87135, 20.6496], [58.88258, 20.68252], [58.89129, 20.69428], [58.90626, 20.69798], [58.9183, 20.68146], [58.9183, 20.68134], [58.917, 20.66425], [58.91017, 20.64594], [58.90626, 20.626], [58.90838, 20.60472], [58.91432, 20.58784], [58.94508, 20.53522]]], [[[56.46957, 24.77534], [56.48032, 24.76512], [56.48683, 24.74185], [56.4935, 24.70018], [56.61118, 24.49632], [56.63559, 24.47138], [56.69215, 24.42524], [56.80144, 24.30297], [56.82309, 24.27115], [56.83229, 24.25251], [56.84107, 24.22382], [56.93946, 24.11591], [57.05828, 24.0231], [57.15154, 23.95356], [57.18426, 23.93427], [57.32635, 23.88402], [57.50961, 23.8391], [57.58644, 23.80744], [57.64519, 23.79043], [57.68678, 23.78335], [57.70973, 23.78221], [57.77735, 23.78596], [57.79575, 23.78221], [57.82439, 23.74763], [57.83497, 23.74006], [57.85922, 23.73408], [57.88771, 23.72085], [57.91277, 23.71784], [58.04314, 23.72455], [58.08676, 23.72211], [58.1316, 23.71332], [58.19321, 23.68936], [58.2103, 23.68598], [58.22739, 23.67914], [58.26417, 23.64484], [58.2824, 23.63142], [58.31723, 23.62092], [58.36354, 23.61555], [58.41196, 23.6162], [58.45297, 23.62397], [58.47486, 23.63154], [58.48365, 23.63813], [58.4909, 23.65656], [58.49952, 23.65689], [58.51857, 23.65192], [58.56137, 23.65111], [58.58416, 23.64696], [58.6045, 23.6376], [58.61329, 23.62507], [58.63331, 23.58527], [58.6421, 23.57681], [58.64715, 23.5749], [58.65154, 23.57054], [58.65553, 23.56574], [58.65903, 23.56249], [58.66131, 23.56314], [58.66684, 23.56391], [58.674, 23.56395], [58.68035, 23.56249], [58.69459, 23.55142], [58.7024, 23.54295], [58.70688, 23.53514], [58.71437, 23.53514], [58.72055, 23.54881], [58.72291, 23.5434], [58.72495, 23.54011], [58.72682, 23.53608], [58.72804, 23.52839], [58.73487, 23.52839], [58.73601, 23.53266], [58.74098, 23.54206], [58.74635, 23.53767], [58.74952, 23.53644], [58.76205, 23.54206], [58.78614, 23.51211], [58.79298, 23.49567], [58.7894, 23.48062], [58.79737, 23.46678], [58.80763, 23.42113], [58.82057, 23.40176], [58.87916, 23.35126], [58.91521, 23.33609], [58.92945, 23.3181], [58.94654, 23.27509], [58.95623, 23.25943], [58.9865, 23.23249], [59.00172, 23.21239], [59.0101, 23.15331], [59.07374, 23.09325], [59.07789, 23.08515], [59.08367, 23.05536], [59.0879, 23.04841], [59.09254, 23.04365], [59.12045, 23.02277], [59.17368, 22.99396], [59.20753, 22.97036], [59.23227, 22.94302], [59.25001, 22.91201], [59.28614, 22.82648], [59.28981, 22.81208], [59.29754, 22.79271], [59.31568, 22.77949], [59.35182, 22.76118], [59.39161, 22.70222], [59.39723, 22.6861], [59.41065, 22.67084], [59.45249, 22.6341], [59.4839, 22.61884], [59.50685, 22.60008], [59.5298, 22.58788], [59.53549, 22.58308], [59.53647, 22.57258], [59.53045, 22.57005], [59.52198, 22.57217], [59.51564, 22.57559], [59.5158, 22.56151], [59.52312, 22.55512], [59.53517, 22.55386], [59.54982, 22.55512], [59.6268, 22.57982], [59.65349, 22.56973], [59.69386, 22.54145], [59.69996, 22.54092], [59.71567, 22.54291], [59.7212, 22.54145], [59.72397, 22.53681], [59.72584, 22.52611], [59.72853, 22.52098], [59.72836, 22.51813], [59.72722, 22.51358], [59.72804, 22.50764], [59.73471, 22.50047], [59.73976, 22.49779], [59.7461, 22.49559], [59.75278, 22.49421], [59.75896, 22.49364], [59.76254, 22.4986], [59.75603, 22.50943], [59.74155, 22.52473], [59.74578, 22.53824], [59.75636, 22.53848], [59.77638, 22.54145], [59.80323, 22.53474], [59.82488, 22.50886], [59.83937, 22.47529], [59.84457, 22.44526], [59.82488, 22.2814], [59.81178, 22.23737], [59.79176, 22.19806], [59.73471, 22.12311], [59.70493, 22.09955], [59.68816, 22.08271], [59.68068, 22.06509], [59.67799, 22.0419], [59.65968, 21.99404], [59.65504, 21.94575], [59.64527, 21.92585], [59.60564, 21.91022], [59.59343, 21.89277], [59.577, 21.85627], [59.49789, 21.75633], [59.46762, 21.66641], [59.44858, 21.6249], [59.35499, 21.48566], [59.3475, 21.45356], [59.34425, 21.44473], [59.33619, 21.43773], [59.19532, 21.3791], [59.16627, 21.36278], [59.05437, 21.27709], [58.9192, 21.1437], [58.8781, 21.08381], [58.86793, 21.07477], [58.85426, 21.06562], [58.83855, 21.0445], [58.80787, 20.99079], [58.80445, 20.98159], [58.80193, 20.94623], [58.79884, 20.93602], [58.79298, 20.9274], [58.73487, 20.883], [58.73902, 20.86225], [58.72218, 20.84805], [58.68035, 20.82835], [58.68149, 20.82648], [58.67384, 20.80817], [58.6727, 20.80785], [58.66578, 20.80158], [58.66131, 20.79633], [58.65903, 20.79084], [58.66147, 20.78164], [58.66765, 20.77228], [58.67644, 20.76439], [58.68653, 20.75947], [58.70135, 20.76602], [58.71811, 20.78083], [58.72934, 20.78681], [58.72804, 20.76691], [58.71811, 20.75365], [58.69988, 20.74079], [58.68181, 20.73591], [58.6727, 20.7464], [58.66651, 20.7464], [58.6609, 20.73233], [58.65333, 20.70527], [58.64536, 20.69115], [58.63746, 20.68439], [58.61541, 20.67243], [58.6045, 20.66327], [58.59181, 20.64395], [58.58082, 20.61848], [58.57325, 20.59064], [58.57049, 20.56428], [58.5451, 20.51643], [58.53126, 20.48139], [58.53248, 20.46528], [58.52687, 20.45771], [58.5215, 20.42438], [58.51857, 20.41681], [58.51043, 20.41523], [58.49708, 20.41079], [58.48357, 20.4042], [58.47413, 20.39639], [58.46746, 20.36953], [58.44581, 20.35863], [58.41765, 20.3596], [58.39161, 20.36848], [58.37257, 20.37739], [58.35914, 20.38158], [58.32643, 20.38272], [58.31381, 20.3808], [58.29005, 20.3714], [58.27556, 20.36848], [58.27866, 20.37739], [58.28452, 20.38199], [58.27963, 20.38483], [58.24415, 20.39423], [58.22429, 20.39639], [58.20289, 20.40473], [58.20053, 20.42438], [58.21339, 20.46528], [58.21323, 20.4527], [58.2173, 20.44156], [58.22478, 20.43183], [58.23463, 20.42365], [58.23846, 20.44383], [58.22828, 20.48884], [58.23805, 20.50934], [58.25131, 20.5292], [58.26157, 20.55809], [58.26417, 20.58763], [58.25514, 20.60928], [58.23487, 20.61567], [58.20574, 20.61335], [58.17628, 20.60472], [58.14422, 20.58519], [58.10353, 20.57514], [58.09083, 20.56684], [58.08448, 20.55805], [58.06723, 20.51105], [58.06658, 20.49982], [58.07309, 20.48916], [58.07586, 20.48005], [58.06764, 20.47248], [58.05535, 20.46723], [58.03077, 20.4619], [58.01246, 20.45344], [57.99439, 20.44229], [57.97071, 20.42121], [57.96209, 20.41088], [57.95582, 20.39956], [57.95338, 20.38642], [57.95655, 20.37694], [57.97071, 20.36188], [57.97389, 20.35228], [57.96656, 20.33023], [57.94874, 20.31757], [57.90504, 20.30077], [57.88844, 20.29072], [57.87045, 20.27705], [57.85613, 20.26065], [57.85035, 20.24242], [57.8449, 20.23119], [57.83351, 20.21833], [57.82374, 20.20108], [57.82301, 20.17666], [57.84197, 20.13605], [57.84799, 20.11176], [57.83172, 20.07534], [57.81625, 20.02074], [57.81568, 20.00658], [57.81365, 19.977], [57.79037, 19.92402], [57.77369, 19.86786], [57.76205, 19.84296], [57.6989, 19.75438], [57.68922, 19.72818], [57.69337, 19.69746], [57.70045, 19.68598], [57.70924, 19.67674], [57.71681, 19.66681], [57.71998, 19.65306], [57.72055, 19.62263], [57.71892, 19.60798], [57.71388, 19.59504], [57.70655, 19.56883], [57.70444, 19.54873], [57.71176, 19.52949], [57.76026, 19.45409], [57.76783, 19.43745], [57.77394, 19.40965], [57.77377, 19.38288], [57.76905, 19.35761], [57.75221, 19.31159], [57.7483, 19.291], [57.75066, 19.26805], [57.77084, 19.21695], [57.78053, 19.20112], [57.80568, 19.173], [57.81186, 19.15689], [57.80299, 19.11514], [57.80201, 19.09479], [57.83985, 19.02998], [57.8401, 19.01533], [57.81568, 18.99177], [57.80112, 18.98066], [57.79713, 18.97923], [57.75229, 18.97305], [57.74732, 18.96784], [57.74285, 18.96186], [57.73194, 18.9538], [57.71941, 18.94693], [57.70973, 18.944], [57.50147, 18.95368], [57.44532, 18.94534], [57.20753, 18.90998], [57.08375, 18.87637], [56.91505, 18.81029], [56.85035, 18.76581], [56.80779, 18.74559], [56.78468, 18.72858], [56.77475, 18.70718], [56.76645, 18.69684], [56.65968, 18.59536], [56.64112, 18.55927], [56.63689, 18.51195], [56.6434, 18.47919], [56.6443, 18.4676], [56.64112, 18.4549], [56.62664, 18.43586], [56.62127, 18.41958], [56.61232, 18.3996], [56.60963, 18.38906], [56.60963, 18.34748], [56.6006, 18.30541], [56.54884, 18.18985], [56.56373, 18.17023], [56.56129, 18.14924], [56.54721, 18.12971], [56.5276, 18.11469], [56.48414, 18.0965], [56.46258, 18.08442], [56.43198, 18.03217], [56.42563, 18.02741], [56.41131, 18.02318], [56.40414, 18.01911], [56.35768, 17.96979], [56.35499, 17.96231], [56.35629, 17.94001], [56.3449, 17.93781], [56.18849, 17.9571], [56.16822, 17.95409], [56.13836, 17.94058], [56.11622, 17.93659], [56.0311, 17.94343], [56.01075, 17.94037], [55.94606, 17.91547], [55.90943, 17.90664], [55.65349, 17.89533], [55.55291, 17.87027], [55.53053, 17.86831], [55.52247, 17.86644], [55.51734, 17.86225], [55.51287, 17.85749], [55.5066, 17.85399], [55.48829, 17.85346], [55.48683, 17.85399], [55.45395, 17.8454], [55.44516, 17.84101], [55.43165, 17.82465], [55.41733, 17.78522], [55.40797, 17.7687], [55.39308, 17.75214], [55.38868, 17.74429], [55.37338, 17.70331], [55.36948, 17.69636], [55.35572, 17.68159], [55.26319, 17.60773], [55.23504, 17.55882], [55.2282, 17.53876], [55.22543, 17.51545], [55.2295, 17.48859], [55.24008, 17.47517], [55.27377, 17.45742], [55.29322, 17.43769], [55.30079, 17.41681], [55.30112, 17.37116], [55.2942, 17.35212], [55.25343, 17.29914], [55.25123, 17.28998], [55.24952, 17.27611], [55.25066, 17.26362], [55.25685, 17.25821], [55.26482, 17.25479], [55.26515, 17.24706], [55.26026, 17.23428], [55.25473, 17.22871], [55.22853, 17.21613], [55.21925, 17.21039], [55.21314, 17.20209], [55.20932, 17.19355], [55.20509, 17.17621], [55.19549, 17.16083], [55.19874, 17.15575], [55.18922, 17.14476], [55.15886, 17.13581], [55.14357, 17.12783], [55.13844, 17.11888], [55.13299, 17.10505], [55.12477, 17.09248], [55.11256, 17.08686], [55.07179, 17.04218], [55.02687, 17.01113], [55.02068, 17.01113], [55.01092, 17.02627], [54.9992, 17.01968], [54.98699, 17.00536], [54.97535, 16.99746], [54.95965, 16.99486], [54.94508, 16.98998], [54.93133, 16.98713], [54.917, 16.99067], [54.90138, 16.97492], [54.88282, 16.96906], [54.84181, 16.96393], [54.80844, 16.95148], [54.79184, 16.9514], [54.78053, 16.96393], [54.76905, 16.95791], [54.75074, 16.96052], [54.73943, 16.95649], [54.70533, 16.97761], [54.69793, 16.97016], [54.68979, 16.98933], [54.68531, 17.0069], [54.67408, 17.01976], [54.63315, 17.02692], [54.60434, 17.03632], [54.59205, 17.03848], [54.58033, 17.03734], [54.55974, 17.0327], [54.5477, 17.03164], [54.51238, 17.0384], [54.49928, 17.03848], [54.48854, 17.03559], [54.46762, 17.02668], [54.46168, 17.02481], [54.41456, 17.03783], [54.38999, 17.03946], [54.36948, 17.02481], [54.36012, 17.02961], [54.35035, 17.03168], [54.16407, 17.01113], [54.08497, 17.01113], [54.06756, 17.00674], [54.02345, 16.98534], [54.01271, 16.97761], [54.00896, 16.96865], [54.00929, 16.96092], [54.0114, 16.95368], [54.01271, 16.94599], [54.00945, 16.93745], [53.99537, 16.92536], [53.9922, 16.91926], [53.98113, 16.90876], [53.9559, 16.90388], [53.91017, 16.90127], [53.85035, 16.88915], [53.83074, 16.88764], [53.81267, 16.88178], [53.792, 16.87031], [53.77133, 16.86262], [53.75318, 16.86774], [53.73463, 16.85615], [53.70932, 16.83601], [53.68702, 16.81362], [53.6775, 16.79511], [53.66928, 16.78408], [53.65056, 16.77318], [53.61541, 16.75788], [53.58269, 16.74995], [53.42303, 16.74681], [53.33863, 16.73481], [53.1753, 16.68452], [53.09034, 16.6424], [53.0279, 16.77748], [52.96527, 16.91292], [52.90275, 17.04826], [52.84032, 17.18371], [52.80156, 17.26742], [52.79102, 17.28122], [52.77386, 17.28711], [52.73624, 17.28918], [52.72146, 17.29817], [52.72301, 17.29869], [52.72828, 17.29936], [52.73015, 17.29988], [52.69842, 17.37145], [52.65563, 17.46798], [52.61284, 17.56456], [52.57021, 17.66109], [52.52742, 17.75763], [52.48453, 17.85416], [52.44174, 17.95064], [52.399, 18.04727], [52.35616, 18.14378], [52.31332, 18.24028], [52.27069, 18.33687], [52.2278, 18.43342], [52.18501, 18.52993], [52.14233, 18.62651], [52.09954, 18.72304], [52.05675, 18.81963], [52.01396, 18.91616], [51.98569, 18.97973], [51.97861, 18.99564], [52.08993, 19.03264], [52.26108, 19.08969], [52.43213, 19.14674], [52.60312, 19.20379], [52.77438, 19.26079], [52.94553, 19.31787], [53.11658, 19.37492], [53.28784, 19.43194], [53.45889, 19.48899], [53.63004, 19.54599], [53.80109, 19.60307], [53.97224, 19.66012], [54.1435, 19.71714], [54.31465, 19.77419], [54.48559, 19.83119], [54.65675, 19.88819], [54.8279, 19.94527], [54.97838, 19.99542], [55.01052, 20.09201], [55.01714, 20.11174], [55.03574, 20.16756], [55.06447, 20.25427], [55.10189, 20.36685], [55.14623, 20.49999], [55.19553, 20.64856], [55.24834, 20.80741], [55.30291, 20.97149], [55.34462, 21.09691], [55.35748, 21.13556], [55.41019, 21.29446], [55.45959, 21.44303], [55.50383, 21.57615], [55.54124, 21.68865], [55.57008, 21.77542], [55.58857, 21.83123], [55.59519, 21.85102], [55.60017, 21.86606], [55.63757, 21.97897], [55.63705, 22.00191], [55.62671, 22.02377], [55.57359, 22.10594], [55.49277, 22.23079], [55.41205, 22.35569], [55.33112, 22.48059], [55.25041, 22.6055], [55.18684, 22.70358], [55.19759, 22.84946], [55.19129, 22.99537], [55.19129, 22.99547], [55.1948, 23.02508], [55.22591, 23.12125], [55.3211, 23.27509], [55.34322, 23.33628], [55.36409, 23.43601], [55.37526, 23.46934], [55.39396, 23.49518], [55.39417, 23.49528], [55.43148, 23.53293], [55.44533, 23.55226], [55.4783, 23.67636], [55.48739, 23.69326], [55.53411, 23.75677], [55.53835, 23.77005], [55.53514, 23.84588], [55.53059, 23.87467], [55.51458, 23.89661], [55.4783, 23.91658], [55.46155, 23.93056], [55.45277, 23.94856], [55.4568, 23.96316], [55.49979, 23.9706], [55.54227, 23.98544], [55.5617, 23.99523], [55.59106, 24.01001], [55.61834, 24.02014], [55.64687, 24.02502], [55.68004, 24.02427], [55.7126, 24.01923], [55.728, 24.01959], [55.74443, 24.02528], [55.76241, 24.02815], [55.78846, 24.00957], [55.80706, 24.00748], [55.92354, 24.05114], [55.98679, 24.06538], [55.99785, 24.08127], [55.96075, 24.14243], [55.94897, 24.18483], [55.93315, 24.22072], [55.90318, 24.23224], [55.84716, 24.21142], [55.83032, 24.21227], [55.76769, 24.22488], [55.7557, 24.23033], [55.75415, 24.24547], [55.7621, 24.26297], [55.80097, 24.32627], [55.80737, 24.34079], [55.81089, 24.38924], [55.80861, 24.39763], [55.80107, 24.40647], [55.78102, 24.41887], [55.77461, 24.4259], [55.77141, 24.44109], [55.77368, 24.49525], [55.76118, 24.53744], [55.75983, 24.55853], [55.76996, 24.5724], [55.78402, 24.58633], [55.79022, 24.61987], [55.81823, 24.64338], [55.81492, 24.66273], [55.79998, 24.69326], [55.79476, 24.70392], [55.7927, 24.72229], [55.79704, 24.75955], [55.79704, 24.77836], [55.78867, 24.8552], [55.7991, 24.88611], [55.82939, 24.92117], [55.85783, 24.94485], [55.86215, 24.94845], [55.89698, 24.96861], [55.93543, 24.97773], [55.97587, 24.97211], [55.97842, 24.97176], [56.0056, 24.95618], [56.01697, 24.92662], [56.02525, 24.88256], [56.02927, 24.86117], [56.00529, 24.87698], [55.99238, 24.883], [55.97842, 24.88611], [55.96085, 24.88125], [55.95765, 24.86866], [55.96478, 24.85386], [56.00209, 24.82301], [56.03155, 24.75415], [56.06214, 24.73177], [56.07627, 24.72997], [56.07795, 24.72976], [56.09914, 24.73051], [56.11826, 24.73542], [56.12725, 24.7457], [56.13335, 24.76283], [56.15485, 24.78671], [56.17118, 24.82399], [56.17137, 24.82407], [56.18626, 24.83024], [56.22368, 24.83448], [56.24166, 24.84244], [56.27468, 24.87195], [56.28032, 24.87698], [56.30833, 24.89517], [56.3136, 24.90507], [56.31428, 24.91196], [56.31605, 24.92991], [56.31928, 24.96253], [56.32445, 24.96794], [56.32899, 24.97269], [56.38331, 24.97822], [56.40545, 24.89728], [56.46957, 24.77534]]], [[[56.34912, 25.29403], [56.34437, 25.26653], [56.31643, 25.25335], [56.29315, 25.24585], [56.28176, 25.23691], [56.2522, 25.21764], [56.23577, 25.21118], [56.21996, 25.21526], [56.20763, 25.22084], [56.20612, 25.2306], [56.20837, 25.25537], [56.23513, 25.26748], [56.24489, 25.27799], [56.23888, 25.28625], [56.23567, 25.29629], [56.23363, 25.31253], [56.26062, 25.33107], [56.29069, 25.32754], [56.30937, 25.30133], [56.34912, 25.29403]], [[56.27381, 25.28129], [56.26508, 25.28118], [56.25958, 25.27598], [56.26303, 25.24922], [56.28298, 25.25548], [56.28833, 25.27193], [56.27381, 25.28129]]], [[[56.09148, 26.10651], [56.15772, 26.20108], [56.18181, 26.246], [56.1919, 26.25507], [56.20826, 26.26309], [56.20916, 26.25755], [56.20826, 26.24404], [56.2199, 26.22773], [56.21681, 26.22211], [56.21241, 26.20783], [56.2199, 26.20783], [56.2295, 26.21678], [56.25554, 26.21808], [56.26075, 26.2246], [56.26686, 26.22748], [56.27996, 26.22309], [56.29184, 26.21186], [56.29493, 26.19424], [56.30193, 26.20531], [56.30885, 26.20474], [56.31739, 26.20063], [56.32911, 26.20108], [56.35629, 26.21914], [56.36695, 26.2215], [56.39747, 26.21385], [56.40414, 26.21475], [56.40691, 26.22313], [56.40235, 26.23208], [56.39454, 26.23916], [56.38738, 26.24201], [56.36785, 26.24409], [56.35572, 26.24339], [56.34685, 26.23859], [56.34116, 26.23233], [56.33131, 26.22346], [56.31959, 26.21792], [56.30844, 26.2215], [56.30828, 26.23261], [56.31593, 26.27464], [56.31593, 26.29043], [56.34522, 26.26923], [56.35841, 26.26496], [56.36378, 26.27953], [56.35906, 26.28734], [56.34783, 26.29743], [56.334, 26.30614], [56.32228, 26.30964], [56.32651, 26.31892], [56.33204, 26.32075], [56.33814, 26.32071], [56.34401, 26.32392], [56.35629, 26.33759], [56.36183, 26.34951], [56.36053, 26.37128], [56.36378, 26.38597], [56.36997, 26.38597], [56.38364, 26.35871], [56.3991, 26.36791], [56.40414, 26.3723], [56.41163, 26.36494], [56.40691, 26.35737], [56.40651, 26.3548], [56.4087, 26.35236], [56.41163, 26.34504], [56.42107, 26.35212], [56.42693, 26.3496], [56.43189, 26.34296], [56.43897, 26.33759], [56.46217, 26.33186], [56.47438, 26.3308], [56.48732, 26.33137], [56.4852, 26.33588], [56.48178, 26.34736], [56.47983, 26.35187], [56.50099, 26.35871], [56.51108, 26.33348], [56.50896, 26.32372], [56.49497, 26.32274], [56.46957, 26.32392], [56.45281, 26.31835], [56.42286, 26.29462], [56.40626, 26.2849], [56.40748, 26.28486], [56.40724, 26.27912], [56.39861, 26.2687], [56.42091, 26.24763], [56.4323, 26.23945], [56.44581, 26.23518], [56.45493, 26.23933], [56.46534, 26.24726], [56.47625, 26.24917], [56.48732, 26.23518], [56.46876, 26.20551], [56.45965, 26.20209], [56.4533, 26.2215], [56.44304, 26.22045], [56.43198, 26.2215], [56.4358, 26.21161], [56.43686, 26.20527], [56.43539, 26.20014], [56.43198, 26.19424], [56.44459, 26.18236], [56.45973, 26.17426], [56.47291, 26.16401], [56.47983, 26.14582], [56.46811, 26.14598], [56.45737, 26.14842], [56.44776, 26.15314], [56.43897, 26.1601], [56.42457, 26.15379], [56.41245, 26.15843], [56.40496, 26.1706], [56.40414, 26.18675], [56.39829, 26.18342], [56.38315, 26.17699], [56.37745, 26.17373], [56.37696, 26.18439], [56.37892, 26.19253], [56.38364, 26.19806], [56.39112, 26.20108], [56.36842, 26.20453], [56.3436, 26.19139], [56.32879, 26.17284], [56.33595, 26.1601], [56.3309, 26.14932], [56.32976, 26.13711], [56.33172, 26.12421], [56.33595, 26.11164], [56.34474, 26.13182], [56.35304, 26.14265], [56.36378, 26.14582], [56.37013, 26.13947], [56.3711, 26.12783], [56.36834, 26.1149], [56.36378, 26.10488], [56.38331, 26.09748], [56.47299, 26.09862], [56.46437, 26.08535], [56.44923, 26.07355], [56.4183, 26.05707], [56.38917, 26.0471], [56.38014, 26.03824], [56.38364, 26.02228], [56.40886, 26.03437], [56.42286, 26.02314], [56.42335, 26.00463], [56.4004, 25.99047], [56.40504, 25.98045], [56.4183, 25.96393], [56.42213, 25.95661], [56.43116, 25.9527], [56.4533, 25.94717], [56.44549, 25.94245], [56.44264, 25.93928], [56.43897, 25.92609], [56.42416, 25.93317], [56.40789, 25.9374], [56.39332, 25.93586], [56.38364, 25.92609], [56.39943, 25.90233], [56.39259, 25.88044], [56.37615, 25.85928], [56.36378, 25.83796], [56.36264, 25.83063], [56.36378, 25.80687], [56.34401, 25.78954], [56.3274, 25.7624], [56.31625, 25.74958], [56.30177, 25.74177], [56.30177, 25.76289], [56.28793, 25.7416], [56.27377, 25.70913], [56.26661, 25.67259], [56.27377, 25.63931], [56.27905, 25.62745], [56.23753, 25.61658], [56.22151, 25.61384], [56.2058, 25.61777], [56.19877, 25.62526], [56.18885, 25.64541], [56.17986, 25.65208], [56.1564, 25.6559], [56.1525, 25.65796], [56.15082, 25.65885], [56.14513, 25.67084], [56.14038, 25.71554], [56.1412, 25.73269], [56.15195, 25.74313], [56.16487, 25.75218], [56.172, 25.76525], [56.16735, 25.7777], [56.1441, 25.80592], [56.13965, 25.82297], [56.14451, 25.83791], [56.16384, 25.86245], [56.17056, 25.87682], [56.17469, 25.96653], [56.1813, 25.99624], [56.18348, 26.01454], [56.17841, 26.035], [56.1627, 26.07355], [56.15133, 26.07479], [56.10059, 26.06285], [56.0774, 26.06105], [56.07749, 26.06135], [56.08204, 26.07071], [56.09148, 26.10651]]]]}, "properties": {"id": "80ME", "status": "validé", "pieces": [{"kind": "country"}]}}, {"type": "Feature", "geometry": {"type": "Polygon", "coordinates": [[[57.55188, 19.50899], [57.62329, 19.89154], [57.73315, 20.3504], [57.8595, 20.60246], [58.15063, 20.89514], [58.23303, 20.84383], [58.15613, 20.72062], [57.99683, 20.49448], [57.84302, 20.30921], [57.73865, 19.97413], [57.64526, 19.43652], [57.55188, 19.50899]]]}, "properties": {"id": "BH5p", "status": "validé", "pieces": [{"kind": "polygon", "ring": [[57.55188, 19.50899], [57.62329, 19.89154], [57.73315, 20.3504], [57.8595, 20.60246], [58.15063, 20.89514], [58.23303, 20.84383], [58.15613, 20.72062], [57.99683, 20.49448], [57.84302, 20.30921], [57.73865, 19.97413], [57.64526, 19.43652]]}]}}, {"type": "Feature", "geometry": {"type": "MultiPolygon", "coordinates": [[[[55.83172, 17.50227], [55.83172, 17.50235], [55.83709, 17.51008], [55.84881, 17.51529], [55.86297, 17.51887], [55.88307, 17.50715], [55.89088, 17.50458], [55.8908, 17.50454], [55.87582, 17.49592], [55.84571, 17.49608], [55.83627, 17.49095], [55.83619, 17.49091], [55.83245, 17.50039], [55.83172, 17.50227]]], [[[56.05844, 17.54434], [56.06788, 17.53221], [56.08107, 17.52363], [56.09555, 17.51887], [56.06381, 17.49958], [56.04689, 17.49335], [56.0311, 17.49091], [55.98683, 17.49291], [55.97283, 17.49836], [55.9642, 17.51992], [55.99057, 17.53539], [56.02882, 17.54768], [56.05535, 17.5598], [56.05535, 17.55972], [56.0582, 17.54584], [56.05844, 17.54434]]], [[[58.94508, 20.53522], [58.95395, 20.51992], [58.95004, 20.50894], [58.94117, 20.50092], [58.90284, 20.47411], [58.86232, 20.45279], [58.84409, 20.43732], [58.82016, 20.40302], [58.80828, 20.37958], [58.79664, 20.33153], [58.78761, 20.31452], [58.78761, 20.31444], [58.78761, 20.30329], [58.78777, 20.3024], [58.78932, 20.2932], [58.7894, 20.28653], [58.78517, 20.27953], [58.75147, 20.24803], [58.73341, 20.22455], [58.72429, 20.21515], [58.71534, 20.2121], [58.70265, 20.21044], [58.69125, 20.20775], [58.68653, 20.20148], [58.68312, 20.1909], [58.67457, 20.17951], [58.66358, 20.17137], [58.65235, 20.17048], [58.65219, 20.17048], [58.64698, 20.17967], [58.64259, 20.18724], [58.63746, 20.21845], [58.63649, 20.2497], [58.63868, 20.26663], [58.63836, 20.26785], [58.63592, 20.277], [58.64291, 20.35611], [58.6482, 20.36884], [58.65903, 20.38272], [58.66456, 20.38784], [58.68238, 20.40062], [58.68995, 20.40322], [58.6919, 20.40518], [58.69386, 20.40717], [58.69825, 20.42569], [58.70069, 20.4311], [58.71762, 20.437], [58.73422, 20.43765], [58.75123, 20.44013], [58.76889, 20.45161], [58.77711, 20.46219], [58.78077, 20.46699], [58.78452, 20.4794], [58.78517, 20.48164], [58.7894, 20.51992], [58.79558, 20.5384], [58.80486, 20.55345], [58.85287, 20.61335], [58.87135, 20.6496], [58.88258, 20.68252], [58.89129, 20.69428], [58.90626, 20.69798], [58.9183, 20.68146], [58.9183, 20.68134], [58.917, 20.66425], [58.91017, 20.64594], [58.90626, 20.626], [58.90838, 20.60472], [58.91432, 20.58784], [58.94508, 20.53522]]], [[[56.46957, 24.77534], [56.48032, 24.76512], [56.48683, 24.74185], [56.4935, 24.70018], [56.61118, 24.49632], [56.63559, 24.47138], [56.69215, 24.42524], [56.80144, 24.30297], [56.82309, 24.27115], [56.83229, 24.25251], [56.84107, 24.22382], [56.93946, 24.11591], [57.05828, 24.0231], [57.15154, 23.95356], [57.18426, 23.93427], [57.32635, 23.88402], [57.50961, 23.8391], [57.58644, 23.80744], [57.64519, 23.79043], [57.68678, 23.78335], [57.70973, 23.78221], [57.77735, 23.78596], [57.79575, 23.78221], [57.82439, 23.74763], [57.83497, 23.74006], [57.85922, 23.73408], [57.88771, 23.72085], [57.91277, 23.71784], [58.04314, 23.72455], [58.08676, 23.72211], [58.1316, 23.71332], [58.19321, 23.68936], [58.2103, 23.68598], [58.22739, 23.67914], [58.26417, 23.64484], [58.2824, 23.63142], [58.31723, 23.62092], [58.36354, 23.61555], [58.41196, 23.6162], [58.45297, 23.62397], [58.47486, 23.63154], [58.48365, 23.63813], [58.4909, 23.65656], [58.49952, 23.65689], [58.51857, 23.65192], [58.56137, 23.65111], [58.58416, 23.64696], [58.6045, 23.6376], [58.61329, 23.62507], [58.63331, 23.58527], [58.6421, 23.57681], [58.64715, 23.5749], [58.65154, 23.57054], [58.65553, 23.56574], [58.65903, 23.56249], [58.66131, 23.56314], [58.66684, 23.56391], [58.674, 23.56395], [58.68035, 23.56249], [58.69459, 23.55142], [58.7024, 23.54295], [58.70688, 23.53514], [58.71437, 23.53514], [58.72055, 23.54881], [58.72291, 23.5434], [58.72495, 23.54011], [58.72682, 23.53608], [58.72804, 23.52839], [58.73487, 23.52839], [58.73601, 23.53266], [58.74098, 23.54206], [58.74635, 23.53767], [58.74952, 23.53644], [58.76205, 23.54206], [58.78614, 23.51211], [58.79298, 23.49567], [58.7894, 23.48062], [58.79737, 23.46678], [58.80763, 23.42113], [58.82057, 23.40176], [58.87916, 23.35126], [58.91521, 23.33609], [58.92945, 23.3181], [58.94654, 23.27509], [58.95623, 23.25943], [58.9865, 23.23249], [59.00172, 23.21239], [59.0101, 23.15331], [59.07374, 23.09325], [59.07789, 23.08515], [59.08367, 23.05536], [59.0879, 23.04841], [59.09254, 23.04365], [59.12045, 23.02277], [59.17368, 22.99396], [59.20753, 22.97036], [59.23227, 22.94302], [59.25001, 22.91201], [59.28614, 22.82648], [59.28981, 22.81208], [59.29754, 22.79271], [59.31568, 22.77949], [59.35182, 22.76118], [59.39161, 22.70222], [59.39723, 22.6861], [59.41065, 22.67084], [59.45249, 22.6341], [59.4839, 22.61884], [59.50685, 22.60008], [59.5298, 22.58788], [59.53549, 22.58308], [59.53647, 22.57258], [59.53045, 22.57005], [59.52198, 22.57217], [59.51564, 22.57559], [59.5158, 22.56151], [59.52312, 22.55512], [59.53517, 22.55386], [59.54982, 22.55512], [59.6268, 22.57982], [59.65349, 22.56973], [59.69386, 22.54145], [59.69996, 22.54092], [59.71567, 22.54291], [59.7212, 22.54145], [59.72397, 22.53681], [59.72584, 22.52611], [59.72853, 22.52098], [59.72836, 22.51813], [59.72722, 22.51358], [59.72804, 22.50764], [59.73471, 22.50047], [59.73976, 22.49779], [59.7461, 22.49559], [59.75278, 22.49421], [59.75896, 22.49364], [59.76254, 22.4986], [59.75603, 22.50943], [59.74155, 22.52473], [59.74578, 22.53824], [59.75636, 22.53848], [59.77638, 22.54145], [59.80323, 22.53474], [59.82488, 22.50886], [59.83937, 22.47529], [59.84457, 22.44526], [59.82488, 22.2814], [59.81178, 22.23737], [59.79176, 22.19806], [59.73471, 22.12311], [59.70493, 22.09955], [59.68816, 22.08271], [59.68068, 22.06509], [59.67799, 22.0419], [59.65968, 21.99404], [59.65504, 21.94575], [59.64527, 21.92585], [59.60564, 21.91022], [59.59343, 21.89277], [59.577, 21.85627], [59.49789, 21.75633], [59.46762, 21.66641], [59.44858, 21.6249], [59.35499, 21.48566], [59.3475, 21.45356], [59.34425, 21.44473], [59.33619, 21.43773], [59.19532, 21.3791], [59.16627, 21.36278], [59.05437, 21.27709], [58.9192, 21.1437], [58.8781, 21.08381], [58.86793, 21.07477], [58.85426, 21.06562], [58.83855, 21.0445], [58.80787, 20.99079], [58.80445, 20.98159], [58.80193, 20.94623], [58.79884, 20.93602], [58.79298, 20.9274], [58.73487, 20.883], [58.73902, 20.86225], [58.72218, 20.84805], [58.68035, 20.82835], [58.68149, 20.82648], [58.67384, 20.80817], [58.6727, 20.80785], [58.66578, 20.80158], [58.66131, 20.79633], [58.65903, 20.79084], [58.66147, 20.78164], [58.66765, 20.77228], [58.67644, 20.76439], [58.68653, 20.75947], [58.70135, 20.76602], [58.71811, 20.78083], [58.72934, 20.78681], [58.72804, 20.76691], [58.71811, 20.75365], [58.69988, 20.74079], [58.68181, 20.73591], [58.6727, 20.7464], [58.66651, 20.7464], [58.6609, 20.73233], [58.65333, 20.70527], [58.64536, 20.69115], [58.63746, 20.68439], [58.61541, 20.67243], [58.6045, 20.66327], [58.59181, 20.64395], [58.58082, 20.61848], [58.57325, 20.59064], [58.57049, 20.56428], [58.5451, 20.51643], [58.53126, 20.48139], [58.53248, 20.46528], [58.52687, 20.45771], [58.5215, 20.42438], [58.51857, 20.41681], [58.51043, 20.41523], [58.49708, 20.41079], [58.48357, 20.4042], [58.47413, 20.39639], [58.46746, 20.36953], [58.44581, 20.35863], [58.41765, 20.3596], [58.39161, 20.36848], [58.37257, 20.37739], [58.35914, 20.38158], [58.32643, 20.38272], [58.31381, 20.3808], [58.29005, 20.3714], [58.27556, 20.36848], [58.27866, 20.37739], [58.28452, 20.38199], [58.27963, 20.38483], [58.24415, 20.39423], [58.22429, 20.39639], [58.20289, 20.40473], [58.20053, 20.42438], [58.21339, 20.46528], [58.21323, 20.4527], [58.2173, 20.44156], [58.22478, 20.43183], [58.23463, 20.42365], [58.23846, 20.44383], [58.22828, 20.48884], [58.23805, 20.50934], [58.25131, 20.5292], [58.26157, 20.55809], [58.26417, 20.58763], [58.25514, 20.60928], [58.23487, 20.61567], [58.20574, 20.61335], [58.17628, 20.60472], [58.14422, 20.58519], [58.10353, 20.57514], [58.09083, 20.56684], [58.08448, 20.55805], [58.06723, 20.51105], [58.06658, 20.49982], [58.07309, 20.48916], [58.07586, 20.48005], [58.06764, 20.47248], [58.05535, 20.46723], [58.03077, 20.4619], [58.01246, 20.45344], [57.99439, 20.44229], [57.97071, 20.42121], [57.96209, 20.41088], [57.95582, 20.39956], [57.95338, 20.38642], [57.95655, 20.37694], [57.97071, 20.36188], [57.97389, 20.35228], [57.96656, 20.33023], [57.94874, 20.31757], [57.90504, 20.30077], [57.88844, 20.29072], [57.87045, 20.27705], [57.85613, 20.26065], [57.85035, 20.24242], [57.8449, 20.23119], [57.83351, 20.21833], [57.82374, 20.20108], [57.82301, 20.17666], [57.84197, 20.13605], [57.84799, 20.11176], [57.83172, 20.07534], [57.81625, 20.02074], [57.81568, 20.00658], [57.81365, 19.977], [57.79037, 19.92402], [57.77369, 19.86786], [57.76205, 19.84296], [57.6989, 19.75438], [57.68922, 19.72818], [57.69337, 19.69746], [57.70045, 19.68598], [57.70924, 19.67674], [57.71681, 19.66681], [57.71998, 19.65306], [57.72055, 19.62263], [57.71892, 19.60798], [57.71388, 19.59504], [57.70655, 19.56883], [57.70444, 19.54873], [57.71176, 19.52949], [57.76026, 19.45409], [57.76783, 19.43745], [57.77394, 19.40965], [57.77377, 19.38288], [57.76905, 19.35761], [57.75221, 19.31159], [57.7483, 19.291], [57.75066, 19.26805], [57.77084, 19.21695], [57.78053, 19.20112], [57.80568, 19.173], [57.81186, 19.15689], [57.80299, 19.11514], [57.80201, 19.09479], [57.83985, 19.02998], [57.8401, 19.01533], [57.81568, 18.99177], [57.80112, 18.98066], [57.79713, 18.97923], [57.75229, 18.97305], [57.74732, 18.96784], [57.74285, 18.96186], [57.73194, 18.9538], [57.71941, 18.94693], [57.70973, 18.944], [57.50147, 18.95368], [57.44532, 18.94534], [57.20753, 18.90998], [57.08375, 18.87637], [56.91505, 18.81029], [56.85035, 18.76581], [56.80779, 18.74559], [56.78468, 18.72858], [56.77475, 18.70718], [56.76645, 18.69684], [56.65968, 18.59536], [56.64112, 18.55927], [56.63689, 18.51195], [56.6434, 18.47919], [56.6443, 18.4676], [56.64112, 18.4549], [56.62664, 18.43586], [56.62127, 18.41958], [56.61232, 18.3996], [56.60963, 18.38906], [56.60963, 18.34748], [56.6006, 18.30541], [56.54884, 18.18985], [56.56373, 18.17023], [56.56129, 18.14924], [56.54721, 18.12971], [56.5276, 18.11469], [56.48414, 18.0965], [56.46258, 18.08442], [56.43198, 18.03217], [56.42563, 18.02741], [56.41131, 18.02318], [56.40414, 18.01911], [56.35768, 17.96979], [56.35499, 17.96231], [56.35629, 17.94001], [56.3449, 17.93781], [56.18849, 17.9571], [56.16822, 17.95409], [56.13836, 17.94058], [56.11622, 17.93659], [56.0311, 17.94343], [56.01075, 17.94037], [55.94606, 17.91547], [55.90943, 17.90664], [55.65349, 17.89533], [55.55291, 17.87027], [55.53053, 17.86831], [55.52247, 17.86644], [55.51734, 17.86225], [55.51287, 17.85749], [55.5066, 17.85399], [55.48829, 17.85346], [55.48683, 17.85399], [55.45395, 17.8454], [55.44516, 17.84101], [55.43165, 17.82465], [55.41733, 17.78522], [55.40797, 17.7687], [55.39308, 17.75214], [55.38868, 17.74429], [55.37338, 17.70331], [55.36948, 17.69636], [55.35572, 17.68159], [55.26319, 17.60773], [55.23504, 17.55882], [55.2282, 17.53876], [55.22543, 17.51545], [55.2295, 17.48859], [55.24008, 17.47517], [55.27377, 17.45742], [55.29322, 17.43769], [55.30079, 17.41681], [55.30112, 17.37116], [55.2942, 17.35212], [55.25343, 17.29914], [55.25123, 17.28998], [55.24952, 17.27611], [55.25066, 17.26362], [55.25685, 17.25821], [55.26482, 17.25479], [55.26515, 17.24706], [55.26026, 17.23428], [55.25473, 17.22871], [55.22853, 17.21613], [55.21925, 17.21039], [55.21314, 17.20209], [55.20932, 17.19355], [55.20509, 17.17621], [55.19549, 17.16083], [55.19874, 17.15575], [55.18922, 17.14476], [55.15886, 17.13581], [55.14357, 17.12783], [55.13844, 17.11888], [55.13299, 17.10505], [55.12477, 17.09248], [55.11256, 17.08686], [55.07179, 17.04218], [55.02687, 17.01113], [55.02068, 17.01113], [55.01092, 17.02627], [54.9992, 17.01968], [54.98699, 17.00536], [54.97535, 16.99746], [54.95965, 16.99486], [54.94508, 16.98998], [54.93133, 16.98713], [54.917, 16.99067], [54.90138, 16.97492], [54.88282, 16.96906], [54.84181, 16.96393], [54.80844, 16.95148], [54.79184, 16.9514], [54.78053, 16.96393], [54.76905, 16.95791], [54.75074, 16.96052], [54.73943, 16.95649], [54.70533, 16.97761], [54.69793, 16.97016], [54.68979, 16.98933], [54.68531, 17.0069], [54.67408, 17.01976], [54.63315, 17.02692], [54.60434, 17.03632], [54.59205, 17.03848], [54.58033, 17.03734], [54.55974, 17.0327], [54.5477, 17.03164], [54.51238, 17.0384], [54.49928, 17.03848], [54.48854, 17.03559], [54.46762, 17.02668], [54.46168, 17.02481], [54.41456, 17.03783], [54.38999, 17.03946], [54.36948, 17.02481], [54.36012, 17.02961], [54.35035, 17.03168], [54.16407, 17.01113], [54.08497, 17.01113], [54.06756, 17.00674], [54.02345, 16.98534], [54.01271, 16.97761], [54.00896, 16.96865], [54.00929, 16.96092], [54.0114, 16.95368], [54.01271, 16.94599], [54.00945, 16.93745], [53.99537, 16.92536], [53.9922, 16.91926], [53.98113, 16.90876], [53.9559, 16.90388], [53.91017, 16.90127], [53.85035, 16.88915], [53.83074, 16.88764], [53.81267, 16.88178], [53.792, 16.87031], [53.77133, 16.86262], [53.75318, 16.86774], [53.73463, 16.85615], [53.70932, 16.83601], [53.68702, 16.81362], [53.6775, 16.79511], [53.66928, 16.78408], [53.65056, 16.77318], [53.61541, 16.75788], [53.58269, 16.74995], [53.42303, 16.74681], [53.33863, 16.73481], [53.1753, 16.68452], [53.09034, 16.6424], [53.0279, 16.77748], [52.96527, 16.91292], [52.90275, 17.04826], [52.84032, 17.18371], [52.80156, 17.26742], [52.79102, 17.28122], [52.77386, 17.28711], [52.73624, 17.28918], [52.72146, 17.29817], [52.72301, 17.29869], [52.72828, 17.29936], [52.73015, 17.29988], [52.69842, 17.37145], [52.65563, 17.46798], [52.61284, 17.56456], [52.57021, 17.66109], [52.52742, 17.75763], [52.48453, 17.85416], [52.44174, 17.95064], [52.399, 18.04727], [52.35616, 18.14378], [52.31332, 18.24028], [52.27069, 18.33687], [52.2278, 18.43342], [52.18501, 18.52993], [52.14233, 18.62651], [52.09954, 18.72304], [52.05675, 18.81963], [52.01396, 18.91616], [51.98569, 18.97973], [51.97861, 18.99564], [52.08993, 19.03264], [52.26108, 19.08969], [52.43213, 19.14674], [52.60312, 19.20379], [52.77438, 19.26079], [52.94553, 19.31787], [53.11658, 19.37492], [53.28784, 19.43194], [53.45889, 19.48899], [53.63004, 19.54599], [53.80109, 19.60307], [53.97224, 19.66012], [54.1435, 19.71714], [54.31465, 19.77419], [54.48559, 19.83119], [54.65675, 19.88819], [54.8279, 19.94527], [54.97838, 19.99542], [55.01052, 20.09201], [55.01714, 20.11174], [55.03574, 20.16756], [55.06447, 20.25427], [55.10189, 20.36685], [55.14623, 20.49999], [55.19553, 20.64856], [55.24834, 20.80741], [55.30291, 20.97149], [55.34462, 21.09691], [55.35748, 21.13556], [55.41019, 21.29446], [55.45959, 21.44303], [55.50383, 21.57615], [55.54124, 21.68865], [55.57008, 21.77542], [55.58857, 21.83123], [55.59519, 21.85102], [55.60017, 21.86606], [55.63757, 21.97897], [55.63705, 22.00191], [55.62671, 22.02377], [55.57359, 22.10594], [55.49277, 22.23079], [55.41205, 22.35569], [55.33112, 22.48059], [55.25041, 22.6055], [55.18684, 22.70358], [55.19759, 22.84946], [55.19129, 22.99537], [55.19129, 22.99547], [55.1948, 23.02508], [55.22591, 23.12125], [55.3211, 23.27509], [55.34322, 23.33628], [55.36409, 23.43601], [55.37526, 23.46934], [55.39396, 23.49518], [55.39417, 23.49528], [55.43148, 23.53293], [55.44533, 23.55226], [55.4783, 23.67636], [55.48739, 23.69326], [55.53411, 23.75677], [55.53835, 23.77005], [55.53514, 23.84588], [55.53059, 23.87467], [55.51458, 23.89661], [55.4783, 23.91658], [55.46155, 23.93056], [55.45277, 23.94856], [55.4568, 23.96316], [55.49979, 23.9706], [55.54227, 23.98544], [55.5617, 23.99523], [55.59106, 24.01001], [55.61834, 24.02014], [55.64687, 24.02502], [55.68004, 24.02427], [55.7126, 24.01923], [55.728, 24.01959], [55.74443, 24.02528], [55.76241, 24.02815], [55.78846, 24.00957], [55.80706, 24.00748], [55.92354, 24.05114], [55.98679, 24.06538], [55.99785, 24.08127], [55.96075, 24.14243], [55.94897, 24.18483], [55.93315, 24.22072], [55.90318, 24.23224], [55.84716, 24.21142], [55.83032, 24.21227], [55.76769, 24.22488], [55.7557, 24.23033], [55.75415, 24.24547], [55.7621, 24.26297], [55.80097, 24.32627], [55.80737, 24.34079], [55.81089, 24.38924], [55.80861, 24.39763], [55.80107, 24.40647], [55.78102, 24.41887], [55.77461, 24.4259], [55.77141, 24.44109], [55.77368, 24.49525], [55.76118, 24.53744], [55.75983, 24.55853], [55.76996, 24.5724], [55.78402, 24.58633], [55.79022, 24.61987], [55.81823, 24.64338], [55.81492, 24.66273], [55.79998, 24.69326], [55.79476, 24.70392], [55.7927, 24.72229], [55.79704, 24.75955], [55.79704, 24.77836], [55.78867, 24.8552], [55.7991, 24.88611], [55.82939, 24.92117], [55.85783, 24.94485], [55.86215, 24.94845], [55.89698, 24.96861], [55.93543, 24.97773], [55.97587, 24.97211], [55.97842, 24.97176], [56.0056, 24.95618], [56.01697, 24.92662], [56.02525, 24.88256], [56.02927, 24.86117], [56.00529, 24.87698], [55.99238, 24.883], [55.97842, 24.88611], [55.96085, 24.88125], [55.95765, 24.86866], [55.96478, 24.85386], [56.00209, 24.82301], [56.03155, 24.75415], [56.06214, 24.73177], [56.07627, 24.72997], [56.07795, 24.72976], [56.09914, 24.73051], [56.11826, 24.73542], [56.12725, 24.7457], [56.13335, 24.76283], [56.15485, 24.78671], [56.17118, 24.82399], [56.17137, 24.82407], [56.18626, 24.83024], [56.22368, 24.83448], [56.24166, 24.84244], [56.27468, 24.87195], [56.28032, 24.87698], [56.30833, 24.89517], [56.3136, 24.90507], [56.31428, 24.91196], [56.31605, 24.92991], [56.31928, 24.96253], [56.32445, 24.96794], [56.32899, 24.97269], [56.38331, 24.97822], [56.40545, 24.89728], [56.46957, 24.77534]]], [[[56.34912, 25.29403], [56.34437, 25.26653], [56.31643, 25.25335], [56.29315, 25.24585], [56.28176, 25.23691], [56.2522, 25.21764], [56.23577, 25.21118], [56.21996, 25.21526], [56.20763, 25.22084], [56.20612, 25.2306], [56.20837, 25.25537], [56.23513, 25.26748], [56.24489, 25.27799], [56.23888, 25.28625], [56.23567, 25.29629], [56.23363, 25.31253], [56.26062, 25.33107], [56.29069, 25.32754], [56.30937, 25.30133], [56.34912, 25.29403]], [[56.27381, 25.28129], [56.26508, 25.28118], [56.25958, 25.27598], [56.26303, 25.24922], [56.28298, 25.25548], [56.28833, 25.27193], [56.27381, 25.28129]]], [[[56.09148, 26.10651], [56.15772, 26.20108], [56.18181, 26.246], [56.1919, 26.25507], [56.20826, 26.26309], [56.20916, 26.25755], [56.20826, 26.24404], [56.2199, 26.22773], [56.21681, 26.22211], [56.21241, 26.20783], [56.2199, 26.20783], [56.2295, 26.21678], [56.25554, 26.21808], [56.26075, 26.2246], [56.26686, 26.22748], [56.27996, 26.22309], [56.29184, 26.21186], [56.29493, 26.19424], [56.30193, 26.20531], [56.30885, 26.20474], [56.31739, 26.20063], [56.32911, 26.20108], [56.35629, 26.21914], [56.36695, 26.2215], [56.39747, 26.21385], [56.40414, 26.21475], [56.40691, 26.22313], [56.40235, 26.23208], [56.39454, 26.23916], [56.38738, 26.24201], [56.36785, 26.24409], [56.35572, 26.24339], [56.34685, 26.23859], [56.34116, 26.23233], [56.33131, 26.22346], [56.31959, 26.21792], [56.30844, 26.2215], [56.30828, 26.23261], [56.31593, 26.27464], [56.31593, 26.29043], [56.34522, 26.26923], [56.35841, 26.26496], [56.36378, 26.27953], [56.35906, 26.28734], [56.34783, 26.29743], [56.334, 26.30614], [56.32228, 26.30964], [56.32651, 26.31892], [56.33204, 26.32075], [56.33814, 26.32071], [56.34401, 26.32392], [56.35629, 26.33759], [56.36183, 26.34951], [56.36053, 26.37128], [56.36378, 26.38597], [56.36997, 26.38597], [56.38364, 26.35871], [56.3991, 26.36791], [56.40414, 26.3723], [56.41163, 26.36494], [56.40691, 26.35737], [56.40651, 26.3548], [56.4087, 26.35236], [56.41163, 26.34504], [56.42107, 26.35212], [56.42693, 26.3496], [56.43189, 26.34296], [56.43897, 26.33759], [56.46217, 26.33186], [56.47438, 26.3308], [56.48732, 26.33137], [56.4852, 26.33588], [56.48178, 26.34736], [56.47983, 26.35187], [56.50099, 26.35871], [56.51108, 26.33348], [56.50896, 26.32372], [56.49497, 26.32274], [56.46957, 26.32392], [56.45281, 26.31835], [56.42286, 26.29462], [56.40626, 26.2849], [56.40748, 26.28486], [56.40724, 26.27912], [56.39861, 26.2687], [56.42091, 26.24763], [56.4323, 26.23945], [56.44581, 26.23518], [56.45493, 26.23933], [56.46534, 26.24726], [56.47625, 26.24917], [56.48732, 26.23518], [56.46876, 26.20551], [56.45965, 26.20209], [56.4533, 26.2215], [56.44304, 26.22045], [56.43198, 26.2215], [56.4358, 26.21161], [56.43686, 26.20527], [56.43539, 26.20014], [56.43198, 26.19424], [56.44459, 26.18236], [56.45973, 26.17426], [56.47291, 26.16401], [56.47983, 26.14582], [56.46811, 26.14598], [56.45737, 26.14842], [56.44776, 26.15314], [56.43897, 26.1601], [56.42457, 26.15379], [56.41245, 26.15843], [56.40496, 26.1706], [56.40414, 26.18675], [56.39829, 26.18342], [56.38315, 26.17699], [56.37745, 26.17373], [56.37696, 26.18439], [56.37892, 26.19253], [56.38364, 26.19806], [56.39112, 26.20108], [56.36842, 26.20453], [56.3436, 26.19139], [56.32879, 26.17284], [56.33595, 26.1601], [56.3309, 26.14932], [56.32976, 26.13711], [56.33172, 26.12421], [56.33595, 26.11164], [56.34474, 26.13182], [56.35304, 26.14265], [56.36378, 26.14582], [56.37013, 26.13947], [56.3711, 26.12783], [56.36834, 26.1149], [56.36378, 26.10488], [56.38331, 26.09748], [56.47299, 26.09862], [56.46437, 26.08535], [56.44923, 26.07355], [56.4183, 26.05707], [56.38917, 26.0471], [56.38014, 26.03824], [56.38364, 26.02228], [56.40886, 26.03437], [56.42286, 26.02314], [56.42335, 26.00463], [56.4004, 25.99047], [56.40504, 25.98045], [56.4183, 25.96393], [56.42213, 25.95661], [56.43116, 25.9527], [56.4533, 25.94717], [56.44549, 25.94245], [56.44264, 25.93928], [56.43897, 25.92609], [56.42416, 25.93317], [56.40789, 25.9374], [56.39332, 25.93586], [56.38364, 25.92609], [56.39943, 25.90233], [56.39259, 25.88044], [56.37615, 25.85928], [56.36378, 25.83796], [56.36264, 25.83063], [56.36378, 25.80687], [56.34401, 25.78954], [56.3274, 25.7624], [56.31625, 25.74958], [56.30177, 25.74177], [56.30177, 25.76289], [56.28793, 25.7416], [56.27377, 25.70913], [56.26661, 25.67259], [56.27377, 25.63931], [56.27905, 25.62745], [56.23753, 25.61658], [56.22151, 25.61384], [56.2058, 25.61777], [56.19877, 25.62526], [56.18885, 25.64541], [56.17986, 25.65208], [56.1564, 25.6559], [56.1525, 25.65796], [56.15082, 25.65885], [56.14513, 25.67084], [56.14038, 25.71554], [56.1412, 25.73269], [56.15195, 25.74313], [56.16487, 25.75218], [56.172, 25.76525], [56.16735, 25.7777], [56.1441, 25.80592], [56.13965, 25.82297], [56.14451, 25.83791], [56.16384, 25.86245], [56.17056, 25.87682], [56.17469, 25.96653], [56.1813, 25.99624], [56.18348, 26.01454], [56.17841, 26.035], [56.1627, 26.07355], [56.15133, 26.07479], [56.10059, 26.06285], [56.0774, 26.06105], [56.07749, 26.06135], [56.08204, 26.07071], [56.09148, 26.10651]]]]}, "properties": {"id": "Bmam", "status": "validé", "pieces": [{"kind": "country"}]}}, {"type": "Feature", "geometry": {"type": "MultiPolygon", "coordinates": [[[[55.83172, 17.50227], [55.83172, 17.50235], [55.83709, 17.51008], [55.84881, 17.51529], [55.86297, 17.51887], [55.88307, 17.50715], [55.89088, 17.50458], [55.8908, 17.50454], [55.87582, 17.49592], [55.84571, 17.49608], [55.83627, 17.49095], [55.83619, 17.49091], [55.83245, 17.50039], [55.83172, 17.50227]]], [[[56.05844, 17.54434], [56.06788, 17.53221], [56.08107, 17.52363], [56.09555, 17.51887], [56.06381, 17.49958], [56.04689, 17.49335], [56.0311, 17.49091], [55.98683, 17.49291], [55.97283, 17.49836], [55.9642, 17.51992], [55.99057, 17.53539], [56.02882, 17.54768], [56.05535, 17.5598], [56.05535, 17.55972], [56.0582, 17.54584], [56.05844, 17.54434]]], [[[58.94508, 20.53522], [58.95395, 20.51992], [58.95004, 20.50894], [58.94117, 20.50092], [58.90284, 20.47411], [58.86232, 20.45279], [58.84409, 20.43732], [58.82016, 20.40302], [58.80828, 20.37958], [58.79664, 20.33153], [58.78761, 20.31452], [58.78761, 20.31444], [58.78761, 20.30329], [58.78777, 20.3024], [58.78932, 20.2932], [58.7894, 20.28653], [58.78517, 20.27953], [58.75147, 20.24803], [58.73341, 20.22455], [58.72429, 20.21515], [58.71534, 20.2121], [58.70265, 20.21044], [58.69125, 20.20775], [58.68653, 20.20148], [58.68312, 20.1909], [58.67457, 20.17951], [58.66358, 20.17137], [58.65235, 20.17048], [58.65219, 20.17048], [58.64698, 20.17967], [58.64259, 20.18724], [58.63746, 20.21845], [58.63649, 20.2497], [58.63868, 20.26663], [58.63836, 20.26785], [58.63592, 20.277], [58.64291, 20.35611], [58.6482, 20.36884], [58.65903, 20.38272], [58.66456, 20.38784], [58.68238, 20.40062], [58.68995, 20.40322], [58.6919, 20.40518], [58.69386, 20.40717], [58.69825, 20.42569], [58.70069, 20.4311], [58.71762, 20.437], [58.73422, 20.43765], [58.75123, 20.44013], [58.76889, 20.45161], [58.77711, 20.46219], [58.78077, 20.46699], [58.78452, 20.4794], [58.78517, 20.48164], [58.7894, 20.51992], [58.79558, 20.5384], [58.80486, 20.55345], [58.85287, 20.61335], [58.87135, 20.6496], [58.88258, 20.68252], [58.89129, 20.69428], [58.90626, 20.69798], [58.9183, 20.68146], [58.9183, 20.68134], [58.917, 20.66425], [58.91017, 20.64594], [58.90626, 20.626], [58.90838, 20.60472], [58.91432, 20.58784], [58.94508, 20.53522]]], [[[56.46957, 24.77534], [56.48032, 24.76512], [56.48683, 24.74185], [56.4935, 24.70018], [56.61118, 24.49632], [56.63559, 24.47138], [56.69215, 24.42524], [56.80144, 24.30297], [56.82309, 24.27115], [56.83229, 24.25251], [56.84107, 24.22382], [56.93946, 24.11591], [57.05828, 24.0231], [57.15154, 23.95356], [57.18426, 23.93427], [57.32635, 23.88402], [57.50961, 23.8391], [57.58644, 23.80744], [57.64519, 23.79043], [57.68678, 23.78335], [57.70973, 23.78221], [57.77735, 23.78596], [57.79575, 23.78221], [57.82439, 23.74763], [57.83497, 23.74006], [57.85922, 23.73408], [57.88771, 23.72085], [57.91277, 23.71784], [58.04314, 23.72455], [58.08676, 23.72211], [58.1316, 23.71332], [58.19321, 23.68936], [58.2103, 23.68598], [58.22739, 23.67914], [58.26417, 23.64484], [58.2824, 23.63142], [58.31723, 23.62092], [58.36354, 23.61555], [58.41196, 23.6162], [58.45297, 23.62397], [58.47486, 23.63154], [58.48365, 23.63813], [58.4909, 23.65656], [58.49952, 23.65689], [58.51857, 23.65192], [58.56137, 23.65111], [58.58416, 23.64696], [58.6045, 23.6376], [58.61329, 23.62507], [58.63331, 23.58527], [58.6421, 23.57681], [58.64715, 23.5749], [58.65154, 23.57054], [58.65553, 23.56574], [58.65903, 23.56249], [58.66131, 23.56314], [58.66684, 23.56391], [58.674, 23.56395], [58.68035, 23.56249], [58.69459, 23.55142], [58.7024, 23.54295], [58.70688, 23.53514], [58.71437, 23.53514], [58.72055, 23.54881], [58.72291, 23.5434], [58.72495, 23.54011], [58.72682, 23.53608], [58.72804, 23.52839], [58.73487, 23.52839], [58.73601, 23.53266], [58.74098, 23.54206], [58.74635, 23.53767], [58.74952, 23.53644], [58.76205, 23.54206], [58.78614, 23.51211], [58.79298, 23.49567], [58.7894, 23.48062], [58.79737, 23.46678], [58.80763, 23.42113], [58.82057, 23.40176], [58.87916, 23.35126], [58.91521, 23.33609], [58.92945, 23.3181], [58.94654, 23.27509], [58.95623, 23.25943], [58.9865, 23.23249], [59.00172, 23.21239], [59.0101, 23.15331], [59.07374, 23.09325], [59.07789, 23.08515], [59.08367, 23.05536], [59.0879, 23.04841], [59.09254, 23.04365], [59.12045, 23.02277], [59.17368, 22.99396], [59.20753, 22.97036], [59.23227, 22.94302], [59.25001, 22.91201], [59.28614, 22.82648], [59.28981, 22.81208], [59.29754, 22.79271], [59.31568, 22.77949], [59.35182, 22.76118], [59.39161, 22.70222], [59.39723, 22.6861], [59.41065, 22.67084], [59.45249, 22.6341], [59.4839, 22.61884], [59.50685, 22.60008], [59.5298, 22.58788], [59.53549, 22.58308], [59.53647, 22.57258], [59.53045, 22.57005], [59.52198, 22.57217], [59.51564, 22.57559], [59.5158, 22.56151], [59.52312, 22.55512], [59.53517, 22.55386], [59.54982, 22.55512], [59.6268, 22.57982], [59.65349, 22.56973], [59.69386, 22.54145], [59.69996, 22.54092], [59.71567, 22.54291], [59.7212, 22.54145], [59.72397, 22.53681], [59.72584, 22.52611], [59.72853, 22.52098], [59.72836, 22.51813], [59.72722, 22.51358], [59.72804, 22.50764], [59.73471, 22.50047], [59.73976, 22.49779], [59.7461, 22.49559], [59.75278, 22.49421], [59.75896, 22.49364], [59.76254, 22.4986], [59.75603, 22.50943], [59.74155, 22.52473], [59.74578, 22.53824], [59.75636, 22.53848], [59.77638, 22.54145], [59.80323, 22.53474], [59.82488, 22.50886], [59.83937, 22.47529], [59.84457, 22.44526], [59.82488, 22.2814], [59.81178, 22.23737], [59.79176, 22.19806], [59.73471, 22.12311], [59.70493, 22.09955], [59.68816, 22.08271], [59.68068, 22.06509], [59.67799, 22.0419], [59.65968, 21.99404], [59.65504, 21.94575], [59.64527, 21.92585], [59.60564, 21.91022], [59.59343, 21.89277], [59.577, 21.85627], [59.49789, 21.75633], [59.46762, 21.66641], [59.44858, 21.6249], [59.35499, 21.48566], [59.3475, 21.45356], [59.34425, 21.44473], [59.33619, 21.43773], [59.19532, 21.3791], [59.16627, 21.36278], [59.05437, 21.27709], [58.9192, 21.1437], [58.8781, 21.08381], [58.86793, 21.07477], [58.85426, 21.06562], [58.83855, 21.0445], [58.80787, 20.99079], [58.80445, 20.98159], [58.80193, 20.94623], [58.79884, 20.93602], [58.79298, 20.9274], [58.73487, 20.883], [58.73902, 20.86225], [58.72218, 20.84805], [58.68035, 20.82835], [58.68149, 20.82648], [58.67384, 20.80817], [58.6727, 20.80785], [58.66578, 20.80158], [58.66131, 20.79633], [58.65903, 20.79084], [58.66147, 20.78164], [58.66765, 20.77228], [58.67644, 20.76439], [58.68653, 20.75947], [58.70135, 20.76602], [58.71811, 20.78083], [58.72934, 20.78681], [58.72804, 20.76691], [58.71811, 20.75365], [58.69988, 20.74079], [58.68181, 20.73591], [58.6727, 20.7464], [58.66651, 20.7464], [58.6609, 20.73233], [58.65333, 20.70527], [58.64536, 20.69115], [58.63746, 20.68439], [58.61541, 20.67243], [58.6045, 20.66327], [58.59181, 20.64395], [58.58082, 20.61848], [58.57325, 20.59064], [58.57049, 20.56428], [58.5451, 20.51643], [58.53126, 20.48139], [58.53248, 20.46528], [58.52687, 20.45771], [58.5215, 20.42438], [58.51857, 20.41681], [58.51043, 20.41523], [58.49708, 20.41079], [58.48357, 20.4042], [58.47413, 20.39639], [58.46746, 20.36953], [58.44581, 20.35863], [58.41765, 20.3596], [58.39161, 20.36848], [58.37257, 20.37739], [58.35914, 20.38158], [58.32643, 20.38272], [58.31381, 20.3808], [58.29005, 20.3714], [58.27556, 20.36848], [58.27866, 20.37739], [58.28452, 20.38199], [58.27963, 20.38483], [58.24415, 20.39423], [58.22429, 20.39639], [58.20289, 20.40473], [58.20053, 20.42438], [58.21339, 20.46528], [58.21323, 20.4527], [58.2173, 20.44156], [58.22478, 20.43183], [58.23463, 20.42365], [58.23846, 20.44383], [58.22828, 20.48884], [58.23805, 20.50934], [58.25131, 20.5292], [58.26157, 20.55809], [58.26417, 20.58763], [58.25514, 20.60928], [58.23487, 20.61567], [58.20574, 20.61335], [58.17628, 20.60472], [58.14422, 20.58519], [58.10353, 20.57514], [58.09083, 20.56684], [58.08448, 20.55805], [58.06723, 20.51105], [58.06658, 20.49982], [58.07309, 20.48916], [58.07586, 20.48005], [58.06764, 20.47248], [58.05535, 20.46723], [58.03077, 20.4619], [58.01246, 20.45344], [57.99439, 20.44229], [57.97071, 20.42121], [57.96209, 20.41088], [57.95582, 20.39956], [57.95338, 20.38642], [57.95655, 20.37694], [57.97071, 20.36188], [57.97389, 20.35228], [57.96656, 20.33023], [57.94874, 20.31757], [57.90504, 20.30077], [57.88844, 20.29072], [57.87045, 20.27705], [57.85613, 20.26065], [57.85035, 20.24242], [57.8449, 20.23119], [57.83351, 20.21833], [57.82374, 20.20108], [57.82301, 20.17666], [57.84197, 20.13605], [57.84799, 20.11176], [57.83172, 20.07534], [57.81625, 20.02074], [57.81568, 20.00658], [57.81365, 19.977], [57.79037, 19.92402], [57.77369, 19.86786], [57.76205, 19.84296], [57.6989, 19.75438], [57.68922, 19.72818], [57.69337, 19.69746], [57.70045, 19.68598], [57.70924, 19.67674], [57.71681, 19.66681], [57.71998, 19.65306], [57.72055, 19.62263], [57.71892, 19.60798], [57.71388, 19.59504], [57.70655, 19.56883], [57.70444, 19.54873], [57.71176, 19.52949], [57.76026, 19.45409], [57.76783, 19.43745], [57.77394, 19.40965], [57.77377, 19.38288], [57.76905, 19.35761], [57.75221, 19.31159], [57.7483, 19.291], [57.75066, 19.26805], [57.77084, 19.21695], [57.78053, 19.20112], [57.80568, 19.173], [57.81186, 19.15689], [57.80299, 19.11514], [57.80201, 19.09479], [57.83985, 19.02998], [57.8401, 19.01533], [57.81568, 18.99177], [57.80112, 18.98066], [57.79713, 18.97923], [57.75229, 18.97305], [57.74732, 18.96784], [57.74285, 18.96186], [57.73194, 18.9538], [57.71941, 18.94693], [57.70973, 18.944], [57.50147, 18.95368], [57.44532, 18.94534], [57.20753, 18.90998], [57.08375, 18.87637], [56.91505, 18.81029], [56.85035, 18.76581], [56.80779, 18.74559], [56.78468, 18.72858], [56.77475, 18.70718], [56.76645, 18.69684], [56.65968, 18.59536], [56.64112, 18.55927], [56.63689, 18.51195], [56.6434, 18.47919], [56.6443, 18.4676], [56.64112, 18.4549], [56.62664, 18.43586], [56.62127, 18.41958], [56.61232, 18.3996], [56.60963, 18.38906], [56.60963, 18.34748], [56.6006, 18.30541], [56.54884, 18.18985], [56.56373, 18.17023], [56.56129, 18.14924], [56.54721, 18.12971], [56.5276, 18.11469], [56.48414, 18.0965], [56.46258, 18.08442], [56.43198, 18.03217], [56.42563, 18.02741], [56.41131, 18.02318], [56.40414, 18.01911], [56.35768, 17.96979], [56.35499, 17.96231], [56.35629, 17.94001], [56.3449, 17.93781], [56.18849, 17.9571], [56.16822, 17.95409], [56.13836, 17.94058], [56.11622, 17.93659], [56.0311, 17.94343], [56.01075, 17.94037], [55.94606, 17.91547], [55.90943, 17.90664], [55.65349, 17.89533], [55.55291, 17.87027], [55.53053, 17.86831], [55.52247, 17.86644], [55.51734, 17.86225], [55.51287, 17.85749], [55.5066, 17.85399], [55.48829, 17.85346], [55.48683, 17.85399], [55.45395, 17.8454], [55.44516, 17.84101], [55.43165, 17.82465], [55.41733, 17.78522], [55.40797, 17.7687], [55.39308, 17.75214], [55.38868, 17.74429], [55.37338, 17.70331], [55.36948, 17.69636], [55.35572, 17.68159], [55.26319, 17.60773], [55.23504, 17.55882], [55.2282, 17.53876], [55.22543, 17.51545], [55.2295, 17.48859], [55.24008, 17.47517], [55.27377, 17.45742], [55.29322, 17.43769], [55.30079, 17.41681], [55.30112, 17.37116], [55.2942, 17.35212], [55.25343, 17.29914], [55.25123, 17.28998], [55.24952, 17.27611], [55.25066, 17.26362], [55.25685, 17.25821], [55.26482, 17.25479], [55.26515, 17.24706], [55.26026, 17.23428], [55.25473, 17.22871], [55.22853, 17.21613], [55.21925, 17.21039], [55.21314, 17.20209], [55.20932, 17.19355], [55.20509, 17.17621], [55.19549, 17.16083], [55.19874, 17.15575], [55.18922, 17.14476], [55.15886, 17.13581], [55.14357, 17.12783], [55.13844, 17.11888], [55.13299, 17.10505], [55.12477, 17.09248], [55.11256, 17.08686], [55.07179, 17.04218], [55.02687, 17.01113], [55.02068, 17.01113], [55.01092, 17.02627], [54.9992, 17.01968], [54.98699, 17.00536], [54.97535, 16.99746], [54.95965, 16.99486], [54.94508, 16.98998], [54.93133, 16.98713], [54.917, 16.99067], [54.90138, 16.97492], [54.88282, 16.96906], [54.84181, 16.96393], [54.80844, 16.95148], [54.79184, 16.9514], [54.78053, 16.96393], [54.76905, 16.95791], [54.75074, 16.96052], [54.73943, 16.95649], [54.70533, 16.97761], [54.69793, 16.97016], [54.68979, 16.98933], [54.68531, 17.0069], [54.67408, 17.01976], [54.63315, 17.02692], [54.60434, 17.03632], [54.59205, 17.03848], [54.58033, 17.03734], [54.55974, 17.0327], [54.5477, 17.03164], [54.51238, 17.0384], [54.49928, 17.03848], [54.48854, 17.03559], [54.46762, 17.02668], [54.46168, 17.02481], [54.41456, 17.03783], [54.38999, 17.03946], [54.36948, 17.02481], [54.36012, 17.02961], [54.35035, 17.03168], [54.16407, 17.01113], [54.08497, 17.01113], [54.06756, 17.00674], [54.02345, 16.98534], [54.01271, 16.97761], [54.00896, 16.96865], [54.00929, 16.96092], [54.0114, 16.95368], [54.01271, 16.94599], [54.00945, 16.93745], [53.99537, 16.92536], [53.9922, 16.91926], [53.98113, 16.90876], [53.9559, 16.90388], [53.91017, 16.90127], [53.85035, 16.88915], [53.83074, 16.88764], [53.81267, 16.88178], [53.792, 16.87031], [53.77133, 16.86262], [53.75318, 16.86774], [53.73463, 16.85615], [53.70932, 16.83601], [53.68702, 16.81362], [53.6775, 16.79511], [53.66928, 16.78408], [53.65056, 16.77318], [53.61541, 16.75788], [53.58269, 16.74995], [53.42303, 16.74681], [53.33863, 16.73481], [53.1753, 16.68452], [53.09034, 16.6424], [53.0279, 16.77748], [52.96527, 16.91292], [52.90275, 17.04826], [52.84032, 17.18371], [52.80156, 17.26742], [52.79102, 17.28122], [52.77386, 17.28711], [52.73624, 17.28918], [52.72146, 17.29817], [52.72301, 17.29869], [52.72828, 17.29936], [52.73015, 17.29988], [52.69842, 17.37145], [52.65563, 17.46798], [52.61284, 17.56456], [52.57021, 17.66109], [52.52742, 17.75763], [52.48453, 17.85416], [52.44174, 17.95064], [52.399, 18.04727], [52.35616, 18.14378], [52.31332, 18.24028], [52.27069, 18.33687], [52.2278, 18.43342], [52.18501, 18.52993], [52.14233, 18.62651], [52.09954, 18.72304], [52.05675, 18.81963], [52.01396, 18.91616], [51.98569, 18.97973], [51.97861, 18.99564], [52.08993, 19.03264], [52.26108, 19.08969], [52.43213, 19.14674], [52.60312, 19.20379], [52.77438, 19.26079], [52.94553, 19.31787], [53.11658, 19.37492], [53.28784, 19.43194], [53.45889, 19.48899], [53.63004, 19.54599], [53.80109, 19.60307], [53.97224, 19.66012], [54.1435, 19.71714], [54.31465, 19.77419], [54.48559, 19.83119], [54.65675, 19.88819], [54.8279, 19.94527], [54.97838, 19.99542], [55.01052, 20.09201], [55.01714, 20.11174], [55.03574, 20.16756], [55.06447, 20.25427], [55.10189, 20.36685], [55.14623, 20.49999], [55.19553, 20.64856], [55.24834, 20.80741], [55.30291, 20.97149], [55.34462, 21.09691], [55.35748, 21.13556], [55.41019, 21.29446], [55.45959, 21.44303], [55.50383, 21.57615], [55.54124, 21.68865], [55.57008, 21.77542], [55.58857, 21.83123], [55.59519, 21.85102], [55.60017, 21.86606], [55.63757, 21.97897], [55.63705, 22.00191], [55.62671, 22.02377], [55.57359, 22.10594], [55.49277, 22.23079], [55.41205, 22.35569], [55.33112, 22.48059], [55.25041, 22.6055], [55.18684, 22.70358], [55.19759, 22.84946], [55.19129, 22.99537], [55.19129, 22.99547], [55.1948, 23.02508], [55.22591, 23.12125], [55.3211, 23.27509], [55.34322, 23.33628], [55.36409, 23.43601], [55.37526, 23.46934], [55.39396, 23.49518], [55.39417, 23.49528], [55.43148, 23.53293], [55.44533, 23.55226], [55.4783, 23.67636], [55.48739, 23.69326], [55.53411, 23.75677], [55.53835, 23.77005], [55.53514, 23.84588], [55.53059, 23.87467], [55.51458, 23.89661], [55.4783, 23.91658], [55.46155, 23.93056], [55.45277, 23.94856], [55.4568, 23.96316], [55.49979, 23.9706], [55.54227, 23.98544], [55.5617, 23.99523], [55.59106, 24.01001], [55.61834, 24.02014], [55.64687, 24.02502], [55.68004, 24.02427], [55.7126, 24.01923], [55.728, 24.01959], [55.74443, 24.02528], [55.76241, 24.02815], [55.78846, 24.00957], [55.80706, 24.00748], [55.92354, 24.05114], [55.98679, 24.06538], [55.99785, 24.08127], [55.96075, 24.14243], [55.94897, 24.18483], [55.93315, 24.22072], [55.90318, 24.23224], [55.84716, 24.21142], [55.83032, 24.21227], [55.76769, 24.22488], [55.7557, 24.23033], [55.75415, 24.24547], [55.7621, 24.26297], [55.80097, 24.32627], [55.80737, 24.34079], [55.81089, 24.38924], [55.80861, 24.39763], [55.80107, 24.40647], [55.78102, 24.41887], [55.77461, 24.4259], [55.77141, 24.44109], [55.77368, 24.49525], [55.76118, 24.53744], [55.75983, 24.55853], [55.76996, 24.5724], [55.78402, 24.58633], [55.79022, 24.61987], [55.81823, 24.64338], [55.81492, 24.66273], [55.79998, 24.69326], [55.79476, 24.70392], [55.7927, 24.72229], [55.79704, 24.75955], [55.79704, 24.77836], [55.78867, 24.8552], [55.7991, 24.88611], [55.82939, 24.92117], [55.85783, 24.94485], [55.86215, 24.94845], [55.89698, 24.96861], [55.93543, 24.97773], [55.97587, 24.97211], [55.97842, 24.97176], [56.0056, 24.95618], [56.01697, 24.92662], [56.02525, 24.88256], [56.02927, 24.86117], [56.00529, 24.87698], [55.99238, 24.883], [55.97842, 24.88611], [55.96085, 24.88125], [55.95765, 24.86866], [55.96478, 24.85386], [56.00209, 24.82301], [56.03155, 24.75415], [56.06214, 24.73177], [56.07627, 24.72997], [56.07795, 24.72976], [56.09914, 24.73051], [56.11826, 24.73542], [56.12725, 24.7457], [56.13335, 24.76283], [56.15485, 24.78671], [56.17118, 24.82399], [56.17137, 24.82407], [56.18626, 24.83024], [56.22368, 24.83448], [56.24166, 24.84244], [56.27468, 24.87195], [56.28032, 24.87698], [56.30833, 24.89517], [56.3136, 24.90507], [56.31428, 24.91196], [56.31605, 24.92991], [56.31928, 24.96253], [56.32445, 24.96794], [56.32899, 24.97269], [56.38331, 24.97822], [56.40545, 24.89728], [56.46957, 24.77534]]], [[[56.34912, 25.29403], [56.34437, 25.26653], [56.31643, 25.25335], [56.29315, 25.24585], [56.28176, 25.23691], [56.2522, 25.21764], [56.23577, 25.21118], [56.21996, 25.21526], [56.20763, 25.22084], [56.20612, 25.2306], [56.20837, 25.25537], [56.23513, 25.26748], [56.24489, 25.27799], [56.23888, 25.28625], [56.23567, 25.29629], [56.23363, 25.31253], [56.26062, 25.33107], [56.29069, 25.32754], [56.30937, 25.30133], [56.34912, 25.29403]], [[56.27381, 25.28129], [56.26508, 25.28118], [56.25958, 25.27598], [56.26303, 25.24922], [56.28298, 25.25548], [56.28833, 25.27193], [56.27381, 25.28129]]], [[[56.09148, 26.10651], [56.15772, 26.20108], [56.18181, 26.246], [56.1919, 26.25507], [56.20826, 26.26309], [56.20916, 26.25755], [56.20826, 26.24404], [56.2199, 26.22773], [56.21681, 26.22211], [56.21241, 26.20783], [56.2199, 26.20783], [56.2295, 26.21678], [56.25554, 26.21808], [56.26075, 26.2246], [56.26686, 26.22748], [56.27996, 26.22309], [56.29184, 26.21186], [56.29493, 26.19424], [56.30193, 26.20531], [56.30885, 26.20474], [56.31739, 26.20063], [56.32911, 26.20108], [56.35629, 26.21914], [56.36695, 26.2215], [56.39747, 26.21385], [56.40414, 26.21475], [56.40691, 26.22313], [56.40235, 26.23208], [56.39454, 26.23916], [56.38738, 26.24201], [56.36785, 26.24409], [56.35572, 26.24339], [56.34685, 26.23859], [56.34116, 26.23233], [56.33131, 26.22346], [56.31959, 26.21792], [56.30844, 26.2215], [56.30828, 26.23261], [56.31593, 26.27464], [56.31593, 26.29043], [56.34522, 26.26923], [56.35841, 26.26496], [56.36378, 26.27953], [56.35906, 26.28734], [56.34783, 26.29743], [56.334, 26.30614], [56.32228, 26.30964], [56.32651, 26.31892], [56.33204, 26.32075], [56.33814, 26.32071], [56.34401, 26.32392], [56.35629, 26.33759], [56.36183, 26.34951], [56.36053, 26.37128], [56.36378, 26.38597], [56.36997, 26.38597], [56.38364, 26.35871], [56.3991, 26.36791], [56.40414, 26.3723], [56.41163, 26.36494], [56.40691, 26.35737], [56.40651, 26.3548], [56.4087, 26.35236], [56.41163, 26.34504], [56.42107, 26.35212], [56.42693, 26.3496], [56.43189, 26.34296], [56.43897, 26.33759], [56.46217, 26.33186], [56.47438, 26.3308], [56.48732, 26.33137], [56.4852, 26.33588], [56.48178, 26.34736], [56.47983, 26.35187], [56.50099, 26.35871], [56.51108, 26.33348], [56.50896, 26.32372], [56.49497, 26.32274], [56.46957, 26.32392], [56.45281, 26.31835], [56.42286, 26.29462], [56.40626, 26.2849], [56.40748, 26.28486], [56.40724, 26.27912], [56.39861, 26.2687], [56.42091, 26.24763], [56.4323, 26.23945], [56.44581, 26.23518], [56.45493, 26.23933], [56.46534, 26.24726], [56.47625, 26.24917], [56.48732, 26.23518], [56.46876, 26.20551], [56.45965, 26.20209], [56.4533, 26.2215], [56.44304, 26.22045], [56.43198, 26.2215], [56.4358, 26.21161], [56.43686, 26.20527], [56.43539, 26.20014], [56.43198, 26.19424], [56.44459, 26.18236], [56.45973, 26.17426], [56.47291, 26.16401], [56.47983, 26.14582], [56.46811, 26.14598], [56.45737, 26.14842], [56.44776, 26.15314], [56.43897, 26.1601], [56.42457, 26.15379], [56.41245, 26.15843], [56.40496, 26.1706], [56.40414, 26.18675], [56.39829, 26.18342], [56.38315, 26.17699], [56.37745, 26.17373], [56.37696, 26.18439], [56.37892, 26.19253], [56.38364, 26.19806], [56.39112, 26.20108], [56.36842, 26.20453], [56.3436, 26.19139], [56.32879, 26.17284], [56.33595, 26.1601], [56.3309, 26.14932], [56.32976, 26.13711], [56.33172, 26.12421], [56.33595, 26.11164], [56.34474, 26.13182], [56.35304, 26.14265], [56.36378, 26.14582], [56.37013, 26.13947], [56.3711, 26.12783], [56.36834, 26.1149], [56.36378, 26.10488], [56.38331, 26.09748], [56.47299, 26.09862], [56.46437, 26.08535], [56.44923, 26.07355], [56.4183, 26.05707], [56.38917, 26.0471], [56.38014, 26.03824], [56.38364, 26.02228], [56.40886, 26.03437], [56.42286, 26.02314], [56.42335, 26.00463], [56.4004, 25.99047], [56.40504, 25.98045], [56.4183, 25.96393], [56.42213, 25.95661], [56.43116, 25.9527], [56.4533, 25.94717], [56.44549, 25.94245], [56.44264, 25.93928], [56.43897, 25.92609], [56.42416, 25.93317], [56.40789, 25.9374], [56.39332, 25.93586], [56.38364, 25.92609], [56.39943, 25.90233], [56.39259, 25.88044], [56.37615, 25.85928], [56.36378, 25.83796], [56.36264, 25.83063], [56.36378, 25.80687], [56.34401, 25.78954], [56.3274, 25.7624], [56.31625, 25.74958], [56.30177, 25.74177], [56.30177, 25.76289], [56.28793, 25.7416], [56.27377, 25.70913], [56.26661, 25.67259], [56.27377, 25.63931], [56.27905, 25.62745], [56.23753, 25.61658], [56.22151, 25.61384], [56.2058, 25.61777], [56.19877, 25.62526], [56.18885, 25.64541], [56.17986, 25.65208], [56.1564, 25.6559], [56.1525, 25.65796], [56.15082, 25.65885], [56.14513, 25.67084], [56.14038, 25.71554], [56.1412, 25.73269], [56.15195, 25.74313], [56.16487, 25.75218], [56.172, 25.76525], [56.16735, 25.7777], [56.1441, 25.80592], [56.13965, 25.82297], [56.14451, 25.83791], [56.16384, 25.86245], [56.17056, 25.87682], [56.17469, 25.96653], [56.1813, 25.99624], [56.18348, 26.01454], [56.17841, 26.035], [56.1627, 26.07355], [56.15133, 26.07479], [56.10059, 26.06285], [56.0774, 26.06105], [56.07749, 26.06135], [56.08204, 26.07071], [56.09148, 26.10651]]]]}, "properties": {"id": "DD2W", "status": "validé", "pieces": [{"kind": "country"}]}}, {"type": "Feature", "geometry": {"type": "MultiPolygon", "coordinates": [[[[55.83172, 17.50227], [55.83172, 17.50235], [55.83709, 17.51008], [55.84881, 17.51529], [55.86297, 17.51887], [55.88307, 17.50715], [55.89088, 17.50458], [55.8908, 17.50454], [55.87582, 17.49592], [55.84571, 17.49608], [55.83627, 17.49095], [55.83619, 17.49091], [55.83245, 17.50039], [55.83172, 17.50227]]], [[[56.05844, 17.54434], [56.06788, 17.53221], [56.08107, 17.52363], [56.09555, 17.51887], [56.06381, 17.49958], [56.04689, 17.49335], [56.0311, 17.49091], [55.98683, 17.49291], [55.97283, 17.49836], [55.9642, 17.51992], [55.99057, 17.53539], [56.02882, 17.54768], [56.05535, 17.5598], [56.05535, 17.55972], [56.0582, 17.54584], [56.05844, 17.54434]]], [[[58.94508, 20.53522], [58.95395, 20.51992], [58.95004, 20.50894], [58.94117, 20.50092], [58.90284, 20.47411], [58.86232, 20.45279], [58.84409, 20.43732], [58.82016, 20.40302], [58.80828, 20.37958], [58.79664, 20.33153], [58.78761, 20.31452], [58.78761, 20.31444], [58.78761, 20.30329], [58.78777, 20.3024], [58.78932, 20.2932], [58.7894, 20.28653], [58.78517, 20.27953], [58.75147, 20.24803], [58.73341, 20.22455], [58.72429, 20.21515], [58.71534, 20.2121], [58.70265, 20.21044], [58.69125, 20.20775], [58.68653, 20.20148], [58.68312, 20.1909], [58.67457, 20.17951], [58.66358, 20.17137], [58.65235, 20.17048], [58.65219, 20.17048], [58.64698, 20.17967], [58.64259, 20.18724], [58.63746, 20.21845], [58.63649, 20.2497], [58.63868, 20.26663], [58.63836, 20.26785], [58.63592, 20.277], [58.64291, 20.35611], [58.6482, 20.36884], [58.65903, 20.38272], [58.66456, 20.38784], [58.68238, 20.40062], [58.68995, 20.40322], [58.6919, 20.40518], [58.69386, 20.40717], [58.69825, 20.42569], [58.70069, 20.4311], [58.71762, 20.437], [58.73422, 20.43765], [58.75123, 20.44013], [58.76889, 20.45161], [58.77711, 20.46219], [58.78077, 20.46699], [58.78452, 20.4794], [58.78517, 20.48164], [58.7894, 20.51992], [58.79558, 20.5384], [58.80486, 20.55345], [58.85287, 20.61335], [58.87135, 20.6496], [58.88258, 20.68252], [58.89129, 20.69428], [58.90626, 20.69798], [58.9183, 20.68146], [58.9183, 20.68134], [58.917, 20.66425], [58.91017, 20.64594], [58.90626, 20.626], [58.90838, 20.60472], [58.91432, 20.58784], [58.94508, 20.53522]]], [[[56.46957, 24.77534], [56.48032, 24.76512], [56.48683, 24.74185], [56.4935, 24.70018], [56.61118, 24.49632], [56.63559, 24.47138], [56.69215, 24.42524], [56.80144, 24.30297], [56.82309, 24.27115], [56.83229, 24.25251], [56.84107, 24.22382], [56.93946, 24.11591], [57.05828, 24.0231], [57.15154, 23.95356], [57.18426, 23.93427], [57.32635, 23.88402], [57.50961, 23.8391], [57.58644, 23.80744], [57.64519, 23.79043], [57.68678, 23.78335], [57.70973, 23.78221], [57.77735, 23.78596], [57.79575, 23.78221], [57.82439, 23.74763], [57.83497, 23.74006], [57.85922, 23.73408], [57.88771, 23.72085], [57.91277, 23.71784], [58.04314, 23.72455], [58.08676, 23.72211], [58.1316, 23.71332], [58.19321, 23.68936], [58.2103, 23.68598], [58.22739, 23.67914], [58.26417, 23.64484], [58.2824, 23.63142], [58.31723, 23.62092], [58.36354, 23.61555], [58.41196, 23.6162], [58.45297, 23.62397], [58.47486, 23.63154], [58.48365, 23.63813], [58.4909, 23.65656], [58.49952, 23.65689], [58.51857, 23.65192], [58.56137, 23.65111], [58.58416, 23.64696], [58.6045, 23.6376], [58.61329, 23.62507], [58.63331, 23.58527], [58.6421, 23.57681], [58.64715, 23.5749], [58.65154, 23.57054], [58.65553, 23.56574], [58.65903, 23.56249], [58.66131, 23.56314], [58.66684, 23.56391], [58.674, 23.56395], [58.68035, 23.56249], [58.69459, 23.55142], [58.7024, 23.54295], [58.70688, 23.53514], [58.71437, 23.53514], [58.72055, 23.54881], [58.72291, 23.5434], [58.72495, 23.54011], [58.72682, 23.53608], [58.72804, 23.52839], [58.73487, 23.52839], [58.73601, 23.53266], [58.74098, 23.54206], [58.74635, 23.53767], [58.74952, 23.53644], [58.76205, 23.54206], [58.78614, 23.51211], [58.79298, 23.49567], [58.7894, 23.48062], [58.79737, 23.46678], [58.80763, 23.42113], [58.82057, 23.40176], [58.87916, 23.35126], [58.91521, 23.33609], [58.92945, 23.3181], [58.94654, 23.27509], [58.95623, 23.25943], [58.9865, 23.23249], [59.00172, 23.21239], [59.0101, 23.15331], [59.07374, 23.09325], [59.07789, 23.08515], [59.08367, 23.05536], [59.0879, 23.04841], [59.09254, 23.04365], [59.12045, 23.02277], [59.17368, 22.99396], [59.20753, 22.97036], [59.23227, 22.94302], [59.25001, 22.91201], [59.28614, 22.82648], [59.28981, 22.81208], [59.29754, 22.79271], [59.31568, 22.77949], [59.35182, 22.76118], [59.39161, 22.70222], [59.39723, 22.6861], [59.41065, 22.67084], [59.45249, 22.6341], [59.4839, 22.61884], [59.50685, 22.60008], [59.5298, 22.58788], [59.53549, 22.58308], [59.53647, 22.57258], [59.53045, 22.57005], [59.52198, 22.57217], [59.51564, 22.57559], [59.5158, 22.56151], [59.52312, 22.55512], [59.53517, 22.55386], [59.54982, 22.55512], [59.6268, 22.57982], [59.65349, 22.56973], [59.69386, 22.54145], [59.69996, 22.54092], [59.71567, 22.54291], [59.7212, 22.54145], [59.72397, 22.53681], [59.72584, 22.52611], [59.72853, 22.52098], [59.72836, 22.51813], [59.72722, 22.51358], [59.72804, 22.50764], [59.73471, 22.50047], [59.73976, 22.49779], [59.7461, 22.49559], [59.75278, 22.49421], [59.75896, 22.49364], [59.76254, 22.4986], [59.75603, 22.50943], [59.74155, 22.52473], [59.74578, 22.53824], [59.75636, 22.53848], [59.77638, 22.54145], [59.80323, 22.53474], [59.82488, 22.50886], [59.83937, 22.47529], [59.84457, 22.44526], [59.82488, 22.2814], [59.81178, 22.23737], [59.79176, 22.19806], [59.73471, 22.12311], [59.70493, 22.09955], [59.68816, 22.08271], [59.68068, 22.06509], [59.67799, 22.0419], [59.65968, 21.99404], [59.65504, 21.94575], [59.64527, 21.92585], [59.60564, 21.91022], [59.59343, 21.89277], [59.577, 21.85627], [59.49789, 21.75633], [59.46762, 21.66641], [59.44858, 21.6249], [59.35499, 21.48566], [59.3475, 21.45356], [59.34425, 21.44473], [59.33619, 21.43773], [59.19532, 21.3791], [59.16627, 21.36278], [59.05437, 21.27709], [58.9192, 21.1437], [58.8781, 21.08381], [58.86793, 21.07477], [58.85426, 21.06562], [58.83855, 21.0445], [58.80787, 20.99079], [58.80445, 20.98159], [58.80193, 20.94623], [58.79884, 20.93602], [58.79298, 20.9274], [58.73487, 20.883], [58.73902, 20.86225], [58.72218, 20.84805], [58.68035, 20.82835], [58.68149, 20.82648], [58.67384, 20.80817], [58.6727, 20.80785], [58.66578, 20.80158], [58.66131, 20.79633], [58.65903, 20.79084], [58.66147, 20.78164], [58.66765, 20.77228], [58.67644, 20.76439], [58.68653, 20.75947], [58.70135, 20.76602], [58.71811, 20.78083], [58.72934, 20.78681], [58.72804, 20.76691], [58.71811, 20.75365], [58.69988, 20.74079], [58.68181, 20.73591], [58.6727, 20.7464], [58.66651, 20.7464], [58.6609, 20.73233], [58.65333, 20.70527], [58.64536, 20.69115], [58.63746, 20.68439], [58.61541, 20.67243], [58.6045, 20.66327], [58.59181, 20.64395], [58.58082, 20.61848], [58.57325, 20.59064], [58.57049, 20.56428], [58.5451, 20.51643], [58.53126, 20.48139], [58.53248, 20.46528], [58.52687, 20.45771], [58.5215, 20.42438], [58.51857, 20.41681], [58.51043, 20.41523], [58.49708, 20.41079], [58.48357, 20.4042], [58.47413, 20.39639], [58.46746, 20.36953], [58.44581, 20.35863], [58.41765, 20.3596], [58.39161, 20.36848], [58.37257, 20.37739], [58.35914, 20.38158], [58.32643, 20.38272], [58.31381, 20.3808], [58.29005, 20.3714], [58.27556, 20.36848], [58.27866, 20.37739], [58.28452, 20.38199], [58.27963, 20.38483], [58.24415, 20.39423], [58.22429, 20.39639], [58.20289, 20.40473], [58.20053, 20.42438], [58.21339, 20.46528], [58.21323, 20.4527], [58.2173, 20.44156], [58.22478, 20.43183], [58.23463, 20.42365], [58.23846, 20.44383], [58.22828, 20.48884], [58.23805, 20.50934], [58.25131, 20.5292], [58.26157, 20.55809], [58.26417, 20.58763], [58.25514, 20.60928], [58.23487, 20.61567], [58.20574, 20.61335], [58.17628, 20.60472], [58.14422, 20.58519], [58.10353, 20.57514], [58.09083, 20.56684], [58.08448, 20.55805], [58.06723, 20.51105], [58.06658, 20.49982], [58.07309, 20.48916], [58.07586, 20.48005], [58.06764, 20.47248], [58.05535, 20.46723], [58.03077, 20.4619], [58.01246, 20.45344], [57.99439, 20.44229], [57.97071, 20.42121], [57.96209, 20.41088], [57.95582, 20.39956], [57.95338, 20.38642], [57.95655, 20.37694], [57.97071, 20.36188], [57.97389, 20.35228], [57.96656, 20.33023], [57.94874, 20.31757], [57.90504, 20.30077], [57.88844, 20.29072], [57.87045, 20.27705], [57.85613, 20.26065], [57.85035, 20.24242], [57.8449, 20.23119], [57.83351, 20.21833], [57.82374, 20.20108], [57.82301, 20.17666], [57.84197, 20.13605], [57.84799, 20.11176], [57.83172, 20.07534], [57.81625, 20.02074], [57.81568, 20.00658], [57.81365, 19.977], [57.79037, 19.92402], [57.77369, 19.86786], [57.76205, 19.84296], [57.6989, 19.75438], [57.68922, 19.72818], [57.69337, 19.69746], [57.70045, 19.68598], [57.70924, 19.67674], [57.71681, 19.66681], [57.71998, 19.65306], [57.72055, 19.62263], [57.71892, 19.60798], [57.71388, 19.59504], [57.70655, 19.56883], [57.70444, 19.54873], [57.71176, 19.52949], [57.76026, 19.45409], [57.76783, 19.43745], [57.77394, 19.40965], [57.77377, 19.38288], [57.76905, 19.35761], [57.75221, 19.31159], [57.7483, 19.291], [57.75066, 19.26805], [57.77084, 19.21695], [57.78053, 19.20112], [57.80568, 19.173], [57.81186, 19.15689], [57.80299, 19.11514], [57.80201, 19.09479], [57.83985, 19.02998], [57.8401, 19.01533], [57.81568, 18.99177], [57.80112, 18.98066], [57.79713, 18.97923], [57.75229, 18.97305], [57.74732, 18.96784], [57.74285, 18.96186], [57.73194, 18.9538], [57.71941, 18.94693], [57.70973, 18.944], [57.50147, 18.95368], [57.44532, 18.94534], [57.20753, 18.90998], [57.08375, 18.87637], [56.91505, 18.81029], [56.85035, 18.76581], [56.80779, 18.74559], [56.78468, 18.72858], [56.77475, 18.70718], [56.76645, 18.69684], [56.65968, 18.59536], [56.64112, 18.55927], [56.63689, 18.51195], [56.6434, 18.47919], [56.6443, 18.4676], [56.64112, 18.4549], [56.62664, 18.43586], [56.62127, 18.41958], [56.61232, 18.3996], [56.60963, 18.38906], [56.60963, 18.34748], [56.6006, 18.30541], [56.54884, 18.18985], [56.56373, 18.17023], [56.56129, 18.14924], [56.54721, 18.12971], [56.5276, 18.11469], [56.48414, 18.0965], [56.46258, 18.08442], [56.43198, 18.03217], [56.42563, 18.02741], [56.41131, 18.02318], [56.40414, 18.01911], [56.35768, 17.96979], [56.35499, 17.96231], [56.35629, 17.94001], [56.3449, 17.93781], [56.18849, 17.9571], [56.16822, 17.95409], [56.13836, 17.94058], [56.11622, 17.93659], [56.0311, 17.94343], [56.01075, 17.94037], [55.94606, 17.91547], [55.90943, 17.90664], [55.65349, 17.89533], [55.55291, 17.87027], [55.53053, 17.86831], [55.52247, 17.86644], [55.51734, 17.86225], [55.51287, 17.85749], [55.5066, 17.85399], [55.48829, 17.85346], [55.48683, 17.85399], [55.45395, 17.8454], [55.44516, 17.84101], [55.43165, 17.82465], [55.41733, 17.78522], [55.40797, 17.7687], [55.39308, 17.75214], [55.38868, 17.74429], [55.37338, 17.70331], [55.36948, 17.69636], [55.35572, 17.68159], [55.26319, 17.60773], [55.23504, 17.55882], [55.2282, 17.53876], [55.22543, 17.51545], [55.2295, 17.48859], [55.24008, 17.47517], [55.27377, 17.45742], [55.29322, 17.43769], [55.30079, 17.41681], [55.30112, 17.37116], [55.2942, 17.35212], [55.25343, 17.29914], [55.25123, 17.28998], [55.24952, 17.27611], [55.25066, 17.26362], [55.25685, 17.25821], [55.26482, 17.25479], [55.26515, 17.24706], [55.26026, 17.23428], [55.25473, 17.22871], [55.22853, 17.21613], [55.21925, 17.21039], [55.21314, 17.20209], [55.20932, 17.19355], [55.20509, 17.17621], [55.19549, 17.16083], [55.19874, 17.15575], [55.18922, 17.14476], [55.15886, 17.13581], [55.14357, 17.12783], [55.13844, 17.11888], [55.13299, 17.10505], [55.12477, 17.09248], [55.11256, 17.08686], [55.07179, 17.04218], [55.02687, 17.01113], [55.02068, 17.01113], [55.01092, 17.02627], [54.9992, 17.01968], [54.98699, 17.00536], [54.97535, 16.99746], [54.95965, 16.99486], [54.94508, 16.98998], [54.93133, 16.98713], [54.917, 16.99067], [54.90138, 16.97492], [54.88282, 16.96906], [54.84181, 16.96393], [54.80844, 16.95148], [54.79184, 16.9514], [54.78053, 16.96393], [54.76905, 16.95791], [54.75074, 16.96052], [54.73943, 16.95649], [54.70533, 16.97761], [54.69793, 16.97016], [54.68979, 16.98933], [54.68531, 17.0069], [54.67408, 17.01976], [54.63315, 17.02692], [54.60434, 17.03632], [54.59205, 17.03848], [54.58033, 17.03734], [54.55974, 17.0327], [54.5477, 17.03164], [54.51238, 17.0384], [54.49928, 17.03848], [54.48854, 17.03559], [54.46762, 17.02668], [54.46168, 17.02481], [54.41456, 17.03783], [54.38999, 17.03946], [54.36948, 17.02481], [54.36012, 17.02961], [54.35035, 17.03168], [54.16407, 17.01113], [54.08497, 17.01113], [54.06756, 17.00674], [54.02345, 16.98534], [54.01271, 16.97761], [54.00896, 16.96865], [54.00929, 16.96092], [54.0114, 16.95368], [54.01271, 16.94599], [54.00945, 16.93745], [53.99537, 16.92536], [53.9922, 16.91926], [53.98113, 16.90876], [53.9559, 16.90388], [53.91017, 16.90127], [53.85035, 16.88915], [53.83074, 16.88764], [53.81267, 16.88178], [53.792, 16.87031], [53.77133, 16.86262], [53.75318, 16.86774], [53.73463, 16.85615], [53.70932, 16.83601], [53.68702, 16.81362], [53.6775, 16.79511], [53.66928, 16.78408], [53.65056, 16.77318], [53.61541, 16.75788], [53.58269, 16.74995], [53.42303, 16.74681], [53.33863, 16.73481], [53.1753, 16.68452], [53.09034, 16.6424], [53.0279, 16.77748], [52.96527, 16.91292], [52.90275, 17.04826], [52.84032, 17.18371], [52.80156, 17.26742], [52.79102, 17.28122], [52.77386, 17.28711], [52.73624, 17.28918], [52.72146, 17.29817], [52.72301, 17.29869], [52.72828, 17.29936], [52.73015, 17.29988], [52.69842, 17.37145], [52.65563, 17.46798], [52.61284, 17.56456], [52.57021, 17.66109], [52.52742, 17.75763], [52.48453, 17.85416], [52.44174, 17.95064], [52.399, 18.04727], [52.35616, 18.14378], [52.31332, 18.24028], [52.27069, 18.33687], [52.2278, 18.43342], [52.18501, 18.52993], [52.14233, 18.62651], [52.09954, 18.72304], [52.05675, 18.81963], [52.01396, 18.91616], [51.98569, 18.97973], [51.97861, 18.99564], [52.08993, 19.03264], [52.26108, 19.08969], [52.43213, 19.14674], [52.60312, 19.20379], [52.77438, 19.26079], [52.94553, 19.31787], [53.11658, 19.37492], [53.28784, 19.43194], [53.45889, 19.48899], [53.63004, 19.54599], [53.80109, 19.60307], [53.97224, 19.66012], [54.1435, 19.71714], [54.31465, 19.77419], [54.48559, 19.83119], [54.65675, 19.88819], [54.8279, 19.94527], [54.97838, 19.99542], [55.01052, 20.09201], [55.01714, 20.11174], [55.03574, 20.16756], [55.06447, 20.25427], [55.10189, 20.36685], [55.14623, 20.49999], [55.19553, 20.64856], [55.24834, 20.80741], [55.30291, 20.97149], [55.34462, 21.09691], [55.35748, 21.13556], [55.41019, 21.29446], [55.45959, 21.44303], [55.50383, 21.57615], [55.54124, 21.68865], [55.57008, 21.77542], [55.58857, 21.83123], [55.59519, 21.85102], [55.60017, 21.86606], [55.63757, 21.97897], [55.63705, 22.00191], [55.62671, 22.02377], [55.57359, 22.10594], [55.49277, 22.23079], [55.41205, 22.35569], [55.33112, 22.48059], [55.25041, 22.6055], [55.18684, 22.70358], [55.19759, 22.84946], [55.19129, 22.99537], [55.19129, 22.99547], [55.1948, 23.02508], [55.22591, 23.12125], [55.3211, 23.27509], [55.34322, 23.33628], [55.36409, 23.43601], [55.37526, 23.46934], [55.39396, 23.49518], [55.39417, 23.49528], [55.43148, 23.53293], [55.44533, 23.55226], [55.4783, 23.67636], [55.48739, 23.69326], [55.53411, 23.75677], [55.53835, 23.77005], [55.53514, 23.84588], [55.53059, 23.87467], [55.51458, 23.89661], [55.4783, 23.91658], [55.46155, 23.93056], [55.45277, 23.94856], [55.4568, 23.96316], [55.49979, 23.9706], [55.54227, 23.98544], [55.5617, 23.99523], [55.59106, 24.01001], [55.61834, 24.02014], [55.64687, 24.02502], [55.68004, 24.02427], [55.7126, 24.01923], [55.728, 24.01959], [55.74443, 24.02528], [55.76241, 24.02815], [55.78846, 24.00957], [55.80706, 24.00748], [55.92354, 24.05114], [55.98679, 24.06538], [55.99785, 24.08127], [55.96075, 24.14243], [55.94897, 24.18483], [55.93315, 24.22072], [55.90318, 24.23224], [55.84716, 24.21142], [55.83032, 24.21227], [55.76769, 24.22488], [55.7557, 24.23033], [55.75415, 24.24547], [55.7621, 24.26297], [55.80097, 24.32627], [55.80737, 24.34079], [55.81089, 24.38924], [55.80861, 24.39763], [55.80107, 24.40647], [55.78102, 24.41887], [55.77461, 24.4259], [55.77141, 24.44109], [55.77368, 24.49525], [55.76118, 24.53744], [55.75983, 24.55853], [55.76996, 24.5724], [55.78402, 24.58633], [55.79022, 24.61987], [55.81823, 24.64338], [55.81492, 24.66273], [55.79998, 24.69326], [55.79476, 24.70392], [55.7927, 24.72229], [55.79704, 24.75955], [55.79704, 24.77836], [55.78867, 24.8552], [55.7991, 24.88611], [55.82939, 24.92117], [55.85783, 24.94485], [55.86215, 24.94845], [55.89698, 24.96861], [55.93543, 24.97773], [55.97587, 24.97211], [55.97842, 24.97176], [56.0056, 24.95618], [56.01697, 24.92662], [56.02525, 24.88256], [56.02927, 24.86117], [56.00529, 24.87698], [55.99238, 24.883], [55.97842, 24.88611], [55.96085, 24.88125], [55.95765, 24.86866], [55.96478, 24.85386], [56.00209, 24.82301], [56.03155, 24.75415], [56.06214, 24.73177], [56.07627, 24.72997], [56.07795, 24.72976], [56.09914, 24.73051], [56.11826, 24.73542], [56.12725, 24.7457], [56.13335, 24.76283], [56.15485, 24.78671], [56.17118, 24.82399], [56.17137, 24.82407], [56.18626, 24.83024], [56.22368, 24.83448], [56.24166, 24.84244], [56.27468, 24.87195], [56.28032, 24.87698], [56.30833, 24.89517], [56.3136, 24.90507], [56.31428, 24.91196], [56.31605, 24.92991], [56.31928, 24.96253], [56.32445, 24.96794], [56.32899, 24.97269], [56.38331, 24.97822], [56.40545, 24.89728], [56.46957, 24.77534]]], [[[56.34912, 25.29403], [56.34437, 25.26653], [56.31643, 25.25335], [56.29315, 25.24585], [56.28176, 25.23691], [56.2522, 25.21764], [56.23577, 25.21118], [56.21996, 25.21526], [56.20763, 25.22084], [56.20612, 25.2306], [56.20837, 25.25537], [56.23513, 25.26748], [56.24489, 25.27799], [56.23888, 25.28625], [56.23567, 25.29629], [56.23363, 25.31253], [56.26062, 25.33107], [56.29069, 25.32754], [56.30937, 25.30133], [56.34912, 25.29403]], [[56.27381, 25.28129], [56.26508, 25.28118], [56.25958, 25.27598], [56.26303, 25.24922], [56.28298, 25.25548], [56.28833, 25.27193], [56.27381, 25.28129]]], [[[56.09148, 26.10651], [56.15772, 26.20108], [56.18181, 26.246], [56.1919, 26.25507], [56.20826, 26.26309], [56.20916, 26.25755], [56.20826, 26.24404], [56.2199, 26.22773], [56.21681, 26.22211], [56.21241, 26.20783], [56.2199, 26.20783], [56.2295, 26.21678], [56.25554, 26.21808], [56.26075, 26.2246], [56.26686, 26.22748], [56.27996, 26.22309], [56.29184, 26.21186], [56.29493, 26.19424], [56.30193, 26.20531], [56.30885, 26.20474], [56.31739, 26.20063], [56.32911, 26.20108], [56.35629, 26.21914], [56.36695, 26.2215], [56.39747, 26.21385], [56.40414, 26.21475], [56.40691, 26.22313], [56.40235, 26.23208], [56.39454, 26.23916], [56.38738, 26.24201], [56.36785, 26.24409], [56.35572, 26.24339], [56.34685, 26.23859], [56.34116, 26.23233], [56.33131, 26.22346], [56.31959, 26.21792], [56.30844, 26.2215], [56.30828, 26.23261], [56.31593, 26.27464], [56.31593, 26.29043], [56.34522, 26.26923], [56.35841, 26.26496], [56.36378, 26.27953], [56.35906, 26.28734], [56.34783, 26.29743], [56.334, 26.30614], [56.32228, 26.30964], [56.32651, 26.31892], [56.33204, 26.32075], [56.33814, 26.32071], [56.34401, 26.32392], [56.35629, 26.33759], [56.36183, 26.34951], [56.36053, 26.37128], [56.36378, 26.38597], [56.36997, 26.38597], [56.38364, 26.35871], [56.3991, 26.36791], [56.40414, 26.3723], [56.41163, 26.36494], [56.40691, 26.35737], [56.40651, 26.3548], [56.4087, 26.35236], [56.41163, 26.34504], [56.42107, 26.35212], [56.42693, 26.3496], [56.43189, 26.34296], [56.43897, 26.33759], [56.46217, 26.33186], [56.47438, 26.3308], [56.48732, 26.33137], [56.4852, 26.33588], [56.48178, 26.34736], [56.47983, 26.35187], [56.50099, 26.35871], [56.51108, 26.33348], [56.50896, 26.32372], [56.49497, 26.32274], [56.46957, 26.32392], [56.45281, 26.31835], [56.42286, 26.29462], [56.40626, 26.2849], [56.40748, 26.28486], [56.40724, 26.27912], [56.39861, 26.2687], [56.42091, 26.24763], [56.4323, 26.23945], [56.44581, 26.23518], [56.45493, 26.23933], [56.46534, 26.24726], [56.47625, 26.24917], [56.48732, 26.23518], [56.46876, 26.20551], [56.45965, 26.20209], [56.4533, 26.2215], [56.44304, 26.22045], [56.43198, 26.2215], [56.4358, 26.21161], [56.43686, 26.20527], [56.43539, 26.20014], [56.43198, 26.19424], [56.44459, 26.18236], [56.45973, 26.17426], [56.47291, 26.16401], [56.47983, 26.14582], [56.46811, 26.14598], [56.45737, 26.14842], [56.44776, 26.15314], [56.43897, 26.1601], [56.42457, 26.15379], [56.41245, 26.15843], [56.40496, 26.1706], [56.40414, 26.18675], [56.39829, 26.18342], [56.38315, 26.17699], [56.37745, 26.17373], [56.37696, 26.18439], [56.37892, 26.19253], [56.38364, 26.19806], [56.39112, 26.20108], [56.36842, 26.20453], [56.3436, 26.19139], [56.32879, 26.17284], [56.33595, 26.1601], [56.3309, 26.14932], [56.32976, 26.13711], [56.33172, 26.12421], [56.33595, 26.11164], [56.34474, 26.13182], [56.35304, 26.14265], [56.36378, 26.14582], [56.37013, 26.13947], [56.3711, 26.12783], [56.36834, 26.1149], [56.36378, 26.10488], [56.38331, 26.09748], [56.47299, 26.09862], [56.46437, 26.08535], [56.44923, 26.07355], [56.4183, 26.05707], [56.38917, 26.0471], [56.38014, 26.03824], [56.38364, 26.02228], [56.40886, 26.03437], [56.42286, 26.02314], [56.42335, 26.00463], [56.4004, 25.99047], [56.40504, 25.98045], [56.4183, 25.96393], [56.42213, 25.95661], [56.43116, 25.9527], [56.4533, 25.94717], [56.44549, 25.94245], [56.44264, 25.93928], [56.43897, 25.92609], [56.42416, 25.93317], [56.40789, 25.9374], [56.39332, 25.93586], [56.38364, 25.92609], [56.39943, 25.90233], [56.39259, 25.88044], [56.37615, 25.85928], [56.36378, 25.83796], [56.36264, 25.83063], [56.36378, 25.80687], [56.34401, 25.78954], [56.3274, 25.7624], [56.31625, 25.74958], [56.30177, 25.74177], [56.30177, 25.76289], [56.28793, 25.7416], [56.27377, 25.70913], [56.26661, 25.67259], [56.27377, 25.63931], [56.27905, 25.62745], [56.23753, 25.61658], [56.22151, 25.61384], [56.2058, 25.61777], [56.19877, 25.62526], [56.18885, 25.64541], [56.17986, 25.65208], [56.1564, 25.6559], [56.1525, 25.65796], [56.15082, 25.65885], [56.14513, 25.67084], [56.14038, 25.71554], [56.1412, 25.73269], [56.15195, 25.74313], [56.16487, 25.75218], [56.172, 25.76525], [56.16735, 25.7777], [56.1441, 25.80592], [56.13965, 25.82297], [56.14451, 25.83791], [56.16384, 25.86245], [56.17056, 25.87682], [56.17469, 25.96653], [56.1813, 25.99624], [56.18348, 26.01454], [56.17841, 26.035], [56.1627, 26.07355], [56.15133, 26.07479], [56.10059, 26.06285], [56.0774, 26.06105], [56.07749, 26.06135], [56.08204, 26.07071], [56.09148, 26.10651]]]]}, "properties": {"id": "EFME", "status": "validé", "pieces": [{"kind": "country"}]}}, {"type": "Feature", "geometry": null, "properties": {"id": "FKcd", "status": "rejeté", "pieces": []}}, {"type": "Feature", "geometry": {"type": "Polygon", "coordinates": [[[54.99756, 17.12553], [54.97009, 17.08355], [54.74762, 16.97592], [54.7229, 17.02318], [54.8465, 17.10716], [54.91516, 17.18849], [55.08545, 17.15701], [55.15137, 17.21209], [55.25574, 17.36676], [55.17609, 17.48463], [55.18433, 17.66784], [55.32715, 17.84041], [55.56335, 17.91096], [55.70068, 17.93186], [55.70492, 17.8976], [55.65349, 17.89533], [55.55291, 17.87027], [55.53053, 17.86831], [55.52247, 17.86644], [55.51734, 17.86225], [55.51287, 17.85749], [55.5066, 17.85399], [55.48829, 17.85346], [55.48683, 17.85399], [55.45395, 17.8454], [55.44516, 17.84101], [55.43165, 17.82465], [55.41733, 17.78522], [55.40797, 17.7687], [55.39308, 17.75214], [55.38868, 17.74429], [55.37338, 17.70331], [55.36948, 17.69636], [55.35572, 17.68159], [55.26319, 17.60773], [55.23504, 17.55882], [55.2282, 17.53876], [55.22543, 17.51545], [55.2295, 17.48859], [55.24008, 17.47517], [55.27377, 17.45742], [55.29322, 17.43769], [55.30079, 17.41681], [55.30112, 17.37116], [55.2942, 17.35212], [55.25343, 17.29914], [55.25123, 17.28998], [55.24952, 17.27611], [55.25066, 17.26362], [55.25685, 17.25821], [55.26482, 17.25479], [55.26515, 17.24706], [55.26026, 17.23428], [55.25473, 17.22871], [55.22853, 17.21613], [55.21925, 17.21039], [55.21314, 17.20209], [55.20932, 17.19355], [55.20509, 17.17621], [55.19549, 17.16083], [55.19874, 17.15575], [55.18922, 17.14476], [55.15886, 17.13581], [55.14357, 17.12783], [55.13844, 17.11888], [55.13299, 17.10505], [55.12477, 17.09248], [55.11256, 17.08686], [55.07179, 17.04218], [55.07173, 17.04214], [54.99756, 17.12553]]]}, "properties": {"id": "GuYj", "status": "validé", "pieces": [{"kind": "polygon", "ring": [[54.7229, 17.02318], [54.74762, 16.97592], [54.97009, 17.08355], [54.99756, 17.12553], [55.09094, 17.02055], [55.21179, 17.13865], [55.33813, 17.31434], [55.31891, 17.47678], [55.43152, 17.65214], [55.55511, 17.85086], [55.70618, 17.88745], [55.70068, 17.93186], [55.56335, 17.91096], [55.32715, 17.84041], [55.18433, 17.66784], [55.17609, 17.48463], [55.25574, 17.36676], [55.15137, 17.21209], [55.08545, 17.15701], [54.91516, 17.18849], [54.8465, 17.10716]]}, {"kind": "clip"}]}}, {"type": "Feature", "geometry": {"type": "MultiPolygon", "coordinates": [[[[56.09914, 24.73051], [56.11826, 24.73542], [56.12725, 24.7457], [56.13335, 24.76283], [56.15485, 24.78671], [56.17118, 24.82399], [56.17137, 24.82407], [56.18626, 24.83024], [56.22368, 24.83448], [56.24166, 24.84244], [56.27468, 24.87195], [56.28032, 24.87698], [56.30833, 24.89517], [56.3136, 24.90507], [56.31428, 24.91196], [56.31605, 24.92991], [56.31928, 24.96253], [56.32445, 24.96794], [56.32899, 24.97269], [56.38331, 24.97822], [56.40545, 24.89728], [56.46957, 24.77534], [56.48032, 24.76512], [56.48683, 24.74185], [56.4935, 24.70018], [56.61118, 24.49632], [56.63559, 24.47138], [56.69215, 24.42524], [56.80144, 24.30297], [56.82309, 24.27115], [56.83229, 24.25251], [56.84107, 24.22382], [56.93946, 24.11591], [57.05828, 24.0231], [57.15154, 23.95356], [57.18426, 23.93427], [57.32635, 23.88402], [57.50961, 23.8391], [57.53268, 23.82959], [57.41652, 23.64262], [57.28684, 23.54098], [57.16367, 23.50397], [56.8747, 23.49071], [56.85713, 23.51185], [56.76473, 23.83648], [56.46811, 24.07719], [56.31267, 24.14031], [56.30626, 24.227], [56.20807, 24.53233], [56.07537, 24.68918], [56.07627, 24.72997], [56.07795, 24.72976], [56.09914, 24.73051]]], [[[56.31643, 25.25335], [56.29315, 25.24585], [56.28176, 25.23691], [56.2522, 25.21764], [56.23577, 25.21118], [56.21996, 25.21526], [56.20763, 25.22084], [56.20672, 25.2267], [56.20612, 25.2306], [56.20837, 25.25537], [56.23513, 25.26748], [56.24489, 25.27799], [56.23888, 25.28625], [56.23567, 25.29629], [56.23363, 25.31253], [56.26062, 25.33107], [56.29069, 25.32754], [56.30937, 25.30133], [56.34912, 25.29403], [56.34437, 25.26653], [56.31643, 25.25335]], [[56.28833, 25.27193], [56.27381, 25.28129], [56.26508, 25.28118], [56.25958, 25.27598], [56.26303, 25.24922], [56.28298, 25.25548], [56.28833, 25.27193]]], [[[56.14513, 25.67084], [56.14038, 25.71554], [56.1412, 25.73269], [56.15195, 25.74313], [56.16487, 25.75218], [56.172, 25.76525], [56.16735, 25.7777], [56.1441, 25.80592], [56.13965, 25.82297], [56.14451, 25.83791], [56.16384, 25.86245], [56.17056, 25.87682], [56.17469, 25.96653], [56.1813, 25.99624], [56.18348, 26.01454], [56.17841, 26.035], [56.1627, 26.07355], [56.15133, 26.07479], [56.10059, 26.06285], [56.0774, 26.06105], [56.07749, 26.06135], [56.08204, 26.07071], [56.09148, 26.10651], [56.15772, 26.20108], [56.18181, 26.246], [56.1919, 26.25507], [56.20826, 26.26309], [56.20916, 26.25755], [56.20826, 26.24404], [56.2199, 26.22773], [56.21681, 26.22211], [56.21241, 26.20783], [56.2199, 26.20783], [56.2295, 26.21678], [56.25554, 26.21808], [56.26075, 26.2246], [56.26686, 26.22748], [56.27996, 26.22309], [56.29184, 26.21186], [56.29493, 26.19424], [56.30193, 26.20531], [56.30885, 26.20474], [56.31739, 26.20063], [56.32911, 26.20108], [56.35629, 26.21914], [56.36695, 26.2215], [56.39747, 26.21385], [56.40414, 26.21475], [56.40691, 26.22313], [56.40235, 26.23208], [56.39454, 26.23916], [56.38738, 26.24201], [56.36785, 26.24409], [56.35572, 26.24339], [56.34685, 26.23859], [56.34116, 26.23233], [56.33131, 26.22346], [56.31959, 26.21792], [56.30844, 26.2215], [56.30828, 26.23261], [56.31593, 26.27464], [56.31593, 26.29043], [56.34522, 26.26923], [56.35841, 26.26496], [56.36378, 26.27953], [56.35906, 26.28734], [56.34783, 26.29743], [56.334, 26.30614], [56.32228, 26.30964], [56.32651, 26.31892], [56.33204, 26.32075], [56.33814, 26.32071], [56.34401, 26.32392], [56.35629, 26.33759], [56.36183, 26.34951], [56.36053, 26.37128], [56.36378, 26.38597], [56.36997, 26.38597], [56.38364, 26.35871], [56.3991, 26.36791], [56.40414, 26.3723], [56.41163, 26.36494], [56.40691, 26.35737], [56.40651, 26.3548], [56.4087, 26.35236], [56.41163, 26.34504], [56.42107, 26.35212], [56.42693, 26.3496], [56.43189, 26.34296], [56.43897, 26.33759], [56.46217, 26.33186], [56.47438, 26.3308], [56.48732, 26.33137], [56.4852, 26.33588], [56.48178, 26.34736], [56.47983, 26.35187], [56.50099, 26.35871], [56.51108, 26.33348], [56.50896, 26.32372], [56.49497, 26.32274], [56.46957, 26.32392], [56.45281, 26.31835], [56.42286, 26.29462], [56.40626, 26.2849], [56.40748, 26.28486], [56.40724, 26.27912], [56.39861, 26.2687], [56.42091, 26.24763], [56.4323, 26.23945], [56.44581, 26.23518], [56.45493, 26.23933], [56.46534, 26.24726], [56.47625, 26.24917], [56.48732, 26.23518], [56.46876, 26.20551], [56.45965, 26.20209], [56.4533, 26.2215], [56.44304, 26.22045], [56.43198, 26.2215], [56.4358, 26.21161], [56.43686, 26.20527], [56.43539, 26.20014], [56.43198, 26.19424], [56.44459, 26.18236], [56.45973, 26.17426], [56.47291, 26.16401], [56.47983, 26.14582], [56.46811, 26.14598], [56.45737, 26.14842], [56.44776, 26.15314], [56.43897, 26.1601], [56.42457, 26.15379], [56.41245, 26.15843], [56.40496, 26.1706], [56.40414, 26.18675], [56.39829, 26.18342], [56.38315, 26.17699], [56.37745, 26.17373], [56.37696, 26.18439], [56.37892, 26.19253], [56.38364, 26.19806], [56.39112, 26.20108], [56.36842, 26.20453], [56.3436, 26.19139], [56.32879, 26.17284], [56.33595, 26.1601], [56.3309, 26.14932], [56.32976, 26.13711], [56.33172, 26.12421], [56.33595, 26.11164], [56.34474, 26.13182], [56.35304, 26.14265], [56.36378, 26.14582], [56.37013, 26.13947], [56.3711, 26.12783], [56.36834, 26.1149], [56.36378, 26.10488], [56.38331, 26.09748], [56.47299, 26.09862], [56.46437, 26.08535], [56.44923, 26.07355], [56.4183, 26.05707], [56.38917, 26.0471], [56.38014, 26.03824], [56.38364, 26.02228], [56.40886, 26.03437], [56.42286, 26.02314], [56.42335, 26.00463], [56.4004, 25.99047], [56.40504, 25.98045], [56.4183, 25.96393], [56.42213, 25.95661], [56.43116, 25.9527], [56.4533, 25.94717], [56.44549, 25.94245], [56.44264, 25.93928], [56.43897, 25.92609], [56.42416, 25.93317], [56.40789, 25.9374], [56.39332, 25.93586], [56.38364, 25.92609], [56.39943, 25.90233], [56.39259, 25.88044], [56.37615, 25.85928], [56.36378, 25.83796], [56.36264, 25.83063], [56.36378, 25.80687], [56.34401, 25.78954], [56.3274, 25.7624], [56.31625, 25.74958], [56.30177, 25.74177], [56.30177, 25.76289], [56.28793, 25.7416], [56.27377, 25.70913], [56.26661, 25.67259], [56.27377, 25.63931], [56.27905, 25.62745], [56.23753, 25.61658], [56.22151, 25.61384], [56.2058, 25.61777], [56.19877, 25.62526], [56.18885, 25.64541], [56.17986, 25.65208], [56.1564, 25.6559], [56.1525, 25.65796], [56.15082, 25.65885], [56.14513, 25.67084]]]]}, "properties": {"id": "HDvc", "status": "validé", "pieces": [{"kind": "admin1", "code": "OMN-2424"}, {"kind": "admin1", "code": "OMN-2425"}]}}, {"type": "Feature", "geometry": {"type": "MultiPolygon", "coordinates": [[[[53.28369, 17.10608], [53.45947, 17.39974], [54.11865, 17.69292], [54.7998, 17.69292], [55.0415, 17.21101], [55.0415, 17.02125], [55.02687, 17.01113], [55.02068, 17.01113], [55.01092, 17.02627], [54.9992, 17.01968], [54.98699, 17.00536], [54.97535, 16.99746], [54.95965, 16.99486], [54.94508, 16.98998], [54.93133, 16.98713], [54.917, 16.99067], [54.90138, 16.97492], [54.88282, 16.96906], [54.84181, 16.96393], [54.80844, 16.95148], [54.79184, 16.9514], [54.78053, 16.96393], [54.76905, 16.95791], [54.75074, 16.96052], [54.73943, 16.95649], [54.70533, 16.97761], [54.69793, 16.97016], [54.68979, 16.98933], [54.68531, 17.0069], [54.67408, 17.01976], [54.63315, 17.02692], [54.60434, 17.03632], [54.59205, 17.03848], [54.58033, 17.03734], [54.55974, 17.0327], [54.5477, 17.03164], [54.51238, 17.0384], [54.49928, 17.03848], [54.48854, 17.03559], [54.46762, 17.02668], [54.46168, 17.02481], [54.41456, 17.03783], [54.38999, 17.03946], [54.36948, 17.02481], [54.36012, 17.02961], [54.35035, 17.03168], [54.16407, 17.01113], [54.08497, 17.01113], [54.06756, 17.00674], [54.02345, 16.98534], [54.01271, 16.97761], [54.00896, 16.96865], [54.00929, 16.96092], [54.0114, 16.95368], [54.01271, 16.94599], [54.00945, 16.93745], [53.99537, 16.92536], [53.9922, 16.91926], [53.98113, 16.90876], [53.9559, 16.90388], [53.91017, 16.90127], [53.85035, 16.88915], [53.83074, 16.88764], [53.81267, 16.88178], [53.792, 16.87031], [53.77133, 16.86262], [53.75318, 16.86774], [53.73463, 16.85615], [53.70932, 16.83601], [53.68702, 16.81362], [53.6775, 16.79511], [53.66928, 16.78408], [53.65056, 16.77318], [53.61541, 16.75788], [53.58269, 16.74995], [53.42303, 16.74681], [53.39231, 16.74244], [53.28369, 17.10608]]], [[[59.04053, 22.11104], [58.73291, 22.27374], [58.60107, 22.09069], [58.3374, 21.68308], [57.48047, 21.84627], [57.10693, 21.94816], [56.86523, 22.35501], [56.60156, 22.61883], [56.14014, 22.6999], [55.7666, 22.96306], [55.67871, 23.32658], [55.46817, 23.63825], [55.4783, 23.67636], [55.48739, 23.69326], [55.53411, 23.75677], [55.53835, 23.77005], [55.53514, 23.84588], [55.53059, 23.87467], [55.51458, 23.89661], [55.4783, 23.91658], [55.46155, 23.93056], [55.45277, 23.94856], [55.4568, 23.96316], [55.49979, 23.9706], [55.54227, 23.98544], [55.5617, 23.99523], [55.59106, 24.01001], [55.61834, 24.02014], [55.64687, 24.02502], [55.68004, 24.02427], [55.7126, 24.01923], [55.728, 24.01959], [55.74443, 24.02528], [55.76241, 24.02815], [55.78846, 24.00957], [55.80706, 24.00748], [55.92354, 24.05114], [55.98679, 24.06538], [55.99785, 24.08127], [55.96075, 24.14243], [55.94897, 24.18483], [55.93315, 24.22072], [55.90318, 24.23224], [55.84716, 24.21142], [55.83032, 24.21227], [55.76769, 24.22488], [55.7557, 24.23033], [55.75415, 24.24547], [55.7621, 24.26297], [55.80097, 24.32627], [55.80737, 24.34079], [55.81089, 24.38924], [55.80861, 24.39763], [55.80107, 24.40647], [55.78102, 24.41887], [55.77461, 24.4259], [55.77141, 24.44109], [55.77368, 24.49525], [55.76118, 24.53744], [55.75983, 24.55853], [55.76996, 24.5724], [55.78402, 24.58633], [55.79022, 24.61987], [55.81823, 24.64338], [55.81492, 24.66273], [55.79998, 24.69326], [55.79476, 24.70392], [55.7927, 24.72229], [55.79704, 24.75955], [55.79704, 24.77836], [55.78867, 24.8552], [55.7991, 24.88611], [55.82939, 24.92117], [55.85783, 24.94485], [55.86215, 24.94845], [55.89698, 24.96861], [55.93543, 24.97773], [55.97587, 24.97211], [55.97842, 24.97176], [56.0056, 24.95618], [56.01697, 24.92662], [56.02525, 24.88256], [56.02927, 24.86117], [56.00529, 24.87698], [55.99238, 24.883], [55.97842, 24.88611], [55.96085, 24.88125], [55.95765, 24.86866], [55.96478, 24.85386], [56.00209, 24.82301], [56.03155, 24.75415], [56.06214, 24.73177], [56.07627, 24.72997], [56.07795, 24.72976], [56.09914, 24.73051], [56.11826, 24.73542], [56.12725, 24.7457], [56.13335, 24.76283], [56.15485, 24.78671], [56.17118, 24.82399], [56.17137, 24.82407], [56.18626, 24.83024], [56.22368, 24.83448], [56.24166, 24.84244], [56.27468, 24.87195], [56.28032, 24.87698], [56.30833, 24.89517], [56.3136, 24.90507], [56.31428, 24.91196], [56.31605, 24.92991], [56.31928, 24.96253], [56.32445, 24.96794], [56.32899, 24.97269], [56.38331, 24.97822], [56.40545, 24.89728], [56.46957, 24.77534], [56.48032, 24.76512], [56.48683, 24.74185], [56.4935, 24.70018], [56.61118, 24.49632], [56.63559, 24.47138], [56.69215, 24.42524], [56.80144, 24.30297], [56.82309, 24.27115], [56.83229, 24.25251], [56.84107, 24.22382], [56.93946, 24.11591], [57.05828, 24.0231], [57.15154, 23.95356], [57.18426, 23.93427], [57.32635, 23.88402], [57.50961, 23.8391], [57.58644, 23.80744], [57.64519, 23.79043], [57.68678, 23.78335], [57.70973, 23.78221], [57.77735, 23.78596], [57.79575, 23.78221], [57.82439, 23.74763], [57.83497, 23.74006], [57.85922, 23.73408], [57.88771, 23.72085], [57.91277, 23.71784], [58.04314, 23.72455], [58.08676, 23.72211], [58.1316, 23.71332], [58.19321, 23.68936], [58.2103, 23.68598], [58.22739, 23.67914], [58.26417, 23.64484], [58.2824, 23.63142], [58.31723, 23.62092], [58.36354, 23.61555], [58.41196, 23.6162], [58.45297, 23.62397], [58.47486, 23.63154], [58.48365, 23.63813], [58.4909, 23.65656], [58.49952, 23.65689], [58.51857, 23.65192], [58.56137, 23.65111], [58.58416, 23.64696], [58.6045, 23.6376], [58.61329, 23.62507], [58.63331, 23.58527], [58.6421, 23.57681], [58.64715, 23.5749], [58.65154, 23.57054], [58.65553, 23.56574], [58.65903, 23.56249], [58.66131, 23.56314], [58.66684, 23.56391], [58.674, 23.56395], [58.68035, 23.56249], [58.69459, 23.55142], [58.7024, 23.54295], [58.70688, 23.53514], [58.71437, 23.53514], [58.72055, 23.54881], [58.72291, 23.5434], [58.72495, 23.54011], [58.72682, 23.53608], [58.72804, 23.52839], [58.73487, 23.52839], [58.73601, 23.53266], [58.74098, 23.54206], [58.74635, 23.53767], [58.74952, 23.53644], [58.76205, 23.54206], [58.78614, 23.51211], [58.79298, 23.49567], [58.7894, 23.48062], [58.79737, 23.46678], [58.80763, 23.42113], [58.82057, 23.40176], [58.87916, 23.35126], [58.91521, 23.33609], [58.92945, 23.3181], [58.94654, 23.27509], [58.95623, 23.25943], [58.9865, 23.23249], [59.00172, 23.21239], [59.0101, 23.15331], [59.07374, 23.09325], [59.07789, 23.08515], [59.08367, 23.05536], [59.0879, 23.04841], [59.09254, 23.04365], [59.12045, 23.02277], [59.17368, 22.99396], [59.20753, 22.97036], [59.23227, 22.94302], [59.25001, 22.91201], [59.28614, 22.82648], [59.28981, 22.81208], [59.29754, 22.79271], [59.31568, 22.77949], [59.35182, 22.76118], [59.39161, 22.70222], [59.39723, 22.6861], [59.41065, 22.67084], [59.45249, 22.6341], [59.4839, 22.61884], [59.50685, 22.60008], [59.5298, 22.58788], [59.53549, 22.58308], [59.53647, 22.57258], [59.53045, 22.57005], [59.52198, 22.57217], [59.51564, 22.57559], [59.5158, 22.56151], [59.52312, 22.55512], [59.53517, 22.55386], [59.54982, 22.55512], [59.6268, 22.57982], [59.65349, 22.56973], [59.69386, 22.54145], [59.69996, 22.54092], [59.71567, 22.54291], [59.7212, 22.54145], [59.72397, 22.53681], [59.72584, 22.52611], [59.72853, 22.52098], [59.72836, 22.51813], [59.72722, 22.51358], [59.72804, 22.50764], [59.73471, 22.50047], [59.73976, 22.49779], [59.7461, 22.49559], [59.75278, 22.49421], [59.75896, 22.49364], [59.76254, 22.4986], [59.75603, 22.50943], [59.74155, 22.52473], [59.74578, 22.53824], [59.75636, 22.53848], [59.77638, 22.54145], [59.80323, 22.53474], [59.82488, 22.50886], [59.83937, 22.47529], [59.84457, 22.44526], [59.82488, 22.2814], [59.81178, 22.23737], [59.79176, 22.19806], [59.73471, 22.12311], [59.70493, 22.09955], [59.68816, 22.08271], [59.68068, 22.06509], [59.67799, 22.0419], [59.65968, 21.99404], [59.65504, 21.94575], [59.64527, 21.92585], [59.60564, 21.91022], [59.59343, 21.89277], [59.577, 21.85627], [59.53975, 21.80921], [59.04053, 22.11104]]]]}, "properties": {"id": "HEHv", "status": "validé", "pieces": [{"kind": "polygon", "ring": [[56.54663, 25.15683], [55.72266, 24.98773], [55.46997, 24.02848], [55.39307, 23.74944], [55.67871, 23.32658], [55.7666, 22.96306], [56.14014, 22.6999], [56.60156, 22.61883], [56.86523, 22.35501], [57.10693, 21.94816], [57.48047, 21.84627], [58.3374, 21.68308], [58.60107, 22.09069], [58.73291, 22.27374], [59.04053, 22.11104], [59.5459, 21.80549], [60.33691, 21.7239], [60.97412, 22.74042]]}, {"kind": "polygon", "ring": [[53.74512, 16.53844], [53.41553, 16.66473], [53.28369, 17.10608], [53.45947, 17.39974], [54.11865, 17.69292], [54.7998, 17.69292], [55.0415, 17.21101], [55.0415, 16.79094], [54.82178, 16.62265]]}, {"kind": "clip"}]}}, {"type": "Feature", "geometry": {"type": "Polygon", "coordinates": [[[53.61191, 18.2557], [53.68469, 18.20746], [53.93463, 17.96866], [54.00879, 17.94777], [54.01154, 17.97128], [53.83575, 18.09658], [53.62976, 18.28568], [53.61191, 18.2557]]]}, "properties": {"id": "HxCO", "status": "validé", "pieces": [{"kind": "polygon", "ring": [[53.61191, 18.2557], [53.68469, 18.20746], [53.93463, 17.96866], [54.00879, 17.94777], [54.01154, 17.97128], [53.83575, 18.09658], [53.62976, 18.28568]]}]}}, {"type": "Feature", "geometry": {"type": "Polygon", "coordinates": [[[55.23376, 17.56673], [55.2388, 17.56537], [55.23504, 17.55882], [55.2282, 17.53876], [55.22543, 17.51545], [55.2295, 17.48859], [55.24008, 17.47517], [55.27377, 17.45742], [55.29322, 17.43769], [55.30079, 17.41681], [55.30112, 17.37116], [55.2942, 17.35212], [55.25343, 17.29914], [55.25123, 17.28998], [55.24952, 17.27611], [55.25066, 17.26362], [55.25685, 17.25821], [55.26482, 17.25479], [55.26515, 17.24706], [55.26026, 17.23428], [55.25473, 17.22871], [55.22853, 17.21613], [55.21925, 17.21039], [55.21314, 17.20209], [55.20932, 17.19355], [55.20509, 17.17621], [55.19549, 17.16083], [55.19874, 17.15575], [55.18922, 17.14476], [55.15886, 17.13581], [55.14357, 17.12783], [55.13844, 17.11888], [55.13299, 17.10505], [55.12477, 17.09248], [55.11256, 17.08686], [55.07179, 17.04218], [55.02687, 17.01113], [55.02068, 17.01113], [55.01092, 17.02627], [54.9992, 17.01968], [54.98699, 17.00536], [54.97535, 16.99746], [54.95965, 16.99486], [54.94508, 16.98998], [54.93133, 16.98713], [54.917, 16.99067], [54.90138, 16.97492], [54.88282, 16.96906], [54.84181, 16.96393], [54.80844, 16.95148], [54.79184, 16.9514], [54.78053, 16.96393], [54.76905, 16.95791], [54.75074, 16.96052], [54.73943, 16.95649], [54.70533, 16.97761], [54.69793, 16.97016], [54.68979, 16.98933], [54.68531, 17.0069], [54.67408, 17.01976], [54.66276, 17.02174], [55.23376, 17.56673]]]}, "properties": {"id": "I0iI", "status": "validé", "pieces": [{"kind": "polygon", "ring": [[54.646, 17.00574], [55.23376, 17.56673], [55.48645, 17.49866], [55.25024, 16.91645], [54.71191, 16.80084]]}, {"kind": "clip"}]}}, {"type": "Feature", "geometry": {"type": "Polygon", "coordinates": [[[53.63388, 18.23223], [53.66547, 18.02088], [53.76297, 17.86808], [53.84262, 17.86025], [53.68881, 18.14224], [53.66409, 18.22832], [53.63388, 18.23223]]]}, "properties": {"id": "IhpD", "status": "validé", "pieces": [{"kind": "polygon", "ring": [[53.63388, 18.23223], [53.66547, 18.02088], [53.76297, 17.86808], [53.84262, 17.86025], [53.68881, 18.14224], [53.66409, 18.22832]]}]}}, {"type": "Feature", "geometry": {"type": "MultiPolygon", "coordinates": [[[[53.26721, 16.92673], [53.43201, 17.02126], [53.53638, 17.09475], [53.8385, 17.17346], [54.0033, 17.26263], [54.16809, 17.30457], [54.29443, 17.32554], [54.28345, 17.88032], [54.51965, 18.32394], [54.84924, 18.71443], [55.18433, 18.92752], [55.57434, 19.07808], [56.32751, 17.93996], [56.18849, 17.9571], [56.16822, 17.95409], [56.13836, 17.94058], [56.11622, 17.93659], [56.0311, 17.94343], [56.01075, 17.94037], [55.94606, 17.91547], [55.90943, 17.90664], [55.65349, 17.89533], [55.55291, 17.87027], [55.53053, 17.86831], [55.52247, 17.86644], [55.51734, 17.86225], [55.51287, 17.85749], [55.5066, 17.85399], [55.48829, 17.85346], [55.48683, 17.85399], [55.45395, 17.8454], [55.44516, 17.84101], [55.43165, 17.82465], [55.41733, 17.78522], [55.40797, 17.7687], [55.39308, 17.75214], [55.38868, 17.74429], [55.37338, 17.70331], [55.36948, 17.69636], [55.35572, 17.68159], [55.26319, 17.60773], [55.23504, 17.55882], [55.2282, 17.53876], [55.22543, 17.51545], [55.2295, 17.48859], [55.24008, 17.47517], [55.27377, 17.45742], [55.29322, 17.43769], [55.30079, 17.41681], [55.30112, 17.37116], [55.2942, 17.35212], [55.25343, 17.29914], [55.25123, 17.28998], [55.24952, 17.27611], [55.25066, 17.26362], [55.25685, 17.25821], [55.26482, 17.25479], [55.26515, 17.24706], [55.26026, 17.23428], [55.25473, 17.22871], [55.22853, 17.21613], [55.21925, 17.21039], [55.21314, 17.20209], [55.20932, 17.19355], [55.20509, 17.17621], [55.19549, 17.16083], [55.19874, 17.15575], [55.18922, 17.14476], [55.15886, 17.13581], [55.14357, 17.12783], [55.13844, 17.11888], [55.13299, 17.10505], [55.12477, 17.09248], [55.11256, 17.08686], [55.07179, 17.04218], [55.02687, 17.01113], [55.02068, 17.01113], [55.01092, 17.02627], [54.9992, 17.01968], [54.98699, 17.00536], [54.97535, 16.99746], [54.95965, 16.99486], [54.94508, 16.98998], [54.93133, 16.98713], [54.917, 16.99067], [54.90138, 16.97492], [54.88282, 16.96906], [54.84181, 16.96393], [54.80844, 16.95148], [54.79184, 16.9514], [54.78053, 16.96393], [54.76905, 16.95791], [54.75074, 16.96052], [54.73943, 16.95649], [54.70533, 16.97761], [54.69793, 16.97016], [54.68979, 16.98933], [54.68531, 17.0069], [54.67408, 17.01976], [54.63315, 17.02692], [54.60434, 17.03632], [54.59205, 17.03848], [54.58033, 17.03734], [54.55974, 17.0327], [54.5477, 17.03164], [54.51238, 17.0384], [54.49928, 17.03848], [54.48854, 17.03559], [54.46762, 17.02668], [54.46168, 17.02481], [54.41456, 17.03783], [54.38999, 17.03946], [54.36948, 17.02481], [54.36012, 17.02961], [54.35035, 17.03168], [54.16407, 17.01113], [54.08497, 17.01113], [54.06756, 17.00674], [54.02345, 16.98534], [54.01271, 16.97761], [54.00896, 16.96865], [54.00929, 16.96092], [54.0114, 16.95368], [54.01271, 16.94599], [54.00945, 16.93745], [53.99537, 16.92536], [53.9922, 16.91926], [53.98113, 16.90876], [53.9559, 16.90388], [53.91017, 16.90127], [53.85035, 16.88915], [53.83074, 16.88764], [53.81267, 16.88178], [53.792, 16.87031], [53.77133, 16.86262], [53.75318, 16.86774], [53.73463, 16.85615], [53.70932, 16.83601], [53.68702, 16.81362], [53.6775, 16.79511], [53.66928, 16.78408], [53.65056, 16.77318], [53.61541, 16.75788], [53.58269, 16.74995], [53.42303, 16.74681], [53.33863, 16.73481], [53.1753, 16.68452], [53.09034, 16.6424], [53.0279, 16.77748], [52.96527, 16.91292], [52.95117, 16.94345], [52.9541, 17.01076], [53.05847, 17.04226], [53.16833, 16.85318], [53.26721, 16.92673]]], [[[57.9721, 21.24811], [56.32559, 22.01527], [56.52371, 22.25378], [56.68277, 22.69748], [56.8747, 23.49071], [57.16367, 23.50397], [57.28684, 23.54098], [57.41652, 23.64262], [57.53268, 23.82959], [57.58644, 23.80744], [57.64519, 23.79043], [57.68678, 23.78335], [57.70973, 23.78221], [57.77735, 23.78596], [57.79575, 23.78221], [57.82439, 23.74763], [57.83497, 23.74006], [57.85922, 23.73408], [57.88771, 23.72085], [57.91277, 23.71784], [58.04314, 23.72455], [58.08676, 23.72211], [58.1316, 23.71332], [58.19321, 23.68936], [58.2103, 23.68598], [58.22739, 23.67914], [58.26417, 23.64484], [58.2824, 23.63142], [58.31723, 23.62092], [58.36354, 23.61555], [58.41196, 23.6162], [58.45297, 23.62397], [58.47486, 23.63154], [58.48365, 23.63813], [58.4909, 23.65656], [58.49952, 23.65689], [58.51857, 23.65192], [58.56137, 23.65111], [58.58416, 23.64696], [58.6045, 23.6376], [58.61329, 23.62507], [58.63331, 23.58527], [58.6421, 23.57681], [58.64715, 23.5749], [58.65154, 23.57054], [58.65553, 23.56574], [58.65903, 23.56249], [58.66131, 23.56314], [58.66684, 23.56391], [58.674, 23.56395], [58.68035, 23.56249], [58.69459, 23.55142], [58.7024, 23.54295], [58.70688, 23.53514], [58.71437, 23.53514], [58.72055, 23.54881], [58.72291, 23.5434], [58.72495, 23.54011], [58.72682, 23.53608], [58.72804, 23.52839], [58.73487, 23.52839], [58.73601, 23.53266], [58.74098, 23.54206], [58.74635, 23.53767], [58.74952, 23.53644], [58.76205, 23.54206], [58.78614, 23.51211], [58.79298, 23.49567], [58.7894, 23.48062], [58.79737, 23.46678], [58.80763, 23.42113], [58.82057, 23.40176], [58.87916, 23.35126], [58.91521, 23.33609], [58.92945, 23.3181], [58.94654, 23.27509], [58.95623, 23.25943], [58.9865, 23.23249], [59.00172, 23.21239], [59.0101, 23.15331], [59.07374, 23.09325], [59.07789, 23.08515], [59.08367, 23.05536], [59.0879, 23.04841], [59.09254, 23.04365], [59.12045, 23.02277], [59.17368, 22.99396], [59.20753, 22.97036], [59.23227, 22.94302], [59.25001, 22.91201], [59.25913, 22.89043], [59.25905, 22.89033], [59.2358, 22.86145], [59.16975, 22.79388], [58.84099, 22.83409], [58.54106, 23.02229], [58.38985, 22.98746], [58.22356, 22.88832], [58.16206, 22.88155], [57.93283, 22.71412], [57.83433, 22.52307], [58.08235, 21.71062], [58.17798, 21.39735], [58.28991, 21.09556], [57.9721, 21.24811]]], [[[55.83245, 17.50039], [55.83172, 17.50227], [55.83172, 17.50235], [55.83709, 17.51008], [55.84881, 17.51529], [55.86297, 17.51887], [55.88307, 17.50715], [55.89088, 17.50458], [55.8908, 17.50454], [55.87582, 17.49592], [55.84571, 17.49608], [55.83627, 17.49095], [55.83619, 17.49091], [55.83245, 17.50039]]], [[[56.05535, 17.55972], [56.0582, 17.54584], [56.05844, 17.54434], [56.06788, 17.53221], [56.08107, 17.52363], [56.09555, 17.51887], [56.06381, 17.49958], [56.04689, 17.49335], [56.0311, 17.49091], [55.98683, 17.49291], [55.97283, 17.49836], [55.9642, 17.51992], [55.99057, 17.53539], [56.02882, 17.54768], [56.05535, 17.5598], [56.05535, 17.55972]]]]}, "properties": {"id": "JI8b", "status": "validé", "pieces": [{"kind": "admin1", "code": "OMN-2426"}, {"kind": "admin1", "code": "OMN-5497"}, {"kind": "admin1", "code": "OMN-2404"}, {"kind": "polygon", "ring": [[52.9541, 17.01076], [53.05847, 17.04226], [53.16833, 16.85318], [53.26721, 16.92673], [53.43201, 17.02126], [53.53638, 17.09475], [53.8385, 17.17346], [54.0033, 17.26263], [54.16809, 17.30457], [54.29443, 17.32554], [54.28345, 17.88032], [54.51965, 18.32394], [54.84924, 18.71443], [55.18433, 18.92752], [55.57434, 19.07808], [56.42578, 17.79146], [55.17883, 16.71124], [52.93762, 16.63233]]}, {"kind": "clip"}]}}, {"type": "Feature", "geometry": {"type": "Polygon", "coordinates": [[[53.82751, 17.03668], [53.9209, 17.16788], [54.12415, 17.26753], [54.35486, 17.27278], [54.53613, 17.2518], [54.54712, 17.09442], [54.54387, 17.03237], [54.51238, 17.0384], [54.49928, 17.03848], [54.48854, 17.03559], [54.46762, 17.02668], [54.46168, 17.02481], [54.41456, 17.03783], [54.38999, 17.03946], [54.36948, 17.02481], [54.36012, 17.02961], [54.35035, 17.03168], [54.16407, 17.01113], [54.08497, 17.01113], [54.06756, 17.00674], [54.02345, 16.98534], [54.01271, 16.97761], [54.00896, 16.96865], [54.00929, 16.96092], [54.0114, 16.95368], [54.01271, 16.94599], [54.00945, 16.93745], [53.99537, 16.92536], [53.9922, 16.91926], [53.98113, 16.90876], [53.96051, 16.90477], [53.95386, 16.90538], [53.82751, 17.03668]]]}, "properties": {"id": "JOck", "status": "validé", "pieces": [{"kind": "polygon", "ring": [[53.95386, 16.90538], [53.82751, 17.03668], [53.9209, 17.16788], [54.12415, 17.26753], [54.35486, 17.27278], [54.53613, 17.2518], [54.54712, 17.09442], [54.54163, 16.98942], [54.12415, 16.88962]]}, {"kind": "clip"}]}}, {"type": "Feature", "geometry": {"type": "Polygon", "coordinates": [[[55.61279, 17.90058], [55.61691, 17.86401], [55.69107, 17.87707], [55.70343, 17.93454], [55.67596, 17.98678], [55.64026, 18.03769], [55.66498, 18.11207], [55.63339, 18.1199], [55.59357, 18.07162], [55.59082, 17.98678], [55.63889, 17.92279], [55.61279, 17.90058]]]}, "properties": {"id": "KCpU", "status": "validé", "pieces": [{"kind": "polygon", "ring": [[55.61279, 17.90058], [55.61691, 17.86401], [55.69107, 17.87707], [55.70343, 17.93454], [55.67596, 17.98678], [55.64026, 18.03769], [55.66498, 18.11207], [55.63339, 18.1199], [55.59357, 18.07162], [55.59082, 17.98678], [55.63889, 17.92279]]}]}}, {"type": "Feature", "geometry": {"type": "Polygon", "coordinates": [[[55.87509, 22.55199], [55.98221, 22.48351], [56.19644, 22.42135], [56.27472, 22.36296], [56.53564, 22.29948], [56.54388, 22.33249], [56.39694, 22.40866], [56.25, 22.44038], [55.99594, 22.53297], [55.89432, 22.59382], [55.87509, 22.55199]]]}, "properties": {"id": "KQ3f", "status": "validé", "pieces": [{"kind": "polygon", "ring": [[55.87509, 22.55199], [55.98221, 22.48351], [56.19644, 22.42135], [56.27472, 22.36296], [56.53564, 22.29948], [56.54388, 22.33249], [56.39694, 22.40866], [56.25, 22.44038], [55.99594, 22.53297], [55.89432, 22.59382]]}]}}, {"type": "Feature", "geometry": {"type": "Polygon", "coordinates": [[[56.51093, 18.20202], [56.56586, 18.71505], [56.77185, 18.83722], [57.07397, 18.9593], [57.35962, 19.01382], [57.62054, 19.14096], [57.66724, 19.0787], [57.50793, 18.96709], [57.45845, 18.94729], [57.44532, 18.94534], [57.20753, 18.90998], [57.08375, 18.87637], [56.91505, 18.81029], [56.85035, 18.76581], [56.80779, 18.74559], [56.78468, 18.72858], [56.77475, 18.70718], [56.76645, 18.69684], [56.65968, 18.59536], [56.64112, 18.55927], [56.63689, 18.51195], [56.6434, 18.47919], [56.6443, 18.4676], [56.64112, 18.4549], [56.62664, 18.43586], [56.62127, 18.41958], [56.61232, 18.3996], [56.60963, 18.38906], [56.60963, 18.34748], [56.6006, 18.30541], [56.54884, 18.18985], [56.56373, 18.17023], [56.56295, 18.16353], [56.5388, 18.12327], [56.5276, 18.11469], [56.49709, 18.10192], [56.44775, 18.19159], [56.51093, 18.20202]]]}, "properties": {"id": "LudA", "status": "validé", "pieces": [{"kind": "polygon", "ring": [[56.44775, 18.19159], [56.51093, 18.20202], [56.56586, 18.71505], [56.77185, 18.83722], [57.07397, 18.9593], [57.35962, 19.01382], [57.62054, 19.14096], [57.66724, 19.0787], [57.50793, 18.96709], [57.15088, 18.82423], [56.7746, 18.70205], [56.63452, 18.28285], [56.51093, 18.07679]]}, {"kind": "clip"}]}}, {"type": "Feature", "geometry": {"type": "Polygon", "coordinates": [[[57.56561, 22.22345], [57.453, 22.23107], [57.44202, 22.38347], [57.52441, 22.40124], [57.6123, 22.38093], [57.56561, 22.22345]]]}, "properties": {"id": "NCuJ", "status": "validé", "pieces": [{"kind": "polygon", "ring": [[57.56561, 22.22345], [57.453, 22.23107], [57.44202, 22.38347], [57.52441, 22.40124], [57.6123, 22.38093]]}]}}, {"type": "Feature", "geometry": {"type": "Polygon", "coordinates": [[[55.18684, 22.70358], [55.19759, 22.84946], [55.19129, 22.99537], [55.19129, 22.99547], [55.1948, 23.02508], [55.22591, 23.12125], [55.3211, 23.27509], [55.34322, 23.33628], [55.36409, 23.43601], [55.37526, 23.46934], [55.39396, 23.49518], [55.39417, 23.49528], [55.43148, 23.53293], [55.44533, 23.55226], [55.58259, 23.53957], [55.687, 23.59526], [55.81927, 23.63006], [55.88887, 23.67183], [55.85407, 23.81801], [55.89584, 23.86674], [55.95849, 23.89458], [55.95849, 23.97811], [56.01417, 24.01292], [56.16036, 24.04076], [56.27869, 24.04076], [56.31267, 24.14031], [56.46811, 24.07719], [56.76473, 23.83648], [56.85713, 23.51185], [56.8747, 23.49071], [56.68277, 22.69748], [56.52371, 22.25378], [56.32559, 22.01527], [55.62413, 21.87009], [55.60017, 21.86606], [55.63757, 21.97897], [55.63705, 22.00191], [55.62671, 22.02377], [55.57359, 22.10594], [55.49277, 22.23079], [55.41205, 22.35569], [55.33112, 22.48059], [55.25041, 22.6055], [55.18684, 22.70358]]]}, "properties": {"id": "O076", "status": "validé", "pieces": [{"kind": "admin1", "code": "OMN-2414"}]}}, {"type": "Feature", "geometry": {"type": "Polygon", "coordinates": [[[57.48047, 23.04481], [57.35413, 23.06755], [57.31567, 23.14583], [57.32666, 23.22911], [57.42279, 23.24677], [57.52167, 23.24677], [57.60406, 23.20136], [57.6123, 23.14331], [57.59583, 23.09028], [57.48047, 23.04481]]]}, "properties": {"id": "ROkr", "status": "validé", "pieces": [{"kind": "polygon", "ring": [[57.48047, 23.04481], [57.35413, 23.06755], [57.31567, 23.14583], [57.32666, 23.22911], [57.42279, 23.24677], [57.52167, 23.24677], [57.60406, 23.20136], [57.6123, 23.14331], [57.59583, 23.09028]]}]}}, {"type": "Feature", "geometry": {"type": "Polygon", "coordinates": [[[58.65326, 23.5493], [58.59558, 23.51406], [58.49121, 23.49644], [58.44727, 23.51154], [58.40607, 23.55182], [58.34564, 23.58453], [58.31268, 23.5493], [58.24951, 23.52665], [58.17535, 23.55182], [58.06274, 23.6122], [58.07098, 23.69268], [58.13392, 23.71242], [58.19321, 23.68936], [58.2103, 23.68598], [58.22739, 23.67914], [58.26417, 23.64484], [58.2824, 23.63142], [58.31723, 23.62092], [58.36354, 23.61555], [58.41196, 23.6162], [58.45297, 23.62397], [58.47486, 23.63154], [58.48365, 23.63813], [58.4909, 23.65656], [58.49952, 23.65689], [58.51857, 23.65192], [58.56137, 23.65111], [58.58416, 23.64696], [58.6045, 23.6376], [58.61329, 23.62507], [58.63331, 23.58527], [58.6421, 23.57681], [58.64715, 23.5749], [58.65154, 23.57054], [58.65553, 23.56574], [58.65689, 23.56447], [58.65326, 23.5493]]]}, "properties": {"id": "SjQ3", "status": "validé", "pieces": [{"kind": "polygon", "ring": [[58.07098, 23.69268], [58.06274, 23.6122], [58.17535, 23.55182], [58.24951, 23.52665], [58.31268, 23.5493], [58.34564, 23.58453], [58.40607, 23.55182], [58.44727, 23.51154], [58.49121, 23.49644], [58.59558, 23.51406], [58.65326, 23.5493], [58.67798, 23.65245], [58.26324, 23.753]]}, {"kind": "clip"}]}}, {"type": "Feature", "geometry": {"type": "Polygon", "coordinates": [[[55.8078, 22.55603], [55.96161, 22.73593], [56.01929, 22.92317], [56.11816, 23.01923], [56.32965, 23.11521], [56.45599, 23.16318], [56.45599, 23.12279], [56.31592, 23.05207], [56.07971, 22.84729], [56.01654, 22.68781], [55.54962, 22.19298], [55.51941, 22.24382], [55.8078, 22.55603]]]}, "properties": {"id": "SviY", "status": "validé", "pieces": [{"kind": "polygon", "ring": [[55.51941, 22.24382], [55.8078, 22.55603], [55.96161, 22.73593], [56.01929, 22.92317], [56.11816, 23.01923], [56.32965, 23.11521], [56.45599, 23.16318], [56.45599, 23.12279], [56.31592, 23.05207], [56.07971, 22.84729], [56.01654, 22.68781], [55.54962, 22.19298]]}, {"kind": "clip"}]}}, {"type": "Feature", "geometry": {"type": "MultiPolygon", "coordinates": [[[[55.64026, 18.22198], [55.61829, 18.31062], [55.61829, 18.38619], [55.71991, 18.53983], [56.00281, 18.71414], [56.15387, 18.92464], [56.24451, 18.81033], [55.95886, 18.57107], [55.78308, 18.43568], [55.70068, 18.32626], [55.69519, 18.14373], [55.67871, 18.02106], [55.63751, 18.00801], [55.59357, 18.00801], [55.59357, 18.05239], [55.63477, 18.13329], [55.64026, 18.22198]]], [[[55.96985, 22.82144], [55.87646, 22.65939], [55.77759, 22.55294], [55.64026, 22.58336], [55.54138, 22.62899], [55.54138, 22.79613], [55.63477, 22.91757], [55.77759, 22.94791], [55.96985, 22.82144]]]]}, "properties": {"id": "UPn7", "status": "validé", "pieces": [{"kind": "polygon", "ring": [[55.63477, 18.13329], [55.59357, 18.05239], [55.59357, 18.00801], [55.63751, 18.00801], [55.67871, 18.02106], [55.69519, 18.14373], [55.70068, 18.32626], [55.78308, 18.43568], [55.95886, 18.57107], [56.24451, 18.81033], [56.15387, 18.92464], [56.00281, 18.71414], [55.71991, 18.53983], [55.61829, 18.38619], [55.61829, 18.31062], [55.64026, 18.22198]]}, {"kind": "polygon", "ring": [[55.77759, 22.94791], [55.63477, 22.91757], [55.54138, 22.79613], [55.54138, 22.62899], [55.64026, 22.58336], [55.77759, 22.55294], [55.87646, 22.65939], [55.96985, 22.82144]]}]}}, {"type": "Feature", "geometry": {"type": "Polygon", "coordinates": [[[53.51646, 18.42908], [53.57861, 18.29228], [53.58959, 18.28642], [53.59474, 18.28805], [53.55217, 18.39294], [53.52814, 18.43732], [53.51646, 18.42908]]]}, "properties": {"id": "VDcS", "status": "validé", "pieces": [{"kind": "polygon", "ring": [[53.51646, 18.42908], [53.57861, 18.29228], [53.58959, 18.28642], [53.59474, 18.28805], [53.55217, 18.39294], [53.52814, 18.43732]]}]}}, {"type": "Feature", "geometry": {"type": "Polygon", "coordinates": [[[58.48434, 23.43402], [58.48434, 23.4888], [58.43147, 23.4888], [58.43147, 23.43402], [58.48434, 23.43402]]]}, "properties": {"id": "VaWE", "status": "validé", "pieces": [{"kind": "rect", "bounds": [58.43147, 23.43402, 58.48434, 23.4888]}]}}, {"type": "Feature", "geometry": {"type": "Polygon", "coordinates": [[[53.98682, 17.6771], [54.02527, 18.86588], [54.68994, 19.5555], [55.03052, 19.66412], [55.71716, 19.70031], [56.16211, 19.97922], [56.50269, 20.25248], [56.62354, 20.22673], [56.45874, 19.98438], [56.02478, 19.64861], [55.54688, 19.4934], [54.90967, 19.50375], [54.29993, 18.8399], [54.13513, 18.55904], [54.10217, 17.72941], [53.98682, 17.6771]]]}, "properties": {"id": "W4Kz", "status": "validé", "pieces": [{"kind": "polygon", "ring": [[53.98682, 17.6771], [54.02527, 18.86588], [54.68994, 19.5555], [55.03052, 19.66412], [55.71716, 19.70031], [56.16211, 19.97922], [56.50269, 20.25248], [56.62354, 20.22673], [56.45874, 19.98438], [56.02478, 19.64861], [55.54688, 19.4934], [54.90967, 19.50375], [54.29993, 18.8399], [54.13513, 18.55904], [54.10217, 17.72941]]}]}}, {"type": "Feature", "geometry": null, "properties": {"id": "WJdu", "status": "rejeté", "pieces": []}}, {"type": "Feature", "geometry": {"type": "MultiPolygon", "coordinates": [[[[55.83172, 17.50227], [55.83172, 17.50235], [55.83709, 17.51008], [55.84881, 17.51529], [55.86297, 17.51887], [55.88307, 17.50715], [55.89088, 17.50458], [55.8908, 17.50454], [55.87582, 17.49592], [55.84571, 17.49608], [55.83627, 17.49095], [55.83619, 17.49091], [55.83245, 17.50039], [55.83172, 17.50227]]], [[[56.05844, 17.54434], [56.06788, 17.53221], [56.08107, 17.52363], [56.09555, 17.51887], [56.06381, 17.49958], [56.04689, 17.49335], [56.0311, 17.49091], [55.98683, 17.49291], [55.97283, 17.49836], [55.9642, 17.51992], [55.99057, 17.53539], [56.02882, 17.54768], [56.05535, 17.5598], [56.05535, 17.55972], [56.0582, 17.54584], [56.05844, 17.54434]]], [[[58.94508, 20.53522], [58.95395, 20.51992], [58.95004, 20.50894], [58.94117, 20.50092], [58.90284, 20.47411], [58.86232, 20.45279], [58.84409, 20.43732], [58.82016, 20.40302], [58.80828, 20.37958], [58.79664, 20.33153], [58.78761, 20.31452], [58.78761, 20.31444], [58.78761, 20.30329], [58.78777, 20.3024], [58.78932, 20.2932], [58.7894, 20.28653], [58.78517, 20.27953], [58.75147, 20.24803], [58.73341, 20.22455], [58.72429, 20.21515], [58.71534, 20.2121], [58.70265, 20.21044], [58.69125, 20.20775], [58.68653, 20.20148], [58.68312, 20.1909], [58.67457, 20.17951], [58.66358, 20.17137], [58.65235, 20.17048], [58.65219, 20.17048], [58.64698, 20.17967], [58.64259, 20.18724], [58.63746, 20.21845], [58.63649, 20.2497], [58.63868, 20.26663], [58.63836, 20.26785], [58.63592, 20.277], [58.64291, 20.35611], [58.6482, 20.36884], [58.65903, 20.38272], [58.66456, 20.38784], [58.68238, 20.40062], [58.68995, 20.40322], [58.6919, 20.40518], [58.69386, 20.40717], [58.69825, 20.42569], [58.70069, 20.4311], [58.71762, 20.437], [58.73422, 20.43765], [58.75123, 20.44013], [58.76889, 20.45161], [58.77711, 20.46219], [58.78077, 20.46699], [58.78452, 20.4794], [58.78517, 20.48164], [58.7894, 20.51992], [58.79558, 20.5384], [58.80486, 20.55345], [58.85287, 20.61335], [58.87135, 20.6496], [58.88258, 20.68252], [58.89129, 20.69428], [58.90626, 20.69798], [58.9183, 20.68146], [58.9183, 20.68134], [58.917, 20.66425], [58.91017, 20.64594], [58.90626, 20.626], [58.90838, 20.60472], [58.91432, 20.58784], [58.94508, 20.53522]]], [[[56.46957, 24.77534], [56.48032, 24.76512], [56.48683, 24.74185], [56.4935, 24.70018], [56.61118, 24.49632], [56.63559, 24.47138], [56.69215, 24.42524], [56.80144, 24.30297], [56.82309, 24.27115], [56.83229, 24.25251], [56.84107, 24.22382], [56.93946, 24.11591], [57.05828, 24.0231], [57.15154, 23.95356], [57.18426, 23.93427], [57.32635, 23.88402], [57.50961, 23.8391], [57.58644, 23.80744], [57.64519, 23.79043], [57.68678, 23.78335], [57.70973, 23.78221], [57.77735, 23.78596], [57.79575, 23.78221], [57.82439, 23.74763], [57.83497, 23.74006], [57.85922, 23.73408], [57.88771, 23.72085], [57.91277, 23.71784], [58.04314, 23.72455], [58.08676, 23.72211], [58.1316, 23.71332], [58.19321, 23.68936], [58.2103, 23.68598], [58.22739, 23.67914], [58.26417, 23.64484], [58.2824, 23.63142], [58.31723, 23.62092], [58.36354, 23.61555], [58.41196, 23.6162], [58.45297, 23.62397], [58.47486, 23.63154], [58.48365, 23.63813], [58.4909, 23.65656], [58.49952, 23.65689], [58.51857, 23.65192], [58.56137, 23.65111], [58.58416, 23.64696], [58.6045, 23.6376], [58.61329, 23.62507], [58.63331, 23.58527], [58.6421, 23.57681], [58.64715, 23.5749], [58.65154, 23.57054], [58.65553, 23.56574], [58.65903, 23.56249], [58.66131, 23.56314], [58.66684, 23.56391], [58.674, 23.56395], [58.68035, 23.56249], [58.69459, 23.55142], [58.7024, 23.54295], [58.70688, 23.53514], [58.71437, 23.53514], [58.72055, 23.54881], [58.72291, 23.5434], [58.72495, 23.54011], [58.72682, 23.53608], [58.72804, 23.52839], [58.73487, 23.52839], [58.73601, 23.53266], [58.74098, 23.54206], [58.74635, 23.53767], [58.74952, 23.53644], [58.76205, 23.54206], [58.78614, 23.51211], [58.79298, 23.49567], [58.7894, 23.48062], [58.79737, 23.46678], [58.80763, 23.42113], [58.82057, 23.40176], [58.87916, 23.35126], [58.91521, 23.33609], [58.92945, 23.3181], [58.94654, 23.27509], [58.95623, 23.25943], [58.9865, 23.23249], [59.00172, 23.21239], [59.0101, 23.15331], [59.07374, 23.09325], [59.07789, 23.08515], [59.08367, 23.05536], [59.0879, 23.04841], [59.09254, 23.04365], [59.12045, 23.02277], [59.17368, 22.99396], [59.20753, 22.97036], [59.23227, 22.94302], [59.25001, 22.91201], [59.28614, 22.82648], [59.28981, 22.81208], [59.29754, 22.79271], [59.31568, 22.77949], [59.35182, 22.76118], [59.39161, 22.70222], [59.39723, 22.6861], [59.41065, 22.67084], [59.45249, 22.6341], [59.4839, 22.61884], [59.50685, 22.60008], [59.5298, 22.58788], [59.53549, 22.58308], [59.53647, 22.57258], [59.53045, 22.57005], [59.52198, 22.57217], [59.51564, 22.57559], [59.5158, 22.56151], [59.52312, 22.55512], [59.53517, 22.55386], [59.54982, 22.55512], [59.6268, 22.57982], [59.65349, 22.56973], [59.69386, 22.54145], [59.69996, 22.54092], [59.71567, 22.54291], [59.7212, 22.54145], [59.72397, 22.53681], [59.72584, 22.52611], [59.72853, 22.52098], [59.72836, 22.51813], [59.72722, 22.51358], [59.72804, 22.50764], [59.73471, 22.50047], [59.73976, 22.49779], [59.7461, 22.49559], [59.75278, 22.49421], [59.75896, 22.49364], [59.76254, 22.4986], [59.75603, 22.50943], [59.74155, 22.52473], [59.74578, 22.53824], [59.75636, 22.53848], [59.77638, 22.54145], [59.80323, 22.53474], [59.82488, 22.50886], [59.83937, 22.47529], [59.84457, 22.44526], [59.82488, 22.2814], [59.81178, 22.23737], [59.79176, 22.19806], [59.73471, 22.12311], [59.70493, 22.09955], [59.68816, 22.08271], [59.68068, 22.06509], [59.67799, 22.0419], [59.65968, 21.99404], [59.65504, 21.94575], [59.64527, 21.92585], [59.60564, 21.91022], [59.59343, 21.89277], [59.577, 21.85627], [59.49789, 21.75633], [59.46762, 21.66641], [59.44858, 21.6249], [59.35499, 21.48566], [59.3475, 21.45356], [59.34425, 21.44473], [59.33619, 21.43773], [59.19532, 21.3791], [59.16627, 21.36278], [59.05437, 21.27709], [58.9192, 21.1437], [58.8781, 21.08381], [58.86793, 21.07477], [58.85426, 21.06562], [58.83855, 21.0445], [58.80787, 20.99079], [58.80445, 20.98159], [58.80193, 20.94623], [58.79884, 20.93602], [58.79298, 20.9274], [58.73487, 20.883], [58.73902, 20.86225], [58.72218, 20.84805], [58.68035, 20.82835], [58.68149, 20.82648], [58.67384, 20.80817], [58.6727, 20.80785], [58.66578, 20.80158], [58.66131, 20.79633], [58.65903, 20.79084], [58.66147, 20.78164], [58.66765, 20.77228], [58.67644, 20.76439], [58.68653, 20.75947], [58.70135, 20.76602], [58.71811, 20.78083], [58.72934, 20.78681], [58.72804, 20.76691], [58.71811, 20.75365], [58.69988, 20.74079], [58.68181, 20.73591], [58.6727, 20.7464], [58.66651, 20.7464], [58.6609, 20.73233], [58.65333, 20.70527], [58.64536, 20.69115], [58.63746, 20.68439], [58.61541, 20.67243], [58.6045, 20.66327], [58.59181, 20.64395], [58.58082, 20.61848], [58.57325, 20.59064], [58.57049, 20.56428], [58.5451, 20.51643], [58.53126, 20.48139], [58.53248, 20.46528], [58.52687, 20.45771], [58.5215, 20.42438], [58.51857, 20.41681], [58.51043, 20.41523], [58.49708, 20.41079], [58.48357, 20.4042], [58.47413, 20.39639], [58.46746, 20.36953], [58.44581, 20.35863], [58.41765, 20.3596], [58.39161, 20.36848], [58.37257, 20.37739], [58.35914, 20.38158], [58.32643, 20.38272], [58.31381, 20.3808], [58.29005, 20.3714], [58.27556, 20.36848], [58.27866, 20.37739], [58.28452, 20.38199], [58.27963, 20.38483], [58.24415, 20.39423], [58.22429, 20.39639], [58.20289, 20.40473], [58.20053, 20.42438], [58.21339, 20.46528], [58.21323, 20.4527], [58.2173, 20.44156], [58.22478, 20.43183], [58.23463, 20.42365], [58.23846, 20.44383], [58.22828, 20.48884], [58.23805, 20.50934], [58.25131, 20.5292], [58.26157, 20.55809], [58.26417, 20.58763], [58.25514, 20.60928], [58.23487, 20.61567], [58.20574, 20.61335], [58.17628, 20.60472], [58.14422, 20.58519], [58.10353, 20.57514], [58.09083, 20.56684], [58.08448, 20.55805], [58.06723, 20.51105], [58.06658, 20.49982], [58.07309, 20.48916], [58.07586, 20.48005], [58.06764, 20.47248], [58.05535, 20.46723], [58.03077, 20.4619], [58.01246, 20.45344], [57.99439, 20.44229], [57.97071, 20.42121], [57.96209, 20.41088], [57.95582, 20.39956], [57.95338, 20.38642], [57.95655, 20.37694], [57.97071, 20.36188], [57.97389, 20.35228], [57.96656, 20.33023], [57.94874, 20.31757], [57.90504, 20.30077], [57.88844, 20.29072], [57.87045, 20.27705], [57.85613, 20.26065], [57.85035, 20.24242], [57.8449, 20.23119], [57.83351, 20.21833], [57.82374, 20.20108], [57.82301, 20.17666], [57.84197, 20.13605], [57.84799, 20.11176], [57.83172, 20.07534], [57.81625, 20.02074], [57.81568, 20.00658], [57.81365, 19.977], [57.79037, 19.92402], [57.77369, 19.86786], [57.76205, 19.84296], [57.6989, 19.75438], [57.68922, 19.72818], [57.69337, 19.69746], [57.70045, 19.68598], [57.70924, 19.67674], [57.71681, 19.66681], [57.71998, 19.65306], [57.72055, 19.62263], [57.71892, 19.60798], [57.71388, 19.59504], [57.70655, 19.56883], [57.70444, 19.54873], [57.71176, 19.52949], [57.76026, 19.45409], [57.76783, 19.43745], [57.77394, 19.40965], [57.77377, 19.38288], [57.76905, 19.35761], [57.75221, 19.31159], [57.7483, 19.291], [57.75066, 19.26805], [57.77084, 19.21695], [57.78053, 19.20112], [57.80568, 19.173], [57.81186, 19.15689], [57.80299, 19.11514], [57.80201, 19.09479], [57.83985, 19.02998], [57.8401, 19.01533], [57.81568, 18.99177], [57.80112, 18.98066], [57.79713, 18.97923], [57.75229, 18.97305], [57.74732, 18.96784], [57.74285, 18.96186], [57.73194, 18.9538], [57.71941, 18.94693], [57.70973, 18.944], [57.50147, 18.95368], [57.44532, 18.94534], [57.20753, 18.90998], [57.08375, 18.87637], [56.91505, 18.81029], [56.85035, 18.76581], [56.80779, 18.74559], [56.78468, 18.72858], [56.77475, 18.70718], [56.76645, 18.69684], [56.65968, 18.59536], [56.64112, 18.55927], [56.63689, 18.51195], [56.6434, 18.47919], [56.6443, 18.4676], [56.64112, 18.4549], [56.62664, 18.43586], [56.62127, 18.41958], [56.61232, 18.3996], [56.60963, 18.38906], [56.60963, 18.34748], [56.6006, 18.30541], [56.54884, 18.18985], [56.56373, 18.17023], [56.56129, 18.14924], [56.54721, 18.12971], [56.5276, 18.11469], [56.48414, 18.0965], [56.46258, 18.08442], [56.43198, 18.03217], [56.42563, 18.02741], [56.41131, 18.02318], [56.40414, 18.01911], [56.35768, 17.96979], [56.35499, 17.96231], [56.35629, 17.94001], [56.3449, 17.93781], [56.18849, 17.9571], [56.16822, 17.95409], [56.13836, 17.94058], [56.11622, 17.93659], [56.0311, 17.94343], [56.01075, 17.94037], [55.94606, 17.91547], [55.90943, 17.90664], [55.65349, 17.89533], [55.55291, 17.87027], [55.53053, 17.86831], [55.52247, 17.86644], [55.51734, 17.86225], [55.51287, 17.85749], [55.5066, 17.85399], [55.48829, 17.85346], [55.48683, 17.85399], [55.45395, 17.8454], [55.44516, 17.84101], [55.43165, 17.82465], [55.41733, 17.78522], [55.40797, 17.7687], [55.39308, 17.75214], [55.38868, 17.74429], [55.37338, 17.70331], [55.36948, 17.69636], [55.35572, 17.68159], [55.26319, 17.60773], [55.23504, 17.55882], [55.2282, 17.53876], [55.22543, 17.51545], [55.2295, 17.48859], [55.24008, 17.47517], [55.27377, 17.45742], [55.29322, 17.43769], [55.30079, 17.41681], [55.30112, 17.37116], [55.2942, 17.35212], [55.25343, 17.29914], [55.25123, 17.28998], [55.24952, 17.27611], [55.25066, 17.26362], [55.25685, 17.25821], [55.26482, 17.25479], [55.26515, 17.24706], [55.26026, 17.23428], [55.25473, 17.22871], [55.22853, 17.21613], [55.21925, 17.21039], [55.21314, 17.20209], [55.20932, 17.19355], [55.20509, 17.17621], [55.19549, 17.16083], [55.19874, 17.15575], [55.18922, 17.14476], [55.15886, 17.13581], [55.14357, 17.12783], [55.13844, 17.11888], [55.13299, 17.10505], [55.12477, 17.09248], [55.11256, 17.08686], [55.07179, 17.04218], [55.02687, 17.01113], [55.02068, 17.01113], [55.01092, 17.02627], [54.9992, 17.01968], [54.98699, 17.00536], [54.97535, 16.99746], [54.95965, 16.99486], [54.94508, 16.98998], [54.93133, 16.98713], [54.917, 16.99067], [54.90138, 16.97492], [54.88282, 16.96906], [54.84181, 16.96393], [54.80844, 16.95148], [54.79184, 16.9514], [54.78053, 16.96393], [54.76905, 16.95791], [54.75074, 16.96052], [54.73943, 16.95649], [54.70533, 16.97761], [54.69793, 16.97016], [54.68979, 16.98933], [54.68531, 17.0069], [54.67408, 17.01976], [54.63315, 17.02692], [54.60434, 17.03632], [54.59205, 17.03848], [54.58033, 17.03734], [54.55974, 17.0327], [54.5477, 17.03164], [54.51238, 17.0384], [54.49928, 17.03848], [54.48854, 17.03559], [54.46762, 17.02668], [54.46168, 17.02481], [54.41456, 17.03783], [54.38999, 17.03946], [54.36948, 17.02481], [54.36012, 17.02961], [54.35035, 17.03168], [54.16407, 17.01113], [54.08497, 17.01113], [54.06756, 17.00674], [54.02345, 16.98534], [54.01271, 16.97761], [54.00896, 16.96865], [54.00929, 16.96092], [54.0114, 16.95368], [54.01271, 16.94599], [54.00945, 16.93745], [53.99537, 16.92536], [53.9922, 16.91926], [53.98113, 16.90876], [53.9559, 16.90388], [53.91017, 16.90127], [53.85035, 16.88915], [53.83074, 16.88764], [53.81267, 16.88178], [53.792, 16.87031], [53.77133, 16.86262], [53.75318, 16.86774], [53.73463, 16.85615], [53.70932, 16.83601], [53.68702, 16.81362], [53.6775, 16.79511], [53.66928, 16.78408], [53.65056, 16.77318], [53.61541, 16.75788], [53.58269, 16.74995], [53.42303, 16.74681], [53.33863, 16.73481], [53.1753, 16.68452], [53.09034, 16.6424], [53.0279, 16.77748], [52.96527, 16.91292], [52.90275, 17.04826], [52.84032, 17.18371], [52.80156, 17.26742], [52.79102, 17.28122], [52.77386, 17.28711], [52.73624, 17.28918], [52.72146, 17.29817], [52.72301, 17.29869], [52.72828, 17.29936], [52.73015, 17.29988], [52.69842, 17.37145], [52.65563, 17.46798], [52.61284, 17.56456], [52.57021, 17.66109], [52.52742, 17.75763], [52.48453, 17.85416], [52.44174, 17.95064], [52.399, 18.04727], [52.35616, 18.14378], [52.31332, 18.24028], [52.27069, 18.33687], [52.2278, 18.43342], [52.18501, 18.52993], [52.14233, 18.62651], [52.09954, 18.72304], [52.05675, 18.81963], [52.01396, 18.91616], [51.98569, 18.97973], [51.97861, 18.99564], [52.08993, 19.03264], [52.26108, 19.08969], [52.43213, 19.14674], [52.60312, 19.20379], [52.77438, 19.26079], [52.94553, 19.31787], [53.11658, 19.37492], [53.28784, 19.43194], [53.45889, 19.48899], [53.63004, 19.54599], [53.80109, 19.60307], [53.97224, 19.66012], [54.1435, 19.71714], [54.31465, 19.77419], [54.48559, 19.83119], [54.65675, 19.88819], [54.8279, 19.94527], [54.97838, 19.99542], [55.01052, 20.09201], [55.01714, 20.11174], [55.03574, 20.16756], [55.06447, 20.25427], [55.10189, 20.36685], [55.14623, 20.49999], [55.19553, 20.64856], [55.24834, 20.80741], [55.30291, 20.97149], [55.34462, 21.09691], [55.35748, 21.13556], [55.41019, 21.29446], [55.45959, 21.44303], [55.50383, 21.57615], [55.54124, 21.68865], [55.57008, 21.77542], [55.58857, 21.83123], [55.59519, 21.85102], [55.60017, 21.86606], [55.63757, 21.97897], [55.63705, 22.00191], [55.62671, 22.02377], [55.57359, 22.10594], [55.49277, 22.23079], [55.41205, 22.35569], [55.33112, 22.48059], [55.25041, 22.6055], [55.18684, 22.70358], [55.19759, 22.84946], [55.19129, 22.99537], [55.19129, 22.99547], [55.1948, 23.02508], [55.22591, 23.12125], [55.3211, 23.27509], [55.34322, 23.33628], [55.36409, 23.43601], [55.37526, 23.46934], [55.39396, 23.49518], [55.39417, 23.49528], [55.43148, 23.53293], [55.44533, 23.55226], [55.4783, 23.67636], [55.48739, 23.69326], [55.53411, 23.75677], [55.53835, 23.77005], [55.53514, 23.84588], [55.53059, 23.87467], [55.51458, 23.89661], [55.4783, 23.91658], [55.46155, 23.93056], [55.45277, 23.94856], [55.4568, 23.96316], [55.49979, 23.9706], [55.54227, 23.98544], [55.5617, 23.99523], [55.59106, 24.01001], [55.61834, 24.02014], [55.64687, 24.02502], [55.68004, 24.02427], [55.7126, 24.01923], [55.728, 24.01959], [55.74443, 24.02528], [55.76241, 24.02815], [55.78846, 24.00957], [55.80706, 24.00748], [55.92354, 24.05114], [55.98679, 24.06538], [55.99785, 24.08127], [55.96075, 24.14243], [55.94897, 24.18483], [55.93315, 24.22072], [55.90318, 24.23224], [55.84716, 24.21142], [55.83032, 24.21227], [55.76769, 24.22488], [55.7557, 24.23033], [55.75415, 24.24547], [55.7621, 24.26297], [55.80097, 24.32627], [55.80737, 24.34079], [55.81089, 24.38924], [55.80861, 24.39763], [55.80107, 24.40647], [55.78102, 24.41887], [55.77461, 24.4259], [55.77141, 24.44109], [55.77368, 24.49525], [55.76118, 24.53744], [55.75983, 24.55853], [55.76996, 24.5724], [55.78402, 24.58633], [55.79022, 24.61987], [55.81823, 24.64338], [55.81492, 24.66273], [55.79998, 24.69326], [55.79476, 24.70392], [55.7927, 24.72229], [55.79704, 24.75955], [55.79704, 24.77836], [55.78867, 24.8552], [55.7991, 24.88611], [55.82939, 24.92117], [55.85783, 24.94485], [55.86215, 24.94845], [55.89698, 24.96861], [55.93543, 24.97773], [55.97587, 24.97211], [55.97842, 24.97176], [56.0056, 24.95618], [56.01697, 24.92662], [56.02525, 24.88256], [56.02927, 24.86117], [56.00529, 24.87698], [55.99238, 24.883], [55.97842, 24.88611], [55.96085, 24.88125], [55.95765, 24.86866], [55.96478, 24.85386], [56.00209, 24.82301], [56.03155, 24.75415], [56.06214, 24.73177], [56.07627, 24.72997], [56.07795, 24.72976], [56.09914, 24.73051], [56.11826, 24.73542], [56.12725, 24.7457], [56.13335, 24.76283], [56.15485, 24.78671], [56.17118, 24.82399], [56.17137, 24.82407], [56.18626, 24.83024], [56.22368, 24.83448], [56.24166, 24.84244], [56.27468, 24.87195], [56.28032, 24.87698], [56.30833, 24.89517], [56.3136, 24.90507], [56.31428, 24.91196], [56.31605, 24.92991], [56.31928, 24.96253], [56.32445, 24.96794], [56.32899, 24.97269], [56.38331, 24.97822], [56.40545, 24.89728], [56.46957, 24.77534]]], [[[56.34912, 25.29403], [56.34437, 25.26653], [56.31643, 25.25335], [56.29315, 25.24585], [56.28176, 25.23691], [56.2522, 25.21764], [56.23577, 25.21118], [56.21996, 25.21526], [56.20763, 25.22084], [56.20612, 25.2306], [56.20837, 25.25537], [56.23513, 25.26748], [56.24489, 25.27799], [56.23888, 25.28625], [56.23567, 25.29629], [56.23363, 25.31253], [56.26062, 25.33107], [56.29069, 25.32754], [56.30937, 25.30133], [56.34912, 25.29403]], [[56.27381, 25.28129], [56.26508, 25.28118], [56.25958, 25.27598], [56.26303, 25.24922], [56.28298, 25.25548], [56.28833, 25.27193], [56.27381, 25.28129]]], [[[56.09148, 26.10651], [56.15772, 26.20108], [56.18181, 26.246], [56.1919, 26.25507], [56.20826, 26.26309], [56.20916, 26.25755], [56.20826, 26.24404], [56.2199, 26.22773], [56.21681, 26.22211], [56.21241, 26.20783], [56.2199, 26.20783], [56.2295, 26.21678], [56.25554, 26.21808], [56.26075, 26.2246], [56.26686, 26.22748], [56.27996, 26.22309], [56.29184, 26.21186], [56.29493, 26.19424], [56.30193, 26.20531], [56.30885, 26.20474], [56.31739, 26.20063], [56.32911, 26.20108], [56.35629, 26.21914], [56.36695, 26.2215], [56.39747, 26.21385], [56.40414, 26.21475], [56.40691, 26.22313], [56.40235, 26.23208], [56.39454, 26.23916], [56.38738, 26.24201], [56.36785, 26.24409], [56.35572, 26.24339], [56.34685, 26.23859], [56.34116, 26.23233], [56.33131, 26.22346], [56.31959, 26.21792], [56.30844, 26.2215], [56.30828, 26.23261], [56.31593, 26.27464], [56.31593, 26.29043], [56.34522, 26.26923], [56.35841, 26.26496], [56.36378, 26.27953], [56.35906, 26.28734], [56.34783, 26.29743], [56.334, 26.30614], [56.32228, 26.30964], [56.32651, 26.31892], [56.33204, 26.32075], [56.33814, 26.32071], [56.34401, 26.32392], [56.35629, 26.33759], [56.36183, 26.34951], [56.36053, 26.37128], [56.36378, 26.38597], [56.36997, 26.38597], [56.38364, 26.35871], [56.3991, 26.36791], [56.40414, 26.3723], [56.41163, 26.36494], [56.40691, 26.35737], [56.40651, 26.3548], [56.4087, 26.35236], [56.41163, 26.34504], [56.42107, 26.35212], [56.42693, 26.3496], [56.43189, 26.34296], [56.43897, 26.33759], [56.46217, 26.33186], [56.47438, 26.3308], [56.48732, 26.33137], [56.4852, 26.33588], [56.48178, 26.34736], [56.47983, 26.35187], [56.50099, 26.35871], [56.51108, 26.33348], [56.50896, 26.32372], [56.49497, 26.32274], [56.46957, 26.32392], [56.45281, 26.31835], [56.42286, 26.29462], [56.40626, 26.2849], [56.40748, 26.28486], [56.40724, 26.27912], [56.39861, 26.2687], [56.42091, 26.24763], [56.4323, 26.23945], [56.44581, 26.23518], [56.45493, 26.23933], [56.46534, 26.24726], [56.47625, 26.24917], [56.48732, 26.23518], [56.46876, 26.20551], [56.45965, 26.20209], [56.4533, 26.2215], [56.44304, 26.22045], [56.43198, 26.2215], [56.4358, 26.21161], [56.43686, 26.20527], [56.43539, 26.20014], [56.43198, 26.19424], [56.44459, 26.18236], [56.45973, 26.17426], [56.47291, 26.16401], [56.47983, 26.14582], [56.46811, 26.14598], [56.45737, 26.14842], [56.44776, 26.15314], [56.43897, 26.1601], [56.42457, 26.15379], [56.41245, 26.15843], [56.40496, 26.1706], [56.40414, 26.18675], [56.39829, 26.18342], [56.38315, 26.17699], [56.37745, 26.17373], [56.37696, 26.18439], [56.37892, 26.19253], [56.38364, 26.19806], [56.39112, 26.20108], [56.36842, 26.20453], [56.3436, 26.19139], [56.32879, 26.17284], [56.33595, 26.1601], [56.3309, 26.14932], [56.32976, 26.13711], [56.33172, 26.12421], [56.33595, 26.11164], [56.34474, 26.13182], [56.35304, 26.14265], [56.36378, 26.14582], [56.37013, 26.13947], [56.3711, 26.12783], [56.36834, 26.1149], [56.36378, 26.10488], [56.38331, 26.09748], [56.47299, 26.09862], [56.46437, 26.08535], [56.44923, 26.07355], [56.4183, 26.05707], [56.38917, 26.0471], [56.38014, 26.03824], [56.38364, 26.02228], [56.40886, 26.03437], [56.42286, 26.02314], [56.42335, 26.00463], [56.4004, 25.99047], [56.40504, 25.98045], [56.4183, 25.96393], [56.42213, 25.95661], [56.43116, 25.9527], [56.4533, 25.94717], [56.44549, 25.94245], [56.44264, 25.93928], [56.43897, 25.92609], [56.42416, 25.93317], [56.40789, 25.9374], [56.39332, 25.93586], [56.38364, 25.92609], [56.39943, 25.90233], [56.39259, 25.88044], [56.37615, 25.85928], [56.36378, 25.83796], [56.36264, 25.83063], [56.36378, 25.80687], [56.34401, 25.78954], [56.3274, 25.7624], [56.31625, 25.74958], [56.30177, 25.74177], [56.30177, 25.76289], [56.28793, 25.7416], [56.27377, 25.70913], [56.26661, 25.67259], [56.27377, 25.63931], [56.27905, 25.62745], [56.23753, 25.61658], [56.22151, 25.61384], [56.2058, 25.61777], [56.19877, 25.62526], [56.18885, 25.64541], [56.17986, 25.65208], [56.1564, 25.6559], [56.1525, 25.65796], [56.15082, 25.65885], [56.14513, 25.67084], [56.14038, 25.71554], [56.1412, 25.73269], [56.15195, 25.74313], [56.16487, 25.75218], [56.172, 25.76525], [56.16735, 25.7777], [56.1441, 25.80592], [56.13965, 25.82297], [56.14451, 25.83791], [56.16384, 25.86245], [56.17056, 25.87682], [56.17469, 25.96653], [56.1813, 25.99624], [56.18348, 26.01454], [56.17841, 26.035], [56.1627, 26.07355], [56.15133, 26.07479], [56.10059, 26.06285], [56.0774, 26.06105], [56.07749, 26.06135], [56.08204, 26.07071], [56.09148, 26.10651]]]]}, "properties": {"id": "WjNO", "status": "validé", "pieces": [{"kind": "country"}]}}, {"type": "Feature", "geometry": {"type": "Polygon", "coordinates": [[[57.49695, 22.37634], [57.32666, 22.40172], [57.27722, 22.51336], [57.31567, 22.6097], [57.41455, 22.62998], [57.55737, 22.56915], [57.66174, 22.56408], [57.74414, 22.51843], [57.74414, 22.44233], [57.64526, 22.37126], [57.49695, 22.37634]]]}, "properties": {"id": "WvdB", "status": "validé", "pieces": [{"kind": "polygon", "ring": [[57.49695, 22.37634], [57.32666, 22.40172], [57.27722, 22.51336], [57.31567, 22.6097], [57.41455, 22.62998], [57.55737, 22.56915], [57.66174, 22.56408], [57.74414, 22.51843], [57.74414, 22.44233], [57.64526, 22.37126]]}]}}, {"type": "Feature", "geometry": {"type": "Polygon", "coordinates": [[[58.80157, 23.25192], [58.45825, 23.21912], [58.3374, 23.31245], [58.03802, 23.58447], [58.04352, 23.71021], [58.14689, 23.70738], [58.19321, 23.68936], [58.2103, 23.68598], [58.22739, 23.67914], [58.26417, 23.64484], [58.2824, 23.63142], [58.31723, 23.62092], [58.36354, 23.61555], [58.41196, 23.6162], [58.45297, 23.62397], [58.47486, 23.63154], [58.48365, 23.63813], [58.4909, 23.65656], [58.49952, 23.65689], [58.51857, 23.65192], [58.56137, 23.65111], [58.58416, 23.64696], [58.6045, 23.6376], [58.61329, 23.62507], [58.63331, 23.58527], [58.6421, 23.57681], [58.64715, 23.5749], [58.65154, 23.57054], [58.65553, 23.56574], [58.65903, 23.56249], [58.66131, 23.56314], [58.66684, 23.56391], [58.674, 23.56395], [58.68035, 23.56249], [58.69459, 23.55142], [58.7024, 23.54295], [58.70688, 23.53514], [58.71437, 23.53514], [58.72055, 23.54881], [58.72291, 23.5434], [58.72495, 23.54011], [58.72682, 23.53608], [58.72804, 23.52839], [58.73487, 23.52839], [58.73601, 23.53266], [58.74098, 23.54206], [58.74635, 23.53767], [58.74952, 23.53644], [58.76205, 23.54206], [58.78614, 23.51211], [58.79298, 23.49567], [58.7894, 23.48062], [58.79737, 23.46678], [58.80763, 23.42113], [58.82057, 23.40176], [58.84575, 23.38006], [58.80157, 23.25192]]]}, "properties": {"id": "XuIA", "status": "validé", "pieces": [{"kind": "polygon", "ring": [[58.04352, 23.71021], [58.03802, 23.58447], [58.3374, 23.31245], [58.45825, 23.21912], [58.80157, 23.25192], [58.88672, 23.49889], [58.59283, 23.69513]]}, {"kind": "clip"}]}}, {"type": "Feature", "geometry": {"type": "Polygon", "coordinates": [[[55.65674, 18.14597], [55.66704, 18.18706], [55.63751, 18.27832], [55.6485, 18.34023], [55.66978, 18.34023], [55.68214, 18.28549], [55.6842, 18.21183], [55.67802, 18.15119], [55.65674, 18.14597]]]}, "properties": {"id": "Y1wA", "status": "validé", "pieces": [{"kind": "polygon", "ring": [[55.65674, 18.14597], [55.66704, 18.18706], [55.63751, 18.27832], [55.6485, 18.34023], [55.66978, 18.34023], [55.68214, 18.28549], [55.6842, 18.21183], [55.67802, 18.15119]]}]}}, {"type": "Feature", "geometry": null, "properties": {"id": "YLb8", "status": "rejeté", "pieces": []}}, {"type": "Feature", "geometry": {"type": "MultiPolygon", "coordinates": [[[[55.83172, 17.50227], [55.83172, 17.50235], [55.83709, 17.51008], [55.84881, 17.51529], [55.86297, 17.51887], [55.88307, 17.50715], [55.89088, 17.50458], [55.8908, 17.50454], [55.87582, 17.49592], [55.84571, 17.49608], [55.83627, 17.49095], [55.83619, 17.49091], [55.83245, 17.50039], [55.83172, 17.50227]]], [[[56.05844, 17.54434], [56.06788, 17.53221], [56.08107, 17.52363], [56.09555, 17.51887], [56.06381, 17.49958], [56.04689, 17.49335], [56.0311, 17.49091], [55.98683, 17.49291], [55.97283, 17.49836], [55.9642, 17.51992], [55.99057, 17.53539], [56.02882, 17.54768], [56.05535, 17.5598], [56.05535, 17.55972], [56.0582, 17.54584], [56.05844, 17.54434]]], [[[58.94508, 20.53522], [58.95395, 20.51992], [58.95004, 20.50894], [58.94117, 20.50092], [58.90284, 20.47411], [58.86232, 20.45279], [58.84409, 20.43732], [58.82016, 20.40302], [58.80828, 20.37958], [58.79664, 20.33153], [58.78761, 20.31452], [58.78761, 20.31444], [58.78761, 20.30329], [58.78777, 20.3024], [58.78932, 20.2932], [58.7894, 20.28653], [58.78517, 20.27953], [58.75147, 20.24803], [58.73341, 20.22455], [58.72429, 20.21515], [58.71534, 20.2121], [58.70265, 20.21044], [58.69125, 20.20775], [58.68653, 20.20148], [58.68312, 20.1909], [58.67457, 20.17951], [58.66358, 20.17137], [58.65235, 20.17048], [58.65219, 20.17048], [58.64698, 20.17967], [58.64259, 20.18724], [58.63746, 20.21845], [58.63649, 20.2497], [58.63868, 20.26663], [58.63836, 20.26785], [58.63592, 20.277], [58.64291, 20.35611], [58.6482, 20.36884], [58.65903, 20.38272], [58.66456, 20.38784], [58.68238, 20.40062], [58.68995, 20.40322], [58.6919, 20.40518], [58.69386, 20.40717], [58.69825, 20.42569], [58.70069, 20.4311], [58.71762, 20.437], [58.73422, 20.43765], [58.75123, 20.44013], [58.76889, 20.45161], [58.77711, 20.46219], [58.78077, 20.46699], [58.78452, 20.4794], [58.78517, 20.48164], [58.7894, 20.51992], [58.79558, 20.5384], [58.80486, 20.55345], [58.85287, 20.61335], [58.87135, 20.6496], [58.88258, 20.68252], [58.89129, 20.69428], [58.90626, 20.69798], [58.9183, 20.68146], [58.9183, 20.68134], [58.917, 20.66425], [58.91017, 20.64594], [58.90626, 20.626], [58.90838, 20.60472], [58.91432, 20.58784], [58.94508, 20.53522]]], [[[56.46957, 24.77534], [56.48032, 24.76512], [56.48683, 24.74185], [56.4935, 24.70018], [56.61118, 24.49632], [56.63559, 24.47138], [56.69215, 24.42524], [56.80144, 24.30297], [56.82309, 24.27115], [56.83229, 24.25251], [56.84107, 24.22382], [56.93946, 24.11591], [57.05828, 24.0231], [57.15154, 23.95356], [57.18426, 23.93427], [57.32635, 23.88402], [57.50961, 23.8391], [57.58644, 23.80744], [57.64519, 23.79043], [57.68678, 23.78335], [57.70973, 23.78221], [57.77735, 23.78596], [57.79575, 23.78221], [57.82439, 23.74763], [57.83497, 23.74006], [57.85922, 23.73408], [57.88771, 23.72085], [57.91277, 23.71784], [58.04314, 23.72455], [58.08676, 23.72211], [58.1316, 23.71332], [58.19321, 23.68936], [58.2103, 23.68598], [58.22739, 23.67914], [58.26417, 23.64484], [58.2824, 23.63142], [58.31723, 23.62092], [58.36354, 23.61555], [58.41196, 23.6162], [58.45297, 23.62397], [58.47486, 23.63154], [58.48365, 23.63813], [58.4909, 23.65656], [58.49952, 23.65689], [58.51857, 23.65192], [58.56137, 23.65111], [58.58416, 23.64696], [58.6045, 23.6376], [58.61329, 23.62507], [58.63331, 23.58527], [58.6421, 23.57681], [58.64715, 23.5749], [58.65154, 23.57054], [58.65553, 23.56574], [58.65903, 23.56249], [58.66131, 23.56314], [58.66684, 23.56391], [58.674, 23.56395], [58.68035, 23.56249], [58.69459, 23.55142], [58.7024, 23.54295], [58.70688, 23.53514], [58.71437, 23.53514], [58.72055, 23.54881], [58.72291, 23.5434], [58.72495, 23.54011], [58.72682, 23.53608], [58.72804, 23.52839], [58.73487, 23.52839], [58.73601, 23.53266], [58.74098, 23.54206], [58.74635, 23.53767], [58.74952, 23.53644], [58.76205, 23.54206], [58.78614, 23.51211], [58.79298, 23.49567], [58.7894, 23.48062], [58.79737, 23.46678], [58.80763, 23.42113], [58.82057, 23.40176], [58.87916, 23.35126], [58.91521, 23.33609], [58.92945, 23.3181], [58.94654, 23.27509], [58.95623, 23.25943], [58.9865, 23.23249], [59.00172, 23.21239], [59.0101, 23.15331], [59.07374, 23.09325], [59.07789, 23.08515], [59.08367, 23.05536], [59.0879, 23.04841], [59.09254, 23.04365], [59.12045, 23.02277], [59.17368, 22.99396], [59.20753, 22.97036], [59.23227, 22.94302], [59.25001, 22.91201], [59.28614, 22.82648], [59.28981, 22.81208], [59.29754, 22.79271], [59.31568, 22.77949], [59.35182, 22.76118], [59.39161, 22.70222], [59.39723, 22.6861], [59.41065, 22.67084], [59.45249, 22.6341], [59.4839, 22.61884], [59.50685, 22.60008], [59.5298, 22.58788], [59.53549, 22.58308], [59.53647, 22.57258], [59.53045, 22.57005], [59.52198, 22.57217], [59.51564, 22.57559], [59.5158, 22.56151], [59.52312, 22.55512], [59.53517, 22.55386], [59.54982, 22.55512], [59.6268, 22.57982], [59.65349, 22.56973], [59.69386, 22.54145], [59.69996, 22.54092], [59.71567, 22.54291], [59.7212, 22.54145], [59.72397, 22.53681], [59.72584, 22.52611], [59.72853, 22.52098], [59.72836, 22.51813], [59.72722, 22.51358], [59.72804, 22.50764], [59.73471, 22.50047], [59.73976, 22.49779], [59.7461, 22.49559], [59.75278, 22.49421], [59.75896, 22.49364], [59.76254, 22.4986], [59.75603, 22.50943], [59.74155, 22.52473], [59.74578, 22.53824], [59.75636, 22.53848], [59.77638, 22.54145], [59.80323, 22.53474], [59.82488, 22.50886], [59.83937, 22.47529], [59.84457, 22.44526], [59.82488, 22.2814], [59.81178, 22.23737], [59.79176, 22.19806], [59.73471, 22.12311], [59.70493, 22.09955], [59.68816, 22.08271], [59.68068, 22.06509], [59.67799, 22.0419], [59.65968, 21.99404], [59.65504, 21.94575], [59.64527, 21.92585], [59.60564, 21.91022], [59.59343, 21.89277], [59.577, 21.85627], [59.49789, 21.75633], [59.46762, 21.66641], [59.44858, 21.6249], [59.35499, 21.48566], [59.3475, 21.45356], [59.34425, 21.44473], [59.33619, 21.43773], [59.19532, 21.3791], [59.16627, 21.36278], [59.05437, 21.27709], [58.9192, 21.1437], [58.8781, 21.08381], [58.86793, 21.07477], [58.85426, 21.06562], [58.83855, 21.0445], [58.80787, 20.99079], [58.80445, 20.98159], [58.80193, 20.94623], [58.79884, 20.93602], [58.79298, 20.9274], [58.73487, 20.883], [58.73902, 20.86225], [58.72218, 20.84805], [58.68035, 20.82835], [58.68149, 20.82648], [58.67384, 20.80817], [58.6727, 20.80785], [58.66578, 20.80158], [58.66131, 20.79633], [58.65903, 20.79084], [58.66147, 20.78164], [58.66765, 20.77228], [58.67644, 20.76439], [58.68653, 20.75947], [58.70135, 20.76602], [58.71811, 20.78083], [58.72934, 20.78681], [58.72804, 20.76691], [58.71811, 20.75365], [58.69988, 20.74079], [58.68181, 20.73591], [58.6727, 20.7464], [58.66651, 20.7464], [58.6609, 20.73233], [58.65333, 20.70527], [58.64536, 20.69115], [58.63746, 20.68439], [58.61541, 20.67243], [58.6045, 20.66327], [58.59181, 20.64395], [58.58082, 20.61848], [58.57325, 20.59064], [58.57049, 20.56428], [58.5451, 20.51643], [58.53126, 20.48139], [58.53248, 20.46528], [58.52687, 20.45771], [58.5215, 20.42438], [58.51857, 20.41681], [58.51043, 20.41523], [58.49708, 20.41079], [58.48357, 20.4042], [58.47413, 20.39639], [58.46746, 20.36953], [58.44581, 20.35863], [58.41765, 20.3596], [58.39161, 20.36848], [58.37257, 20.37739], [58.35914, 20.38158], [58.32643, 20.38272], [58.31381, 20.3808], [58.29005, 20.3714], [58.27556, 20.36848], [58.27866, 20.37739], [58.28452, 20.38199], [58.27963, 20.38483], [58.24415, 20.39423], [58.22429, 20.39639], [58.20289, 20.40473], [58.20053, 20.42438], [58.21339, 20.46528], [58.21323, 20.4527], [58.2173, 20.44156], [58.22478, 20.43183], [58.23463, 20.42365], [58.23846, 20.44383], [58.22828, 20.48884], [58.23805, 20.50934], [58.25131, 20.5292], [58.26157, 20.55809], [58.26417, 20.58763], [58.25514, 20.60928], [58.23487, 20.61567], [58.20574, 20.61335], [58.17628, 20.60472], [58.14422, 20.58519], [58.10353, 20.57514], [58.09083, 20.56684], [58.08448, 20.55805], [58.06723, 20.51105], [58.06658, 20.49982], [58.07309, 20.48916], [58.07586, 20.48005], [58.06764, 20.47248], [58.05535, 20.46723], [58.03077, 20.4619], [58.01246, 20.45344], [57.99439, 20.44229], [57.97071, 20.42121], [57.96209, 20.41088], [57.95582, 20.39956], [57.95338, 20.38642], [57.95655, 20.37694], [57.97071, 20.36188], [57.97389, 20.35228], [57.96656, 20.33023], [57.94874, 20.31757], [57.90504, 20.30077], [57.88844, 20.29072], [57.87045, 20.27705], [57.85613, 20.26065], [57.85035, 20.24242], [57.8449, 20.23119], [57.83351, 20.21833], [57.82374, 20.20108], [57.82301, 20.17666], [57.84197, 20.13605], [57.84799, 20.11176], [57.83172, 20.07534], [57.81625, 20.02074], [57.81568, 20.00658], [57.81365, 19.977], [57.79037, 19.92402], [57.77369, 19.86786], [57.76205, 19.84296], [57.6989, 19.75438], [57.68922, 19.72818], [57.69337, 19.69746], [57.70045, 19.68598], [57.70924, 19.67674], [57.71681, 19.66681], [57.71998, 19.65306], [57.72055, 19.62263], [57.71892, 19.60798], [57.71388, 19.59504], [57.70655, 19.56883], [57.70444, 19.54873], [57.71176, 19.52949], [57.76026, 19.45409], [57.76783, 19.43745], [57.77394, 19.40965], [57.77377, 19.38288], [57.76905, 19.35761], [57.75221, 19.31159], [57.7483, 19.291], [57.75066, 19.26805], [57.77084, 19.21695], [57.78053, 19.20112], [57.80568, 19.173], [57.81186, 19.15689], [57.80299, 19.11514], [57.80201, 19.09479], [57.83985, 19.02998], [57.8401, 19.01533], [57.81568, 18.99177], [57.80112, 18.98066], [57.79713, 18.97923], [57.75229, 18.97305], [57.74732, 18.96784], [57.74285, 18.96186], [57.73194, 18.9538], [57.71941, 18.94693], [57.70973, 18.944], [57.50147, 18.95368], [57.44532, 18.94534], [57.20753, 18.90998], [57.08375, 18.87637], [56.91505, 18.81029], [56.85035, 18.76581], [56.80779, 18.74559], [56.78468, 18.72858], [56.77475, 18.70718], [56.76645, 18.69684], [56.65968, 18.59536], [56.64112, 18.55927], [56.63689, 18.51195], [56.6434, 18.47919], [56.6443, 18.4676], [56.64112, 18.4549], [56.62664, 18.43586], [56.62127, 18.41958], [56.61232, 18.3996], [56.60963, 18.38906], [56.60963, 18.34748], [56.6006, 18.30541], [56.54884, 18.18985], [56.56373, 18.17023], [56.56129, 18.14924], [56.54721, 18.12971], [56.5276, 18.11469], [56.48414, 18.0965], [56.46258, 18.08442], [56.43198, 18.03217], [56.42563, 18.02741], [56.41131, 18.02318], [56.40414, 18.01911], [56.35768, 17.96979], [56.35499, 17.96231], [56.35629, 17.94001], [56.3449, 17.93781], [56.18849, 17.9571], [56.16822, 17.95409], [56.13836, 17.94058], [56.11622, 17.93659], [56.0311, 17.94343], [56.01075, 17.94037], [55.94606, 17.91547], [55.90943, 17.90664], [55.65349, 17.89533], [55.55291, 17.87027], [55.53053, 17.86831], [55.52247, 17.86644], [55.51734, 17.86225], [55.51287, 17.85749], [55.5066, 17.85399], [55.48829, 17.85346], [55.48683, 17.85399], [55.45395, 17.8454], [55.44516, 17.84101], [55.43165, 17.82465], [55.41733, 17.78522], [55.40797, 17.7687], [55.39308, 17.75214], [55.38868, 17.74429], [55.37338, 17.70331], [55.36948, 17.69636], [55.35572, 17.68159], [55.26319, 17.60773], [55.23504, 17.55882], [55.2282, 17.53876], [55.22543, 17.51545], [55.2295, 17.48859], [55.24008, 17.47517], [55.27377, 17.45742], [55.29322, 17.43769], [55.30079, 17.41681], [55.30112, 17.37116], [55.2942, 17.35212], [55.25343, 17.29914], [55.25123, 17.28998], [55.24952, 17.27611], [55.25066, 17.26362], [55.25685, 17.25821], [55.26482, 17.25479], [55.26515, 17.24706], [55.26026, 17.23428], [55.25473, 17.22871], [55.22853, 17.21613], [55.21925, 17.21039], [55.21314, 17.20209], [55.20932, 17.19355], [55.20509, 17.17621], [55.19549, 17.16083], [55.19874, 17.15575], [55.18922, 17.14476], [55.15886, 17.13581], [55.14357, 17.12783], [55.13844, 17.11888], [55.13299, 17.10505], [55.12477, 17.09248], [55.11256, 17.08686], [55.07179, 17.04218], [55.02687, 17.01113], [55.02068, 17.01113], [55.01092, 17.02627], [54.9992, 17.01968], [54.98699, 17.00536], [54.97535, 16.99746], [54.95965, 16.99486], [54.94508, 16.98998], [54.93133, 16.98713], [54.917, 16.99067], [54.90138, 16.97492], [54.88282, 16.96906], [54.84181, 16.96393], [54.80844, 16.95148], [54.79184, 16.9514], [54.78053, 16.96393], [54.76905, 16.95791], [54.75074, 16.96052], [54.73943, 16.95649], [54.70533, 16.97761], [54.69793, 16.97016], [54.68979, 16.98933], [54.68531, 17.0069], [54.67408, 17.01976], [54.63315, 17.02692], [54.60434, 17.03632], [54.59205, 17.03848], [54.58033, 17.03734], [54.55974, 17.0327], [54.5477, 17.03164], [54.51238, 17.0384], [54.49928, 17.03848], [54.48854, 17.03559], [54.46762, 17.02668], [54.46168, 17.02481], [54.41456, 17.03783], [54.38999, 17.03946], [54.36948, 17.02481], [54.36012, 17.02961], [54.35035, 17.03168], [54.16407, 17.01113], [54.08497, 17.01113], [54.06756, 17.00674], [54.02345, 16.98534], [54.01271, 16.97761], [54.00896, 16.96865], [54.00929, 16.96092], [54.0114, 16.95368], [54.01271, 16.94599], [54.00945, 16.93745], [53.99537, 16.92536], [53.9922, 16.91926], [53.98113, 16.90876], [53.9559, 16.90388], [53.91017, 16.90127], [53.85035, 16.88915], [53.83074, 16.88764], [53.81267, 16.88178], [53.792, 16.87031], [53.77133, 16.86262], [53.75318, 16.86774], [53.73463, 16.85615], [53.70932, 16.83601], [53.68702, 16.81362], [53.6775, 16.79511], [53.66928, 16.78408], [53.65056, 16.77318], [53.61541, 16.75788], [53.58269, 16.74995], [53.42303, 16.74681], [53.33863, 16.73481], [53.1753, 16.68452], [53.09034, 16.6424], [53.0279, 16.77748], [52.96527, 16.91292], [52.90275, 17.04826], [52.84032, 17.18371], [52.80156, 17.26742], [52.79102, 17.28122], [52.77386, 17.28711], [52.73624, 17.28918], [52.72146, 17.29817], [52.72301, 17.29869], [52.72828, 17.29936], [52.73015, 17.29988], [52.69842, 17.37145], [52.65563, 17.46798], [52.61284, 17.56456], [52.57021, 17.66109], [52.52742, 17.75763], [52.48453, 17.85416], [52.44174, 17.95064], [52.399, 18.04727], [52.35616, 18.14378], [52.31332, 18.24028], [52.27069, 18.33687], [52.2278, 18.43342], [52.18501, 18.52993], [52.14233, 18.62651], [52.09954, 18.72304], [52.05675, 18.81963], [52.01396, 18.91616], [51.98569, 18.97973], [51.97861, 18.99564], [52.08993, 19.03264], [52.26108, 19.08969], [52.43213, 19.14674], [52.60312, 19.20379], [52.77438, 19.26079], [52.94553, 19.31787], [53.11658, 19.37492], [53.28784, 19.43194], [53.45889, 19.48899], [53.63004, 19.54599], [53.80109, 19.60307], [53.97224, 19.66012], [54.1435, 19.71714], [54.31465, 19.77419], [54.48559, 19.83119], [54.65675, 19.88819], [54.8279, 19.94527], [54.97838, 19.99542], [55.01052, 20.09201], [55.01714, 20.11174], [55.03574, 20.16756], [55.06447, 20.25427], [55.10189, 20.36685], [55.14623, 20.49999], [55.19553, 20.64856], [55.24834, 20.80741], [55.30291, 20.97149], [55.34462, 21.09691], [55.35748, 21.13556], [55.41019, 21.29446], [55.45959, 21.44303], [55.50383, 21.57615], [55.54124, 21.68865], [55.57008, 21.77542], [55.58857, 21.83123], [55.59519, 21.85102], [55.60017, 21.86606], [55.63757, 21.97897], [55.63705, 22.00191], [55.62671, 22.02377], [55.57359, 22.10594], [55.49277, 22.23079], [55.41205, 22.35569], [55.33112, 22.48059], [55.25041, 22.6055], [55.18684, 22.70358], [55.19759, 22.84946], [55.19129, 22.99537], [55.19129, 22.99547], [55.1948, 23.02508], [55.22591, 23.12125], [55.3211, 23.27509], [55.34322, 23.33628], [55.36409, 23.43601], [55.37526, 23.46934], [55.39396, 23.49518], [55.39417, 23.49528], [55.43148, 23.53293], [55.44533, 23.55226], [55.4783, 23.67636], [55.48739, 23.69326], [55.53411, 23.75677], [55.53835, 23.77005], [55.53514, 23.84588], [55.53059, 23.87467], [55.51458, 23.89661], [55.4783, 23.91658], [55.46155, 23.93056], [55.45277, 23.94856], [55.4568, 23.96316], [55.49979, 23.9706], [55.54227, 23.98544], [55.5617, 23.99523], [55.59106, 24.01001], [55.61834, 24.02014], [55.64687, 24.02502], [55.68004, 24.02427], [55.7126, 24.01923], [55.728, 24.01959], [55.74443, 24.02528], [55.76241, 24.02815], [55.78846, 24.00957], [55.80706, 24.00748], [55.92354, 24.05114], [55.98679, 24.06538], [55.99785, 24.08127], [55.96075, 24.14243], [55.94897, 24.18483], [55.93315, 24.22072], [55.90318, 24.23224], [55.84716, 24.21142], [55.83032, 24.21227], [55.76769, 24.22488], [55.7557, 24.23033], [55.75415, 24.24547], [55.7621, 24.26297], [55.80097, 24.32627], [55.80737, 24.34079], [55.81089, 24.38924], [55.80861, 24.39763], [55.80107, 24.40647], [55.78102, 24.41887], [55.77461, 24.4259], [55.77141, 24.44109], [55.77368, 24.49525], [55.76118, 24.53744], [55.75983, 24.55853], [55.76996, 24.5724], [55.78402, 24.58633], [55.79022, 24.61987], [55.81823, 24.64338], [55.81492, 24.66273], [55.79998, 24.69326], [55.79476, 24.70392], [55.7927, 24.72229], [55.79704, 24.75955], [55.79704, 24.77836], [55.78867, 24.8552], [55.7991, 24.88611], [55.82939, 24.92117], [55.85783, 24.94485], [55.86215, 24.94845], [55.89698, 24.96861], [55.93543, 24.97773], [55.97587, 24.97211], [55.97842, 24.97176], [56.0056, 24.95618], [56.01697, 24.92662], [56.02525, 24.88256], [56.02927, 24.86117], [56.00529, 24.87698], [55.99238, 24.883], [55.97842, 24.88611], [55.96085, 24.88125], [55.95765, 24.86866], [55.96478, 24.85386], [56.00209, 24.82301], [56.03155, 24.75415], [56.06214, 24.73177], [56.07627, 24.72997], [56.07795, 24.72976], [56.09914, 24.73051], [56.11826, 24.73542], [56.12725, 24.7457], [56.13335, 24.76283], [56.15485, 24.78671], [56.17118, 24.82399], [56.17137, 24.82407], [56.18626, 24.83024], [56.22368, 24.83448], [56.24166, 24.84244], [56.27468, 24.87195], [56.28032, 24.87698], [56.30833, 24.89517], [56.3136, 24.90507], [56.31428, 24.91196], [56.31605, 24.92991], [56.31928, 24.96253], [56.32445, 24.96794], [56.32899, 24.97269], [56.38331, 24.97822], [56.40545, 24.89728], [56.46957, 24.77534]]], [[[56.34912, 25.29403], [56.34437, 25.26653], [56.31643, 25.25335], [56.29315, 25.24585], [56.28176, 25.23691], [56.2522, 25.21764], [56.23577, 25.21118], [56.21996, 25.21526], [56.20763, 25.22084], [56.20612, 25.2306], [56.20837, 25.25537], [56.23513, 25.26748], [56.24489, 25.27799], [56.23888, 25.28625], [56.23567, 25.29629], [56.23363, 25.31253], [56.26062, 25.33107], [56.29069, 25.32754], [56.30937, 25.30133], [56.34912, 25.29403]], [[56.27381, 25.28129], [56.26508, 25.28118], [56.25958, 25.27598], [56.26303, 25.24922], [56.28298, 25.25548], [56.28833, 25.27193], [56.27381, 25.28129]]], [[[56.09148, 26.10651], [56.15772, 26.20108], [56.18181, 26.246], [56.1919, 26.25507], [56.20826, 26.26309], [56.20916, 26.25755], [56.20826, 26.24404], [56.2199, 26.22773], [56.21681, 26.22211], [56.21241, 26.20783], [56.2199, 26.20783], [56.2295, 26.21678], [56.25554, 26.21808], [56.26075, 26.2246], [56.26686, 26.22748], [56.27996, 26.22309], [56.29184, 26.21186], [56.29493, 26.19424], [56.30193, 26.20531], [56.30885, 26.20474], [56.31739, 26.20063], [56.32911, 26.20108], [56.35629, 26.21914], [56.36695, 26.2215], [56.39747, 26.21385], [56.40414, 26.21475], [56.40691, 26.22313], [56.40235, 26.23208], [56.39454, 26.23916], [56.38738, 26.24201], [56.36785, 26.24409], [56.35572, 26.24339], [56.34685, 26.23859], [56.34116, 26.23233], [56.33131, 26.22346], [56.31959, 26.21792], [56.30844, 26.2215], [56.30828, 26.23261], [56.31593, 26.27464], [56.31593, 26.29043], [56.34522, 26.26923], [56.35841, 26.26496], [56.36378, 26.27953], [56.35906, 26.28734], [56.34783, 26.29743], [56.334, 26.30614], [56.32228, 26.30964], [56.32651, 26.31892], [56.33204, 26.32075], [56.33814, 26.32071], [56.34401, 26.32392], [56.35629, 26.33759], [56.36183, 26.34951], [56.36053, 26.37128], [56.36378, 26.38597], [56.36997, 26.38597], [56.38364, 26.35871], [56.3991, 26.36791], [56.40414, 26.3723], [56.41163, 26.36494], [56.40691, 26.35737], [56.40651, 26.3548], [56.4087, 26.35236], [56.41163, 26.34504], [56.42107, 26.35212], [56.42693, 26.3496], [56.43189, 26.34296], [56.43897, 26.33759], [56.46217, 26.33186], [56.47438, 26.3308], [56.48732, 26.33137], [56.4852, 26.33588], [56.48178, 26.34736], [56.47983, 26.35187], [56.50099, 26.35871], [56.51108, 26.33348], [56.50896, 26.32372], [56.49497, 26.32274], [56.46957, 26.32392], [56.45281, 26.31835], [56.42286, 26.29462], [56.40626, 26.2849], [56.40748, 26.28486], [56.40724, 26.27912], [56.39861, 26.2687], [56.42091, 26.24763], [56.4323, 26.23945], [56.44581, 26.23518], [56.45493, 26.23933], [56.46534, 26.24726], [56.47625, 26.24917], [56.48732, 26.23518], [56.46876, 26.20551], [56.45965, 26.20209], [56.4533, 26.2215], [56.44304, 26.22045], [56.43198, 26.2215], [56.4358, 26.21161], [56.43686, 26.20527], [56.43539, 26.20014], [56.43198, 26.19424], [56.44459, 26.18236], [56.45973, 26.17426], [56.47291, 26.16401], [56.47983, 26.14582], [56.46811, 26.14598], [56.45737, 26.14842], [56.44776, 26.15314], [56.43897, 26.1601], [56.42457, 26.15379], [56.41245, 26.15843], [56.40496, 26.1706], [56.40414, 26.18675], [56.39829, 26.18342], [56.38315, 26.17699], [56.37745, 26.17373], [56.37696, 26.18439], [56.37892, 26.19253], [56.38364, 26.19806], [56.39112, 26.20108], [56.36842, 26.20453], [56.3436, 26.19139], [56.32879, 26.17284], [56.33595, 26.1601], [56.3309, 26.14932], [56.32976, 26.13711], [56.33172, 26.12421], [56.33595, 26.11164], [56.34474, 26.13182], [56.35304, 26.14265], [56.36378, 26.14582], [56.37013, 26.13947], [56.3711, 26.12783], [56.36834, 26.1149], [56.36378, 26.10488], [56.38331, 26.09748], [56.47299, 26.09862], [56.46437, 26.08535], [56.44923, 26.07355], [56.4183, 26.05707], [56.38917, 26.0471], [56.38014, 26.03824], [56.38364, 26.02228], [56.40886, 26.03437], [56.42286, 26.02314], [56.42335, 26.00463], [56.4004, 25.99047], [56.40504, 25.98045], [56.4183, 25.96393], [56.42213, 25.95661], [56.43116, 25.9527], [56.4533, 25.94717], [56.44549, 25.94245], [56.44264, 25.93928], [56.43897, 25.92609], [56.42416, 25.93317], [56.40789, 25.9374], [56.39332, 25.93586], [56.38364, 25.92609], [56.39943, 25.90233], [56.39259, 25.88044], [56.37615, 25.85928], [56.36378, 25.83796], [56.36264, 25.83063], [56.36378, 25.80687], [56.34401, 25.78954], [56.3274, 25.7624], [56.31625, 25.74958], [56.30177, 25.74177], [56.30177, 25.76289], [56.28793, 25.7416], [56.27377, 25.70913], [56.26661, 25.67259], [56.27377, 25.63931], [56.27905, 25.62745], [56.23753, 25.61658], [56.22151, 25.61384], [56.2058, 25.61777], [56.19877, 25.62526], [56.18885, 25.64541], [56.17986, 25.65208], [56.1564, 25.6559], [56.1525, 25.65796], [56.15082, 25.65885], [56.14513, 25.67084], [56.14038, 25.71554], [56.1412, 25.73269], [56.15195, 25.74313], [56.16487, 25.75218], [56.172, 25.76525], [56.16735, 25.7777], [56.1441, 25.80592], [56.13965, 25.82297], [56.14451, 25.83791], [56.16384, 25.86245], [56.17056, 25.87682], [56.17469, 25.96653], [56.1813, 25.99624], [56.18348, 26.01454], [56.17841, 26.035], [56.1627, 26.07355], [56.15133, 26.07479], [56.10059, 26.06285], [56.0774, 26.06105], [56.07749, 26.06135], [56.08204, 26.07071], [56.09148, 26.10651]]]]}, "properties": {"id": "ZG0K", "status": "validé", "pieces": [{"kind": "country"}]}}, {"type": "Feature", "geometry": {"type": "Polygon", "coordinates": [[[56.28296, 24.32828], [56.45874, 23.94746], [56.63452, 23.79682], [57.46948, 23.40436], [57.854, 23.29345], [58.63403, 23.32371], [58.69995, 23.53531], [58.7274, 23.53241], [58.72804, 23.52839], [58.73487, 23.52839], [58.73571, 23.53153], [58.77376, 23.5275], [58.78614, 23.51211], [58.79298, 23.49567], [58.7894, 23.48062], [58.79737, 23.46678], [58.80763, 23.42113], [58.82057, 23.40176], [58.87916, 23.35126], [58.91521, 23.33609], [58.92945, 23.3181], [58.94654, 23.27509], [58.95623, 23.25943], [58.9865, 23.23249], [59.00172, 23.21239], [59.0101, 23.15331], [59.07374, 23.09325], [59.07789, 23.08515], [59.08367, 23.05536], [59.0879, 23.04841], [59.09254, 23.04365], [59.12045, 23.02277], [59.17368, 22.99396], [59.20753, 22.97036], [59.23227, 22.94302], [59.25001, 22.91201], [59.28614, 22.82648], [59.28981, 22.81208], [59.29754, 22.79271], [59.31568, 22.77949], [59.35182, 22.76118], [59.39161, 22.70222], [59.39723, 22.6861], [59.41065, 22.67084], [59.45249, 22.6341], [59.4839, 22.61884], [59.50685, 22.60008], [59.5298, 22.58788], [59.53549, 22.58308], [59.53647, 22.57258], [59.53045, 22.57005], [59.52198, 22.57217], [59.51564, 22.57559], [59.5158, 22.56151], [59.52312, 22.55512], [59.53517, 22.55386], [59.54382, 22.5546], [59.50195, 22.44349], [59.29321, 22.25051], [59.00757, 22.159], [58.66699, 22.49424], [58.10669, 22.68688], [57.052, 22.68688], [56.67847, 22.92984], [56.23901, 23.46481], [55.95337, 23.79682], [55.84998, 24.02356], [55.92354, 24.05114], [55.98679, 24.06538], [55.99785, 24.08127], [55.96075, 24.14243], [55.94897, 24.18483], [55.93315, 24.22072], [55.90318, 24.23224], [55.84716, 24.21142], [55.83032, 24.21227], [55.76769, 24.22488], [55.7557, 24.23033], [55.75415, 24.24547], [55.7621, 24.26297], [55.80097, 24.32627], [55.80737, 24.34079], [55.81089, 24.38924], [55.80861, 24.39763], [55.80107, 24.40647], [55.78102, 24.41887], [55.77461, 24.4259], [55.77141, 24.44109], [55.77368, 24.49525], [55.76118, 24.53744], [55.75983, 24.55853], [55.76996, 24.5724], [55.78402, 24.58633], [55.79022, 24.61987], [55.81823, 24.64338], [55.81492, 24.66273], [55.79998, 24.69326], [55.79476, 24.70392], [55.7927, 24.72229], [55.79704, 24.75955], [55.79704, 24.77836], [55.78867, 24.8552], [55.7991, 24.88611], [55.82939, 24.92117], [55.85783, 24.94485], [55.86215, 24.94845], [55.89698, 24.96861], [55.93543, 24.97773], [55.97587, 24.97211], [55.97842, 24.97176], [56.0056, 24.95618], [56.01697, 24.92662], [56.02525, 24.88256], [56.02927, 24.86117], [56.00529, 24.87698], [55.99238, 24.883], [55.97842, 24.88611], [55.96085, 24.88125], [55.95765, 24.86866], [55.96478, 24.85386], [56.00209, 24.82301], [56.03155, 24.75415], [56.06214, 24.73177], [56.07627, 24.72997], [56.07795, 24.72976], [56.09914, 24.73051], [56.11826, 24.73542], [56.12725, 24.7457], [56.13335, 24.76283], [56.15485, 24.78671], [56.17118, 24.82399], [56.17137, 24.82407], [56.18626, 24.83024], [56.21105, 24.83305], [56.21704, 24.82762], [56.28296, 24.32828]]]}, "properties": {"id": "cWlW", "status": "validé", "pieces": [{"kind": "polygon", "ring": [[56.21704, 24.82762], [56.28296, 24.32828], [56.45874, 23.94746], [56.63452, 23.79682], [57.46948, 23.40436], [57.854, 23.29345], [58.63403, 23.32371], [58.69995, 23.53531], [58.9856, 23.5051], [59.58984, 22.67675], [59.50195, 22.44349], [59.29321, 22.25051], [59.00757, 22.159], [58.66699, 22.49424], [58.10669, 22.68688], [57.052, 22.68688], [56.67847, 22.92984], [56.23901, 23.46481], [55.95337, 23.79682], [55.84351, 24.03776], [55.448, 24.74786], [55.79956, 25.20578]]}, {"kind": "clip"}]}}, {"type": "Feature", "geometry": {"type": "MultiPolygon", "coordinates": [[[[55.83172, 17.50227], [55.83172, 17.50235], [55.83709, 17.51008], [55.84881, 17.51529], [55.86297, 17.51887], [55.88307, 17.50715], [55.89088, 17.50458], [55.8908, 17.50454], [55.87582, 17.49592], [55.84571, 17.49608], [55.83627, 17.49095], [55.83619, 17.49091], [55.83245, 17.50039], [55.83172, 17.50227]]], [[[56.05844, 17.54434], [56.06788, 17.53221], [56.08107, 17.52363], [56.09555, 17.51887], [56.06381, 17.49958], [56.04689, 17.49335], [56.0311, 17.49091], [55.98683, 17.49291], [55.97283, 17.49836], [55.9642, 17.51992], [55.99057, 17.53539], [56.02882, 17.54768], [56.05535, 17.5598], [56.05535, 17.55972], [56.0582, 17.54584], [56.05844, 17.54434]]], [[[58.94508, 20.53522], [58.95395, 20.51992], [58.95004, 20.50894], [58.94117, 20.50092], [58.90284, 20.47411], [58.86232, 20.45279], [58.84409, 20.43732], [58.82016, 20.40302], [58.80828, 20.37958], [58.79664, 20.33153], [58.78761, 20.31452], [58.78761, 20.31444], [58.78761, 20.30329], [58.78777, 20.3024], [58.78932, 20.2932], [58.7894, 20.28653], [58.78517, 20.27953], [58.75147, 20.24803], [58.73341, 20.22455], [58.72429, 20.21515], [58.71534, 20.2121], [58.70265, 20.21044], [58.69125, 20.20775], [58.68653, 20.20148], [58.68312, 20.1909], [58.67457, 20.17951], [58.66358, 20.17137], [58.65235, 20.17048], [58.65219, 20.17048], [58.64698, 20.17967], [58.64259, 20.18724], [58.63746, 20.21845], [58.63649, 20.2497], [58.63868, 20.26663], [58.63836, 20.26785], [58.63592, 20.277], [58.64291, 20.35611], [58.6482, 20.36884], [58.65903, 20.38272], [58.66456, 20.38784], [58.68238, 20.40062], [58.68995, 20.40322], [58.6919, 20.40518], [58.69386, 20.40717], [58.69825, 20.42569], [58.70069, 20.4311], [58.71762, 20.437], [58.73422, 20.43765], [58.75123, 20.44013], [58.76889, 20.45161], [58.77711, 20.46219], [58.78077, 20.46699], [58.78452, 20.4794], [58.78517, 20.48164], [58.7894, 20.51992], [58.79558, 20.5384], [58.80486, 20.55345], [58.85287, 20.61335], [58.87135, 20.6496], [58.88258, 20.68252], [58.89129, 20.69428], [58.90626, 20.69798], [58.9183, 20.68146], [58.9183, 20.68134], [58.917, 20.66425], [58.91017, 20.64594], [58.90626, 20.626], [58.90838, 20.60472], [58.91432, 20.58784], [58.94508, 20.53522]]], [[[56.46957, 24.77534], [56.48032, 24.76512], [56.48683, 24.74185], [56.4935, 24.70018], [56.61118, 24.49632], [56.63559, 24.47138], [56.69215, 24.42524], [56.80144, 24.30297], [56.82309, 24.27115], [56.83229, 24.25251], [56.84107, 24.22382], [56.93946, 24.11591], [57.05828, 24.0231], [57.15154, 23.95356], [57.18426, 23.93427], [57.32635, 23.88402], [57.50961, 23.8391], [57.58644, 23.80744], [57.64519, 23.79043], [57.68678, 23.78335], [57.70973, 23.78221], [57.77735, 23.78596], [57.79575, 23.78221], [57.82439, 23.74763], [57.83497, 23.74006], [57.85922, 23.73408], [57.88771, 23.72085], [57.91277, 23.71784], [58.04314, 23.72455], [58.08676, 23.72211], [58.1316, 23.71332], [58.19321, 23.68936], [58.2103, 23.68598], [58.22739, 23.67914], [58.26417, 23.64484], [58.2824, 23.63142], [58.31723, 23.62092], [58.36354, 23.61555], [58.41196, 23.6162], [58.45297, 23.62397], [58.47486, 23.63154], [58.48365, 23.63813], [58.4909, 23.65656], [58.49952, 23.65689], [58.51857, 23.65192], [58.56137, 23.65111], [58.58416, 23.64696], [58.6045, 23.6376], [58.61329, 23.62507], [58.63331, 23.58527], [58.6421, 23.57681], [58.64715, 23.5749], [58.65154, 23.57054], [58.65553, 23.56574], [58.65903, 23.56249], [58.66131, 23.56314], [58.66684, 23.56391], [58.674, 23.56395], [58.68035, 23.56249], [58.69459, 23.55142], [58.7024, 23.54295], [58.70688, 23.53514], [58.71437, 23.53514], [58.72055, 23.54881], [58.72291, 23.5434], [58.72495, 23.54011], [58.72682, 23.53608], [58.72804, 23.52839], [58.73487, 23.52839], [58.73601, 23.53266], [58.74098, 23.54206], [58.74635, 23.53767], [58.74952, 23.53644], [58.76205, 23.54206], [58.78614, 23.51211], [58.79298, 23.49567], [58.7894, 23.48062], [58.79737, 23.46678], [58.80763, 23.42113], [58.82057, 23.40176], [58.87916, 23.35126], [58.91521, 23.33609], [58.92945, 23.3181], [58.94654, 23.27509], [58.95623, 23.25943], [58.9865, 23.23249], [59.00172, 23.21239], [59.0101, 23.15331], [59.07374, 23.09325], [59.07789, 23.08515], [59.08367, 23.05536], [59.0879, 23.04841], [59.09254, 23.04365], [59.12045, 23.02277], [59.17368, 22.99396], [59.20753, 22.97036], [59.23227, 22.94302], [59.25001, 22.91201], [59.28614, 22.82648], [59.28981, 22.81208], [59.29754, 22.79271], [59.31568, 22.77949], [59.35182, 22.76118], [59.39161, 22.70222], [59.39723, 22.6861], [59.41065, 22.67084], [59.45249, 22.6341], [59.4839, 22.61884], [59.50685, 22.60008], [59.5298, 22.58788], [59.53549, 22.58308], [59.53647, 22.57258], [59.53045, 22.57005], [59.52198, 22.57217], [59.51564, 22.57559], [59.5158, 22.56151], [59.52312, 22.55512], [59.53517, 22.55386], [59.54982, 22.55512], [59.6268, 22.57982], [59.65349, 22.56973], [59.69386, 22.54145], [59.69996, 22.54092], [59.71567, 22.54291], [59.7212, 22.54145], [59.72397, 22.53681], [59.72584, 22.52611], [59.72853, 22.52098], [59.72836, 22.51813], [59.72722, 22.51358], [59.72804, 22.50764], [59.73471, 22.50047], [59.73976, 22.49779], [59.7461, 22.49559], [59.75278, 22.49421], [59.75896, 22.49364], [59.76254, 22.4986], [59.75603, 22.50943], [59.74155, 22.52473], [59.74578, 22.53824], [59.75636, 22.53848], [59.77638, 22.54145], [59.80323, 22.53474], [59.82488, 22.50886], [59.83937, 22.47529], [59.84457, 22.44526], [59.82488, 22.2814], [59.81178, 22.23737], [59.79176, 22.19806], [59.73471, 22.12311], [59.70493, 22.09955], [59.68816, 22.08271], [59.68068, 22.06509], [59.67799, 22.0419], [59.65968, 21.99404], [59.65504, 21.94575], [59.64527, 21.92585], [59.60564, 21.91022], [59.59343, 21.89277], [59.577, 21.85627], [59.49789, 21.75633], [59.46762, 21.66641], [59.44858, 21.6249], [59.35499, 21.48566], [59.3475, 21.45356], [59.34425, 21.44473], [59.33619, 21.43773], [59.19532, 21.3791], [59.16627, 21.36278], [59.05437, 21.27709], [58.9192, 21.1437], [58.8781, 21.08381], [58.86793, 21.07477], [58.85426, 21.06562], [58.83855, 21.0445], [58.80787, 20.99079], [58.80445, 20.98159], [58.80193, 20.94623], [58.79884, 20.93602], [58.79298, 20.9274], [58.73487, 20.883], [58.73902, 20.86225], [58.72218, 20.84805], [58.68035, 20.82835], [58.68149, 20.82648], [58.67384, 20.80817], [58.6727, 20.80785], [58.66578, 20.80158], [58.66131, 20.79633], [58.65903, 20.79084], [58.66147, 20.78164], [58.66765, 20.77228], [58.67644, 20.76439], [58.68653, 20.75947], [58.70135, 20.76602], [58.71811, 20.78083], [58.72934, 20.78681], [58.72804, 20.76691], [58.71811, 20.75365], [58.69988, 20.74079], [58.68181, 20.73591], [58.6727, 20.7464], [58.66651, 20.7464], [58.6609, 20.73233], [58.65333, 20.70527], [58.64536, 20.69115], [58.63746, 20.68439], [58.61541, 20.67243], [58.6045, 20.66327], [58.59181, 20.64395], [58.58082, 20.61848], [58.57325, 20.59064], [58.57049, 20.56428], [58.5451, 20.51643], [58.53126, 20.48139], [58.53248, 20.46528], [58.52687, 20.45771], [58.5215, 20.42438], [58.51857, 20.41681], [58.51043, 20.41523], [58.49708, 20.41079], [58.48357, 20.4042], [58.47413, 20.39639], [58.46746, 20.36953], [58.44581, 20.35863], [58.41765, 20.3596], [58.39161, 20.36848], [58.37257, 20.37739], [58.35914, 20.38158], [58.32643, 20.38272], [58.31381, 20.3808], [58.29005, 20.3714], [58.27556, 20.36848], [58.27866, 20.37739], [58.28452, 20.38199], [58.27963, 20.38483], [58.24415, 20.39423], [58.22429, 20.39639], [58.20289, 20.40473], [58.20053, 20.42438], [58.21339, 20.46528], [58.21323, 20.4527], [58.2173, 20.44156], [58.22478, 20.43183], [58.23463, 20.42365], [58.23846, 20.44383], [58.22828, 20.48884], [58.23805, 20.50934], [58.25131, 20.5292], [58.26157, 20.55809], [58.26417, 20.58763], [58.25514, 20.60928], [58.23487, 20.61567], [58.20574, 20.61335], [58.17628, 20.60472], [58.14422, 20.58519], [58.10353, 20.57514], [58.09083, 20.56684], [58.08448, 20.55805], [58.06723, 20.51105], [58.06658, 20.49982], [58.07309, 20.48916], [58.07586, 20.48005], [58.06764, 20.47248], [58.05535, 20.46723], [58.03077, 20.4619], [58.01246, 20.45344], [57.99439, 20.44229], [57.97071, 20.42121], [57.96209, 20.41088], [57.95582, 20.39956], [57.95338, 20.38642], [57.95655, 20.37694], [57.97071, 20.36188], [57.97389, 20.35228], [57.96656, 20.33023], [57.94874, 20.31757], [57.90504, 20.30077], [57.88844, 20.29072], [57.87045, 20.27705], [57.85613, 20.26065], [57.85035, 20.24242], [57.8449, 20.23119], [57.83351, 20.21833], [57.82374, 20.20108], [57.82301, 20.17666], [57.84197, 20.13605], [57.84799, 20.11176], [57.83172, 20.07534], [57.81625, 20.02074], [57.81568, 20.00658], [57.81365, 19.977], [57.79037, 19.92402], [57.77369, 19.86786], [57.76205, 19.84296], [57.6989, 19.75438], [57.68922, 19.72818], [57.69337, 19.69746], [57.70045, 19.68598], [57.70924, 19.67674], [57.71681, 19.66681], [57.71998, 19.65306], [57.72055, 19.62263], [57.71892, 19.60798], [57.71388, 19.59504], [57.70655, 19.56883], [57.70444, 19.54873], [57.71176, 19.52949], [57.76026, 19.45409], [57.76783, 19.43745], [57.77394, 19.40965], [57.77377, 19.38288], [57.76905, 19.35761], [57.75221, 19.31159], [57.7483, 19.291], [57.75066, 19.26805], [57.77084, 19.21695], [57.78053, 19.20112], [57.80568, 19.173], [57.81186, 19.15689], [57.80299, 19.11514], [57.80201, 19.09479], [57.83985, 19.02998], [57.8401, 19.01533], [57.81568, 18.99177], [57.80112, 18.98066], [57.79713, 18.97923], [57.75229, 18.97305], [57.74732, 18.96784], [57.74285, 18.96186], [57.73194, 18.9538], [57.71941, 18.94693], [57.70973, 18.944], [57.50147, 18.95368], [57.44532, 18.94534], [57.20753, 18.90998], [57.08375, 18.87637], [56.91505, 18.81029], [56.85035, 18.76581], [56.80779, 18.74559], [56.78468, 18.72858], [56.77475, 18.70718], [56.76645, 18.69684], [56.65968, 18.59536], [56.64112, 18.55927], [56.63689, 18.51195], [56.6434, 18.47919], [56.6443, 18.4676], [56.64112, 18.4549], [56.62664, 18.43586], [56.62127, 18.41958], [56.61232, 18.3996], [56.60963, 18.38906], [56.60963, 18.34748], [56.6006, 18.30541], [56.54884, 18.18985], [56.56373, 18.17023], [56.56129, 18.14924], [56.54721, 18.12971], [56.5276, 18.11469], [56.48414, 18.0965], [56.46258, 18.08442], [56.43198, 18.03217], [56.42563, 18.02741], [56.41131, 18.02318], [56.40414, 18.01911], [56.35768, 17.96979], [56.35499, 17.96231], [56.35629, 17.94001], [56.3449, 17.93781], [56.18849, 17.9571], [56.16822, 17.95409], [56.13836, 17.94058], [56.11622, 17.93659], [56.0311, 17.94343], [56.01075, 17.94037], [55.94606, 17.91547], [55.90943, 17.90664], [55.65349, 17.89533], [55.55291, 17.87027], [55.53053, 17.86831], [55.52247, 17.86644], [55.51734, 17.86225], [55.51287, 17.85749], [55.5066, 17.85399], [55.48829, 17.85346], [55.48683, 17.85399], [55.45395, 17.8454], [55.44516, 17.84101], [55.43165, 17.82465], [55.41733, 17.78522], [55.40797, 17.7687], [55.39308, 17.75214], [55.38868, 17.74429], [55.37338, 17.70331], [55.36948, 17.69636], [55.35572, 17.68159], [55.26319, 17.60773], [55.23504, 17.55882], [55.2282, 17.53876], [55.22543, 17.51545], [55.2295, 17.48859], [55.24008, 17.47517], [55.27377, 17.45742], [55.29322, 17.43769], [55.30079, 17.41681], [55.30112, 17.37116], [55.2942, 17.35212], [55.25343, 17.29914], [55.25123, 17.28998], [55.24952, 17.27611], [55.25066, 17.26362], [55.25685, 17.25821], [55.26482, 17.25479], [55.26515, 17.24706], [55.26026, 17.23428], [55.25473, 17.22871], [55.22853, 17.21613], [55.21925, 17.21039], [55.21314, 17.20209], [55.20932, 17.19355], [55.20509, 17.17621], [55.19549, 17.16083], [55.19874, 17.15575], [55.18922, 17.14476], [55.15886, 17.13581], [55.14357, 17.12783], [55.13844, 17.11888], [55.13299, 17.10505], [55.12477, 17.09248], [55.11256, 17.08686], [55.07179, 17.04218], [55.02687, 17.01113], [55.02068, 17.01113], [55.01092, 17.02627], [54.9992, 17.01968], [54.98699, 17.00536], [54.97535, 16.99746], [54.95965, 16.99486], [54.94508, 16.98998], [54.93133, 16.98713], [54.917, 16.99067], [54.90138, 16.97492], [54.88282, 16.96906], [54.84181, 16.96393], [54.80844, 16.95148], [54.79184, 16.9514], [54.78053, 16.96393], [54.76905, 16.95791], [54.75074, 16.96052], [54.73943, 16.95649], [54.70533, 16.97761], [54.69793, 16.97016], [54.68979, 16.98933], [54.68531, 17.0069], [54.67408, 17.01976], [54.63315, 17.02692], [54.60434, 17.03632], [54.59205, 17.03848], [54.58033, 17.03734], [54.55974, 17.0327], [54.5477, 17.03164], [54.51238, 17.0384], [54.49928, 17.03848], [54.48854, 17.03559], [54.46762, 17.02668], [54.46168, 17.02481], [54.41456, 17.03783], [54.38999, 17.03946], [54.36948, 17.02481], [54.36012, 17.02961], [54.35035, 17.03168], [54.16407, 17.01113], [54.08497, 17.01113], [54.06756, 17.00674], [54.02345, 16.98534], [54.01271, 16.97761], [54.00896, 16.96865], [54.00929, 16.96092], [54.0114, 16.95368], [54.01271, 16.94599], [54.00945, 16.93745], [53.99537, 16.92536], [53.9922, 16.91926], [53.98113, 16.90876], [53.9559, 16.90388], [53.91017, 16.90127], [53.85035, 16.88915], [53.83074, 16.88764], [53.81267, 16.88178], [53.792, 16.87031], [53.77133, 16.86262], [53.75318, 16.86774], [53.73463, 16.85615], [53.70932, 16.83601], [53.68702, 16.81362], [53.6775, 16.79511], [53.66928, 16.78408], [53.65056, 16.77318], [53.61541, 16.75788], [53.58269, 16.74995], [53.42303, 16.74681], [53.33863, 16.73481], [53.1753, 16.68452], [53.09034, 16.6424], [53.0279, 16.77748], [52.96527, 16.91292], [52.90275, 17.04826], [52.84032, 17.18371], [52.80156, 17.26742], [52.79102, 17.28122], [52.77386, 17.28711], [52.73624, 17.28918], [52.72146, 17.29817], [52.72301, 17.29869], [52.72828, 17.29936], [52.73015, 17.29988], [52.69842, 17.37145], [52.65563, 17.46798], [52.61284, 17.56456], [52.57021, 17.66109], [52.52742, 17.75763], [52.48453, 17.85416], [52.44174, 17.95064], [52.399, 18.04727], [52.35616, 18.14378], [52.31332, 18.24028], [52.27069, 18.33687], [52.2278, 18.43342], [52.18501, 18.52993], [52.14233, 18.62651], [52.09954, 18.72304], [52.05675, 18.81963], [52.01396, 18.91616], [51.98569, 18.97973], [51.97861, 18.99564], [52.08993, 19.03264], [52.26108, 19.08969], [52.43213, 19.14674], [52.60312, 19.20379], [52.77438, 19.26079], [52.94553, 19.31787], [53.11658, 19.37492], [53.28784, 19.43194], [53.45889, 19.48899], [53.63004, 19.54599], [53.80109, 19.60307], [53.97224, 19.66012], [54.1435, 19.71714], [54.31465, 19.77419], [54.48559, 19.83119], [54.65675, 19.88819], [54.8279, 19.94527], [54.97838, 19.99542], [55.01052, 20.09201], [55.01714, 20.11174], [55.03574, 20.16756], [55.06447, 20.25427], [55.10189, 20.36685], [55.14623, 20.49999], [55.19553, 20.64856], [55.24834, 20.80741], [55.30291, 20.97149], [55.34462, 21.09691], [55.35748, 21.13556], [55.41019, 21.29446], [55.45959, 21.44303], [55.50383, 21.57615], [55.54124, 21.68865], [55.57008, 21.77542], [55.58857, 21.83123], [55.59519, 21.85102], [55.60017, 21.86606], [55.63757, 21.97897], [55.63705, 22.00191], [55.62671, 22.02377], [55.57359, 22.10594], [55.49277, 22.23079], [55.41205, 22.35569], [55.33112, 22.48059], [55.25041, 22.6055], [55.18684, 22.70358], [55.19759, 22.84946], [55.19129, 22.99537], [55.19129, 22.99547], [55.1948, 23.02508], [55.22591, 23.12125], [55.3211, 23.27509], [55.34322, 23.33628], [55.36409, 23.43601], [55.37526, 23.46934], [55.39396, 23.49518], [55.39417, 23.49528], [55.43148, 23.53293], [55.44533, 23.55226], [55.4783, 23.67636], [55.48739, 23.69326], [55.53411, 23.75677], [55.53835, 23.77005], [55.53514, 23.84588], [55.53059, 23.87467], [55.51458, 23.89661], [55.4783, 23.91658], [55.46155, 23.93056], [55.45277, 23.94856], [55.4568, 23.96316], [55.49979, 23.9706], [55.54227, 23.98544], [55.5617, 23.99523], [55.59106, 24.01001], [55.61834, 24.02014], [55.64687, 24.02502], [55.68004, 24.02427], [55.7126, 24.01923], [55.728, 24.01959], [55.74443, 24.02528], [55.76241, 24.02815], [55.78846, 24.00957], [55.80706, 24.00748], [55.92354, 24.05114], [55.98679, 24.06538], [55.99785, 24.08127], [55.96075, 24.14243], [55.94897, 24.18483], [55.93315, 24.22072], [55.90318, 24.23224], [55.84716, 24.21142], [55.83032, 24.21227], [55.76769, 24.22488], [55.7557, 24.23033], [55.75415, 24.24547], [55.7621, 24.26297], [55.80097, 24.32627], [55.80737, 24.34079], [55.81089, 24.38924], [55.80861, 24.39763], [55.80107, 24.40647], [55.78102, 24.41887], [55.77461, 24.4259], [55.77141, 24.44109], [55.77368, 24.49525], [55.76118, 24.53744], [55.75983, 24.55853], [55.76996, 24.5724], [55.78402, 24.58633], [55.79022, 24.61987], [55.81823, 24.64338], [55.81492, 24.66273], [55.79998, 24.69326], [55.79476, 24.70392], [55.7927, 24.72229], [55.79704, 24.75955], [55.79704, 24.77836], [55.78867, 24.8552], [55.7991, 24.88611], [55.82939, 24.92117], [55.85783, 24.94485], [55.86215, 24.94845], [55.89698, 24.96861], [55.93543, 24.97773], [55.97587, 24.97211], [55.97842, 24.97176], [56.0056, 24.95618], [56.01697, 24.92662], [56.02525, 24.88256], [56.02927, 24.86117], [56.00529, 24.87698], [55.99238, 24.883], [55.97842, 24.88611], [55.96085, 24.88125], [55.95765, 24.86866], [55.96478, 24.85386], [56.00209, 24.82301], [56.03155, 24.75415], [56.06214, 24.73177], [56.07627, 24.72997], [56.07795, 24.72976], [56.09914, 24.73051], [56.11826, 24.73542], [56.12725, 24.7457], [56.13335, 24.76283], [56.15485, 24.78671], [56.17118, 24.82399], [56.17137, 24.82407], [56.18626, 24.83024], [56.22368, 24.83448], [56.24166, 24.84244], [56.27468, 24.87195], [56.28032, 24.87698], [56.30833, 24.89517], [56.3136, 24.90507], [56.31428, 24.91196], [56.31605, 24.92991], [56.31928, 24.96253], [56.32445, 24.96794], [56.32899, 24.97269], [56.38331, 24.97822], [56.40545, 24.89728], [56.46957, 24.77534]]], [[[56.34912, 25.29403], [56.34437, 25.26653], [56.31643, 25.25335], [56.29315, 25.24585], [56.28176, 25.23691], [56.2522, 25.21764], [56.23577, 25.21118], [56.21996, 25.21526], [56.20763, 25.22084], [56.20612, 25.2306], [56.20837, 25.25537], [56.23513, 25.26748], [56.24489, 25.27799], [56.23888, 25.28625], [56.23567, 25.29629], [56.23363, 25.31253], [56.26062, 25.33107], [56.29069, 25.32754], [56.30937, 25.30133], [56.34912, 25.29403]], [[56.27381, 25.28129], [56.26508, 25.28118], [56.25958, 25.27598], [56.26303, 25.24922], [56.28298, 25.25548], [56.28833, 25.27193], [56.27381, 25.28129]]], [[[56.09148, 26.10651], [56.15772, 26.20108], [56.18181, 26.246], [56.1919, 26.25507], [56.20826, 26.26309], [56.20916, 26.25755], [56.20826, 26.24404], [56.2199, 26.22773], [56.21681, 26.22211], [56.21241, 26.20783], [56.2199, 26.20783], [56.2295, 26.21678], [56.25554, 26.21808], [56.26075, 26.2246], [56.26686, 26.22748], [56.27996, 26.22309], [56.29184, 26.21186], [56.29493, 26.19424], [56.30193, 26.20531], [56.30885, 26.20474], [56.31739, 26.20063], [56.32911, 26.20108], [56.35629, 26.21914], [56.36695, 26.2215], [56.39747, 26.21385], [56.40414, 26.21475], [56.40691, 26.22313], [56.40235, 26.23208], [56.39454, 26.23916], [56.38738, 26.24201], [56.36785, 26.24409], [56.35572, 26.24339], [56.34685, 26.23859], [56.34116, 26.23233], [56.33131, 26.22346], [56.31959, 26.21792], [56.30844, 26.2215], [56.30828, 26.23261], [56.31593, 26.27464], [56.31593, 26.29043], [56.34522, 26.26923], [56.35841, 26.26496], [56.36378, 26.27953], [56.35906, 26.28734], [56.34783, 26.29743], [56.334, 26.30614], [56.32228, 26.30964], [56.32651, 26.31892], [56.33204, 26.32075], [56.33814, 26.32071], [56.34401, 26.32392], [56.35629, 26.33759], [56.36183, 26.34951], [56.36053, 26.37128], [56.36378, 26.38597], [56.36997, 26.38597], [56.38364, 26.35871], [56.3991, 26.36791], [56.40414, 26.3723], [56.41163, 26.36494], [56.40691, 26.35737], [56.40651, 26.3548], [56.4087, 26.35236], [56.41163, 26.34504], [56.42107, 26.35212], [56.42693, 26.3496], [56.43189, 26.34296], [56.43897, 26.33759], [56.46217, 26.33186], [56.47438, 26.3308], [56.48732, 26.33137], [56.4852, 26.33588], [56.48178, 26.34736], [56.47983, 26.35187], [56.50099, 26.35871], [56.51108, 26.33348], [56.50896, 26.32372], [56.49497, 26.32274], [56.46957, 26.32392], [56.45281, 26.31835], [56.42286, 26.29462], [56.40626, 26.2849], [56.40748, 26.28486], [56.40724, 26.27912], [56.39861, 26.2687], [56.42091, 26.24763], [56.4323, 26.23945], [56.44581, 26.23518], [56.45493, 26.23933], [56.46534, 26.24726], [56.47625, 26.24917], [56.48732, 26.23518], [56.46876, 26.20551], [56.45965, 26.20209], [56.4533, 26.2215], [56.44304, 26.22045], [56.43198, 26.2215], [56.4358, 26.21161], [56.43686, 26.20527], [56.43539, 26.20014], [56.43198, 26.19424], [56.44459, 26.18236], [56.45973, 26.17426], [56.47291, 26.16401], [56.47983, 26.14582], [56.46811, 26.14598], [56.45737, 26.14842], [56.44776, 26.15314], [56.43897, 26.1601], [56.42457, 26.15379], [56.41245, 26.15843], [56.40496, 26.1706], [56.40414, 26.18675], [56.39829, 26.18342], [56.38315, 26.17699], [56.37745, 26.17373], [56.37696, 26.18439], [56.37892, 26.19253], [56.38364, 26.19806], [56.39112, 26.20108], [56.36842, 26.20453], [56.3436, 26.19139], [56.32879, 26.17284], [56.33595, 26.1601], [56.3309, 26.14932], [56.32976, 26.13711], [56.33172, 26.12421], [56.33595, 26.11164], [56.34474, 26.13182], [56.35304, 26.14265], [56.36378, 26.14582], [56.37013, 26.13947], [56.3711, 26.12783], [56.36834, 26.1149], [56.36378, 26.10488], [56.38331, 26.09748], [56.47299, 26.09862], [56.46437, 26.08535], [56.44923, 26.07355], [56.4183, 26.05707], [56.38917, 26.0471], [56.38014, 26.03824], [56.38364, 26.02228], [56.40886, 26.03437], [56.42286, 26.02314], [56.42335, 26.00463], [56.4004, 25.99047], [56.40504, 25.98045], [56.4183, 25.96393], [56.42213, 25.95661], [56.43116, 25.9527], [56.4533, 25.94717], [56.44549, 25.94245], [56.44264, 25.93928], [56.43897, 25.92609], [56.42416, 25.93317], [56.40789, 25.9374], [56.39332, 25.93586], [56.38364, 25.92609], [56.39943, 25.90233], [56.39259, 25.88044], [56.37615, 25.85928], [56.36378, 25.83796], [56.36264, 25.83063], [56.36378, 25.80687], [56.34401, 25.78954], [56.3274, 25.7624], [56.31625, 25.74958], [56.30177, 25.74177], [56.30177, 25.76289], [56.28793, 25.7416], [56.27377, 25.70913], [56.26661, 25.67259], [56.27377, 25.63931], [56.27905, 25.62745], [56.23753, 25.61658], [56.22151, 25.61384], [56.2058, 25.61777], [56.19877, 25.62526], [56.18885, 25.64541], [56.17986, 25.65208], [56.1564, 25.6559], [56.1525, 25.65796], [56.15082, 25.65885], [56.14513, 25.67084], [56.14038, 25.71554], [56.1412, 25.73269], [56.15195, 25.74313], [56.16487, 25.75218], [56.172, 25.76525], [56.16735, 25.7777], [56.1441, 25.80592], [56.13965, 25.82297], [56.14451, 25.83791], [56.16384, 25.86245], [56.17056, 25.87682], [56.17469, 25.96653], [56.1813, 25.99624], [56.18348, 26.01454], [56.17841, 26.035], [56.1627, 26.07355], [56.15133, 26.07479], [56.10059, 26.06285], [56.0774, 26.06105], [56.07749, 26.06135], [56.08204, 26.07071], [56.09148, 26.10651]]]]}, "properties": {"id": "eWEb", "status": "validé", "pieces": [{"kind": "country"}]}}, {"type": "Feature", "geometry": {"type": "MultiPolygon", "coordinates": [[[[56.34437, 25.26653], [56.31643, 25.25335], [56.29315, 25.24585], [56.28176, 25.23691], [56.2522, 25.21764], [56.23577, 25.21118], [56.21996, 25.21526], [56.20763, 25.22084], [56.20672, 25.2267], [56.20612, 25.2306], [56.20837, 25.25537], [56.23513, 25.26748], [56.24489, 25.27799], [56.23888, 25.28625], [56.23567, 25.29629], [56.23363, 25.31253], [56.26062, 25.33107], [56.29069, 25.32754], [56.30937, 25.30133], [56.34912, 25.29403], [56.34437, 25.26653]], [[56.28298, 25.25548], [56.28833, 25.27193], [56.27381, 25.28129], [56.26508, 25.28118], [56.25958, 25.27598], [56.26303, 25.24922], [56.28298, 25.25548]]], [[[56.15082, 25.65885], [56.14513, 25.67084], [56.14038, 25.71554], [56.1412, 25.73269], [56.15195, 25.74313], [56.16487, 25.75218], [56.172, 25.76525], [56.16735, 25.7777], [56.1441, 25.80592], [56.13965, 25.82297], [56.14451, 25.83791], [56.16384, 25.86245], [56.17056, 25.87682], [56.17469, 25.96653], [56.1813, 25.99624], [56.18348, 26.01454], [56.17841, 26.035], [56.1627, 26.07355], [56.15133, 26.07479], [56.10059, 26.06285], [56.0774, 26.06105], [56.07749, 26.06135], [56.08204, 26.07071], [56.09148, 26.10651], [56.15772, 26.20108], [56.18181, 26.246], [56.1919, 26.25507], [56.20826, 26.26309], [56.20916, 26.25755], [56.20826, 26.24404], [56.2199, 26.22773], [56.21681, 26.22211], [56.21241, 26.20783], [56.2199, 26.20783], [56.2295, 26.21678], [56.25554, 26.21808], [56.26075, 26.2246], [56.26686, 26.22748], [56.27996, 26.22309], [56.29184, 26.21186], [56.29493, 26.19424], [56.30193, 26.20531], [56.30885, 26.20474], [56.31739, 26.20063], [56.32911, 26.20108], [56.35629, 26.21914], [56.36695, 26.2215], [56.39747, 26.21385], [56.40414, 26.21475], [56.40691, 26.22313], [56.40235, 26.23208], [56.39454, 26.23916], [56.38738, 26.24201], [56.36785, 26.24409], [56.35572, 26.24339], [56.34685, 26.23859], [56.34116, 26.23233], [56.33131, 26.22346], [56.31959, 26.21792], [56.30844, 26.2215], [56.30828, 26.23261], [56.31593, 26.27464], [56.31593, 26.29043], [56.34522, 26.26923], [56.35841, 26.26496], [56.36378, 26.27953], [56.35906, 26.28734], [56.34783, 26.29743], [56.334, 26.30614], [56.32228, 26.30964], [56.32651, 26.31892], [56.33204, 26.32075], [56.33814, 26.32071], [56.34401, 26.32392], [56.35629, 26.33759], [56.36183, 26.34951], [56.36053, 26.37128], [56.36378, 26.38597], [56.36997, 26.38597], [56.38364, 26.35871], [56.3991, 26.36791], [56.40414, 26.3723], [56.41163, 26.36494], [56.40691, 26.35737], [56.40651, 26.3548], [56.4087, 26.35236], [56.41163, 26.34504], [56.42107, 26.35212], [56.42693, 26.3496], [56.43189, 26.34296], [56.43897, 26.33759], [56.46217, 26.33186], [56.47438, 26.3308], [56.48732, 26.33137], [56.4852, 26.33588], [56.48178, 26.34736], [56.47983, 26.35187], [56.50099, 26.35871], [56.51108, 26.33348], [56.50896, 26.32372], [56.49497, 26.32274], [56.46957, 26.32392], [56.45281, 26.31835], [56.42286, 26.29462], [56.40626, 26.2849], [56.40748, 26.28486], [56.40724, 26.27912], [56.39861, 26.2687], [56.42091, 26.24763], [56.4323, 26.23945], [56.44581, 26.23518], [56.45493, 26.23933], [56.46534, 26.24726], [56.47625, 26.24917], [56.48732, 26.23518], [56.46876, 26.20551], [56.45965, 26.20209], [56.4533, 26.2215], [56.44304, 26.22045], [56.43198, 26.2215], [56.4358, 26.21161], [56.43686, 26.20527], [56.43539, 26.20014], [56.43198, 26.19424], [56.44459, 26.18236], [56.45973, 26.17426], [56.47291, 26.16401], [56.47983, 26.14582], [56.46811, 26.14598], [56.45737, 26.14842], [56.44776, 26.15314], [56.43897, 26.1601], [56.42457, 26.15379], [56.41245, 26.15843], [56.40496, 26.1706], [56.40414, 26.18675], [56.39829, 26.18342], [56.38315, 26.17699], [56.37745, 26.17373], [56.37696, 26.18439], [56.37892, 26.19253], [56.38364, 26.19806], [56.39112, 26.20108], [56.36842, 26.20453], [56.3436, 26.19139], [56.32879, 26.17284], [56.33595, 26.1601], [56.3309, 26.14932], [56.32976, 26.13711], [56.33172, 26.12421], [56.33595, 26.11164], [56.34474, 26.13182], [56.35304, 26.14265], [56.36378, 26.14582], [56.37013, 26.13947], [56.3711, 26.12783], [56.36834, 26.1149], [56.36378, 26.10488], [56.38331, 26.09748], [56.47299, 26.09862], [56.46437, 26.08535], [56.44923, 26.07355], [56.4183, 26.05707], [56.38917, 26.0471], [56.38014, 26.03824], [56.38364, 26.02228], [56.40886, 26.03437], [56.42286, 26.02314], [56.42335, 26.00463], [56.4004, 25.99047], [56.40504, 25.98045], [56.4183, 25.96393], [56.42213, 25.95661], [56.43116, 25.9527], [56.4533, 25.94717], [56.44549, 25.94245], [56.44264, 25.93928], [56.43897, 25.92609], [56.42416, 25.93317], [56.40789, 25.9374], [56.39332, 25.93586], [56.38364, 25.92609], [56.39943, 25.90233], [56.39259, 25.88044], [56.37615, 25.85928], [56.36378, 25.83796], [56.36264, 25.83063], [56.36378, 25.80687], [56.34401, 25.78954], [56.3274, 25.7624], [56.31625, 25.74958], [56.30177, 25.74177], [56.30177, 25.76289], [56.28793, 25.7416], [56.27377, 25.70913], [56.26661, 25.67259], [56.27377, 25.63931], [56.27905, 25.62745], [56.23753, 25.61658], [56.22151, 25.61384], [56.2058, 25.61777], [56.19877, 25.62526], [56.18885, 25.64541], [56.17986, 25.65208], [56.1564, 25.6559], [56.1525, 25.65796], [56.15082, 25.65885]]]]}, "properties": {"id": "gjTm", "status": "validé", "pieces": [{"kind": "admin1", "code": "OMN-2425"}]}}, {"type": "Feature", "geometry": {"type": "Polygon", "coordinates": [[[58.16711, 22.20358], [57.98035, 22.18833], [57.9364, 22.29506], [57.9364, 22.45247], [57.99133, 22.54885], [58.12317, 22.56406], [58.2605, 22.45754], [58.16711, 22.20358]]]}, "properties": {"id": "hang", "status": "validé", "pieces": [{"kind": "polygon", "ring": [[58.16711, 22.20358], [57.98035, 22.18833], [57.9364, 22.29506], [57.9364, 22.45247], [57.99133, 22.54885], [58.12317, 22.56406], [58.2605, 22.45754]]}]}}, {"type": "Feature", "geometry": {"type": "Polygon", "coordinates": [[[56.79932, 22.4037], [56.90094, 22.31991], [57.04651, 22.08351], [57.09045, 21.83143], [57.27722, 21.65292], [57.31293, 21.67078], [57.27997, 21.84417], [57.19208, 21.85946], [57.12616, 22.20049], [56.96411, 22.38847], [56.82129, 22.4646], [56.79932, 22.4037]]]}, "properties": {"id": "hirx", "status": "validé", "pieces": [{"kind": "polygon", "ring": [[56.79932, 22.4037], [56.90094, 22.31991], [57.04651, 22.08351], [57.09045, 21.83143], [57.27722, 21.65292], [57.31293, 21.67078], [57.27997, 21.84417], [57.19208, 21.85946], [57.12616, 22.20049], [56.96411, 22.38847], [56.82129, 22.4646]]}]}}, {"type": "Feature", "geometry": {"type": "MultiPolygon", "coordinates": [[[[55.83172, 17.50227], [55.83172, 17.50235], [55.83709, 17.51008], [55.84881, 17.51529], [55.86297, 17.51887], [55.88307, 17.50715], [55.89088, 17.50458], [55.8908, 17.50454], [55.87582, 17.49592], [55.84571, 17.49608], [55.83627, 17.49095], [55.83619, 17.49091], [55.83245, 17.50039], [55.83172, 17.50227]]], [[[56.05844, 17.54434], [56.06788, 17.53221], [56.08107, 17.52363], [56.09555, 17.51887], [56.06381, 17.49958], [56.04689, 17.49335], [56.0311, 17.49091], [55.98683, 17.49291], [55.97283, 17.49836], [55.9642, 17.51992], [55.99057, 17.53539], [56.02882, 17.54768], [56.05535, 17.5598], [56.05535, 17.55972], [56.0582, 17.54584], [56.05844, 17.54434]]], [[[58.94508, 20.53522], [58.95395, 20.51992], [58.95004, 20.50894], [58.94117, 20.50092], [58.90284, 20.47411], [58.86232, 20.45279], [58.84409, 20.43732], [58.82016, 20.40302], [58.80828, 20.37958], [58.79664, 20.33153], [58.78761, 20.31452], [58.78761, 20.31444], [58.78761, 20.30329], [58.78777, 20.3024], [58.78932, 20.2932], [58.7894, 20.28653], [58.78517, 20.27953], [58.75147, 20.24803], [58.73341, 20.22455], [58.72429, 20.21515], [58.71534, 20.2121], [58.70265, 20.21044], [58.69125, 20.20775], [58.68653, 20.20148], [58.68312, 20.1909], [58.67457, 20.17951], [58.66358, 20.17137], [58.65235, 20.17048], [58.65219, 20.17048], [58.64698, 20.17967], [58.64259, 20.18724], [58.63746, 20.21845], [58.63649, 20.2497], [58.63868, 20.26663], [58.63836, 20.26785], [58.63592, 20.277], [58.64291, 20.35611], [58.6482, 20.36884], [58.65903, 20.38272], [58.66456, 20.38784], [58.68238, 20.40062], [58.68995, 20.40322], [58.6919, 20.40518], [58.69386, 20.40717], [58.69825, 20.42569], [58.70069, 20.4311], [58.71762, 20.437], [58.73422, 20.43765], [58.75123, 20.44013], [58.76889, 20.45161], [58.77711, 20.46219], [58.78077, 20.46699], [58.78452, 20.4794], [58.78517, 20.48164], [58.7894, 20.51992], [58.79558, 20.5384], [58.80486, 20.55345], [58.85287, 20.61335], [58.87135, 20.6496], [58.88258, 20.68252], [58.89129, 20.69428], [58.90626, 20.69798], [58.9183, 20.68146], [58.9183, 20.68134], [58.917, 20.66425], [58.91017, 20.64594], [58.90626, 20.626], [58.90838, 20.60472], [58.91432, 20.58784], [58.94508, 20.53522]]], [[[56.46957, 24.77534], [56.48032, 24.76512], [56.48683, 24.74185], [56.4935, 24.70018], [56.61118, 24.49632], [56.63559, 24.47138], [56.69215, 24.42524], [56.80144, 24.30297], [56.82309, 24.27115], [56.83229, 24.25251], [56.84107, 24.22382], [56.93946, 24.11591], [57.05828, 24.0231], [57.15154, 23.95356], [57.18426, 23.93427], [57.32635, 23.88402], [57.50961, 23.8391], [57.58644, 23.80744], [57.64519, 23.79043], [57.68678, 23.78335], [57.70973, 23.78221], [57.77735, 23.78596], [57.79575, 23.78221], [57.82439, 23.74763], [57.83497, 23.74006], [57.85922, 23.73408], [57.88771, 23.72085], [57.91277, 23.71784], [58.04314, 23.72455], [58.08676, 23.72211], [58.1316, 23.71332], [58.19321, 23.68936], [58.2103, 23.68598], [58.22739, 23.67914], [58.26417, 23.64484], [58.2824, 23.63142], [58.31723, 23.62092], [58.36354, 23.61555], [58.41196, 23.6162], [58.45297, 23.62397], [58.47486, 23.63154], [58.48365, 23.63813], [58.4909, 23.65656], [58.49952, 23.65689], [58.51857, 23.65192], [58.56137, 23.65111], [58.58416, 23.64696], [58.6045, 23.6376], [58.61329, 23.62507], [58.63331, 23.58527], [58.6421, 23.57681], [58.64715, 23.5749], [58.65154, 23.57054], [58.65553, 23.56574], [58.65903, 23.56249], [58.66131, 23.56314], [58.66684, 23.56391], [58.674, 23.56395], [58.68035, 23.56249], [58.69459, 23.55142], [58.7024, 23.54295], [58.70688, 23.53514], [58.71437, 23.53514], [58.72055, 23.54881], [58.72291, 23.5434], [58.72495, 23.54011], [58.72682, 23.53608], [58.72804, 23.52839], [58.73487, 23.52839], [58.73601, 23.53266], [58.74098, 23.54206], [58.74635, 23.53767], [58.74952, 23.53644], [58.76205, 23.54206], [58.78614, 23.51211], [58.79298, 23.49567], [58.7894, 23.48062], [58.79737, 23.46678], [58.80763, 23.42113], [58.82057, 23.40176], [58.87916, 23.35126], [58.91521, 23.33609], [58.92945, 23.3181], [58.94654, 23.27509], [58.95623, 23.25943], [58.9865, 23.23249], [59.00172, 23.21239], [59.0101, 23.15331], [59.07374, 23.09325], [59.07789, 23.08515], [59.08367, 23.05536], [59.0879, 23.04841], [59.09254, 23.04365], [59.12045, 23.02277], [59.17368, 22.99396], [59.20753, 22.97036], [59.23227, 22.94302], [59.25001, 22.91201], [59.28614, 22.82648], [59.28981, 22.81208], [59.29754, 22.79271], [59.31568, 22.77949], [59.35182, 22.76118], [59.39161, 22.70222], [59.39723, 22.6861], [59.41065, 22.67084], [59.45249, 22.6341], [59.4839, 22.61884], [59.50685, 22.60008], [59.5298, 22.58788], [59.53549, 22.58308], [59.53647, 22.57258], [59.53045, 22.57005], [59.52198, 22.57217], [59.51564, 22.57559], [59.5158, 22.56151], [59.52312, 22.55512], [59.53517, 22.55386], [59.54982, 22.55512], [59.6268, 22.57982], [59.65349, 22.56973], [59.69386, 22.54145], [59.69996, 22.54092], [59.71567, 22.54291], [59.7212, 22.54145], [59.72397, 22.53681], [59.72584, 22.52611], [59.72853, 22.52098], [59.72836, 22.51813], [59.72722, 22.51358], [59.72804, 22.50764], [59.73471, 22.50047], [59.73976, 22.49779], [59.7461, 22.49559], [59.75278, 22.49421], [59.75896, 22.49364], [59.76254, 22.4986], [59.75603, 22.50943], [59.74155, 22.52473], [59.74578, 22.53824], [59.75636, 22.53848], [59.77638, 22.54145], [59.80323, 22.53474], [59.82488, 22.50886], [59.83937, 22.47529], [59.84457, 22.44526], [59.82488, 22.2814], [59.81178, 22.23737], [59.79176, 22.19806], [59.73471, 22.12311], [59.70493, 22.09955], [59.68816, 22.08271], [59.68068, 22.06509], [59.67799, 22.0419], [59.65968, 21.99404], [59.65504, 21.94575], [59.64527, 21.92585], [59.60564, 21.91022], [59.59343, 21.89277], [59.577, 21.85627], [59.49789, 21.75633], [59.46762, 21.66641], [59.44858, 21.6249], [59.35499, 21.48566], [59.3475, 21.45356], [59.34425, 21.44473], [59.33619, 21.43773], [59.19532, 21.3791], [59.16627, 21.36278], [59.05437, 21.27709], [58.9192, 21.1437], [58.8781, 21.08381], [58.86793, 21.07477], [58.85426, 21.06562], [58.83855, 21.0445], [58.80787, 20.99079], [58.80445, 20.98159], [58.80193, 20.94623], [58.79884, 20.93602], [58.79298, 20.9274], [58.73487, 20.883], [58.73902, 20.86225], [58.72218, 20.84805], [58.68035, 20.82835], [58.68149, 20.82648], [58.67384, 20.80817], [58.6727, 20.80785], [58.66578, 20.80158], [58.66131, 20.79633], [58.65903, 20.79084], [58.66147, 20.78164], [58.66765, 20.77228], [58.67644, 20.76439], [58.68653, 20.75947], [58.70135, 20.76602], [58.71811, 20.78083], [58.72934, 20.78681], [58.72804, 20.76691], [58.71811, 20.75365], [58.69988, 20.74079], [58.68181, 20.73591], [58.6727, 20.7464], [58.66651, 20.7464], [58.6609, 20.73233], [58.65333, 20.70527], [58.64536, 20.69115], [58.63746, 20.68439], [58.61541, 20.67243], [58.6045, 20.66327], [58.59181, 20.64395], [58.58082, 20.61848], [58.57325, 20.59064], [58.57049, 20.56428], [58.5451, 20.51643], [58.53126, 20.48139], [58.53248, 20.46528], [58.52687, 20.45771], [58.5215, 20.42438], [58.51857, 20.41681], [58.51043, 20.41523], [58.49708, 20.41079], [58.48357, 20.4042], [58.47413, 20.39639], [58.46746, 20.36953], [58.44581, 20.35863], [58.41765, 20.3596], [58.39161, 20.36848], [58.37257, 20.37739], [58.35914, 20.38158], [58.32643, 20.38272], [58.31381, 20.3808], [58.29005, 20.3714], [58.27556, 20.36848], [58.27866, 20.37739], [58.28452, 20.38199], [58.27963, 20.38483], [58.24415, 20.39423], [58.22429, 20.39639], [58.20289, 20.40473], [58.20053, 20.42438], [58.21339, 20.46528], [58.21323, 20.4527], [58.2173, 20.44156], [58.22478, 20.43183], [58.23463, 20.42365], [58.23846, 20.44383], [58.22828, 20.48884], [58.23805, 20.50934], [58.25131, 20.5292], [58.26157, 20.55809], [58.26417, 20.58763], [58.25514, 20.60928], [58.23487, 20.61567], [58.20574, 20.61335], [58.17628, 20.60472], [58.14422, 20.58519], [58.10353, 20.57514], [58.09083, 20.56684], [58.08448, 20.55805], [58.06723, 20.51105], [58.06658, 20.49982], [58.07309, 20.48916], [58.07586, 20.48005], [58.06764, 20.47248], [58.05535, 20.46723], [58.03077, 20.4619], [58.01246, 20.45344], [57.99439, 20.44229], [57.97071, 20.42121], [57.96209, 20.41088], [57.95582, 20.39956], [57.95338, 20.38642], [57.95655, 20.37694], [57.97071, 20.36188], [57.97389, 20.35228], [57.96656, 20.33023], [57.94874, 20.31757], [57.90504, 20.30077], [57.88844, 20.29072], [57.87045, 20.27705], [57.85613, 20.26065], [57.85035, 20.24242], [57.8449, 20.23119], [57.83351, 20.21833], [57.82374, 20.20108], [57.82301, 20.17666], [57.84197, 20.13605], [57.84799, 20.11176], [57.83172, 20.07534], [57.81625, 20.02074], [57.81568, 20.00658], [57.81365, 19.977], [57.79037, 19.92402], [57.77369, 19.86786], [57.76205, 19.84296], [57.6989, 19.75438], [57.68922, 19.72818], [57.69337, 19.69746], [57.70045, 19.68598], [57.70924, 19.67674], [57.71681, 19.66681], [57.71998, 19.65306], [57.72055, 19.62263], [57.71892, 19.60798], [57.71388, 19.59504], [57.70655, 19.56883], [57.70444, 19.54873], [57.71176, 19.52949], [57.76026, 19.45409], [57.76783, 19.43745], [57.77394, 19.40965], [57.77377, 19.38288], [57.76905, 19.35761], [57.75221, 19.31159], [57.7483, 19.291], [57.75066, 19.26805], [57.77084, 19.21695], [57.78053, 19.20112], [57.80568, 19.173], [57.81186, 19.15689], [57.80299, 19.11514], [57.80201, 19.09479], [57.83985, 19.02998], [57.8401, 19.01533], [57.81568, 18.99177], [57.80112, 18.98066], [57.79713, 18.97923], [57.75229, 18.97305], [57.74732, 18.96784], [57.74285, 18.96186], [57.73194, 18.9538], [57.71941, 18.94693], [57.70973, 18.944], [57.50147, 18.95368], [57.44532, 18.94534], [57.20753, 18.90998], [57.08375, 18.87637], [56.91505, 18.81029], [56.85035, 18.76581], [56.80779, 18.74559], [56.78468, 18.72858], [56.77475, 18.70718], [56.76645, 18.69684], [56.65968, 18.59536], [56.64112, 18.55927], [56.63689, 18.51195], [56.6434, 18.47919], [56.6443, 18.4676], [56.64112, 18.4549], [56.62664, 18.43586], [56.62127, 18.41958], [56.61232, 18.3996], [56.60963, 18.38906], [56.60963, 18.34748], [56.6006, 18.30541], [56.54884, 18.18985], [56.56373, 18.17023], [56.56129, 18.14924], [56.54721, 18.12971], [56.5276, 18.11469], [56.48414, 18.0965], [56.46258, 18.08442], [56.43198, 18.03217], [56.42563, 18.02741], [56.41131, 18.02318], [56.40414, 18.01911], [56.35768, 17.96979], [56.35499, 17.96231], [56.35629, 17.94001], [56.3449, 17.93781], [56.18849, 17.9571], [56.16822, 17.95409], [56.13836, 17.94058], [56.11622, 17.93659], [56.0311, 17.94343], [56.01075, 17.94037], [55.94606, 17.91547], [55.90943, 17.90664], [55.65349, 17.89533], [55.55291, 17.87027], [55.53053, 17.86831], [55.52247, 17.86644], [55.51734, 17.86225], [55.51287, 17.85749], [55.5066, 17.85399], [55.48829, 17.85346], [55.48683, 17.85399], [55.45395, 17.8454], [55.44516, 17.84101], [55.43165, 17.82465], [55.41733, 17.78522], [55.40797, 17.7687], [55.39308, 17.75214], [55.38868, 17.74429], [55.37338, 17.70331], [55.36948, 17.69636], [55.35572, 17.68159], [55.26319, 17.60773], [55.23504, 17.55882], [55.2282, 17.53876], [55.22543, 17.51545], [55.2295, 17.48859], [55.24008, 17.47517], [55.27377, 17.45742], [55.29322, 17.43769], [55.30079, 17.41681], [55.30112, 17.37116], [55.2942, 17.35212], [55.25343, 17.29914], [55.25123, 17.28998], [55.24952, 17.27611], [55.25066, 17.26362], [55.25685, 17.25821], [55.26482, 17.25479], [55.26515, 17.24706], [55.26026, 17.23428], [55.25473, 17.22871], [55.22853, 17.21613], [55.21925, 17.21039], [55.21314, 17.20209], [55.20932, 17.19355], [55.20509, 17.17621], [55.19549, 17.16083], [55.19874, 17.15575], [55.18922, 17.14476], [55.15886, 17.13581], [55.14357, 17.12783], [55.13844, 17.11888], [55.13299, 17.10505], [55.12477, 17.09248], [55.11256, 17.08686], [55.07179, 17.04218], [55.02687, 17.01113], [55.02068, 17.01113], [55.01092, 17.02627], [54.9992, 17.01968], [54.98699, 17.00536], [54.97535, 16.99746], [54.95965, 16.99486], [54.94508, 16.98998], [54.93133, 16.98713], [54.917, 16.99067], [54.90138, 16.97492], [54.88282, 16.96906], [54.84181, 16.96393], [54.80844, 16.95148], [54.79184, 16.9514], [54.78053, 16.96393], [54.76905, 16.95791], [54.75074, 16.96052], [54.73943, 16.95649], [54.70533, 16.97761], [54.69793, 16.97016], [54.68979, 16.98933], [54.68531, 17.0069], [54.67408, 17.01976], [54.63315, 17.02692], [54.60434, 17.03632], [54.59205, 17.03848], [54.58033, 17.03734], [54.55974, 17.0327], [54.5477, 17.03164], [54.51238, 17.0384], [54.49928, 17.03848], [54.48854, 17.03559], [54.46762, 17.02668], [54.46168, 17.02481], [54.41456, 17.03783], [54.38999, 17.03946], [54.36948, 17.02481], [54.36012, 17.02961], [54.35035, 17.03168], [54.16407, 17.01113], [54.08497, 17.01113], [54.06756, 17.00674], [54.02345, 16.98534], [54.01271, 16.97761], [54.00896, 16.96865], [54.00929, 16.96092], [54.0114, 16.95368], [54.01271, 16.94599], [54.00945, 16.93745], [53.99537, 16.92536], [53.9922, 16.91926], [53.98113, 16.90876], [53.9559, 16.90388], [53.91017, 16.90127], [53.85035, 16.88915], [53.83074, 16.88764], [53.81267, 16.88178], [53.792, 16.87031], [53.77133, 16.86262], [53.75318, 16.86774], [53.73463, 16.85615], [53.70932, 16.83601], [53.68702, 16.81362], [53.6775, 16.79511], [53.66928, 16.78408], [53.65056, 16.77318], [53.61541, 16.75788], [53.58269, 16.74995], [53.42303, 16.74681], [53.33863, 16.73481], [53.1753, 16.68452], [53.09034, 16.6424], [53.0279, 16.77748], [52.96527, 16.91292], [52.90275, 17.04826], [52.84032, 17.18371], [52.80156, 17.26742], [52.79102, 17.28122], [52.77386, 17.28711], [52.73624, 17.28918], [52.72146, 17.29817], [52.72301, 17.29869], [52.72828, 17.29936], [52.73015, 17.29988], [52.69842, 17.37145], [52.65563, 17.46798], [52.61284, 17.56456], [52.57021, 17.66109], [52.52742, 17.75763], [52.48453, 17.85416], [52.44174, 17.95064], [52.399, 18.04727], [52.35616, 18.14378], [52.31332, 18.24028], [52.27069, 18.33687], [52.2278, 18.43342], [52.18501, 18.52993], [52.14233, 18.62651], [52.09954, 18.72304], [52.05675, 18.81963], [52.01396, 18.91616], [51.98569, 18.97973], [51.97861, 18.99564], [52.08993, 19.03264], [52.26108, 19.08969], [52.43213, 19.14674], [52.60312, 19.20379], [52.77438, 19.26079], [52.94553, 19.31787], [53.11658, 19.37492], [53.28784, 19.43194], [53.45889, 19.48899], [53.63004, 19.54599], [53.80109, 19.60307], [53.97224, 19.66012], [54.1435, 19.71714], [54.31465, 19.77419], [54.48559, 19.83119], [54.65675, 19.88819], [54.8279, 19.94527], [54.97838, 19.99542], [55.01052, 20.09201], [55.01714, 20.11174], [55.03574, 20.16756], [55.06447, 20.25427], [55.10189, 20.36685], [55.14623, 20.49999], [55.19553, 20.64856], [55.24834, 20.80741], [55.30291, 20.97149], [55.34462, 21.09691], [55.35748, 21.13556], [55.41019, 21.29446], [55.45959, 21.44303], [55.50383, 21.57615], [55.54124, 21.68865], [55.57008, 21.77542], [55.58857, 21.83123], [55.59519, 21.85102], [55.60017, 21.86606], [55.63757, 21.97897], [55.63705, 22.00191], [55.62671, 22.02377], [55.57359, 22.10594], [55.49277, 22.23079], [55.41205, 22.35569], [55.33112, 22.48059], [55.25041, 22.6055], [55.18684, 22.70358], [55.19759, 22.84946], [55.19129, 22.99537], [55.19129, 22.99547], [55.1948, 23.02508], [55.22591, 23.12125], [55.3211, 23.27509], [55.34322, 23.33628], [55.36409, 23.43601], [55.37526, 23.46934], [55.39396, 23.49518], [55.39417, 23.49528], [55.43148, 23.53293], [55.44533, 23.55226], [55.4783, 23.67636], [55.48739, 23.69326], [55.53411, 23.75677], [55.53835, 23.77005], [55.53514, 23.84588], [55.53059, 23.87467], [55.51458, 23.89661], [55.4783, 23.91658], [55.46155, 23.93056], [55.45277, 23.94856], [55.4568, 23.96316], [55.49979, 23.9706], [55.54227, 23.98544], [55.5617, 23.99523], [55.59106, 24.01001], [55.61834, 24.02014], [55.64687, 24.02502], [55.68004, 24.02427], [55.7126, 24.01923], [55.728, 24.01959], [55.74443, 24.02528], [55.76241, 24.02815], [55.78846, 24.00957], [55.80706, 24.00748], [55.92354, 24.05114], [55.98679, 24.06538], [55.99785, 24.08127], [55.96075, 24.14243], [55.94897, 24.18483], [55.93315, 24.22072], [55.90318, 24.23224], [55.84716, 24.21142], [55.83032, 24.21227], [55.76769, 24.22488], [55.7557, 24.23033], [55.75415, 24.24547], [55.7621, 24.26297], [55.80097, 24.32627], [55.80737, 24.34079], [55.81089, 24.38924], [55.80861, 24.39763], [55.80107, 24.40647], [55.78102, 24.41887], [55.77461, 24.4259], [55.77141, 24.44109], [55.77368, 24.49525], [55.76118, 24.53744], [55.75983, 24.55853], [55.76996, 24.5724], [55.78402, 24.58633], [55.79022, 24.61987], [55.81823, 24.64338], [55.81492, 24.66273], [55.79998, 24.69326], [55.79476, 24.70392], [55.7927, 24.72229], [55.79704, 24.75955], [55.79704, 24.77836], [55.78867, 24.8552], [55.7991, 24.88611], [55.82939, 24.92117], [55.85783, 24.94485], [55.86215, 24.94845], [55.89698, 24.96861], [55.93543, 24.97773], [55.97587, 24.97211], [55.97842, 24.97176], [56.0056, 24.95618], [56.01697, 24.92662], [56.02525, 24.88256], [56.02927, 24.86117], [56.00529, 24.87698], [55.99238, 24.883], [55.97842, 24.88611], [55.96085, 24.88125], [55.95765, 24.86866], [55.96478, 24.85386], [56.00209, 24.82301], [56.03155, 24.75415], [56.06214, 24.73177], [56.07627, 24.72997], [56.07795, 24.72976], [56.09914, 24.73051], [56.11826, 24.73542], [56.12725, 24.7457], [56.13335, 24.76283], [56.15485, 24.78671], [56.17118, 24.82399], [56.17137, 24.82407], [56.18626, 24.83024], [56.22368, 24.83448], [56.24166, 24.84244], [56.27468, 24.87195], [56.28032, 24.87698], [56.30833, 24.89517], [56.3136, 24.90507], [56.31428, 24.91196], [56.31605, 24.92991], [56.31928, 24.96253], [56.32445, 24.96794], [56.32899, 24.97269], [56.38331, 24.97822], [56.40545, 24.89728], [56.46957, 24.77534]]], [[[56.34912, 25.29403], [56.34437, 25.26653], [56.31643, 25.25335], [56.29315, 25.24585], [56.28176, 25.23691], [56.2522, 25.21764], [56.23577, 25.21118], [56.21996, 25.21526], [56.20763, 25.22084], [56.20612, 25.2306], [56.20837, 25.25537], [56.23513, 25.26748], [56.24489, 25.27799], [56.23888, 25.28625], [56.23567, 25.29629], [56.23363, 25.31253], [56.26062, 25.33107], [56.29069, 25.32754], [56.30937, 25.30133], [56.34912, 25.29403]], [[56.27381, 25.28129], [56.26508, 25.28118], [56.25958, 25.27598], [56.26303, 25.24922], [56.28298, 25.25548], [56.28833, 25.27193], [56.27381, 25.28129]]], [[[56.09148, 26.10651], [56.15772, 26.20108], [56.18181, 26.246], [56.1919, 26.25507], [56.20826, 26.26309], [56.20916, 26.25755], [56.20826, 26.24404], [56.2199, 26.22773], [56.21681, 26.22211], [56.21241, 26.20783], [56.2199, 26.20783], [56.2295, 26.21678], [56.25554, 26.21808], [56.26075, 26.2246], [56.26686, 26.22748], [56.27996, 26.22309], [56.29184, 26.21186], [56.29493, 26.19424], [56.30193, 26.20531], [56.30885, 26.20474], [56.31739, 26.20063], [56.32911, 26.20108], [56.35629, 26.21914], [56.36695, 26.2215], [56.39747, 26.21385], [56.40414, 26.21475], [56.40691, 26.22313], [56.40235, 26.23208], [56.39454, 26.23916], [56.38738, 26.24201], [56.36785, 26.24409], [56.35572, 26.24339], [56.34685, 26.23859], [56.34116, 26.23233], [56.33131, 26.22346], [56.31959, 26.21792], [56.30844, 26.2215], [56.30828, 26.23261], [56.31593, 26.27464], [56.31593, 26.29043], [56.34522, 26.26923], [56.35841, 26.26496], [56.36378, 26.27953], [56.35906, 26.28734], [56.34783, 26.29743], [56.334, 26.30614], [56.32228, 26.30964], [56.32651, 26.31892], [56.33204, 26.32075], [56.33814, 26.32071], [56.34401, 26.32392], [56.35629, 26.33759], [56.36183, 26.34951], [56.36053, 26.37128], [56.36378, 26.38597], [56.36997, 26.38597], [56.38364, 26.35871], [56.3991, 26.36791], [56.40414, 26.3723], [56.41163, 26.36494], [56.40691, 26.35737], [56.40651, 26.3548], [56.4087, 26.35236], [56.41163, 26.34504], [56.42107, 26.35212], [56.42693, 26.3496], [56.43189, 26.34296], [56.43897, 26.33759], [56.46217, 26.33186], [56.47438, 26.3308], [56.48732, 26.33137], [56.4852, 26.33588], [56.48178, 26.34736], [56.47983, 26.35187], [56.50099, 26.35871], [56.51108, 26.33348], [56.50896, 26.32372], [56.49497, 26.32274], [56.46957, 26.32392], [56.45281, 26.31835], [56.42286, 26.29462], [56.40626, 26.2849], [56.40748, 26.28486], [56.40724, 26.27912], [56.39861, 26.2687], [56.42091, 26.24763], [56.4323, 26.23945], [56.44581, 26.23518], [56.45493, 26.23933], [56.46534, 26.24726], [56.47625, 26.24917], [56.48732, 26.23518], [56.46876, 26.20551], [56.45965, 26.20209], [56.4533, 26.2215], [56.44304, 26.22045], [56.43198, 26.2215], [56.4358, 26.21161], [56.43686, 26.20527], [56.43539, 26.20014], [56.43198, 26.19424], [56.44459, 26.18236], [56.45973, 26.17426], [56.47291, 26.16401], [56.47983, 26.14582], [56.46811, 26.14598], [56.45737, 26.14842], [56.44776, 26.15314], [56.43897, 26.1601], [56.42457, 26.15379], [56.41245, 26.15843], [56.40496, 26.1706], [56.40414, 26.18675], [56.39829, 26.18342], [56.38315, 26.17699], [56.37745, 26.17373], [56.37696, 26.18439], [56.37892, 26.19253], [56.38364, 26.19806], [56.39112, 26.20108], [56.36842, 26.20453], [56.3436, 26.19139], [56.32879, 26.17284], [56.33595, 26.1601], [56.3309, 26.14932], [56.32976, 26.13711], [56.33172, 26.12421], [56.33595, 26.11164], [56.34474, 26.13182], [56.35304, 26.14265], [56.36378, 26.14582], [56.37013, 26.13947], [56.3711, 26.12783], [56.36834, 26.1149], [56.36378, 26.10488], [56.38331, 26.09748], [56.47299, 26.09862], [56.46437, 26.08535], [56.44923, 26.07355], [56.4183, 26.05707], [56.38917, 26.0471], [56.38014, 26.03824], [56.38364, 26.02228], [56.40886, 26.03437], [56.42286, 26.02314], [56.42335, 26.00463], [56.4004, 25.99047], [56.40504, 25.98045], [56.4183, 25.96393], [56.42213, 25.95661], [56.43116, 25.9527], [56.4533, 25.94717], [56.44549, 25.94245], [56.44264, 25.93928], [56.43897, 25.92609], [56.42416, 25.93317], [56.40789, 25.9374], [56.39332, 25.93586], [56.38364, 25.92609], [56.39943, 25.90233], [56.39259, 25.88044], [56.37615, 25.85928], [56.36378, 25.83796], [56.36264, 25.83063], [56.36378, 25.80687], [56.34401, 25.78954], [56.3274, 25.7624], [56.31625, 25.74958], [56.30177, 25.74177], [56.30177, 25.76289], [56.28793, 25.7416], [56.27377, 25.70913], [56.26661, 25.67259], [56.27377, 25.63931], [56.27905, 25.62745], [56.23753, 25.61658], [56.22151, 25.61384], [56.2058, 25.61777], [56.19877, 25.62526], [56.18885, 25.64541], [56.17986, 25.65208], [56.1564, 25.6559], [56.1525, 25.65796], [56.15082, 25.65885], [56.14513, 25.67084], [56.14038, 25.71554], [56.1412, 25.73269], [56.15195, 25.74313], [56.16487, 25.75218], [56.172, 25.76525], [56.16735, 25.7777], [56.1441, 25.80592], [56.13965, 25.82297], [56.14451, 25.83791], [56.16384, 25.86245], [56.17056, 25.87682], [56.17469, 25.96653], [56.1813, 25.99624], [56.18348, 26.01454], [56.17841, 26.035], [56.1627, 26.07355], [56.15133, 26.07479], [56.10059, 26.06285], [56.0774, 26.06105], [56.07749, 26.06135], [56.08204, 26.07071], [56.09148, 26.10651]]]]}, "properties": {"id": "hxXh", "status": "validé", "pieces": [{"kind": "country"}]}}, {"type": "Feature", "geometry": {"type": "Polygon", "coordinates": [[[58.65051, 23.39864], [58.29895, 23.44399], [58.02979, 23.5296], [58.01947, 23.72334], [58.04314, 23.72455], [58.08676, 23.72211], [58.1316, 23.71332], [58.19321, 23.68936], [58.2103, 23.68598], [58.22739, 23.67914], [58.26417, 23.64484], [58.2824, 23.63142], [58.31723, 23.62092], [58.36354, 23.61555], [58.41196, 23.6162], [58.45297, 23.62397], [58.47486, 23.63154], [58.48365, 23.63813], [58.4909, 23.65656], [58.49952, 23.65689], [58.51857, 23.65192], [58.56137, 23.65111], [58.58416, 23.64696], [58.6045, 23.6376], [58.61329, 23.62507], [58.63331, 23.58527], [58.6421, 23.57681], [58.64715, 23.5749], [58.65154, 23.57054], [58.65553, 23.56574], [58.65903, 23.56249], [58.66131, 23.56314], [58.66684, 23.56391], [58.674, 23.56395], [58.6788, 23.56284], [58.65051, 23.39864]]]}, "properties": {"id": "iwBJ", "status": "validé", "pieces": [{"kind": "polygon", "ring": [[58.0188, 23.73584], [58.02979, 23.5296], [58.29895, 23.44399], [58.65051, 23.39864], [58.68347, 23.59], [58.59009, 23.72076]]}, {"kind": "clip"}]}}, {"type": "Feature", "geometry": {"type": "Polygon", "coordinates": [[[58.90838, 20.60472], [58.91432, 20.58784], [58.94508, 20.53522], [58.95395, 20.51992], [58.95004, 20.50894], [58.94117, 20.50092], [58.90284, 20.47411], [58.86232, 20.45279], [58.84409, 20.43732], [58.82016, 20.40302], [58.80828, 20.37958], [58.79664, 20.33153], [58.78761, 20.31452], [58.78761, 20.31444], [58.78761, 20.30329], [58.78777, 20.3024], [58.78932, 20.2932], [58.7894, 20.28653], [58.78517, 20.27953], [58.75147, 20.24803], [58.73341, 20.22455], [58.72429, 20.21515], [58.71534, 20.2121], [58.70265, 20.21044], [58.69125, 20.20775], [58.68653, 20.20148], [58.68312, 20.1909], [58.67457, 20.17951], [58.66358, 20.17137], [58.65235, 20.17048], [58.65219, 20.17048], [58.64698, 20.17967], [58.64259, 20.18724], [58.63746, 20.21845], [58.63649, 20.2497], [58.63868, 20.26663], [58.63836, 20.26785], [58.63592, 20.277], [58.64291, 20.35611], [58.6482, 20.36884], [58.65903, 20.38272], [58.66456, 20.38784], [58.68238, 20.40062], [58.68995, 20.40322], [58.6919, 20.40518], [58.69386, 20.40717], [58.69825, 20.42569], [58.70069, 20.4311], [58.71762, 20.437], [58.73422, 20.43765], [58.75123, 20.44013], [58.76889, 20.45161], [58.77711, 20.46219], [58.78077, 20.46699], [58.78452, 20.4794], [58.78517, 20.48164], [58.7894, 20.51992], [58.79558, 20.5384], [58.80486, 20.55345], [58.85287, 20.61335], [58.87135, 20.6496], [58.88258, 20.68252], [58.89129, 20.69428], [58.90626, 20.69798], [58.9183, 20.68146], [58.9183, 20.68134], [58.917, 20.66425], [58.91017, 20.64594], [58.90626, 20.626], [58.90838, 20.60472]]]}, "properties": {"id": "kcH3", "status": "validé", "pieces": [{"kind": "polygon", "ring": [[58.72742, 20.58214], [58.54614, 20.26825], [58.56262, 20.07755], [58.73291, 20.1188], [59.07349, 20.49987], [58.91968, 20.79275]]}, {"kind": "clip"}]}}, {"type": "Feature", "geometry": {"type": "Polygon", "coordinates": [[[56.46149, 23.12802], [56.46973, 22.9638], [56.50818, 22.76648], [56.71143, 22.57395], [56.74164, 22.5207], [56.7746, 22.51563], [56.75537, 22.63731], [56.64001, 22.8247], [56.50269, 23.15074], [56.46149, 23.12802]]]}, "properties": {"id": "l5p8", "status": "validé", "pieces": [{"kind": "polygon", "ring": [[56.46149, 23.12802], [56.46973, 22.9638], [56.50818, 22.76648], [56.71143, 22.57395], [56.74164, 22.5207], [56.7746, 22.51563], [56.75537, 22.63731], [56.64001, 22.8247], [56.50269, 23.15074]]}]}}, {"type": "Feature", "geometry": {"type": "Polygon", "coordinates": [[[59.19777, 22.19826], [59.24995, 22.12897], [59.28017, 22.08446], [59.30901, 22.03739], [59.35707, 22.01385], [59.41681, 22.00048], [59.44702, 21.96484], [59.49097, 21.93683], [59.52324, 21.93237], [59.55345, 21.93301], [59.5665, 21.92346], [59.56718, 21.94192], [59.44977, 21.99857], [59.32755, 22.05902], [59.27193, 22.14042], [59.24789, 22.17792], [59.22867, 22.20207], [59.20532, 22.22431], [59.19228, 22.22113], [59.19777, 22.19826]]]}, "properties": {"id": "m9r7", "status": "validé", "pieces": [{"kind": "polygon", "ring": [[59.19777, 22.19826], [59.24995, 22.12897], [59.28017, 22.08446], [59.30901, 22.03739], [59.35707, 22.01385], [59.41681, 22.00048], [59.44702, 21.96484], [59.49097, 21.93683], [59.52324, 21.93237], [59.55345, 21.93301], [59.5665, 21.92346], [59.56718, 21.94192], [59.44977, 21.99857], [59.32755, 22.05902], [59.27193, 22.14042], [59.24789, 22.17792], [59.22867, 22.20207], [59.20532, 22.22431], [59.19228, 22.22113]]}]}}, {"type": "Feature", "geometry": {"type": "Polygon", "coordinates": [[[58.28991, 21.09556], [57.9721, 21.24811], [56.32559, 22.01527], [55.62413, 21.87009], [55.60017, 21.86606], [55.63757, 21.97897], [55.63705, 22.00191], [55.62671, 22.02377], [55.57359, 22.10594], [55.49277, 22.23079], [55.41205, 22.35569], [55.33112, 22.48059], [55.25041, 22.6055], [55.18684, 22.70358], [55.19759, 22.84946], [55.19129, 22.99537], [55.19129, 22.99547], [55.1948, 23.02508], [55.22591, 23.12125], [55.3211, 23.27509], [55.34322, 23.33628], [55.36409, 23.43601], [55.37526, 23.46934], [55.39396, 23.49518], [55.39417, 23.49528], [55.43148, 23.53293], [55.44533, 23.55226], [55.4783, 23.67636], [55.48739, 23.69326], [55.53411, 23.75677], [55.53835, 23.77005], [55.53514, 23.84588], [55.53059, 23.87467], [55.51458, 23.89661], [55.4783, 23.91658], [55.46155, 23.93056], [55.45277, 23.94856], [55.4568, 23.96316], [55.49979, 23.9706], [55.54227, 23.98544], [55.5617, 23.99523], [55.59106, 24.01001], [55.61834, 24.02014], [55.64687, 24.02502], [55.68004, 24.02427], [55.7126, 24.01923], [55.728, 24.01959], [55.74443, 24.02528], [55.76241, 24.02815], [55.78846, 24.00957], [55.80706, 24.00748], [55.92354, 24.05114], [55.98679, 24.06538], [55.99785, 24.08127], [55.96075, 24.14243], [55.94897, 24.18483], [55.93315, 24.22072], [55.90318, 24.23224], [55.84716, 24.21142], [55.83032, 24.21227], [55.76769, 24.22488], [55.7557, 24.23033], [55.75415, 24.24547], [55.7621, 24.26297], [55.80097, 24.32627], [55.80737, 24.34079], [55.81089, 24.38924], [55.80861, 24.39763], [55.80107, 24.40647], [55.78102, 24.41887], [55.77461, 24.4259], [55.77141, 24.44109], [55.77368, 24.49525], [55.76118, 24.53744], [55.75983, 24.55853], [55.76996, 24.5724], [55.78402, 24.58633], [55.79022, 24.61987], [55.81823, 24.64338], [55.81492, 24.66273], [55.79993, 24.69325], [55.79476, 24.70392], [55.7927, 24.72229], [55.79704, 24.75955], [55.79704, 24.77836], [55.78867, 24.8552], [55.7991, 24.88611], [55.82939, 24.92117], [55.85783, 24.94485], [55.86215, 24.94845], [55.89698, 24.96861], [55.93543, 24.97773], [55.97587, 24.97211], [55.97842, 24.97176], [56.0056, 24.95618], [56.01697, 24.92662], [56.02525, 24.88256], [56.02927, 24.86117], [56.00529, 24.87698], [55.99238, 24.883], [55.97842, 24.88611], [55.96085, 24.88125], [55.95765, 24.86866], [55.96478, 24.85386], [56.00209, 24.82301], [56.03155, 24.75415], [56.06214, 24.73177], [56.07627, 24.72997], [56.07537, 24.68918], [56.20807, 24.53233], [56.30626, 24.227], [56.31267, 24.14031], [56.46811, 24.07719], [56.76473, 23.83648], [56.85713, 23.51185], [56.8747, 23.49071], [57.16367, 23.50397], [57.28684, 23.54098], [57.41652, 23.64262], [57.53268, 23.82959], [57.58644, 23.80744], [57.64519, 23.79043], [57.68678, 23.78335], [57.70973, 23.78221], [57.77735, 23.78596], [57.79575, 23.78221], [57.82439, 23.74763], [57.83497, 23.74006], [57.85922, 23.73408], [57.88771, 23.72085], [57.91277, 23.71784], [58.04314, 23.72455], [58.08676, 23.72211], [58.1316, 23.71332], [58.19321, 23.68936], [58.2103, 23.68598], [58.22739, 23.67914], [58.26417, 23.64484], [58.2824, 23.63142], [58.31723, 23.62092], [58.36354, 23.61555], [58.41196, 23.6162], [58.45297, 23.62397], [58.47486, 23.63154], [58.48365, 23.63813], [58.4909, 23.65656], [58.49952, 23.65689], [58.51857, 23.65192], [58.56137, 23.65111], [58.58416, 23.64696], [58.6045, 23.6376], [58.61329, 23.62507], [58.63331, 23.58527], [58.6421, 23.57681], [58.64715, 23.5749], [58.65154, 23.57054], [58.65553, 23.56574], [58.65903, 23.56249], [58.66131, 23.56314], [58.66684, 23.56391], [58.674, 23.56395], [58.68035, 23.56249], [58.69459, 23.55142], [58.7024, 23.54295], [58.70688, 23.53514], [58.71437, 23.53514], [58.72055, 23.54881], [58.72291, 23.5434], [58.72495, 23.54011], [58.72682, 23.53608], [58.72804, 23.52839], [58.73487, 23.52839], [58.73601, 23.53266], [58.74098, 23.54206], [58.74635, 23.53767], [58.74952, 23.53644], [58.76205, 23.54206], [58.78614, 23.51211], [58.79298, 23.49567], [58.7894, 23.48062], [58.79737, 23.46678], [58.80763, 23.42113], [58.82057, 23.40176], [58.87916, 23.35126], [58.91521, 23.33609], [58.92945, 23.3181], [58.94654, 23.27509], [58.95623, 23.25943], [58.9865, 23.23249], [59.00172, 23.21239], [59.0101, 23.15331], [59.07374, 23.09325], [59.07789, 23.08515], [59.08367, 23.05536], [59.0879, 23.04841], [59.09254, 23.04365], [59.12045, 23.02277], [59.17368, 22.99396], [59.20753, 22.97036], [59.23227, 22.94302], [59.25001, 22.91201], [59.25913, 22.89044], [59.25905, 22.89033], [59.2358, 22.86145], [59.16975, 22.79388], [58.84099, 22.83409], [58.54106, 23.02229], [58.38985, 22.98746], [58.22356, 22.88832], [58.16206, 22.88155], [57.93283, 22.71412], [57.83433, 22.52307], [58.08235, 21.71062], [58.17798, 21.39735], [58.28991, 21.09556]]]}, "properties": {"id": "mBfi", "status": "validé", "pieces": [{"kind": "admin1", "code": "OMN-2404"}, {"kind": "admin1", "code": "OMN-5497"}, {"kind": "admin1", "code": "OMN-2426"}, {"kind": "admin1", "code": "OMN-4836"}, {"kind": "admin1", "code": "OMN-2414"}]}}, {"type": "Feature", "geometry": {"type": "Polygon", "coordinates": [[[58.08235, 21.71062], [58.17798, 21.39735], [58.28991, 21.09556], [57.9721, 21.24811], [56.32559, 22.01527], [56.52371, 22.25378], [56.68277, 22.69748], [56.8747, 23.49071], [57.16367, 23.50397], [57.46009, 23.22525], [57.57554, 23.213], [57.61378, 23.19574], [57.87019, 23.23432], [57.90037, 23.2961], [58.11834, 23.46219], [58.11876, 23.4619], [58.33497, 23.48864], [58.58767, 23.24943], [58.54106, 23.02229], [58.38985, 22.98746], [58.22356, 22.88832], [58.16206, 22.88155], [57.93283, 22.71412], [57.83433, 22.52307], [58.08235, 21.71062]]]}, "properties": {"id": "muqQ", "status": "validé", "pieces": [{"kind": "admin1", "code": "OMN-2404"}]}}, {"type": "Feature", "geometry": {"type": "MultiPolygon", "coordinates": [[[[55.83172, 17.50227], [55.83172, 17.50235], [55.83709, 17.51008], [55.84881, 17.51529], [55.86297, 17.51887], [55.88307, 17.50715], [55.89088, 17.50458], [55.8908, 17.50454], [55.87582, 17.49592], [55.84571, 17.49608], [55.83627, 17.49095], [55.83619, 17.49091], [55.83245, 17.50039], [55.83172, 17.50227]]], [[[56.05844, 17.54434], [56.06788, 17.53221], [56.08107, 17.52363], [56.09555, 17.51887], [56.06381, 17.49958], [56.04689, 17.49335], [56.0311, 17.49091], [55.98683, 17.49291], [55.97283, 17.49836], [55.9642, 17.51992], [55.99057, 17.53539], [56.02882, 17.54768], [56.05535, 17.5598], [56.05535, 17.55972], [56.0582, 17.54584], [56.05844, 17.54434]]], [[[58.94508, 20.53522], [58.95395, 20.51992], [58.95004, 20.50894], [58.94117, 20.50092], [58.90284, 20.47411], [58.86232, 20.45279], [58.84409, 20.43732], [58.82016, 20.40302], [58.80828, 20.37958], [58.79664, 20.33153], [58.78761, 20.31452], [58.78761, 20.31444], [58.78761, 20.30329], [58.78777, 20.3024], [58.78932, 20.2932], [58.7894, 20.28653], [58.78517, 20.27953], [58.75147, 20.24803], [58.73341, 20.22455], [58.72429, 20.21515], [58.71534, 20.2121], [58.70265, 20.21044], [58.69125, 20.20775], [58.68653, 20.20148], [58.68312, 20.1909], [58.67457, 20.17951], [58.66358, 20.17137], [58.65235, 20.17048], [58.65219, 20.17048], [58.64698, 20.17967], [58.64259, 20.18724], [58.63746, 20.21845], [58.63649, 20.2497], [58.63868, 20.26663], [58.63836, 20.26785], [58.63592, 20.277], [58.64291, 20.35611], [58.6482, 20.36884], [58.65903, 20.38272], [58.66456, 20.38784], [58.68238, 20.40062], [58.68995, 20.40322], [58.6919, 20.40518], [58.69386, 20.40717], [58.69825, 20.42569], [58.70069, 20.4311], [58.71762, 20.437], [58.73422, 20.43765], [58.75123, 20.44013], [58.76889, 20.45161], [58.77711, 20.46219], [58.78077, 20.46699], [58.78452, 20.4794], [58.78517, 20.48164], [58.7894, 20.51992], [58.79558, 20.5384], [58.80486, 20.55345], [58.85287, 20.61335], [58.87135, 20.6496], [58.88258, 20.68252], [58.89129, 20.69428], [58.90626, 20.69798], [58.9183, 20.68146], [58.9183, 20.68134], [58.917, 20.66425], [58.91017, 20.64594], [58.90626, 20.626], [58.90838, 20.60472], [58.91432, 20.58784], [58.94508, 20.53522]]], [[[56.46957, 24.77534], [56.48032, 24.76512], [56.48683, 24.74185], [56.4935, 24.70018], [56.61118, 24.49632], [56.63559, 24.47138], [56.69215, 24.42524], [56.80144, 24.30297], [56.82309, 24.27115], [56.83229, 24.25251], [56.84107, 24.22382], [56.93946, 24.11591], [57.05828, 24.0231], [57.15154, 23.95356], [57.18426, 23.93427], [57.32635, 23.88402], [57.50961, 23.8391], [57.58644, 23.80744], [57.64519, 23.79043], [57.68678, 23.78335], [57.70973, 23.78221], [57.77735, 23.78596], [57.79575, 23.78221], [57.82439, 23.74763], [57.83497, 23.74006], [57.85922, 23.73408], [57.88771, 23.72085], [57.91277, 23.71784], [58.04314, 23.72455], [58.08676, 23.72211], [58.1316, 23.71332], [58.19321, 23.68936], [58.2103, 23.68598], [58.22739, 23.67914], [58.26417, 23.64484], [58.2824, 23.63142], [58.31723, 23.62092], [58.36354, 23.61555], [58.41196, 23.6162], [58.45297, 23.62397], [58.47486, 23.63154], [58.48365, 23.63813], [58.4909, 23.65656], [58.49952, 23.65689], [58.51857, 23.65192], [58.56137, 23.65111], [58.58416, 23.64696], [58.6045, 23.6376], [58.61329, 23.62507], [58.63331, 23.58527], [58.6421, 23.57681], [58.64715, 23.5749], [58.65154, 23.57054], [58.65553, 23.56574], [58.65903, 23.56249], [58.66131, 23.56314], [58.66684, 23.56391], [58.674, 23.56395], [58.68035, 23.56249], [58.69459, 23.55142], [58.7024, 23.54295], [58.70688, 23.53514], [58.71437, 23.53514], [58.72055, 23.54881], [58.72291, 23.5434], [58.72495, 23.54011], [58.72682, 23.53608], [58.72804, 23.52839], [58.73487, 23.52839], [58.73601, 23.53266], [58.74098, 23.54206], [58.74635, 23.53767], [58.74952, 23.53644], [58.76205, 23.54206], [58.78614, 23.51211], [58.79298, 23.49567], [58.7894, 23.48062], [58.79737, 23.46678], [58.80763, 23.42113], [58.82057, 23.40176], [58.87916, 23.35126], [58.91521, 23.33609], [58.92945, 23.3181], [58.94654, 23.27509], [58.95623, 23.25943], [58.9865, 23.23249], [59.00172, 23.21239], [59.0101, 23.15331], [59.07374, 23.09325], [59.07789, 23.08515], [59.08367, 23.05536], [59.0879, 23.04841], [59.09254, 23.04365], [59.12045, 23.02277], [59.17368, 22.99396], [59.20753, 22.97036], [59.23227, 22.94302], [59.25001, 22.91201], [59.28614, 22.82648], [59.28981, 22.81208], [59.29754, 22.79271], [59.31568, 22.77949], [59.35182, 22.76118], [59.39161, 22.70222], [59.39723, 22.6861], [59.41065, 22.67084], [59.45249, 22.6341], [59.4839, 22.61884], [59.50685, 22.60008], [59.5298, 22.58788], [59.53549, 22.58308], [59.53647, 22.57258], [59.53045, 22.57005], [59.52198, 22.57217], [59.51564, 22.57559], [59.5158, 22.56151], [59.52312, 22.55512], [59.53517, 22.55386], [59.54982, 22.55512], [59.6268, 22.57982], [59.65349, 22.56973], [59.69386, 22.54145], [59.69996, 22.54092], [59.71567, 22.54291], [59.7212, 22.54145], [59.72397, 22.53681], [59.72584, 22.52611], [59.72853, 22.52098], [59.72836, 22.51813], [59.72722, 22.51358], [59.72804, 22.50764], [59.73471, 22.50047], [59.73976, 22.49779], [59.7461, 22.49559], [59.75278, 22.49421], [59.75896, 22.49364], [59.76254, 22.4986], [59.75603, 22.50943], [59.74155, 22.52473], [59.74578, 22.53824], [59.75636, 22.53848], [59.77638, 22.54145], [59.80323, 22.53474], [59.82488, 22.50886], [59.83937, 22.47529], [59.84457, 22.44526], [59.82488, 22.2814], [59.81178, 22.23737], [59.79176, 22.19806], [59.73471, 22.12311], [59.70493, 22.09955], [59.68816, 22.08271], [59.68068, 22.06509], [59.67799, 22.0419], [59.65968, 21.99404], [59.65504, 21.94575], [59.64527, 21.92585], [59.60564, 21.91022], [59.59343, 21.89277], [59.577, 21.85627], [59.49789, 21.75633], [59.46762, 21.66641], [59.44858, 21.6249], [59.35499, 21.48566], [59.3475, 21.45356], [59.34425, 21.44473], [59.33619, 21.43773], [59.19532, 21.3791], [59.16627, 21.36278], [59.05437, 21.27709], [58.9192, 21.1437], [58.8781, 21.08381], [58.86793, 21.07477], [58.85426, 21.06562], [58.83855, 21.0445], [58.80787, 20.99079], [58.80445, 20.98159], [58.80193, 20.94623], [58.79884, 20.93602], [58.79298, 20.9274], [58.73487, 20.883], [58.73902, 20.86225], [58.72218, 20.84805], [58.68035, 20.82835], [58.68149, 20.82648], [58.67384, 20.80817], [58.6727, 20.80785], [58.66578, 20.80158], [58.66131, 20.79633], [58.65903, 20.79084], [58.66147, 20.78164], [58.66765, 20.77228], [58.67644, 20.76439], [58.68653, 20.75947], [58.70135, 20.76602], [58.71811, 20.78083], [58.72934, 20.78681], [58.72804, 20.76691], [58.71811, 20.75365], [58.69988, 20.74079], [58.68181, 20.73591], [58.6727, 20.7464], [58.66651, 20.7464], [58.6609, 20.73233], [58.65333, 20.70527], [58.64536, 20.69115], [58.63746, 20.68439], [58.61541, 20.67243], [58.6045, 20.66327], [58.59181, 20.64395], [58.58082, 20.61848], [58.57325, 20.59064], [58.57049, 20.56428], [58.5451, 20.51643], [58.53126, 20.48139], [58.53248, 20.46528], [58.52687, 20.45771], [58.5215, 20.42438], [58.51857, 20.41681], [58.51043, 20.41523], [58.49708, 20.41079], [58.48357, 20.4042], [58.47413, 20.39639], [58.46746, 20.36953], [58.44581, 20.35863], [58.41765, 20.3596], [58.39161, 20.36848], [58.37257, 20.37739], [58.35914, 20.38158], [58.32643, 20.38272], [58.31381, 20.3808], [58.29005, 20.3714], [58.27556, 20.36848], [58.27866, 20.37739], [58.28452, 20.38199], [58.27963, 20.38483], [58.24415, 20.39423], [58.22429, 20.39639], [58.20289, 20.40473], [58.20053, 20.42438], [58.21339, 20.46528], [58.21323, 20.4527], [58.2173, 20.44156], [58.22478, 20.43183], [58.23463, 20.42365], [58.23846, 20.44383], [58.22828, 20.48884], [58.23805, 20.50934], [58.25131, 20.5292], [58.26157, 20.55809], [58.26417, 20.58763], [58.25514, 20.60928], [58.23487, 20.61567], [58.20574, 20.61335], [58.17628, 20.60472], [58.14422, 20.58519], [58.10353, 20.57514], [58.09083, 20.56684], [58.08448, 20.55805], [58.06723, 20.51105], [58.06658, 20.49982], [58.07309, 20.48916], [58.07586, 20.48005], [58.06764, 20.47248], [58.05535, 20.46723], [58.03077, 20.4619], [58.01246, 20.45344], [57.99439, 20.44229], [57.97071, 20.42121], [57.96209, 20.41088], [57.95582, 20.39956], [57.95338, 20.38642], [57.95655, 20.37694], [57.97071, 20.36188], [57.97389, 20.35228], [57.96656, 20.33023], [57.94874, 20.31757], [57.90504, 20.30077], [57.88844, 20.29072], [57.87045, 20.27705], [57.85613, 20.26065], [57.85035, 20.24242], [57.8449, 20.23119], [57.83351, 20.21833], [57.82374, 20.20108], [57.82301, 20.17666], [57.84197, 20.13605], [57.84799, 20.11176], [57.83172, 20.07534], [57.81625, 20.02074], [57.81568, 20.00658], [57.81365, 19.977], [57.79037, 19.92402], [57.77369, 19.86786], [57.76205, 19.84296], [57.6989, 19.75438], [57.68922, 19.72818], [57.69337, 19.69746], [57.70045, 19.68598], [57.70924, 19.67674], [57.71681, 19.66681], [57.71998, 19.65306], [57.72055, 19.62263], [57.71892, 19.60798], [57.71388, 19.59504], [57.70655, 19.56883], [57.70444, 19.54873], [57.71176, 19.52949], [57.76026, 19.45409], [57.76783, 19.43745], [57.77394, 19.40965], [57.77377, 19.38288], [57.76905, 19.35761], [57.75221, 19.31159], [57.7483, 19.291], [57.75066, 19.26805], [57.77084, 19.21695], [57.78053, 19.20112], [57.80568, 19.173], [57.81186, 19.15689], [57.80299, 19.11514], [57.80201, 19.09479], [57.83985, 19.02998], [57.8401, 19.01533], [57.81568, 18.99177], [57.80112, 18.98066], [57.79713, 18.97923], [57.75229, 18.97305], [57.74732, 18.96784], [57.74285, 18.96186], [57.73194, 18.9538], [57.71941, 18.94693], [57.70973, 18.944], [57.50147, 18.95368], [57.44532, 18.94534], [57.20753, 18.90998], [57.08375, 18.87637], [56.91505, 18.81029], [56.85035, 18.76581], [56.80779, 18.74559], [56.78468, 18.72858], [56.77475, 18.70718], [56.76645, 18.69684], [56.65968, 18.59536], [56.64112, 18.55927], [56.63689, 18.51195], [56.6434, 18.47919], [56.6443, 18.4676], [56.64112, 18.4549], [56.62664, 18.43586], [56.62127, 18.41958], [56.61232, 18.3996], [56.60963, 18.38906], [56.60963, 18.34748], [56.6006, 18.30541], [56.54884, 18.18985], [56.56373, 18.17023], [56.56129, 18.14924], [56.54721, 18.12971], [56.5276, 18.11469], [56.48414, 18.0965], [56.46258, 18.08442], [56.43198, 18.03217], [56.42563, 18.02741], [56.41131, 18.02318], [56.40414, 18.01911], [56.35768, 17.96979], [56.35499, 17.96231], [56.35629, 17.94001], [56.3449, 17.93781], [56.18849, 17.9571], [56.16822, 17.95409], [56.13836, 17.94058], [56.11622, 17.93659], [56.0311, 17.94343], [56.01075, 17.94037], [55.94606, 17.91547], [55.90943, 17.90664], [55.65349, 17.89533], [55.55291, 17.87027], [55.53053, 17.86831], [55.52247, 17.86644], [55.51734, 17.86225], [55.51287, 17.85749], [55.5066, 17.85399], [55.48829, 17.85346], [55.48683, 17.85399], [55.45395, 17.8454], [55.44516, 17.84101], [55.43165, 17.82465], [55.41733, 17.78522], [55.40797, 17.7687], [55.39308, 17.75214], [55.38868, 17.74429], [55.37338, 17.70331], [55.36948, 17.69636], [55.35572, 17.68159], [55.26319, 17.60773], [55.23504, 17.55882], [55.2282, 17.53876], [55.22543, 17.51545], [55.2295, 17.48859], [55.24008, 17.47517], [55.27377, 17.45742], [55.29322, 17.43769], [55.30079, 17.41681], [55.30112, 17.37116], [55.2942, 17.35212], [55.25343, 17.29914], [55.25123, 17.28998], [55.24952, 17.27611], [55.25066, 17.26362], [55.25685, 17.25821], [55.26482, 17.25479], [55.26515, 17.24706], [55.26026, 17.23428], [55.25473, 17.22871], [55.22853, 17.21613], [55.21925, 17.21039], [55.21314, 17.20209], [55.20932, 17.19355], [55.20509, 17.17621], [55.19549, 17.16083], [55.19874, 17.15575], [55.18922, 17.14476], [55.15886, 17.13581], [55.14357, 17.12783], [55.13844, 17.11888], [55.13299, 17.10505], [55.12477, 17.09248], [55.11256, 17.08686], [55.07179, 17.04218], [55.02687, 17.01113], [55.02068, 17.01113], [55.01092, 17.02627], [54.9992, 17.01968], [54.98699, 17.00536], [54.97535, 16.99746], [54.95965, 16.99486], [54.94508, 16.98998], [54.93133, 16.98713], [54.917, 16.99067], [54.90138, 16.97492], [54.88282, 16.96906], [54.84181, 16.96393], [54.80844, 16.95148], [54.79184, 16.9514], [54.78053, 16.96393], [54.76905, 16.95791], [54.75074, 16.96052], [54.73943, 16.95649], [54.70533, 16.97761], [54.69793, 16.97016], [54.68979, 16.98933], [54.68531, 17.0069], [54.67408, 17.01976], [54.63315, 17.02692], [54.60434, 17.03632], [54.59205, 17.03848], [54.58033, 17.03734], [54.55974, 17.0327], [54.5477, 17.03164], [54.51238, 17.0384], [54.49928, 17.03848], [54.48854, 17.03559], [54.46762, 17.02668], [54.46168, 17.02481], [54.41456, 17.03783], [54.38999, 17.03946], [54.36948, 17.02481], [54.36012, 17.02961], [54.35035, 17.03168], [54.16407, 17.01113], [54.08497, 17.01113], [54.06756, 17.00674], [54.02345, 16.98534], [54.01271, 16.97761], [54.00896, 16.96865], [54.00929, 16.96092], [54.0114, 16.95368], [54.01271, 16.94599], [54.00945, 16.93745], [53.99537, 16.92536], [53.9922, 16.91926], [53.98113, 16.90876], [53.9559, 16.90388], [53.91017, 16.90127], [53.85035, 16.88915], [53.83074, 16.88764], [53.81267, 16.88178], [53.792, 16.87031], [53.77133, 16.86262], [53.75318, 16.86774], [53.73463, 16.85615], [53.70932, 16.83601], [53.68702, 16.81362], [53.6775, 16.79511], [53.66928, 16.78408], [53.65056, 16.77318], [53.61541, 16.75788], [53.58269, 16.74995], [53.42303, 16.74681], [53.33863, 16.73481], [53.1753, 16.68452], [53.09034, 16.6424], [53.0279, 16.77748], [52.96527, 16.91292], [52.90275, 17.04826], [52.84032, 17.18371], [52.80156, 17.26742], [52.79102, 17.28122], [52.77386, 17.28711], [52.73624, 17.28918], [52.72146, 17.29817], [52.72301, 17.29869], [52.72828, 17.29936], [52.73015, 17.29988], [52.69842, 17.37145], [52.65563, 17.46798], [52.61284, 17.56456], [52.57021, 17.66109], [52.52742, 17.75763], [52.48453, 17.85416], [52.44174, 17.95064], [52.399, 18.04727], [52.35616, 18.14378], [52.31332, 18.24028], [52.27069, 18.33687], [52.2278, 18.43342], [52.18501, 18.52993], [52.14233, 18.62651], [52.09954, 18.72304], [52.05675, 18.81963], [52.01396, 18.91616], [51.98569, 18.97973], [51.97861, 18.99564], [52.08993, 19.03264], [52.26108, 19.08969], [52.43213, 19.14674], [52.60312, 19.20379], [52.77438, 19.26079], [52.94553, 19.31787], [53.11658, 19.37492], [53.28784, 19.43194], [53.45889, 19.48899], [53.63004, 19.54599], [53.80109, 19.60307], [53.97224, 19.66012], [54.1435, 19.71714], [54.31465, 19.77419], [54.48559, 19.83119], [54.65675, 19.88819], [54.8279, 19.94527], [54.97838, 19.99542], [55.01052, 20.09201], [55.01714, 20.11174], [55.03574, 20.16756], [55.06447, 20.25427], [55.10189, 20.36685], [55.14623, 20.49999], [55.19553, 20.64856], [55.24834, 20.80741], [55.30291, 20.97149], [55.34462, 21.09691], [55.35748, 21.13556], [55.41019, 21.29446], [55.45959, 21.44303], [55.50383, 21.57615], [55.54124, 21.68865], [55.57008, 21.77542], [55.58857, 21.83123], [55.59519, 21.85102], [55.60017, 21.86606], [55.63757, 21.97897], [55.63705, 22.00191], [55.62671, 22.02377], [55.57359, 22.10594], [55.49277, 22.23079], [55.41205, 22.35569], [55.33112, 22.48059], [55.25041, 22.6055], [55.18684, 22.70358], [55.19759, 22.84946], [55.19129, 22.99537], [55.19129, 22.99547], [55.1948, 23.02508], [55.22591, 23.12125], [55.3211, 23.27509], [55.34322, 23.33628], [55.36409, 23.43601], [55.37526, 23.46934], [55.39396, 23.49518], [55.39417, 23.49528], [55.43148, 23.53293], [55.44533, 23.55226], [55.4783, 23.67636], [55.48739, 23.69326], [55.53411, 23.75677], [55.53835, 23.77005], [55.53514, 23.84588], [55.53059, 23.87467], [55.51458, 23.89661], [55.4783, 23.91658], [55.46155, 23.93056], [55.45277, 23.94856], [55.4568, 23.96316], [55.49979, 23.9706], [55.54227, 23.98544], [55.5617, 23.99523], [55.59106, 24.01001], [55.61834, 24.02014], [55.64687, 24.02502], [55.68004, 24.02427], [55.7126, 24.01923], [55.728, 24.01959], [55.74443, 24.02528], [55.76241, 24.02815], [55.78846, 24.00957], [55.80706, 24.00748], [55.92354, 24.05114], [55.98679, 24.06538], [55.99785, 24.08127], [55.96075, 24.14243], [55.94897, 24.18483], [55.93315, 24.22072], [55.90318, 24.23224], [55.84716, 24.21142], [55.83032, 24.21227], [55.76769, 24.22488], [55.7557, 24.23033], [55.75415, 24.24547], [55.7621, 24.26297], [55.80097, 24.32627], [55.80737, 24.34079], [55.81089, 24.38924], [55.80861, 24.39763], [55.80107, 24.40647], [55.78102, 24.41887], [55.77461, 24.4259], [55.77141, 24.44109], [55.77368, 24.49525], [55.76118, 24.53744], [55.75983, 24.55853], [55.76996, 24.5724], [55.78402, 24.58633], [55.79022, 24.61987], [55.81823, 24.64338], [55.81492, 24.66273], [55.79998, 24.69326], [55.79476, 24.70392], [55.7927, 24.72229], [55.79704, 24.75955], [55.79704, 24.77836], [55.78867, 24.8552], [55.7991, 24.88611], [55.82939, 24.92117], [55.85783, 24.94485], [55.86215, 24.94845], [55.89698, 24.96861], [55.93543, 24.97773], [55.97587, 24.97211], [55.97842, 24.97176], [56.0056, 24.95618], [56.01697, 24.92662], [56.02525, 24.88256], [56.02927, 24.86117], [56.00529, 24.87698], [55.99238, 24.883], [55.97842, 24.88611], [55.96085, 24.88125], [55.95765, 24.86866], [55.96478, 24.85386], [56.00209, 24.82301], [56.03155, 24.75415], [56.06214, 24.73177], [56.07627, 24.72997], [56.07795, 24.72976], [56.09914, 24.73051], [56.11826, 24.73542], [56.12725, 24.7457], [56.13335, 24.76283], [56.15485, 24.78671], [56.17118, 24.82399], [56.17137, 24.82407], [56.18626, 24.83024], [56.22368, 24.83448], [56.24166, 24.84244], [56.27468, 24.87195], [56.28032, 24.87698], [56.30833, 24.89517], [56.3136, 24.90507], [56.31428, 24.91196], [56.31605, 24.92991], [56.31928, 24.96253], [56.32445, 24.96794], [56.32899, 24.97269], [56.38331, 24.97822], [56.40545, 24.89728], [56.46957, 24.77534]]], [[[56.34912, 25.29403], [56.34437, 25.26653], [56.31643, 25.25335], [56.29315, 25.24585], [56.28176, 25.23691], [56.2522, 25.21764], [56.23577, 25.21118], [56.21996, 25.21526], [56.20763, 25.22084], [56.20612, 25.2306], [56.20837, 25.25537], [56.23513, 25.26748], [56.24489, 25.27799], [56.23888, 25.28625], [56.23567, 25.29629], [56.23363, 25.31253], [56.26062, 25.33107], [56.29069, 25.32754], [56.30937, 25.30133], [56.34912, 25.29403]], [[56.27381, 25.28129], [56.26508, 25.28118], [56.25958, 25.27598], [56.26303, 25.24922], [56.28298, 25.25548], [56.28833, 25.27193], [56.27381, 25.28129]]], [[[56.09148, 26.10651], [56.15772, 26.20108], [56.18181, 26.246], [56.1919, 26.25507], [56.20826, 26.26309], [56.20916, 26.25755], [56.20826, 26.24404], [56.2199, 26.22773], [56.21681, 26.22211], [56.21241, 26.20783], [56.2199, 26.20783], [56.2295, 26.21678], [56.25554, 26.21808], [56.26075, 26.2246], [56.26686, 26.22748], [56.27996, 26.22309], [56.29184, 26.21186], [56.29493, 26.19424], [56.30193, 26.20531], [56.30885, 26.20474], [56.31739, 26.20063], [56.32911, 26.20108], [56.35629, 26.21914], [56.36695, 26.2215], [56.39747, 26.21385], [56.40414, 26.21475], [56.40691, 26.22313], [56.40235, 26.23208], [56.39454, 26.23916], [56.38738, 26.24201], [56.36785, 26.24409], [56.35572, 26.24339], [56.34685, 26.23859], [56.34116, 26.23233], [56.33131, 26.22346], [56.31959, 26.21792], [56.30844, 26.2215], [56.30828, 26.23261], [56.31593, 26.27464], [56.31593, 26.29043], [56.34522, 26.26923], [56.35841, 26.26496], [56.36378, 26.27953], [56.35906, 26.28734], [56.34783, 26.29743], [56.334, 26.30614], [56.32228, 26.30964], [56.32651, 26.31892], [56.33204, 26.32075], [56.33814, 26.32071], [56.34401, 26.32392], [56.35629, 26.33759], [56.36183, 26.34951], [56.36053, 26.37128], [56.36378, 26.38597], [56.36997, 26.38597], [56.38364, 26.35871], [56.3991, 26.36791], [56.40414, 26.3723], [56.41163, 26.36494], [56.40691, 26.35737], [56.40651, 26.3548], [56.4087, 26.35236], [56.41163, 26.34504], [56.42107, 26.35212], [56.42693, 26.3496], [56.43189, 26.34296], [56.43897, 26.33759], [56.46217, 26.33186], [56.47438, 26.3308], [56.48732, 26.33137], [56.4852, 26.33588], [56.48178, 26.34736], [56.47983, 26.35187], [56.50099, 26.35871], [56.51108, 26.33348], [56.50896, 26.32372], [56.49497, 26.32274], [56.46957, 26.32392], [56.45281, 26.31835], [56.42286, 26.29462], [56.40626, 26.2849], [56.40748, 26.28486], [56.40724, 26.27912], [56.39861, 26.2687], [56.42091, 26.24763], [56.4323, 26.23945], [56.44581, 26.23518], [56.45493, 26.23933], [56.46534, 26.24726], [56.47625, 26.24917], [56.48732, 26.23518], [56.46876, 26.20551], [56.45965, 26.20209], [56.4533, 26.2215], [56.44304, 26.22045], [56.43198, 26.2215], [56.4358, 26.21161], [56.43686, 26.20527], [56.43539, 26.20014], [56.43198, 26.19424], [56.44459, 26.18236], [56.45973, 26.17426], [56.47291, 26.16401], [56.47983, 26.14582], [56.46811, 26.14598], [56.45737, 26.14842], [56.44776, 26.15314], [56.43897, 26.1601], [56.42457, 26.15379], [56.41245, 26.15843], [56.40496, 26.1706], [56.40414, 26.18675], [56.39829, 26.18342], [56.38315, 26.17699], [56.37745, 26.17373], [56.37696, 26.18439], [56.37892, 26.19253], [56.38364, 26.19806], [56.39112, 26.20108], [56.36842, 26.20453], [56.3436, 26.19139], [56.32879, 26.17284], [56.33595, 26.1601], [56.3309, 26.14932], [56.32976, 26.13711], [56.33172, 26.12421], [56.33595, 26.11164], [56.34474, 26.13182], [56.35304, 26.14265], [56.36378, 26.14582], [56.37013, 26.13947], [56.3711, 26.12783], [56.36834, 26.1149], [56.36378, 26.10488], [56.38331, 26.09748], [56.47299, 26.09862], [56.46437, 26.08535], [56.44923, 26.07355], [56.4183, 26.05707], [56.38917, 26.0471], [56.38014, 26.03824], [56.38364, 26.02228], [56.40886, 26.03437], [56.42286, 26.02314], [56.42335, 26.00463], [56.4004, 25.99047], [56.40504, 25.98045], [56.4183, 25.96393], [56.42213, 25.95661], [56.43116, 25.9527], [56.4533, 25.94717], [56.44549, 25.94245], [56.44264, 25.93928], [56.43897, 25.92609], [56.42416, 25.93317], [56.40789, 25.9374], [56.39332, 25.93586], [56.38364, 25.92609], [56.39943, 25.90233], [56.39259, 25.88044], [56.37615, 25.85928], [56.36378, 25.83796], [56.36264, 25.83063], [56.36378, 25.80687], [56.34401, 25.78954], [56.3274, 25.7624], [56.31625, 25.74958], [56.30177, 25.74177], [56.30177, 25.76289], [56.28793, 25.7416], [56.27377, 25.70913], [56.26661, 25.67259], [56.27377, 25.63931], [56.27905, 25.62745], [56.23753, 25.61658], [56.22151, 25.61384], [56.2058, 25.61777], [56.19877, 25.62526], [56.18885, 25.64541], [56.17986, 25.65208], [56.1564, 25.6559], [56.1525, 25.65796], [56.15082, 25.65885], [56.14513, 25.67084], [56.14038, 25.71554], [56.1412, 25.73269], [56.15195, 25.74313], [56.16487, 25.75218], [56.172, 25.76525], [56.16735, 25.7777], [56.1441, 25.80592], [56.13965, 25.82297], [56.14451, 25.83791], [56.16384, 25.86245], [56.17056, 25.87682], [56.17469, 25.96653], [56.1813, 25.99624], [56.18348, 26.01454], [56.17841, 26.035], [56.1627, 26.07355], [56.15133, 26.07479], [56.10059, 26.06285], [56.0774, 26.06105], [56.07749, 26.06135], [56.08204, 26.07071], [56.09148, 26.10651]]]]}, "properties": {"id": "n8zU", "status": "validé", "pieces": [{"kind": "country"}]}}, {"type": "Feature", "geometry": {"type": "MultiPolygon", "coordinates": [[[[58.91432, 20.58784], [58.94508, 20.53522], [58.95395, 20.51988], [58.95004, 20.50894], [58.94117, 20.50092], [58.90284, 20.47411], [58.86232, 20.45279], [58.84409, 20.43732], [58.82016, 20.40302], [58.80828, 20.37958], [58.79664, 20.33153], [58.78761, 20.31452], [58.78761, 20.31444], [58.78761, 20.30329], [58.78777, 20.3024], [58.78932, 20.2932], [58.7894, 20.28653], [58.78517, 20.27953], [58.75147, 20.24803], [58.73341, 20.22455], [58.72429, 20.21515], [58.71534, 20.2121], [58.70265, 20.21044], [58.69125, 20.20775], [58.68653, 20.20148], [58.68312, 20.1909], [58.67457, 20.17951], [58.66358, 20.17137], [58.65235, 20.17048], [58.65219, 20.17048], [58.64698, 20.17967], [58.64259, 20.18724], [58.63746, 20.21845], [58.63649, 20.2497], [58.63868, 20.26663], [58.63836, 20.26785], [58.63592, 20.277], [58.64291, 20.35611], [58.6482, 20.36884], [58.65903, 20.38272], [58.66456, 20.38784], [58.68238, 20.40062], [58.68995, 20.40322], [58.6919, 20.40518], [58.69386, 20.40717], [58.69825, 20.42569], [58.70069, 20.4311], [58.71762, 20.437], [58.73422, 20.43765], [58.75123, 20.44013], [58.76889, 20.45161], [58.77711, 20.46219], [58.78077, 20.46699], [58.78452, 20.4794], [58.78517, 20.48164], [58.7894, 20.51992], [58.79558, 20.5384], [58.80486, 20.55345], [58.85287, 20.61335], [58.87135, 20.6496], [58.88258, 20.68252], [58.89129, 20.69428], [58.90626, 20.69798], [58.9183, 20.68146], [58.9183, 20.68134], [58.917, 20.66425], [58.91017, 20.64594], [58.90626, 20.626], [58.90838, 20.60472], [58.91432, 20.58784]]], [[[59.53549, 22.58308], [59.53647, 22.57258], [59.53045, 22.57005], [59.52198, 22.57217], [59.51564, 22.57559], [59.5158, 22.56151], [59.52312, 22.55512], [59.53517, 22.55386], [59.54982, 22.55512], [59.6268, 22.57982], [59.65349, 22.56973], [59.69386, 22.54145], [59.69996, 22.54092], [59.71567, 22.54291], [59.7212, 22.54145], [59.72397, 22.53681], [59.72584, 22.52611], [59.72853, 22.52098], [59.72836, 22.51813], [59.72722, 22.51358], [59.72804, 22.50764], [59.73471, 22.50047], [59.73976, 22.49779], [59.7461, 22.49559], [59.75278, 22.49421], [59.75896, 22.49364], [59.76254, 22.4986], [59.75603, 22.50943], [59.74155, 22.52473], [59.74578, 22.53824], [59.75636, 22.53848], [59.77638, 22.54145], [59.80323, 22.53474], [59.82488, 22.50886], [59.83937, 22.47529], [59.84457, 22.44526], [59.82488, 22.2814], [59.81178, 22.23737], [59.79176, 22.19806], [59.73471, 22.12311], [59.70493, 22.09955], [59.68816, 22.08271], [59.68068, 22.06509], [59.67799, 22.0419], [59.65968, 21.99404], [59.65504, 21.94575], [59.64527, 21.92585], [59.60564, 21.91022], [59.59343, 21.89277], [59.577, 21.85627], [59.49789, 21.75633], [59.46762, 21.66641], [59.44858, 21.6249], [59.35499, 21.48566], [59.3475, 21.45356], [59.34425, 21.44473], [59.33619, 21.43773], [59.19532, 21.3791], [59.16627, 21.36278], [59.05437, 21.27709], [58.9192, 21.1437], [58.8781, 21.08381], [58.86793, 21.07477], [58.85426, 21.06562], [58.83855, 21.0445], [58.80787, 20.99079], [58.80445, 20.98159], [58.80193, 20.94623], [58.79884, 20.93602], [58.79298, 20.9274], [58.73487, 20.883], [58.73902, 20.86225], [58.72218, 20.84805], [58.68035, 20.82835], [58.68149, 20.82648], [58.67384, 20.80817], [58.6727, 20.80785], [58.66578, 20.80158], [58.66131, 20.79633], [58.65903, 20.79084], [58.66147, 20.78164], [58.66765, 20.77228], [58.67644, 20.76439], [58.68653, 20.75947], [58.70135, 20.76602], [58.71811, 20.78083], [58.72934, 20.78681], [58.72804, 20.76691], [58.71811, 20.75365], [58.69988, 20.74079], [58.68181, 20.73591], [58.6727, 20.7464], [58.66651, 20.7464], [58.6609, 20.73233], [58.65333, 20.70527], [58.64536, 20.69115], [58.63746, 20.68439], [58.61541, 20.67243], [58.6045, 20.66327], [58.59181, 20.64395], [58.58082, 20.61848], [58.57325, 20.59064], [58.57049, 20.56428], [58.5451, 20.51643], [58.53126, 20.48139], [58.53248, 20.46528], [58.52687, 20.45771], [58.5215, 20.42438], [58.51857, 20.41681], [58.51043, 20.41523], [58.49708, 20.41079], [58.48357, 20.4042], [58.47413, 20.39639], [58.46746, 20.36953], [58.44581, 20.35863], [58.41765, 20.3596], [58.39161, 20.36848], [58.37257, 20.37739], [58.35914, 20.38158], [58.32643, 20.38272], [58.31381, 20.3808], [58.29005, 20.3714], [58.27556, 20.36848], [58.27866, 20.37739], [58.28452, 20.38199], [58.27963, 20.38483], [58.24415, 20.39423], [58.22429, 20.39639], [58.20289, 20.40473], [58.20053, 20.42438], [58.21339, 20.46528], [58.21323, 20.4527], [58.2173, 20.44156], [58.22478, 20.43183], [58.23463, 20.42365], [58.23846, 20.44383], [58.22828, 20.48884], [58.23805, 20.50934], [58.25131, 20.5292], [58.26157, 20.55809], [58.26417, 20.58763], [58.25511, 20.60927], [58.39683, 21.04424], [58.28991, 21.09556], [58.17798, 21.39735], [58.08235, 21.71062], [57.83433, 22.52307], [57.93283, 22.71412], [58.16206, 22.88155], [58.22356, 22.88832], [58.38985, 22.98746], [58.54106, 23.02229], [58.58767, 23.24943], [58.33497, 23.48864], [58.11876, 23.4619], [58.11834, 23.46219], [57.90037, 23.2961], [57.87019, 23.23432], [57.61378, 23.19574], [57.57554, 23.213], [57.46009, 23.22525], [57.16367, 23.50397], [56.8747, 23.49071], [56.85713, 23.51185], [56.76473, 23.83648], [56.46811, 24.07719], [56.31267, 24.14031], [56.30626, 24.227], [56.20807, 24.53233], [56.07537, 24.68918], [56.07627, 24.72997], [56.07795, 24.72976], [56.09914, 24.73051], [56.11826, 24.73542], [56.12725, 24.7457], [56.13335, 24.76283], [56.15485, 24.78671], [56.17118, 24.82399], [56.17137, 24.82407], [56.18626, 24.83024], [56.22368, 24.83448], [56.24166, 24.84244], [56.27468, 24.87195], [56.28032, 24.87698], [56.30833, 24.89517], [56.3136, 24.90507], [56.31428, 24.91196], [56.31605, 24.92991], [56.31928, 24.96253], [56.32445, 24.96794], [56.32899, 24.97269], [56.38331, 24.97822], [56.40545, 24.89728], [56.46957, 24.77534], [56.48032, 24.76512], [56.48683, 24.74185], [56.4935, 24.70018], [56.61118, 24.49632], [56.63559, 24.47138], [56.69215, 24.42524], [56.80144, 24.30297], [56.82309, 24.27115], [56.83229, 24.25251], [56.84107, 24.22382], [56.93946, 24.11591], [57.05828, 24.0231], [57.15154, 23.95356], [57.18426, 23.93427], [57.32635, 23.88402], [57.50961, 23.8391], [57.53268, 23.82959], [57.58644, 23.80744], [57.64519, 23.79043], [57.68678, 23.78335], [57.70973, 23.78221], [57.77735, 23.78596], [57.79575, 23.78221], [57.82439, 23.74763], [57.83497, 23.74006], [57.85922, 23.73408], [57.88771, 23.72085], [57.91277, 23.71784], [58.04314, 23.72455], [58.08676, 23.72211], [58.1316, 23.71332], [58.19321, 23.68936], [58.2103, 23.68598], [58.22739, 23.67914], [58.26417, 23.64484], [58.2824, 23.63142], [58.31723, 23.62092], [58.36354, 23.61555], [58.41196, 23.6162], [58.45297, 23.62397], [58.47486, 23.63154], [58.48365, 23.63813], [58.4909, 23.65656], [58.49952, 23.65689], [58.51857, 23.65192], [58.56137, 23.65111], [58.58416, 23.64696], [58.6045, 23.6376], [58.61329, 23.62507], [58.63331, 23.58527], [58.6421, 23.57681], [58.64715, 23.5749], [58.65154, 23.57054], [58.65553, 23.56574], [58.65903, 23.56249], [58.66131, 23.56314], [58.66684, 23.56391], [58.674, 23.56395], [58.68035, 23.56249], [58.69459, 23.55142], [58.7024, 23.54295], [58.70688, 23.53514], [58.71437, 23.53514], [58.72055, 23.54881], [58.72291, 23.5434], [58.72495, 23.54011], [58.72682, 23.53608], [58.72804, 23.52839], [58.73487, 23.52839], [58.73601, 23.53266], [58.74098, 23.54206], [58.74635, 23.53767], [58.74952, 23.53644], [58.76205, 23.54206], [58.78614, 23.51211], [58.79298, 23.49567], [58.7894, 23.48062], [58.79737, 23.46678], [58.80763, 23.42113], [58.82057, 23.40176], [58.87916, 23.35126], [58.91521, 23.33609], [58.92945, 23.3181], [58.94654, 23.27509], [58.95623, 23.25943], [58.9865, 23.23249], [59.00172, 23.21239], [59.0101, 23.15331], [59.07374, 23.09325], [59.07789, 23.08515], [59.08367, 23.05536], [59.0879, 23.04841], [59.09254, 23.04365], [59.12045, 23.02277], [59.17368, 22.99396], [59.20753, 22.97036], [59.23227, 22.94302], [59.25001, 22.91201], [59.25913, 22.89044], [59.28614, 22.82648], [59.28981, 22.81208], [59.29754, 22.79271], [59.31568, 22.77949], [59.35182, 22.76118], [59.39161, 22.70222], [59.39723, 22.6861], [59.41065, 22.67084], [59.45249, 22.6341], [59.4839, 22.61884], [59.50685, 22.60008], [59.5298, 22.58788], [59.53549, 22.58308]]]]}, "properties": {"id": "nfDe", "status": "validé", "pieces": [{"kind": "admin1", "code": "OMN-2406"}, {"kind": "admin1", "code": "OMN-2424"}, {"kind": "admin1", "code": "OMN-5496"}, {"kind": "admin1", "code": "OMN-2426"}, {"kind": "admin1", "code": "OMN-5497"}]}}, {"type": "Feature", "geometry": {"type": "MultiPolygon", "coordinates": [[[[55.83172, 17.50227], [55.83172, 17.50235], [55.83709, 17.51008], [55.84881, 17.51529], [55.86297, 17.51887], [55.88307, 17.50715], [55.89088, 17.50458], [55.8908, 17.50454], [55.87582, 17.49592], [55.84571, 17.49608], [55.83627, 17.49095], [55.83619, 17.49091], [55.83245, 17.50039], [55.83172, 17.50227]]], [[[56.05844, 17.54434], [56.06788, 17.53221], [56.08107, 17.52363], [56.09555, 17.51887], [56.06381, 17.49958], [56.04689, 17.49335], [56.0311, 17.49091], [55.98683, 17.49291], [55.97283, 17.49836], [55.9642, 17.51992], [55.99057, 17.53539], [56.02882, 17.54768], [56.05535, 17.5598], [56.05535, 17.55972], [56.0582, 17.54584], [56.05844, 17.54434]]], [[[58.94508, 20.53522], [58.95395, 20.51992], [58.95004, 20.50894], [58.94117, 20.50092], [58.90284, 20.47411], [58.86232, 20.45279], [58.84409, 20.43732], [58.82016, 20.40302], [58.80828, 20.37958], [58.79664, 20.33153], [58.78761, 20.31452], [58.78761, 20.31444], [58.78761, 20.30329], [58.78777, 20.3024], [58.78932, 20.2932], [58.7894, 20.28653], [58.78517, 20.27953], [58.75147, 20.24803], [58.73341, 20.22455], [58.72429, 20.21515], [58.71534, 20.2121], [58.70265, 20.21044], [58.69125, 20.20775], [58.68653, 20.20148], [58.68312, 20.1909], [58.67457, 20.17951], [58.66358, 20.17137], [58.65235, 20.17048], [58.65219, 20.17048], [58.64698, 20.17967], [58.64259, 20.18724], [58.63746, 20.21845], [58.63649, 20.2497], [58.63868, 20.26663], [58.63836, 20.26785], [58.63592, 20.277], [58.64291, 20.35611], [58.6482, 20.36884], [58.65903, 20.38272], [58.66456, 20.38784], [58.68238, 20.40062], [58.68995, 20.40322], [58.6919, 20.40518], [58.69386, 20.40717], [58.69825, 20.42569], [58.70069, 20.4311], [58.71762, 20.437], [58.73422, 20.43765], [58.75123, 20.44013], [58.76889, 20.45161], [58.77711, 20.46219], [58.78077, 20.46699], [58.78452, 20.4794], [58.78517, 20.48164], [58.7894, 20.51992], [58.79558, 20.5384], [58.80486, 20.55345], [58.85287, 20.61335], [58.87135, 20.6496], [58.88258, 20.68252], [58.89129, 20.69428], [58.90626, 20.69798], [58.9183, 20.68146], [58.9183, 20.68134], [58.917, 20.66425], [58.91017, 20.64594], [58.90626, 20.626], [58.90838, 20.60472], [58.91432, 20.58784], [58.94508, 20.53522]]], [[[56.46957, 24.77534], [56.48032, 24.76512], [56.48683, 24.74185], [56.4935, 24.70018], [56.61118, 24.49632], [56.63559, 24.47138], [56.69215, 24.42524], [56.80144, 24.30297], [56.82309, 24.27115], [56.83229, 24.25251], [56.84107, 24.22382], [56.93946, 24.11591], [57.05828, 24.0231], [57.15154, 23.95356], [57.18426, 23.93427], [57.32635, 23.88402], [57.50961, 23.8391], [57.58644, 23.80744], [57.64519, 23.79043], [57.68678, 23.78335], [57.70973, 23.78221], [57.77735, 23.78596], [57.79575, 23.78221], [57.82439, 23.74763], [57.83497, 23.74006], [57.85922, 23.73408], [57.88771, 23.72085], [57.91277, 23.71784], [58.04314, 23.72455], [58.08676, 23.72211], [58.1316, 23.71332], [58.19321, 23.68936], [58.2103, 23.68598], [58.22739, 23.67914], [58.26417, 23.64484], [58.2824, 23.63142], [58.31723, 23.62092], [58.36354, 23.61555], [58.41196, 23.6162], [58.45297, 23.62397], [58.47486, 23.63154], [58.48365, 23.63813], [58.4909, 23.65656], [58.49952, 23.65689], [58.51857, 23.65192], [58.56137, 23.65111], [58.58416, 23.64696], [58.6045, 23.6376], [58.61329, 23.62507], [58.63331, 23.58527], [58.6421, 23.57681], [58.64715, 23.5749], [58.65154, 23.57054], [58.65553, 23.56574], [58.65903, 23.56249], [58.66131, 23.56314], [58.66684, 23.56391], [58.674, 23.56395], [58.68035, 23.56249], [58.69459, 23.55142], [58.7024, 23.54295], [58.70688, 23.53514], [58.71437, 23.53514], [58.72055, 23.54881], [58.72291, 23.5434], [58.72495, 23.54011], [58.72682, 23.53608], [58.72804, 23.52839], [58.73487, 23.52839], [58.73601, 23.53266], [58.74098, 23.54206], [58.74635, 23.53767], [58.74952, 23.53644], [58.76205, 23.54206], [58.78614, 23.51211], [58.79298, 23.49567], [58.7894, 23.48062], [58.79737, 23.46678], [58.80763, 23.42113], [58.82057, 23.40176], [58.87916, 23.35126], [58.91521, 23.33609], [58.92945, 23.3181], [58.94654, 23.27509], [58.95623, 23.25943], [58.9865, 23.23249], [59.00172, 23.21239], [59.0101, 23.15331], [59.07374, 23.09325], [59.07789, 23.08515], [59.08367, 23.05536], [59.0879, 23.04841], [59.09254, 23.04365], [59.12045, 23.02277], [59.17368, 22.99396], [59.20753, 22.97036], [59.23227, 22.94302], [59.25001, 22.91201], [59.28614, 22.82648], [59.28981, 22.81208], [59.29754, 22.79271], [59.31568, 22.77949], [59.35182, 22.76118], [59.39161, 22.70222], [59.39723, 22.6861], [59.41065, 22.67084], [59.45249, 22.6341], [59.4839, 22.61884], [59.50685, 22.60008], [59.5298, 22.58788], [59.53549, 22.58308], [59.53647, 22.57258], [59.53045, 22.57005], [59.52198, 22.57217], [59.51564, 22.57559], [59.5158, 22.56151], [59.52312, 22.55512], [59.53517, 22.55386], [59.54982, 22.55512], [59.6268, 22.57982], [59.65349, 22.56973], [59.69386, 22.54145], [59.69996, 22.54092], [59.71567, 22.54291], [59.7212, 22.54145], [59.72397, 22.53681], [59.72584, 22.52611], [59.72853, 22.52098], [59.72836, 22.51813], [59.72722, 22.51358], [59.72804, 22.50764], [59.73471, 22.50047], [59.73976, 22.49779], [59.7461, 22.49559], [59.75278, 22.49421], [59.75896, 22.49364], [59.76254, 22.4986], [59.75603, 22.50943], [59.74155, 22.52473], [59.74578, 22.53824], [59.75636, 22.53848], [59.77638, 22.54145], [59.80323, 22.53474], [59.82488, 22.50886], [59.83937, 22.47529], [59.84457, 22.44526], [59.82488, 22.2814], [59.81178, 22.23737], [59.79176, 22.19806], [59.73471, 22.12311], [59.70493, 22.09955], [59.68816, 22.08271], [59.68068, 22.06509], [59.67799, 22.0419], [59.65968, 21.99404], [59.65504, 21.94575], [59.64527, 21.92585], [59.60564, 21.91022], [59.59343, 21.89277], [59.577, 21.85627], [59.49789, 21.75633], [59.46762, 21.66641], [59.44858, 21.6249], [59.35499, 21.48566], [59.3475, 21.45356], [59.34425, 21.44473], [59.33619, 21.43773], [59.19532, 21.3791], [59.16627, 21.36278], [59.05437, 21.27709], [58.9192, 21.1437], [58.8781, 21.08381], [58.86793, 21.07477], [58.85426, 21.06562], [58.83855, 21.0445], [58.80787, 20.99079], [58.80445, 20.98159], [58.80193, 20.94623], [58.79884, 20.93602], [58.79298, 20.9274], [58.73487, 20.883], [58.73902, 20.86225], [58.72218, 20.84805], [58.68035, 20.82835], [58.68149, 20.82648], [58.67384, 20.80817], [58.6727, 20.80785], [58.66578, 20.80158], [58.66131, 20.79633], [58.65903, 20.79084], [58.66147, 20.78164], [58.66765, 20.77228], [58.67644, 20.76439], [58.68653, 20.75947], [58.70135, 20.76602], [58.71811, 20.78083], [58.72934, 20.78681], [58.72804, 20.76691], [58.71811, 20.75365], [58.69988, 20.74079], [58.68181, 20.73591], [58.6727, 20.7464], [58.66651, 20.7464], [58.6609, 20.73233], [58.65333, 20.70527], [58.64536, 20.69115], [58.63746, 20.68439], [58.61541, 20.67243], [58.6045, 20.66327], [58.59181, 20.64395], [58.58082, 20.61848], [58.57325, 20.59064], [58.57049, 20.56428], [58.5451, 20.51643], [58.53126, 20.48139], [58.53248, 20.46528], [58.52687, 20.45771], [58.5215, 20.42438], [58.51857, 20.41681], [58.51043, 20.41523], [58.49708, 20.41079], [58.48357, 20.4042], [58.47413, 20.39639], [58.46746, 20.36953], [58.44581, 20.35863], [58.41765, 20.3596], [58.39161, 20.36848], [58.37257, 20.37739], [58.35914, 20.38158], [58.32643, 20.38272], [58.31381, 20.3808], [58.29005, 20.3714], [58.27556, 20.36848], [58.27866, 20.37739], [58.28452, 20.38199], [58.27963, 20.38483], [58.24415, 20.39423], [58.22429, 20.39639], [58.20289, 20.40473], [58.20053, 20.42438], [58.21339, 20.46528], [58.21323, 20.4527], [58.2173, 20.44156], [58.22478, 20.43183], [58.23463, 20.42365], [58.23846, 20.44383], [58.22828, 20.48884], [58.23805, 20.50934], [58.25131, 20.5292], [58.26157, 20.55809], [58.26417, 20.58763], [58.25514, 20.60928], [58.23487, 20.61567], [58.20574, 20.61335], [58.17628, 20.60472], [58.14422, 20.58519], [58.10353, 20.57514], [58.09083, 20.56684], [58.08448, 20.55805], [58.06723, 20.51105], [58.06658, 20.49982], [58.07309, 20.48916], [58.07586, 20.48005], [58.06764, 20.47248], [58.05535, 20.46723], [58.03077, 20.4619], [58.01246, 20.45344], [57.99439, 20.44229], [57.97071, 20.42121], [57.96209, 20.41088], [57.95582, 20.39956], [57.95338, 20.38642], [57.95655, 20.37694], [57.97071, 20.36188], [57.97389, 20.35228], [57.96656, 20.33023], [57.94874, 20.31757], [57.90504, 20.30077], [57.88844, 20.29072], [57.87045, 20.27705], [57.85613, 20.26065], [57.85035, 20.24242], [57.8449, 20.23119], [57.83351, 20.21833], [57.82374, 20.20108], [57.82301, 20.17666], [57.84197, 20.13605], [57.84799, 20.11176], [57.83172, 20.07534], [57.81625, 20.02074], [57.81568, 20.00658], [57.81365, 19.977], [57.79037, 19.92402], [57.77369, 19.86786], [57.76205, 19.84296], [57.6989, 19.75438], [57.68922, 19.72818], [57.69337, 19.69746], [57.70045, 19.68598], [57.70924, 19.67674], [57.71681, 19.66681], [57.71998, 19.65306], [57.72055, 19.62263], [57.71892, 19.60798], [57.71388, 19.59504], [57.70655, 19.56883], [57.70444, 19.54873], [57.71176, 19.52949], [57.76026, 19.45409], [57.76783, 19.43745], [57.77394, 19.40965], [57.77377, 19.38288], [57.76905, 19.35761], [57.75221, 19.31159], [57.7483, 19.291], [57.75066, 19.26805], [57.77084, 19.21695], [57.78053, 19.20112], [57.80568, 19.173], [57.81186, 19.15689], [57.80299, 19.11514], [57.80201, 19.09479], [57.83985, 19.02998], [57.8401, 19.01533], [57.81568, 18.99177], [57.80112, 18.98066], [57.79713, 18.97923], [57.75229, 18.97305], [57.74732, 18.96784], [57.74285, 18.96186], [57.73194, 18.9538], [57.71941, 18.94693], [57.70973, 18.944], [57.50147, 18.95368], [57.44532, 18.94534], [57.20753, 18.90998], [57.08375, 18.87637], [56.91505, 18.81029], [56.85035, 18.76581], [56.80779, 18.74559], [56.78468, 18.72858], [56.77475, 18.70718], [56.76645, 18.69684], [56.65968, 18.59536], [56.64112, 18.55927], [56.63689, 18.51195], [56.6434, 18.47919], [56.6443, 18.4676], [56.64112, 18.4549], [56.62664, 18.43586], [56.62127, 18.41958], [56.61232, 18.3996], [56.60963, 18.38906], [56.60963, 18.34748], [56.6006, 18.30541], [56.54884, 18.18985], [56.56373, 18.17023], [56.56129, 18.14924], [56.54721, 18.12971], [56.5276, 18.11469], [56.48414, 18.0965], [56.46258, 18.08442], [56.43198, 18.03217], [56.42563, 18.02741], [56.41131, 18.02318], [56.40414, 18.01911], [56.35768, 17.96979], [56.35499, 17.96231], [56.35629, 17.94001], [56.3449, 17.93781], [56.18849, 17.9571], [56.16822, 17.95409], [56.13836, 17.94058], [56.11622, 17.93659], [56.0311, 17.94343], [56.01075, 17.94037], [55.94606, 17.91547], [55.90943, 17.90664], [55.65349, 17.89533], [55.55291, 17.87027], [55.53053, 17.86831], [55.52247, 17.86644], [55.51734, 17.86225], [55.51287, 17.85749], [55.5066, 17.85399], [55.48829, 17.85346], [55.48683, 17.85399], [55.45395, 17.8454], [55.44516, 17.84101], [55.43165, 17.82465], [55.41733, 17.78522], [55.40797, 17.7687], [55.39308, 17.75214], [55.38868, 17.74429], [55.37338, 17.70331], [55.36948, 17.69636], [55.35572, 17.68159], [55.26319, 17.60773], [55.23504, 17.55882], [55.2282, 17.53876], [55.22543, 17.51545], [55.2295, 17.48859], [55.24008, 17.47517], [55.27377, 17.45742], [55.29322, 17.43769], [55.30079, 17.41681], [55.30112, 17.37116], [55.2942, 17.35212], [55.25343, 17.29914], [55.25123, 17.28998], [55.24952, 17.27611], [55.25066, 17.26362], [55.25685, 17.25821], [55.26482, 17.25479], [55.26515, 17.24706], [55.26026, 17.23428], [55.25473, 17.22871], [55.22853, 17.21613], [55.21925, 17.21039], [55.21314, 17.20209], [55.20932, 17.19355], [55.20509, 17.17621], [55.19549, 17.16083], [55.19874, 17.15575], [55.18922, 17.14476], [55.15886, 17.13581], [55.14357, 17.12783], [55.13844, 17.11888], [55.13299, 17.10505], [55.12477, 17.09248], [55.11256, 17.08686], [55.07179, 17.04218], [55.02687, 17.01113], [55.02068, 17.01113], [55.01092, 17.02627], [54.9992, 17.01968], [54.98699, 17.00536], [54.97535, 16.99746], [54.95965, 16.99486], [54.94508, 16.98998], [54.93133, 16.98713], [54.917, 16.99067], [54.90138, 16.97492], [54.88282, 16.96906], [54.84181, 16.96393], [54.80844, 16.95148], [54.79184, 16.9514], [54.78053, 16.96393], [54.76905, 16.95791], [54.75074, 16.96052], [54.73943, 16.95649], [54.70533, 16.97761], [54.69793, 16.97016], [54.68979, 16.98933], [54.68531, 17.0069], [54.67408, 17.01976], [54.63315, 17.02692], [54.60434, 17.03632], [54.59205, 17.03848], [54.58033, 17.03734], [54.55974, 17.0327], [54.5477, 17.03164], [54.51238, 17.0384], [54.49928, 17.03848], [54.48854, 17.03559], [54.46762, 17.02668], [54.46168, 17.02481], [54.41456, 17.03783], [54.38999, 17.03946], [54.36948, 17.02481], [54.36012, 17.02961], [54.35035, 17.03168], [54.16407, 17.01113], [54.08497, 17.01113], [54.06756, 17.00674], [54.02345, 16.98534], [54.01271, 16.97761], [54.00896, 16.96865], [54.00929, 16.96092], [54.0114, 16.95368], [54.01271, 16.94599], [54.00945, 16.93745], [53.99537, 16.92536], [53.9922, 16.91926], [53.98113, 16.90876], [53.9559, 16.90388], [53.91017, 16.90127], [53.85035, 16.88915], [53.83074, 16.88764], [53.81267, 16.88178], [53.792, 16.87031], [53.77133, 16.86262], [53.75318, 16.86774], [53.73463, 16.85615], [53.70932, 16.83601], [53.68702, 16.81362], [53.6775, 16.79511], [53.66928, 16.78408], [53.65056, 16.77318], [53.61541, 16.75788], [53.58269, 16.74995], [53.42303, 16.74681], [53.33863, 16.73481], [53.1753, 16.68452], [53.09034, 16.6424], [53.0279, 16.77748], [52.96527, 16.91292], [52.90275, 17.04826], [52.84032, 17.18371], [52.80156, 17.26742], [52.79102, 17.28122], [52.77386, 17.28711], [52.73624, 17.28918], [52.72146, 17.29817], [52.72301, 17.29869], [52.72828, 17.29936], [52.73015, 17.29988], [52.69842, 17.37145], [52.65563, 17.46798], [52.61284, 17.56456], [52.57021, 17.66109], [52.52742, 17.75763], [52.48453, 17.85416], [52.44174, 17.95064], [52.399, 18.04727], [52.35616, 18.14378], [52.31332, 18.24028], [52.27069, 18.33687], [52.2278, 18.43342], [52.18501, 18.52993], [52.14233, 18.62651], [52.09954, 18.72304], [52.05675, 18.81963], [52.01396, 18.91616], [51.98569, 18.97973], [51.97861, 18.99564], [52.08993, 19.03264], [52.26108, 19.08969], [52.43213, 19.14674], [52.60312, 19.20379], [52.77438, 19.26079], [52.94553, 19.31787], [53.11658, 19.37492], [53.28784, 19.43194], [53.45889, 19.48899], [53.63004, 19.54599], [53.80109, 19.60307], [53.97224, 19.66012], [54.1435, 19.71714], [54.31465, 19.77419], [54.48559, 19.83119], [54.65675, 19.88819], [54.8279, 19.94527], [54.97838, 19.99542], [55.01052, 20.09201], [55.01714, 20.11174], [55.03574, 20.16756], [55.06447, 20.25427], [55.10189, 20.36685], [55.14623, 20.49999], [55.19553, 20.64856], [55.24834, 20.80741], [55.30291, 20.97149], [55.34462, 21.09691], [55.35748, 21.13556], [55.41019, 21.29446], [55.45959, 21.44303], [55.50383, 21.57615], [55.54124, 21.68865], [55.57008, 21.77542], [55.58857, 21.83123], [55.59519, 21.85102], [55.60017, 21.86606], [55.63757, 21.97897], [55.63705, 22.00191], [55.62671, 22.02377], [55.57359, 22.10594], [55.49277, 22.23079], [55.41205, 22.35569], [55.33112, 22.48059], [55.25041, 22.6055], [55.18684, 22.70358], [55.19759, 22.84946], [55.19129, 22.99537], [55.19129, 22.99547], [55.1948, 23.02508], [55.22591, 23.12125], [55.3211, 23.27509], [55.34322, 23.33628], [55.36409, 23.43601], [55.37526, 23.46934], [55.39396, 23.49518], [55.39417, 23.49528], [55.43148, 23.53293], [55.44533, 23.55226], [55.4783, 23.67636], [55.48739, 23.69326], [55.53411, 23.75677], [55.53835, 23.77005], [55.53514, 23.84588], [55.53059, 23.87467], [55.51458, 23.89661], [55.4783, 23.91658], [55.46155, 23.93056], [55.45277, 23.94856], [55.4568, 23.96316], [55.49979, 23.9706], [55.54227, 23.98544], [55.5617, 23.99523], [55.59106, 24.01001], [55.61834, 24.02014], [55.64687, 24.02502], [55.68004, 24.02427], [55.7126, 24.01923], [55.728, 24.01959], [55.74443, 24.02528], [55.76241, 24.02815], [55.78846, 24.00957], [55.80706, 24.00748], [55.92354, 24.05114], [55.98679, 24.06538], [55.99785, 24.08127], [55.96075, 24.14243], [55.94897, 24.18483], [55.93315, 24.22072], [55.90318, 24.23224], [55.84716, 24.21142], [55.83032, 24.21227], [55.76769, 24.22488], [55.7557, 24.23033], [55.75415, 24.24547], [55.7621, 24.26297], [55.80097, 24.32627], [55.80737, 24.34079], [55.81089, 24.38924], [55.80861, 24.39763], [55.80107, 24.40647], [55.78102, 24.41887], [55.77461, 24.4259], [55.77141, 24.44109], [55.77368, 24.49525], [55.76118, 24.53744], [55.75983, 24.55853], [55.76996, 24.5724], [55.78402, 24.58633], [55.79022, 24.61987], [55.81823, 24.64338], [55.81492, 24.66273], [55.79998, 24.69326], [55.79476, 24.70392], [55.7927, 24.72229], [55.79704, 24.75955], [55.79704, 24.77836], [55.78867, 24.8552], [55.7991, 24.88611], [55.82939, 24.92117], [55.85783, 24.94485], [55.86215, 24.94845], [55.89698, 24.96861], [55.93543, 24.97773], [55.97587, 24.97211], [55.97842, 24.97176], [56.0056, 24.95618], [56.01697, 24.92662], [56.02525, 24.88256], [56.02927, 24.86117], [56.00529, 24.87698], [55.99238, 24.883], [55.97842, 24.88611], [55.96085, 24.88125], [55.95765, 24.86866], [55.96478, 24.85386], [56.00209, 24.82301], [56.03155, 24.75415], [56.06214, 24.73177], [56.07627, 24.72997], [56.07795, 24.72976], [56.09914, 24.73051], [56.11826, 24.73542], [56.12725, 24.7457], [56.13335, 24.76283], [56.15485, 24.78671], [56.17118, 24.82399], [56.17137, 24.82407], [56.18626, 24.83024], [56.22368, 24.83448], [56.24166, 24.84244], [56.27468, 24.87195], [56.28032, 24.87698], [56.30833, 24.89517], [56.3136, 24.90507], [56.31428, 24.91196], [56.31605, 24.92991], [56.31928, 24.96253], [56.32445, 24.96794], [56.32899, 24.97269], [56.38331, 24.97822], [56.40545, 24.89728], [56.46957, 24.77534]]], [[[56.34912, 25.29403], [56.34437, 25.26653], [56.31643, 25.25335], [56.29315, 25.24585], [56.28176, 25.23691], [56.2522, 25.21764], [56.23577, 25.21118], [56.21996, 25.21526], [56.20763, 25.22084], [56.20612, 25.2306], [56.20837, 25.25537], [56.23513, 25.26748], [56.24489, 25.27799], [56.23888, 25.28625], [56.23567, 25.29629], [56.23363, 25.31253], [56.26062, 25.33107], [56.29069, 25.32754], [56.30937, 25.30133], [56.34912, 25.29403]], [[56.27381, 25.28129], [56.26508, 25.28118], [56.25958, 25.27598], [56.26303, 25.24922], [56.28298, 25.25548], [56.28833, 25.27193], [56.27381, 25.28129]]], [[[56.09148, 26.10651], [56.15772, 26.20108], [56.18181, 26.246], [56.1919, 26.25507], [56.20826, 26.26309], [56.20916, 26.25755], [56.20826, 26.24404], [56.2199, 26.22773], [56.21681, 26.22211], [56.21241, 26.20783], [56.2199, 26.20783], [56.2295, 26.21678], [56.25554, 26.21808], [56.26075, 26.2246], [56.26686, 26.22748], [56.27996, 26.22309], [56.29184, 26.21186], [56.29493, 26.19424], [56.30193, 26.20531], [56.30885, 26.20474], [56.31739, 26.20063], [56.32911, 26.20108], [56.35629, 26.21914], [56.36695, 26.2215], [56.39747, 26.21385], [56.40414, 26.21475], [56.40691, 26.22313], [56.40235, 26.23208], [56.39454, 26.23916], [56.38738, 26.24201], [56.36785, 26.24409], [56.35572, 26.24339], [56.34685, 26.23859], [56.34116, 26.23233], [56.33131, 26.22346], [56.31959, 26.21792], [56.30844, 26.2215], [56.30828, 26.23261], [56.31593, 26.27464], [56.31593, 26.29043], [56.34522, 26.26923], [56.35841, 26.26496], [56.36378, 26.27953], [56.35906, 26.28734], [56.34783, 26.29743], [56.334, 26.30614], [56.32228, 26.30964], [56.32651, 26.31892], [56.33204, 26.32075], [56.33814, 26.32071], [56.34401, 26.32392], [56.35629, 26.33759], [56.36183, 26.34951], [56.36053, 26.37128], [56.36378, 26.38597], [56.36997, 26.38597], [56.38364, 26.35871], [56.3991, 26.36791], [56.40414, 26.3723], [56.41163, 26.36494], [56.40691, 26.35737], [56.40651, 26.3548], [56.4087, 26.35236], [56.41163, 26.34504], [56.42107, 26.35212], [56.42693, 26.3496], [56.43189, 26.34296], [56.43897, 26.33759], [56.46217, 26.33186], [56.47438, 26.3308], [56.48732, 26.33137], [56.4852, 26.33588], [56.48178, 26.34736], [56.47983, 26.35187], [56.50099, 26.35871], [56.51108, 26.33348], [56.50896, 26.32372], [56.49497, 26.32274], [56.46957, 26.32392], [56.45281, 26.31835], [56.42286, 26.29462], [56.40626, 26.2849], [56.40748, 26.28486], [56.40724, 26.27912], [56.39861, 26.2687], [56.42091, 26.24763], [56.4323, 26.23945], [56.44581, 26.23518], [56.45493, 26.23933], [56.46534, 26.24726], [56.47625, 26.24917], [56.48732, 26.23518], [56.46876, 26.20551], [56.45965, 26.20209], [56.4533, 26.2215], [56.44304, 26.22045], [56.43198, 26.2215], [56.4358, 26.21161], [56.43686, 26.20527], [56.43539, 26.20014], [56.43198, 26.19424], [56.44459, 26.18236], [56.45973, 26.17426], [56.47291, 26.16401], [56.47983, 26.14582], [56.46811, 26.14598], [56.45737, 26.14842], [56.44776, 26.15314], [56.43897, 26.1601], [56.42457, 26.15379], [56.41245, 26.15843], [56.40496, 26.1706], [56.40414, 26.18675], [56.39829, 26.18342], [56.38315, 26.17699], [56.37745, 26.17373], [56.37696, 26.18439], [56.37892, 26.19253], [56.38364, 26.19806], [56.39112, 26.20108], [56.36842, 26.20453], [56.3436, 26.19139], [56.32879, 26.17284], [56.33595, 26.1601], [56.3309, 26.14932], [56.32976, 26.13711], [56.33172, 26.12421], [56.33595, 26.11164], [56.34474, 26.13182], [56.35304, 26.14265], [56.36378, 26.14582], [56.37013, 26.13947], [56.3711, 26.12783], [56.36834, 26.1149], [56.36378, 26.10488], [56.38331, 26.09748], [56.47299, 26.09862], [56.46437, 26.08535], [56.44923, 26.07355], [56.4183, 26.05707], [56.38917, 26.0471], [56.38014, 26.03824], [56.38364, 26.02228], [56.40886, 26.03437], [56.42286, 26.02314], [56.42335, 26.00463], [56.4004, 25.99047], [56.40504, 25.98045], [56.4183, 25.96393], [56.42213, 25.95661], [56.43116, 25.9527], [56.4533, 25.94717], [56.44549, 25.94245], [56.44264, 25.93928], [56.43897, 25.92609], [56.42416, 25.93317], [56.40789, 25.9374], [56.39332, 25.93586], [56.38364, 25.92609], [56.39943, 25.90233], [56.39259, 25.88044], [56.37615, 25.85928], [56.36378, 25.83796], [56.36264, 25.83063], [56.36378, 25.80687], [56.34401, 25.78954], [56.3274, 25.7624], [56.31625, 25.74958], [56.30177, 25.74177], [56.30177, 25.76289], [56.28793, 25.7416], [56.27377, 25.70913], [56.26661, 25.67259], [56.27377, 25.63931], [56.27905, 25.62745], [56.23753, 25.61658], [56.22151, 25.61384], [56.2058, 25.61777], [56.19877, 25.62526], [56.18885, 25.64541], [56.17986, 25.65208], [56.1564, 25.6559], [56.1525, 25.65796], [56.15082, 25.65885], [56.14513, 25.67084], [56.14038, 25.71554], [56.1412, 25.73269], [56.15195, 25.74313], [56.16487, 25.75218], [56.172, 25.76525], [56.16735, 25.7777], [56.1441, 25.80592], [56.13965, 25.82297], [56.14451, 25.83791], [56.16384, 25.86245], [56.17056, 25.87682], [56.17469, 25.96653], [56.1813, 25.99624], [56.18348, 26.01454], [56.17841, 26.035], [56.1627, 26.07355], [56.15133, 26.07479], [56.10059, 26.06285], [56.0774, 26.06105], [56.07749, 26.06135], [56.08204, 26.07071], [56.09148, 26.10651]]]]}, "properties": {"id": "qr8t", "status": "validé", "pieces": [{"kind": "country"}]}}, {"type": "Feature", "geometry": {"type": "Polygon", "coordinates": [[[55.047, 17.93766], [54.35486, 17.66057], [53.99231, 17.58731], [53.5968, 17.56637], [53.36609, 17.44069], [53.15186, 17.59254], [53.0365, 17.88019], [52.54761, 17.73381], [52.51465, 17.86974], [52.98706, 17.97423], [53.06396, 17.93766], [53.33862, 17.58207], [53.64624, 17.68673], [53.97583, 17.66581], [54.48669, 17.86451], [54.92615, 18.12041], [55.047, 17.93766]]]}, "properties": {"id": "qxO7", "status": "validé", "pieces": [{"kind": "polygon", "ring": [[54.92615, 18.12041], [55.047, 17.93766], [54.35486, 17.66057], [53.99231, 17.58731], [53.5968, 17.56637], [53.36609, 17.44069], [53.15186, 17.59254], [53.0365, 17.88019], [52.54761, 17.73381], [52.51465, 17.86974], [52.98706, 17.97423], [53.06396, 17.93766], [53.33862, 17.58207], [53.64624, 17.68673], [53.97583, 17.66581], [54.48669, 17.86451]]}, {"kind": "clip"}]}}, {"type": "Feature", "geometry": {"type": "MultiPolygon", "coordinates": [[[[55.83172, 17.50227], [55.83172, 17.50235], [55.83709, 17.51008], [55.84881, 17.51529], [55.86297, 17.51887], [55.88307, 17.50715], [55.89088, 17.50458], [55.8908, 17.50454], [55.87582, 17.49592], [55.84571, 17.49608], [55.83627, 17.49095], [55.83619, 17.49091], [55.83245, 17.50039], [55.83172, 17.50227]]], [[[56.05844, 17.54434], [56.06788, 17.53221], [56.08107, 17.52363], [56.09555, 17.51887], [56.06381, 17.49958], [56.04689, 17.49335], [56.0311, 17.49091], [55.98683, 17.49291], [55.97283, 17.49836], [55.9642, 17.51992], [55.99057, 17.53539], [56.02882, 17.54768], [56.05535, 17.5598], [56.05535, 17.55972], [56.0582, 17.54584], [56.05844, 17.54434]]], [[[58.94508, 20.53522], [58.95395, 20.51992], [58.95004, 20.50894], [58.94117, 20.50092], [58.90284, 20.47411], [58.86232, 20.45279], [58.84409, 20.43732], [58.82016, 20.40302], [58.80828, 20.37958], [58.79664, 20.33153], [58.78761, 20.31452], [58.78761, 20.31444], [58.78761, 20.30329], [58.78777, 20.3024], [58.78932, 20.2932], [58.7894, 20.28653], [58.78517, 20.27953], [58.75147, 20.24803], [58.73341, 20.22455], [58.72429, 20.21515], [58.71534, 20.2121], [58.70265, 20.21044], [58.69125, 20.20775], [58.68653, 20.20148], [58.68312, 20.1909], [58.67457, 20.17951], [58.66358, 20.17137], [58.65235, 20.17048], [58.65219, 20.17048], [58.64698, 20.17967], [58.64259, 20.18724], [58.63746, 20.21845], [58.63649, 20.2497], [58.63868, 20.26663], [58.63836, 20.26785], [58.63592, 20.277], [58.64291, 20.35611], [58.6482, 20.36884], [58.65903, 20.38272], [58.66456, 20.38784], [58.68238, 20.40062], [58.68995, 20.40322], [58.6919, 20.40518], [58.69386, 20.40717], [58.69825, 20.42569], [58.70069, 20.4311], [58.71762, 20.437], [58.73422, 20.43765], [58.75123, 20.44013], [58.76889, 20.45161], [58.77711, 20.46219], [58.78077, 20.46699], [58.78452, 20.4794], [58.78517, 20.48164], [58.7894, 20.51992], [58.79558, 20.5384], [58.80486, 20.55345], [58.85287, 20.61335], [58.87135, 20.6496], [58.88258, 20.68252], [58.89129, 20.69428], [58.90626, 20.69798], [58.9183, 20.68146], [58.9183, 20.68134], [58.917, 20.66425], [58.91017, 20.64594], [58.90626, 20.626], [58.90838, 20.60472], [58.91432, 20.58784], [58.94508, 20.53522]]], [[[56.46957, 24.77534], [56.48032, 24.76512], [56.48683, 24.74185], [56.4935, 24.70018], [56.61118, 24.49632], [56.63559, 24.47138], [56.69215, 24.42524], [56.80144, 24.30297], [56.82309, 24.27115], [56.83229, 24.25251], [56.84107, 24.22382], [56.93946, 24.11591], [57.05828, 24.0231], [57.15154, 23.95356], [57.18426, 23.93427], [57.32635, 23.88402], [57.50961, 23.8391], [57.58644, 23.80744], [57.64519, 23.79043], [57.68678, 23.78335], [57.70973, 23.78221], [57.77735, 23.78596], [57.79575, 23.78221], [57.82439, 23.74763], [57.83497, 23.74006], [57.85922, 23.73408], [57.88771, 23.72085], [57.91277, 23.71784], [58.04314, 23.72455], [58.08676, 23.72211], [58.1316, 23.71332], [58.19321, 23.68936], [58.2103, 23.68598], [58.22739, 23.67914], [58.26417, 23.64484], [58.2824, 23.63142], [58.31723, 23.62092], [58.36354, 23.61555], [58.41196, 23.6162], [58.45297, 23.62397], [58.47486, 23.63154], [58.48365, 23.63813], [58.4909, 23.65656], [58.49952, 23.65689], [58.51857, 23.65192], [58.56137, 23.65111], [58.58416, 23.64696], [58.6045, 23.6376], [58.61329, 23.62507], [58.63331, 23.58527], [58.6421, 23.57681], [58.64715, 23.5749], [58.65154, 23.57054], [58.65553, 23.56574], [58.65903, 23.56249], [58.66131, 23.56314], [58.66684, 23.56391], [58.674, 23.56395], [58.68035, 23.56249], [58.69459, 23.55142], [58.7024, 23.54295], [58.70688, 23.53514], [58.71437, 23.53514], [58.72055, 23.54881], [58.72291, 23.5434], [58.72495, 23.54011], [58.72682, 23.53608], [58.72804, 23.52839], [58.73487, 23.52839], [58.73601, 23.53266], [58.74098, 23.54206], [58.74635, 23.53767], [58.74952, 23.53644], [58.76205, 23.54206], [58.78614, 23.51211], [58.79298, 23.49567], [58.7894, 23.48062], [58.79737, 23.46678], [58.80763, 23.42113], [58.82057, 23.40176], [58.87916, 23.35126], [58.91521, 23.33609], [58.92945, 23.3181], [58.94654, 23.27509], [58.95623, 23.25943], [58.9865, 23.23249], [59.00172, 23.21239], [59.0101, 23.15331], [59.07374, 23.09325], [59.07789, 23.08515], [59.08367, 23.05536], [59.0879, 23.04841], [59.09254, 23.04365], [59.12045, 23.02277], [59.17368, 22.99396], [59.20753, 22.97036], [59.23227, 22.94302], [59.25001, 22.91201], [59.28614, 22.82648], [59.28981, 22.81208], [59.29754, 22.79271], [59.31568, 22.77949], [59.35182, 22.76118], [59.39161, 22.70222], [59.39723, 22.6861], [59.41065, 22.67084], [59.45249, 22.6341], [59.4839, 22.61884], [59.50685, 22.60008], [59.5298, 22.58788], [59.53549, 22.58308], [59.53647, 22.57258], [59.53045, 22.57005], [59.52198, 22.57217], [59.51564, 22.57559], [59.5158, 22.56151], [59.52312, 22.55512], [59.53517, 22.55386], [59.54982, 22.55512], [59.6268, 22.57982], [59.65349, 22.56973], [59.69386, 22.54145], [59.69996, 22.54092], [59.71567, 22.54291], [59.7212, 22.54145], [59.72397, 22.53681], [59.72584, 22.52611], [59.72853, 22.52098], [59.72836, 22.51813], [59.72722, 22.51358], [59.72804, 22.50764], [59.73471, 22.50047], [59.73976, 22.49779], [59.7461, 22.49559], [59.75278, 22.49421], [59.75896, 22.49364], [59.76254, 22.4986], [59.75603, 22.50943], [59.74155, 22.52473], [59.74578, 22.53824], [59.75636, 22.53848], [59.77638, 22.54145], [59.80323, 22.53474], [59.82488, 22.50886], [59.83937, 22.47529], [59.84457, 22.44526], [59.82488, 22.2814], [59.81178, 22.23737], [59.79176, 22.19806], [59.73471, 22.12311], [59.70493, 22.09955], [59.68816, 22.08271], [59.68068, 22.06509], [59.67799, 22.0419], [59.65968, 21.99404], [59.65504, 21.94575], [59.64527, 21.92585], [59.60564, 21.91022], [59.59343, 21.89277], [59.577, 21.85627], [59.49789, 21.75633], [59.46762, 21.66641], [59.44858, 21.6249], [59.35499, 21.48566], [59.3475, 21.45356], [59.34425, 21.44473], [59.33619, 21.43773], [59.19532, 21.3791], [59.16627, 21.36278], [59.05437, 21.27709], [58.9192, 21.1437], [58.8781, 21.08381], [58.86793, 21.07477], [58.85426, 21.06562], [58.83855, 21.0445], [58.80787, 20.99079], [58.80445, 20.98159], [58.80193, 20.94623], [58.79884, 20.93602], [58.79298, 20.9274], [58.73487, 20.883], [58.73902, 20.86225], [58.72218, 20.84805], [58.68035, 20.82835], [58.68149, 20.82648], [58.67384, 20.80817], [58.6727, 20.80785], [58.66578, 20.80158], [58.66131, 20.79633], [58.65903, 20.79084], [58.66147, 20.78164], [58.66765, 20.77228], [58.67644, 20.76439], [58.68653, 20.75947], [58.70135, 20.76602], [58.71811, 20.78083], [58.72934, 20.78681], [58.72804, 20.76691], [58.71811, 20.75365], [58.69988, 20.74079], [58.68181, 20.73591], [58.6727, 20.7464], [58.66651, 20.7464], [58.6609, 20.73233], [58.65333, 20.70527], [58.64536, 20.69115], [58.63746, 20.68439], [58.61541, 20.67243], [58.6045, 20.66327], [58.59181, 20.64395], [58.58082, 20.61848], [58.57325, 20.59064], [58.57049, 20.56428], [58.5451, 20.51643], [58.53126, 20.48139], [58.53248, 20.46528], [58.52687, 20.45771], [58.5215, 20.42438], [58.51857, 20.41681], [58.51043, 20.41523], [58.49708, 20.41079], [58.48357, 20.4042], [58.47413, 20.39639], [58.46746, 20.36953], [58.44581, 20.35863], [58.41765, 20.3596], [58.39161, 20.36848], [58.37257, 20.37739], [58.35914, 20.38158], [58.32643, 20.38272], [58.31381, 20.3808], [58.29005, 20.3714], [58.27556, 20.36848], [58.27866, 20.37739], [58.28452, 20.38199], [58.27963, 20.38483], [58.24415, 20.39423], [58.22429, 20.39639], [58.20289, 20.40473], [58.20053, 20.42438], [58.21339, 20.46528], [58.21323, 20.4527], [58.2173, 20.44156], [58.22478, 20.43183], [58.23463, 20.42365], [58.23846, 20.44383], [58.22828, 20.48884], [58.23805, 20.50934], [58.25131, 20.5292], [58.26157, 20.55809], [58.26417, 20.58763], [58.25514, 20.60928], [58.23487, 20.61567], [58.20574, 20.61335], [58.17628, 20.60472], [58.14422, 20.58519], [58.10353, 20.57514], [58.09083, 20.56684], [58.08448, 20.55805], [58.06723, 20.51105], [58.06658, 20.49982], [58.07309, 20.48916], [58.07586, 20.48005], [58.06764, 20.47248], [58.05535, 20.46723], [58.03077, 20.4619], [58.01246, 20.45344], [57.99439, 20.44229], [57.97071, 20.42121], [57.96209, 20.41088], [57.95582, 20.39956], [57.95338, 20.38642], [57.95655, 20.37694], [57.97071, 20.36188], [57.97389, 20.35228], [57.96656, 20.33023], [57.94874, 20.31757], [57.90504, 20.30077], [57.88844, 20.29072], [57.87045, 20.27705], [57.85613, 20.26065], [57.85035, 20.24242], [57.8449, 20.23119], [57.83351, 20.21833], [57.82374, 20.20108], [57.82301, 20.17666], [57.84197, 20.13605], [57.84799, 20.11176], [57.83172, 20.07534], [57.81625, 20.02074], [57.81568, 20.00658], [57.81365, 19.977], [57.79037, 19.92402], [57.77369, 19.86786], [57.76205, 19.84296], [57.6989, 19.75438], [57.68922, 19.72818], [57.69337, 19.69746], [57.70045, 19.68598], [57.70924, 19.67674], [57.71681, 19.66681], [57.71998, 19.65306], [57.72055, 19.62263], [57.71892, 19.60798], [57.71388, 19.59504], [57.70655, 19.56883], [57.70444, 19.54873], [57.71176, 19.52949], [57.76026, 19.45409], [57.76783, 19.43745], [57.77394, 19.40965], [57.77377, 19.38288], [57.76905, 19.35761], [57.75221, 19.31159], [57.7483, 19.291], [57.75066, 19.26805], [57.77084, 19.21695], [57.78053, 19.20112], [57.80568, 19.173], [57.81186, 19.15689], [57.80299, 19.11514], [57.80201, 19.09479], [57.83985, 19.02998], [57.8401, 19.01533], [57.81568, 18.99177], [57.80112, 18.98066], [57.79713, 18.97923], [57.75229, 18.97305], [57.74732, 18.96784], [57.74285, 18.96186], [57.73194, 18.9538], [57.71941, 18.94693], [57.70973, 18.944], [57.50147, 18.95368], [57.44532, 18.94534], [57.20753, 18.90998], [57.08375, 18.87637], [56.91505, 18.81029], [56.85035, 18.76581], [56.80779, 18.74559], [56.78468, 18.72858], [56.77475, 18.70718], [56.76645, 18.69684], [56.65968, 18.59536], [56.64112, 18.55927], [56.63689, 18.51195], [56.6434, 18.47919], [56.6443, 18.4676], [56.64112, 18.4549], [56.62664, 18.43586], [56.62127, 18.41958], [56.61232, 18.3996], [56.60963, 18.38906], [56.60963, 18.34748], [56.6006, 18.30541], [56.54884, 18.18985], [56.56373, 18.17023], [56.56129, 18.14924], [56.54721, 18.12971], [56.5276, 18.11469], [56.48414, 18.0965], [56.46258, 18.08442], [56.43198, 18.03217], [56.42563, 18.02741], [56.41131, 18.02318], [56.40414, 18.01911], [56.35768, 17.96979], [56.35499, 17.96231], [56.35629, 17.94001], [56.3449, 17.93781], [56.18849, 17.9571], [56.16822, 17.95409], [56.13836, 17.94058], [56.11622, 17.93659], [56.0311, 17.94343], [56.01075, 17.94037], [55.94606, 17.91547], [55.90943, 17.90664], [55.65349, 17.89533], [55.55291, 17.87027], [55.53053, 17.86831], [55.52247, 17.86644], [55.51734, 17.86225], [55.51287, 17.85749], [55.5066, 17.85399], [55.48829, 17.85346], [55.48683, 17.85399], [55.45395, 17.8454], [55.44516, 17.84101], [55.43165, 17.82465], [55.41733, 17.78522], [55.40797, 17.7687], [55.39308, 17.75214], [55.38868, 17.74429], [55.37338, 17.70331], [55.36948, 17.69636], [55.35572, 17.68159], [55.26319, 17.60773], [55.23504, 17.55882], [55.2282, 17.53876], [55.22543, 17.51545], [55.2295, 17.48859], [55.24008, 17.47517], [55.27377, 17.45742], [55.29322, 17.43769], [55.30079, 17.41681], [55.30112, 17.37116], [55.2942, 17.35212], [55.25343, 17.29914], [55.25123, 17.28998], [55.24952, 17.27611], [55.25066, 17.26362], [55.25685, 17.25821], [55.26482, 17.25479], [55.26515, 17.24706], [55.26026, 17.23428], [55.25473, 17.22871], [55.22853, 17.21613], [55.21925, 17.21039], [55.21314, 17.20209], [55.20932, 17.19355], [55.20509, 17.17621], [55.19549, 17.16083], [55.19874, 17.15575], [55.18922, 17.14476], [55.15886, 17.13581], [55.14357, 17.12783], [55.13844, 17.11888], [55.13299, 17.10505], [55.12477, 17.09248], [55.11256, 17.08686], [55.07179, 17.04218], [55.02687, 17.01113], [55.02068, 17.01113], [55.01092, 17.02627], [54.9992, 17.01968], [54.98699, 17.00536], [54.97535, 16.99746], [54.95965, 16.99486], [54.94508, 16.98998], [54.93133, 16.98713], [54.917, 16.99067], [54.90138, 16.97492], [54.88282, 16.96906], [54.84181, 16.96393], [54.80844, 16.95148], [54.79184, 16.9514], [54.78053, 16.96393], [54.76905, 16.95791], [54.75074, 16.96052], [54.73943, 16.95649], [54.70533, 16.97761], [54.69793, 16.97016], [54.68979, 16.98933], [54.68531, 17.0069], [54.67408, 17.01976], [54.63315, 17.02692], [54.60434, 17.03632], [54.59205, 17.03848], [54.58033, 17.03734], [54.55974, 17.0327], [54.5477, 17.03164], [54.51238, 17.0384], [54.49928, 17.03848], [54.48854, 17.03559], [54.46762, 17.02668], [54.46168, 17.02481], [54.41456, 17.03783], [54.38999, 17.03946], [54.36948, 17.02481], [54.36012, 17.02961], [54.35035, 17.03168], [54.16407, 17.01113], [54.08497, 17.01113], [54.06756, 17.00674], [54.02345, 16.98534], [54.01271, 16.97761], [54.00896, 16.96865], [54.00929, 16.96092], [54.0114, 16.95368], [54.01271, 16.94599], [54.00945, 16.93745], [53.99537, 16.92536], [53.9922, 16.91926], [53.98113, 16.90876], [53.9559, 16.90388], [53.91017, 16.90127], [53.85035, 16.88915], [53.83074, 16.88764], [53.81267, 16.88178], [53.792, 16.87031], [53.77133, 16.86262], [53.75318, 16.86774], [53.73463, 16.85615], [53.70932, 16.83601], [53.68702, 16.81362], [53.6775, 16.79511], [53.66928, 16.78408], [53.65056, 16.77318], [53.61541, 16.75788], [53.58269, 16.74995], [53.42303, 16.74681], [53.33863, 16.73481], [53.1753, 16.68452], [53.09034, 16.6424], [53.0279, 16.77748], [52.96527, 16.91292], [52.90275, 17.04826], [52.84032, 17.18371], [52.80156, 17.26742], [52.79102, 17.28122], [52.77386, 17.28711], [52.73624, 17.28918], [52.72146, 17.29817], [52.72301, 17.29869], [52.72828, 17.29936], [52.73015, 17.29988], [52.69842, 17.37145], [52.65563, 17.46798], [52.61284, 17.56456], [52.57021, 17.66109], [52.52742, 17.75763], [52.48453, 17.85416], [52.44174, 17.95064], [52.399, 18.04727], [52.35616, 18.14378], [52.31332, 18.24028], [52.27069, 18.33687], [52.2278, 18.43342], [52.18501, 18.52993], [52.14233, 18.62651], [52.09954, 18.72304], [52.05675, 18.81963], [52.01396, 18.91616], [51.98569, 18.97973], [51.97861, 18.99564], [52.08993, 19.03264], [52.26108, 19.08969], [52.43213, 19.14674], [52.60312, 19.20379], [52.77438, 19.26079], [52.94553, 19.31787], [53.11658, 19.37492], [53.28784, 19.43194], [53.45889, 19.48899], [53.63004, 19.54599], [53.80109, 19.60307], [53.97224, 19.66012], [54.1435, 19.71714], [54.31465, 19.77419], [54.48559, 19.83119], [54.65675, 19.88819], [54.8279, 19.94527], [54.97838, 19.99542], [55.01052, 20.09201], [55.01714, 20.11174], [55.03574, 20.16756], [55.06447, 20.25427], [55.10189, 20.36685], [55.14623, 20.49999], [55.19553, 20.64856], [55.24834, 20.80741], [55.30291, 20.97149], [55.34462, 21.09691], [55.35748, 21.13556], [55.41019, 21.29446], [55.45959, 21.44303], [55.50383, 21.57615], [55.54124, 21.68865], [55.57008, 21.77542], [55.58857, 21.83123], [55.59519, 21.85102], [55.60017, 21.86606], [55.63757, 21.97897], [55.63705, 22.00191], [55.62671, 22.02377], [55.57359, 22.10594], [55.49277, 22.23079], [55.41205, 22.35569], [55.33112, 22.48059], [55.25041, 22.6055], [55.18684, 22.70358], [55.19759, 22.84946], [55.19129, 22.99537], [55.19129, 22.99547], [55.1948, 23.02508], [55.22591, 23.12125], [55.3211, 23.27509], [55.34322, 23.33628], [55.36409, 23.43601], [55.37526, 23.46934], [55.39396, 23.49518], [55.39417, 23.49528], [55.43148, 23.53293], [55.44533, 23.55226], [55.4783, 23.67636], [55.48739, 23.69326], [55.53411, 23.75677], [55.53835, 23.77005], [55.53514, 23.84588], [55.53059, 23.87467], [55.51458, 23.89661], [55.4783, 23.91658], [55.46155, 23.93056], [55.45277, 23.94856], [55.4568, 23.96316], [55.49979, 23.9706], [55.54227, 23.98544], [55.5617, 23.99523], [55.59106, 24.01001], [55.61834, 24.02014], [55.64687, 24.02502], [55.68004, 24.02427], [55.7126, 24.01923], [55.728, 24.01959], [55.74443, 24.02528], [55.76241, 24.02815], [55.78846, 24.00957], [55.80706, 24.00748], [55.92354, 24.05114], [55.98679, 24.06538], [55.99785, 24.08127], [55.96075, 24.14243], [55.94897, 24.18483], [55.93315, 24.22072], [55.90318, 24.23224], [55.84716, 24.21142], [55.83032, 24.21227], [55.76769, 24.22488], [55.7557, 24.23033], [55.75415, 24.24547], [55.7621, 24.26297], [55.80097, 24.32627], [55.80737, 24.34079], [55.81089, 24.38924], [55.80861, 24.39763], [55.80107, 24.40647], [55.78102, 24.41887], [55.77461, 24.4259], [55.77141, 24.44109], [55.77368, 24.49525], [55.76118, 24.53744], [55.75983, 24.55853], [55.76996, 24.5724], [55.78402, 24.58633], [55.79022, 24.61987], [55.81823, 24.64338], [55.81492, 24.66273], [55.79998, 24.69326], [55.79476, 24.70392], [55.7927, 24.72229], [55.79704, 24.75955], [55.79704, 24.77836], [55.78867, 24.8552], [55.7991, 24.88611], [55.82939, 24.92117], [55.85783, 24.94485], [55.86215, 24.94845], [55.89698, 24.96861], [55.93543, 24.97773], [55.97587, 24.97211], [55.97842, 24.97176], [56.0056, 24.95618], [56.01697, 24.92662], [56.02525, 24.88256], [56.02927, 24.86117], [56.00529, 24.87698], [55.99238, 24.883], [55.97842, 24.88611], [55.96085, 24.88125], [55.95765, 24.86866], [55.96478, 24.85386], [56.00209, 24.82301], [56.03155, 24.75415], [56.06214, 24.73177], [56.07627, 24.72997], [56.07795, 24.72976], [56.09914, 24.73051], [56.11826, 24.73542], [56.12725, 24.7457], [56.13335, 24.76283], [56.15485, 24.78671], [56.17118, 24.82399], [56.17137, 24.82407], [56.18626, 24.83024], [56.22368, 24.83448], [56.24166, 24.84244], [56.27468, 24.87195], [56.28032, 24.87698], [56.30833, 24.89517], [56.3136, 24.90507], [56.31428, 24.91196], [56.31605, 24.92991], [56.31928, 24.96253], [56.32445, 24.96794], [56.32899, 24.97269], [56.38331, 24.97822], [56.40545, 24.89728], [56.46957, 24.77534]]], [[[56.34912, 25.29403], [56.34437, 25.26653], [56.31643, 25.25335], [56.29315, 25.24585], [56.28176, 25.23691], [56.2522, 25.21764], [56.23577, 25.21118], [56.21996, 25.21526], [56.20763, 25.22084], [56.20612, 25.2306], [56.20837, 25.25537], [56.23513, 25.26748], [56.24489, 25.27799], [56.23888, 25.28625], [56.23567, 25.29629], [56.23363, 25.31253], [56.26062, 25.33107], [56.29069, 25.32754], [56.30937, 25.30133], [56.34912, 25.29403]], [[56.27381, 25.28129], [56.26508, 25.28118], [56.25958, 25.27598], [56.26303, 25.24922], [56.28298, 25.25548], [56.28833, 25.27193], [56.27381, 25.28129]]], [[[56.09148, 26.10651], [56.15772, 26.20108], [56.18181, 26.246], [56.1919, 26.25507], [56.20826, 26.26309], [56.20916, 26.25755], [56.20826, 26.24404], [56.2199, 26.22773], [56.21681, 26.22211], [56.21241, 26.20783], [56.2199, 26.20783], [56.2295, 26.21678], [56.25554, 26.21808], [56.26075, 26.2246], [56.26686, 26.22748], [56.27996, 26.22309], [56.29184, 26.21186], [56.29493, 26.19424], [56.30193, 26.20531], [56.30885, 26.20474], [56.31739, 26.20063], [56.32911, 26.20108], [56.35629, 26.21914], [56.36695, 26.2215], [56.39747, 26.21385], [56.40414, 26.21475], [56.40691, 26.22313], [56.40235, 26.23208], [56.39454, 26.23916], [56.38738, 26.24201], [56.36785, 26.24409], [56.35572, 26.24339], [56.34685, 26.23859], [56.34116, 26.23233], [56.33131, 26.22346], [56.31959, 26.21792], [56.30844, 26.2215], [56.30828, 26.23261], [56.31593, 26.27464], [56.31593, 26.29043], [56.34522, 26.26923], [56.35841, 26.26496], [56.36378, 26.27953], [56.35906, 26.28734], [56.34783, 26.29743], [56.334, 26.30614], [56.32228, 26.30964], [56.32651, 26.31892], [56.33204, 26.32075], [56.33814, 26.32071], [56.34401, 26.32392], [56.35629, 26.33759], [56.36183, 26.34951], [56.36053, 26.37128], [56.36378, 26.38597], [56.36997, 26.38597], [56.38364, 26.35871], [56.3991, 26.36791], [56.40414, 26.3723], [56.41163, 26.36494], [56.40691, 26.35737], [56.40651, 26.3548], [56.4087, 26.35236], [56.41163, 26.34504], [56.42107, 26.35212], [56.42693, 26.3496], [56.43189, 26.34296], [56.43897, 26.33759], [56.46217, 26.33186], [56.47438, 26.3308], [56.48732, 26.33137], [56.4852, 26.33588], [56.48178, 26.34736], [56.47983, 26.35187], [56.50099, 26.35871], [56.51108, 26.33348], [56.50896, 26.32372], [56.49497, 26.32274], [56.46957, 26.32392], [56.45281, 26.31835], [56.42286, 26.29462], [56.40626, 26.2849], [56.40748, 26.28486], [56.40724, 26.27912], [56.39861, 26.2687], [56.42091, 26.24763], [56.4323, 26.23945], [56.44581, 26.23518], [56.45493, 26.23933], [56.46534, 26.24726], [56.47625, 26.24917], [56.48732, 26.23518], [56.46876, 26.20551], [56.45965, 26.20209], [56.4533, 26.2215], [56.44304, 26.22045], [56.43198, 26.2215], [56.4358, 26.21161], [56.43686, 26.20527], [56.43539, 26.20014], [56.43198, 26.19424], [56.44459, 26.18236], [56.45973, 26.17426], [56.47291, 26.16401], [56.47983, 26.14582], [56.46811, 26.14598], [56.45737, 26.14842], [56.44776, 26.15314], [56.43897, 26.1601], [56.42457, 26.15379], [56.41245, 26.15843], [56.40496, 26.1706], [56.40414, 26.18675], [56.39829, 26.18342], [56.38315, 26.17699], [56.37745, 26.17373], [56.37696, 26.18439], [56.37892, 26.19253], [56.38364, 26.19806], [56.39112, 26.20108], [56.36842, 26.20453], [56.3436, 26.19139], [56.32879, 26.17284], [56.33595, 26.1601], [56.3309, 26.14932], [56.32976, 26.13711], [56.33172, 26.12421], [56.33595, 26.11164], [56.34474, 26.13182], [56.35304, 26.14265], [56.36378, 26.14582], [56.37013, 26.13947], [56.3711, 26.12783], [56.36834, 26.1149], [56.36378, 26.10488], [56.38331, 26.09748], [56.47299, 26.09862], [56.46437, 26.08535], [56.44923, 26.07355], [56.4183, 26.05707], [56.38917, 26.0471], [56.38014, 26.03824], [56.38364, 26.02228], [56.40886, 26.03437], [56.42286, 26.02314], [56.42335, 26.00463], [56.4004, 25.99047], [56.40504, 25.98045], [56.4183, 25.96393], [56.42213, 25.95661], [56.43116, 25.9527], [56.4533, 25.94717], [56.44549, 25.94245], [56.44264, 25.93928], [56.43897, 25.92609], [56.42416, 25.93317], [56.40789, 25.9374], [56.39332, 25.93586], [56.38364, 25.92609], [56.39943, 25.90233], [56.39259, 25.88044], [56.37615, 25.85928], [56.36378, 25.83796], [56.36264, 25.83063], [56.36378, 25.80687], [56.34401, 25.78954], [56.3274, 25.7624], [56.31625, 25.74958], [56.30177, 25.74177], [56.30177, 25.76289], [56.28793, 25.7416], [56.27377, 25.70913], [56.26661, 25.67259], [56.27377, 25.63931], [56.27905, 25.62745], [56.23753, 25.61658], [56.22151, 25.61384], [56.2058, 25.61777], [56.19877, 25.62526], [56.18885, 25.64541], [56.17986, 25.65208], [56.1564, 25.6559], [56.1525, 25.65796], [56.15082, 25.65885], [56.14513, 25.67084], [56.14038, 25.71554], [56.1412, 25.73269], [56.15195, 25.74313], [56.16487, 25.75218], [56.172, 25.76525], [56.16735, 25.7777], [56.1441, 25.80592], [56.13965, 25.82297], [56.14451, 25.83791], [56.16384, 25.86245], [56.17056, 25.87682], [56.17469, 25.96653], [56.1813, 25.99624], [56.18348, 26.01454], [56.17841, 26.035], [56.1627, 26.07355], [56.15133, 26.07479], [56.10059, 26.06285], [56.0774, 26.06105], [56.07749, 26.06135], [56.08204, 26.07071], [56.09148, 26.10651]]]]}, "properties": {"id": "rqum", "status": "validé", "pieces": [{"kind": "country"}]}}, {"type": "Feature", "geometry": {"type": "Polygon", "coordinates": [[[59.16138, 22.92952], [58.84277, 23.12155], [58.42529, 23.31331], [57.94189, 23.50479], [57.4585, 23.62558], [56.94214, 23.8367], [56.65649, 24.0575], [56.37085, 24.428], [56.23901, 24.82731], [56.42524, 24.85965], [56.46957, 24.77534], [56.48032, 24.76512], [56.48683, 24.74185], [56.4935, 24.70018], [56.61118, 24.49632], [56.63559, 24.47138], [56.69215, 24.42524], [56.80144, 24.30297], [56.82309, 24.27115], [56.83229, 24.25251], [56.84107, 24.22382], [56.93946, 24.11591], [57.05828, 24.0231], [57.15154, 23.95356], [57.18426, 23.93427], [57.32635, 23.88402], [57.50961, 23.8391], [57.58644, 23.80744], [57.64519, 23.79043], [57.68678, 23.78335], [57.70973, 23.78221], [57.77735, 23.78596], [57.79575, 23.78221], [57.82439, 23.74763], [57.83497, 23.74006], [57.85922, 23.73408], [57.88771, 23.72085], [57.91277, 23.71784], [58.04314, 23.72455], [58.08676, 23.72211], [58.1316, 23.71332], [58.19321, 23.68936], [58.2103, 23.68598], [58.22739, 23.67914], [58.26417, 23.64484], [58.2824, 23.63142], [58.31723, 23.62092], [58.36354, 23.61555], [58.41196, 23.6162], [58.45297, 23.62397], [58.47486, 23.63154], [58.48365, 23.63813], [58.4909, 23.65656], [58.49952, 23.65689], [58.51857, 23.65192], [58.56137, 23.65111], [58.58416, 23.64696], [58.6045, 23.6376], [58.61329, 23.62507], [58.63331, 23.58527], [58.6421, 23.57681], [58.64715, 23.5749], [58.65154, 23.57054], [58.65553, 23.56574], [58.65903, 23.56249], [58.66131, 23.56314], [58.66684, 23.56391], [58.674, 23.56395], [58.68035, 23.56249], [58.69459, 23.55142], [58.7024, 23.54295], [58.70688, 23.53514], [58.71437, 23.53514], [58.72055, 23.54881], [58.72291, 23.5434], [58.72495, 23.54011], [58.72682, 23.53608], [58.72804, 23.52839], [58.73487, 23.52839], [58.73601, 23.53266], [58.74098, 23.54206], [58.74635, 23.53767], [58.74952, 23.53644], [58.76205, 23.54206], [58.78614, 23.51211], [58.79298, 23.49567], [58.7894, 23.48062], [58.79737, 23.46678], [58.80763, 23.42113], [58.82057, 23.40176], [58.87916, 23.35126], [58.91521, 23.33609], [58.92945, 23.3181], [58.94654, 23.27509], [58.95623, 23.25943], [58.9865, 23.23249], [59.00172, 23.21239], [59.0101, 23.15331], [59.07374, 23.09325], [59.07789, 23.08515], [59.08367, 23.05536], [59.0879, 23.04841], [59.09254, 23.04365], [59.12045, 23.02277], [59.17368, 22.99396], [59.18439, 22.98649], [59.16138, 22.92952]]]}, "properties": {"id": "t06U", "status": "validé", "pieces": [{"kind": "polygon", "ring": [[56.23901, 24.82731], [56.37085, 24.428], [56.65649, 24.0575], [56.94214, 23.8367], [57.4585, 23.62558], [57.94189, 23.50479], [58.42529, 23.31331], [58.84277, 23.12155], [59.16138, 22.92952], [59.3042, 23.28305], [58.40332, 24.23788], [56.75537, 24.91698]]}, {"kind": "clip"}]}}, {"type": "Feature", "geometry": {"type": "Polygon", "coordinates": [[[56.26373, 19.91939], [56.50818, 19.91423], [56.78284, 19.69467], [57.07672, 19.57572], [57.44202, 19.41267], [57.5766, 19.46186], [57.57111, 19.51363], [57.46674, 19.46963], [57.06024, 19.67657], [56.7334, 19.83677], [56.53564, 19.98907], [56.29395, 19.96843], [56.26373, 19.91939]]]}, "properties": {"id": "t0HH", "status": "validé", "pieces": [{"kind": "polygon", "ring": [[56.26373, 19.91939], [56.50818, 19.91423], [56.78284, 19.69467], [57.07672, 19.57572], [57.44202, 19.41267], [57.5766, 19.46186], [57.57111, 19.51363], [57.46674, 19.46963], [57.06024, 19.67657], [56.7334, 19.83677], [56.53564, 19.98907], [56.29395, 19.96843]]}]}}, {"type": "Feature", "geometry": {"type": "Polygon", "coordinates": [[[56.27747, 26.13589], [56.27747, 26.25906], [56.17722, 26.25906], [56.17722, 26.13589], [56.27747, 26.13589]]]}, "properties": {"id": "tSZ6", "status": "validé", "pieces": [{"kind": "rect", "bounds": [56.17722, 26.13589, 56.27747, 26.25906]}]}}, {"type": "Feature", "geometry": {"type": "Polygon", "coordinates": [[[53.84949, 17.96405], [53.84949, 18.44393], [53.41003, 18.44393], [53.41003, 17.96405], [53.84949, 17.96405]]]}, "properties": {"id": "tnDu", "status": "validé", "pieces": [{"kind": "rect", "bounds": [53.41003, 17.96405, 53.84949, 18.44393]}]}}, {"type": "Feature", "geometry": {"type": "Polygon", "coordinates": [[[53.29468, 16.88445], [53.5968, 17.0945], [54.10217, 17.29383], [54.43176, 17.29907], [54.66248, 17.27286], [54.75037, 17.17321], [54.71741, 16.98426], [54.68794, 16.99658], [54.68531, 17.0069], [54.67408, 17.01976], [54.63315, 17.02692], [54.60434, 17.03632], [54.59349, 17.03823], [54.57458, 17.04726], [54.3988, 17.08401], [54.26147, 17.08401], [54.09668, 17.05251], [53.97034, 16.979], [53.93543, 16.90271], [53.91017, 16.90127], [53.85035, 16.88915], [53.83074, 16.88764], [53.81267, 16.88178], [53.792, 16.87031], [53.77133, 16.86262], [53.75318, 16.86774], [53.73463, 16.85615], [53.70932, 16.83601], [53.68702, 16.81362], [53.6775, 16.79511], [53.66928, 16.78408], [53.65056, 16.77318], [53.61541, 16.75788], [53.58269, 16.74995], [53.42303, 16.74681], [53.33863, 16.73481], [53.1753, 16.68452], [53.09034, 16.6424], [53.06566, 16.6958], [53.05847, 16.78985], [53.29468, 16.88445]]]}, "properties": {"id": "v23h", "status": "validé", "pieces": [{"kind": "polygon", "ring": [[53.05847, 16.78985], [53.29468, 16.88445], [53.5968, 17.0945], [54.10217, 17.29383], [54.43176, 17.29907], [54.66248, 17.27286], [54.75037, 17.17321], [54.71741, 16.98426], [54.62952, 17.02101], [54.57458, 17.04726], [54.3988, 17.08401], [54.26147, 17.08401], [54.09668, 17.05251], [53.97034, 16.979], [53.93188, 16.89496], [53.77258, 16.67943], [53.21777, 16.5742], [53.07495, 16.5742]]}, {"kind": "clip"}]}}, {"type": "Feature", "geometry": {"type": "MultiPolygon", "coordinates": [[[[55.83172, 17.50227], [55.83172, 17.50235], [55.83709, 17.51008], [55.84881, 17.51529], [55.86297, 17.51887], [55.88307, 17.50715], [55.89088, 17.50458], [55.8908, 17.50454], [55.87582, 17.49592], [55.84571, 17.49608], [55.83627, 17.49095], [55.83619, 17.49091], [55.83245, 17.50039], [55.83172, 17.50227]]], [[[56.05844, 17.54434], [56.06788, 17.53221], [56.08107, 17.52363], [56.09555, 17.51887], [56.06381, 17.49958], [56.04689, 17.49335], [56.0311, 17.49091], [55.98683, 17.49291], [55.97283, 17.49836], [55.9642, 17.51992], [55.99057, 17.53539], [56.02882, 17.54768], [56.05535, 17.5598], [56.05535, 17.55972], [56.0582, 17.54584], [56.05844, 17.54434]]], [[[58.94508, 20.53522], [58.95395, 20.51992], [58.95004, 20.50894], [58.94117, 20.50092], [58.90284, 20.47411], [58.86232, 20.45279], [58.84409, 20.43732], [58.82016, 20.40302], [58.80828, 20.37958], [58.79664, 20.33153], [58.78761, 20.31452], [58.78761, 20.31444], [58.78761, 20.30329], [58.78777, 20.3024], [58.78932, 20.2932], [58.7894, 20.28653], [58.78517, 20.27953], [58.75147, 20.24803], [58.73341, 20.22455], [58.72429, 20.21515], [58.71534, 20.2121], [58.70265, 20.21044], [58.69125, 20.20775], [58.68653, 20.20148], [58.68312, 20.1909], [58.67457, 20.17951], [58.66358, 20.17137], [58.65235, 20.17048], [58.65219, 20.17048], [58.64698, 20.17967], [58.64259, 20.18724], [58.63746, 20.21845], [58.63649, 20.2497], [58.63868, 20.26663], [58.63836, 20.26785], [58.63592, 20.277], [58.64291, 20.35611], [58.6482, 20.36884], [58.65903, 20.38272], [58.66456, 20.38784], [58.68238, 20.40062], [58.68995, 20.40322], [58.6919, 20.40518], [58.69386, 20.40717], [58.69825, 20.42569], [58.70069, 20.4311], [58.71762, 20.437], [58.73422, 20.43765], [58.75123, 20.44013], [58.76889, 20.45161], [58.77711, 20.46219], [58.78077, 20.46699], [58.78452, 20.4794], [58.78517, 20.48164], [58.7894, 20.51992], [58.79558, 20.5384], [58.80486, 20.55345], [58.85287, 20.61335], [58.87135, 20.6496], [58.88258, 20.68252], [58.89129, 20.69428], [58.90626, 20.69798], [58.9183, 20.68146], [58.9183, 20.68134], [58.917, 20.66425], [58.91017, 20.64594], [58.90626, 20.626], [58.90838, 20.60472], [58.91432, 20.58784], [58.94508, 20.53522]]], [[[56.46957, 24.77534], [56.48032, 24.76512], [56.48683, 24.74185], [56.4935, 24.70018], [56.61118, 24.49632], [56.63559, 24.47138], [56.69215, 24.42524], [56.80144, 24.30297], [56.82309, 24.27115], [56.83229, 24.25251], [56.84107, 24.22382], [56.93946, 24.11591], [57.05828, 24.0231], [57.15154, 23.95356], [57.18426, 23.93427], [57.32635, 23.88402], [57.50961, 23.8391], [57.58644, 23.80744], [57.64519, 23.79043], [57.68678, 23.78335], [57.70973, 23.78221], [57.77735, 23.78596], [57.79575, 23.78221], [57.82439, 23.74763], [57.83497, 23.74006], [57.85922, 23.73408], [57.88771, 23.72085], [57.91277, 23.71784], [58.04314, 23.72455], [58.08676, 23.72211], [58.1316, 23.71332], [58.19321, 23.68936], [58.2103, 23.68598], [58.22739, 23.67914], [58.26417, 23.64484], [58.2824, 23.63142], [58.31723, 23.62092], [58.36354, 23.61555], [58.41196, 23.6162], [58.45297, 23.62397], [58.47486, 23.63154], [58.48365, 23.63813], [58.4909, 23.65656], [58.49952, 23.65689], [58.51857, 23.65192], [58.56137, 23.65111], [58.58416, 23.64696], [58.6045, 23.6376], [58.61329, 23.62507], [58.63331, 23.58527], [58.6421, 23.57681], [58.64715, 23.5749], [58.65154, 23.57054], [58.65553, 23.56574], [58.65903, 23.56249], [58.66131, 23.56314], [58.66684, 23.56391], [58.674, 23.56395], [58.68035, 23.56249], [58.69459, 23.55142], [58.7024, 23.54295], [58.70688, 23.53514], [58.71437, 23.53514], [58.72055, 23.54881], [58.72291, 23.5434], [58.72495, 23.54011], [58.72682, 23.53608], [58.72804, 23.52839], [58.73487, 23.52839], [58.73601, 23.53266], [58.74098, 23.54206], [58.74635, 23.53767], [58.74952, 23.53644], [58.76205, 23.54206], [58.78614, 23.51211], [58.79298, 23.49567], [58.7894, 23.48062], [58.79737, 23.46678], [58.80763, 23.42113], [58.82057, 23.40176], [58.87916, 23.35126], [58.91521, 23.33609], [58.92945, 23.3181], [58.94654, 23.27509], [58.95623, 23.25943], [58.9865, 23.23249], [59.00172, 23.21239], [59.0101, 23.15331], [59.07374, 23.09325], [59.07789, 23.08515], [59.08367, 23.05536], [59.0879, 23.04841], [59.09254, 23.04365], [59.12045, 23.02277], [59.17368, 22.99396], [59.20753, 22.97036], [59.23227, 22.94302], [59.25001, 22.91201], [59.28614, 22.82648], [59.28981, 22.81208], [59.29754, 22.79271], [59.31568, 22.77949], [59.35182, 22.76118], [59.39161, 22.70222], [59.39723, 22.6861], [59.41065, 22.67084], [59.45249, 22.6341], [59.4839, 22.61884], [59.50685, 22.60008], [59.5298, 22.58788], [59.53549, 22.58308], [59.53647, 22.57258], [59.53045, 22.57005], [59.52198, 22.57217], [59.51564, 22.57559], [59.5158, 22.56151], [59.52312, 22.55512], [59.53517, 22.55386], [59.54982, 22.55512], [59.6268, 22.57982], [59.65349, 22.56973], [59.69386, 22.54145], [59.69996, 22.54092], [59.71567, 22.54291], [59.7212, 22.54145], [59.72397, 22.53681], [59.72584, 22.52611], [59.72853, 22.52098], [59.72836, 22.51813], [59.72722, 22.51358], [59.72804, 22.50764], [59.73471, 22.50047], [59.73976, 22.49779], [59.7461, 22.49559], [59.75278, 22.49421], [59.75896, 22.49364], [59.76254, 22.4986], [59.75603, 22.50943], [59.74155, 22.52473], [59.74578, 22.53824], [59.75636, 22.53848], [59.77638, 22.54145], [59.80323, 22.53474], [59.82488, 22.50886], [59.83937, 22.47529], [59.84457, 22.44526], [59.82488, 22.2814], [59.81178, 22.23737], [59.79176, 22.19806], [59.73471, 22.12311], [59.70493, 22.09955], [59.68816, 22.08271], [59.68068, 22.06509], [59.67799, 22.0419], [59.65968, 21.99404], [59.65504, 21.94575], [59.64527, 21.92585], [59.60564, 21.91022], [59.59343, 21.89277], [59.577, 21.85627], [59.49789, 21.75633], [59.46762, 21.66641], [59.44858, 21.6249], [59.35499, 21.48566], [59.3475, 21.45356], [59.34425, 21.44473], [59.33619, 21.43773], [59.19532, 21.3791], [59.16627, 21.36278], [59.05437, 21.27709], [58.9192, 21.1437], [58.8781, 21.08381], [58.86793, 21.07477], [58.85426, 21.06562], [58.83855, 21.0445], [58.80787, 20.99079], [58.80445, 20.98159], [58.80193, 20.94623], [58.79884, 20.93602], [58.79298, 20.9274], [58.73487, 20.883], [58.73902, 20.86225], [58.72218, 20.84805], [58.68035, 20.82835], [58.68149, 20.82648], [58.67384, 20.80817], [58.6727, 20.80785], [58.66578, 20.80158], [58.66131, 20.79633], [58.65903, 20.79084], [58.66147, 20.78164], [58.66765, 20.77228], [58.67644, 20.76439], [58.68653, 20.75947], [58.70135, 20.76602], [58.71811, 20.78083], [58.72934, 20.78681], [58.72804, 20.76691], [58.71811, 20.75365], [58.69988, 20.74079], [58.68181, 20.73591], [58.6727, 20.7464], [58.66651, 20.7464], [58.6609, 20.73233], [58.65333, 20.70527], [58.64536, 20.69115], [58.63746, 20.68439], [58.61541, 20.67243], [58.6045, 20.66327], [58.59181, 20.64395], [58.58082, 20.61848], [58.57325, 20.59064], [58.57049, 20.56428], [58.5451, 20.51643], [58.53126, 20.48139], [58.53248, 20.46528], [58.52687, 20.45771], [58.5215, 20.42438], [58.51857, 20.41681], [58.51043, 20.41523], [58.49708, 20.41079], [58.48357, 20.4042], [58.47413, 20.39639], [58.46746, 20.36953], [58.44581, 20.35863], [58.41765, 20.3596], [58.39161, 20.36848], [58.37257, 20.37739], [58.35914, 20.38158], [58.32643, 20.38272], [58.31381, 20.3808], [58.29005, 20.3714], [58.27556, 20.36848], [58.27866, 20.37739], [58.28452, 20.38199], [58.27963, 20.38483], [58.24415, 20.39423], [58.22429, 20.39639], [58.20289, 20.40473], [58.20053, 20.42438], [58.21339, 20.46528], [58.21323, 20.4527], [58.2173, 20.44156], [58.22478, 20.43183], [58.23463, 20.42365], [58.23846, 20.44383], [58.22828, 20.48884], [58.23805, 20.50934], [58.25131, 20.5292], [58.26157, 20.55809], [58.26417, 20.58763], [58.25514, 20.60928], [58.23487, 20.61567], [58.20574, 20.61335], [58.17628, 20.60472], [58.14422, 20.58519], [58.10353, 20.57514], [58.09083, 20.56684], [58.08448, 20.55805], [58.06723, 20.51105], [58.06658, 20.49982], [58.07309, 20.48916], [58.07586, 20.48005], [58.06764, 20.47248], [58.05535, 20.46723], [58.03077, 20.4619], [58.01246, 20.45344], [57.99439, 20.44229], [57.97071, 20.42121], [57.96209, 20.41088], [57.95582, 20.39956], [57.95338, 20.38642], [57.95655, 20.37694], [57.97071, 20.36188], [57.97389, 20.35228], [57.96656, 20.33023], [57.94874, 20.31757], [57.90504, 20.30077], [57.88844, 20.29072], [57.87045, 20.27705], [57.85613, 20.26065], [57.85035, 20.24242], [57.8449, 20.23119], [57.83351, 20.21833], [57.82374, 20.20108], [57.82301, 20.17666], [57.84197, 20.13605], [57.84799, 20.11176], [57.83172, 20.07534], [57.81625, 20.02074], [57.81568, 20.00658], [57.81365, 19.977], [57.79037, 19.92402], [57.77369, 19.86786], [57.76205, 19.84296], [57.6989, 19.75438], [57.68922, 19.72818], [57.69337, 19.69746], [57.70045, 19.68598], [57.70924, 19.67674], [57.71681, 19.66681], [57.71998, 19.65306], [57.72055, 19.62263], [57.71892, 19.60798], [57.71388, 19.59504], [57.70655, 19.56883], [57.70444, 19.54873], [57.71176, 19.52949], [57.76026, 19.45409], [57.76783, 19.43745], [57.77394, 19.40965], [57.77377, 19.38288], [57.76905, 19.35761], [57.75221, 19.31159], [57.7483, 19.291], [57.75066, 19.26805], [57.77084, 19.21695], [57.78053, 19.20112], [57.80568, 19.173], [57.81186, 19.15689], [57.80299, 19.11514], [57.80201, 19.09479], [57.83985, 19.02998], [57.8401, 19.01533], [57.81568, 18.99177], [57.80112, 18.98066], [57.79713, 18.97923], [57.75229, 18.97305], [57.74732, 18.96784], [57.74285, 18.96186], [57.73194, 18.9538], [57.71941, 18.94693], [57.70973, 18.944], [57.50147, 18.95368], [57.44532, 18.94534], [57.20753, 18.90998], [57.08375, 18.87637], [56.91505, 18.81029], [56.85035, 18.76581], [56.80779, 18.74559], [56.78468, 18.72858], [56.77475, 18.70718], [56.76645, 18.69684], [56.65968, 18.59536], [56.64112, 18.55927], [56.63689, 18.51195], [56.6434, 18.47919], [56.6443, 18.4676], [56.64112, 18.4549], [56.62664, 18.43586], [56.62127, 18.41958], [56.61232, 18.3996], [56.60963, 18.38906], [56.60963, 18.34748], [56.6006, 18.30541], [56.54884, 18.18985], [56.56373, 18.17023], [56.56129, 18.14924], [56.54721, 18.12971], [56.5276, 18.11469], [56.48414, 18.0965], [56.46258, 18.08442], [56.43198, 18.03217], [56.42563, 18.02741], [56.41131, 18.02318], [56.40414, 18.01911], [56.35768, 17.96979], [56.35499, 17.96231], [56.35629, 17.94001], [56.3449, 17.93781], [56.18849, 17.9571], [56.16822, 17.95409], [56.13836, 17.94058], [56.11622, 17.93659], [56.0311, 17.94343], [56.01075, 17.94037], [55.94606, 17.91547], [55.90943, 17.90664], [55.65349, 17.89533], [55.55291, 17.87027], [55.53053, 17.86831], [55.52247, 17.86644], [55.51734, 17.86225], [55.51287, 17.85749], [55.5066, 17.85399], [55.48829, 17.85346], [55.48683, 17.85399], [55.45395, 17.8454], [55.44516, 17.84101], [55.43165, 17.82465], [55.41733, 17.78522], [55.40797, 17.7687], [55.39308, 17.75214], [55.38868, 17.74429], [55.37338, 17.70331], [55.36948, 17.69636], [55.35572, 17.68159], [55.26319, 17.60773], [55.23504, 17.55882], [55.2282, 17.53876], [55.22543, 17.51545], [55.2295, 17.48859], [55.24008, 17.47517], [55.27377, 17.45742], [55.29322, 17.43769], [55.30079, 17.41681], [55.30112, 17.37116], [55.2942, 17.35212], [55.25343, 17.29914], [55.25123, 17.28998], [55.24952, 17.27611], [55.25066, 17.26362], [55.25685, 17.25821], [55.26482, 17.25479], [55.26515, 17.24706], [55.26026, 17.23428], [55.25473, 17.22871], [55.22853, 17.21613], [55.21925, 17.21039], [55.21314, 17.20209], [55.20932, 17.19355], [55.20509, 17.17621], [55.19549, 17.16083], [55.19874, 17.15575], [55.18922, 17.14476], [55.15886, 17.13581], [55.14357, 17.12783], [55.13844, 17.11888], [55.13299, 17.10505], [55.12477, 17.09248], [55.11256, 17.08686], [55.07179, 17.04218], [55.02687, 17.01113], [55.02068, 17.01113], [55.01092, 17.02627], [54.9992, 17.01968], [54.98699, 17.00536], [54.97535, 16.99746], [54.95965, 16.99486], [54.94508, 16.98998], [54.93133, 16.98713], [54.917, 16.99067], [54.90138, 16.97492], [54.88282, 16.96906], [54.84181, 16.96393], [54.80844, 16.95148], [54.79184, 16.9514], [54.78053, 16.96393], [54.76905, 16.95791], [54.75074, 16.96052], [54.73943, 16.95649], [54.70533, 16.97761], [54.69793, 16.97016], [54.68979, 16.98933], [54.68531, 17.0069], [54.67408, 17.01976], [54.63315, 17.02692], [54.60434, 17.03632], [54.59205, 17.03848], [54.58033, 17.03734], [54.55974, 17.0327], [54.5477, 17.03164], [54.51238, 17.0384], [54.49928, 17.03848], [54.48854, 17.03559], [54.46762, 17.02668], [54.46168, 17.02481], [54.41456, 17.03783], [54.38999, 17.03946], [54.36948, 17.02481], [54.36012, 17.02961], [54.35035, 17.03168], [54.16407, 17.01113], [54.08497, 17.01113], [54.06756, 17.00674], [54.02345, 16.98534], [54.01271, 16.97761], [54.00896, 16.96865], [54.00929, 16.96092], [54.0114, 16.95368], [54.01271, 16.94599], [54.00945, 16.93745], [53.99537, 16.92536], [53.9922, 16.91926], [53.98113, 16.90876], [53.9559, 16.90388], [53.91017, 16.90127], [53.85035, 16.88915], [53.83074, 16.88764], [53.81267, 16.88178], [53.792, 16.87031], [53.77133, 16.86262], [53.75318, 16.86774], [53.73463, 16.85615], [53.70932, 16.83601], [53.68702, 16.81362], [53.6775, 16.79511], [53.66928, 16.78408], [53.65056, 16.77318], [53.61541, 16.75788], [53.58269, 16.74995], [53.42303, 16.74681], [53.33863, 16.73481], [53.1753, 16.68452], [53.09034, 16.6424], [53.0279, 16.77748], [52.96527, 16.91292], [52.90275, 17.04826], [52.84032, 17.18371], [52.80156, 17.26742], [52.79102, 17.28122], [52.77386, 17.28711], [52.73624, 17.28918], [52.72146, 17.29817], [52.72301, 17.29869], [52.72828, 17.29936], [52.73015, 17.29988], [52.69842, 17.37145], [52.65563, 17.46798], [52.61284, 17.56456], [52.57021, 17.66109], [52.52742, 17.75763], [52.48453, 17.85416], [52.44174, 17.95064], [52.399, 18.04727], [52.35616, 18.14378], [52.31332, 18.24028], [52.27069, 18.33687], [52.2278, 18.43342], [52.18501, 18.52993], [52.14233, 18.62651], [52.09954, 18.72304], [52.05675, 18.81963], [52.01396, 18.91616], [51.98569, 18.97973], [51.97861, 18.99564], [52.08993, 19.03264], [52.26108, 19.08969], [52.43213, 19.14674], [52.60312, 19.20379], [52.77438, 19.26079], [52.94553, 19.31787], [53.11658, 19.37492], [53.28784, 19.43194], [53.45889, 19.48899], [53.63004, 19.54599], [53.80109, 19.60307], [53.97224, 19.66012], [54.1435, 19.71714], [54.31465, 19.77419], [54.48559, 19.83119], [54.65675, 19.88819], [54.8279, 19.94527], [54.97838, 19.99542], [55.01052, 20.09201], [55.01714, 20.11174], [55.03574, 20.16756], [55.06447, 20.25427], [55.10189, 20.36685], [55.14623, 20.49999], [55.19553, 20.64856], [55.24834, 20.80741], [55.30291, 20.97149], [55.34462, 21.09691], [55.35748, 21.13556], [55.41019, 21.29446], [55.45959, 21.44303], [55.50383, 21.57615], [55.54124, 21.68865], [55.57008, 21.77542], [55.58857, 21.83123], [55.59519, 21.85102], [55.60017, 21.86606], [55.63757, 21.97897], [55.63705, 22.00191], [55.62671, 22.02377], [55.57359, 22.10594], [55.49277, 22.23079], [55.41205, 22.35569], [55.33112, 22.48059], [55.25041, 22.6055], [55.18684, 22.70358], [55.19759, 22.84946], [55.19129, 22.99537], [55.19129, 22.99547], [55.1948, 23.02508], [55.22591, 23.12125], [55.3211, 23.27509], [55.34322, 23.33628], [55.36409, 23.43601], [55.37526, 23.46934], [55.39396, 23.49518], [55.39417, 23.49528], [55.43148, 23.53293], [55.44533, 23.55226], [55.4783, 23.67636], [55.48739, 23.69326], [55.53411, 23.75677], [55.53835, 23.77005], [55.53514, 23.84588], [55.53059, 23.87467], [55.51458, 23.89661], [55.4783, 23.91658], [55.46155, 23.93056], [55.45277, 23.94856], [55.4568, 23.96316], [55.49979, 23.9706], [55.54227, 23.98544], [55.5617, 23.99523], [55.59106, 24.01001], [55.61834, 24.02014], [55.64687, 24.02502], [55.68004, 24.02427], [55.7126, 24.01923], [55.728, 24.01959], [55.74443, 24.02528], [55.76241, 24.02815], [55.78846, 24.00957], [55.80706, 24.00748], [55.92354, 24.05114], [55.98679, 24.06538], [55.99785, 24.08127], [55.96075, 24.14243], [55.94897, 24.18483], [55.93315, 24.22072], [55.90318, 24.23224], [55.84716, 24.21142], [55.83032, 24.21227], [55.76769, 24.22488], [55.7557, 24.23033], [55.75415, 24.24547], [55.7621, 24.26297], [55.80097, 24.32627], [55.80737, 24.34079], [55.81089, 24.38924], [55.80861, 24.39763], [55.80107, 24.40647], [55.78102, 24.41887], [55.77461, 24.4259], [55.77141, 24.44109], [55.77368, 24.49525], [55.76118, 24.53744], [55.75983, 24.55853], [55.76996, 24.5724], [55.78402, 24.58633], [55.79022, 24.61987], [55.81823, 24.64338], [55.81492, 24.66273], [55.79998, 24.69326], [55.79476, 24.70392], [55.7927, 24.72229], [55.79704, 24.75955], [55.79704, 24.77836], [55.78867, 24.8552], [55.7991, 24.88611], [55.82939, 24.92117], [55.85783, 24.94485], [55.86215, 24.94845], [55.89698, 24.96861], [55.93543, 24.97773], [55.97587, 24.97211], [55.97842, 24.97176], [56.0056, 24.95618], [56.01697, 24.92662], [56.02525, 24.88256], [56.02927, 24.86117], [56.00529, 24.87698], [55.99238, 24.883], [55.97842, 24.88611], [55.96085, 24.88125], [55.95765, 24.86866], [55.96478, 24.85386], [56.00209, 24.82301], [56.03155, 24.75415], [56.06214, 24.73177], [56.07627, 24.72997], [56.07795, 24.72976], [56.09914, 24.73051], [56.11826, 24.73542], [56.12725, 24.7457], [56.13335, 24.76283], [56.15485, 24.78671], [56.17118, 24.82399], [56.17137, 24.82407], [56.18626, 24.83024], [56.22368, 24.83448], [56.24166, 24.84244], [56.27468, 24.87195], [56.28032, 24.87698], [56.30833, 24.89517], [56.3136, 24.90507], [56.31428, 24.91196], [56.31605, 24.92991], [56.31928, 24.96253], [56.32445, 24.96794], [56.32899, 24.97269], [56.38331, 24.97822], [56.40545, 24.89728], [56.46957, 24.77534]]], [[[56.34912, 25.29403], [56.34437, 25.26653], [56.31643, 25.25335], [56.29315, 25.24585], [56.28176, 25.23691], [56.2522, 25.21764], [56.23577, 25.21118], [56.21996, 25.21526], [56.20763, 25.22084], [56.20612, 25.2306], [56.20837, 25.25537], [56.23513, 25.26748], [56.24489, 25.27799], [56.23888, 25.28625], [56.23567, 25.29629], [56.23363, 25.31253], [56.26062, 25.33107], [56.29069, 25.32754], [56.30937, 25.30133], [56.34912, 25.29403]], [[56.27381, 25.28129], [56.26508, 25.28118], [56.25958, 25.27598], [56.26303, 25.24922], [56.28298, 25.25548], [56.28833, 25.27193], [56.27381, 25.28129]]], [[[56.09148, 26.10651], [56.15772, 26.20108], [56.18181, 26.246], [56.1919, 26.25507], [56.20826, 26.26309], [56.20916, 26.25755], [56.20826, 26.24404], [56.2199, 26.22773], [56.21681, 26.22211], [56.21241, 26.20783], [56.2199, 26.20783], [56.2295, 26.21678], [56.25554, 26.21808], [56.26075, 26.2246], [56.26686, 26.22748], [56.27996, 26.22309], [56.29184, 26.21186], [56.29493, 26.19424], [56.30193, 26.20531], [56.30885, 26.20474], [56.31739, 26.20063], [56.32911, 26.20108], [56.35629, 26.21914], [56.36695, 26.2215], [56.39747, 26.21385], [56.40414, 26.21475], [56.40691, 26.22313], [56.40235, 26.23208], [56.39454, 26.23916], [56.38738, 26.24201], [56.36785, 26.24409], [56.35572, 26.24339], [56.34685, 26.23859], [56.34116, 26.23233], [56.33131, 26.22346], [56.31959, 26.21792], [56.30844, 26.2215], [56.30828, 26.23261], [56.31593, 26.27464], [56.31593, 26.29043], [56.34522, 26.26923], [56.35841, 26.26496], [56.36378, 26.27953], [56.35906, 26.28734], [56.34783, 26.29743], [56.334, 26.30614], [56.32228, 26.30964], [56.32651, 26.31892], [56.33204, 26.32075], [56.33814, 26.32071], [56.34401, 26.32392], [56.35629, 26.33759], [56.36183, 26.34951], [56.36053, 26.37128], [56.36378, 26.38597], [56.36997, 26.38597], [56.38364, 26.35871], [56.3991, 26.36791], [56.40414, 26.3723], [56.41163, 26.36494], [56.40691, 26.35737], [56.40651, 26.3548], [56.4087, 26.35236], [56.41163, 26.34504], [56.42107, 26.35212], [56.42693, 26.3496], [56.43189, 26.34296], [56.43897, 26.33759], [56.46217, 26.33186], [56.47438, 26.3308], [56.48732, 26.33137], [56.4852, 26.33588], [56.48178, 26.34736], [56.47983, 26.35187], [56.50099, 26.35871], [56.51108, 26.33348], [56.50896, 26.32372], [56.49497, 26.32274], [56.46957, 26.32392], [56.45281, 26.31835], [56.42286, 26.29462], [56.40626, 26.2849], [56.40748, 26.28486], [56.40724, 26.27912], [56.39861, 26.2687], [56.42091, 26.24763], [56.4323, 26.23945], [56.44581, 26.23518], [56.45493, 26.23933], [56.46534, 26.24726], [56.47625, 26.24917], [56.48732, 26.23518], [56.46876, 26.20551], [56.45965, 26.20209], [56.4533, 26.2215], [56.44304, 26.22045], [56.43198, 26.2215], [56.4358, 26.21161], [56.43686, 26.20527], [56.43539, 26.20014], [56.43198, 26.19424], [56.44459, 26.18236], [56.45973, 26.17426], [56.47291, 26.16401], [56.47983, 26.14582], [56.46811, 26.14598], [56.45737, 26.14842], [56.44776, 26.15314], [56.43897, 26.1601], [56.42457, 26.15379], [56.41245, 26.15843], [56.40496, 26.1706], [56.40414, 26.18675], [56.39829, 26.18342], [56.38315, 26.17699], [56.37745, 26.17373], [56.37696, 26.18439], [56.37892, 26.19253], [56.38364, 26.19806], [56.39112, 26.20108], [56.36842, 26.20453], [56.3436, 26.19139], [56.32879, 26.17284], [56.33595, 26.1601], [56.3309, 26.14932], [56.32976, 26.13711], [56.33172, 26.12421], [56.33595, 26.11164], [56.34474, 26.13182], [56.35304, 26.14265], [56.36378, 26.14582], [56.37013, 26.13947], [56.3711, 26.12783], [56.36834, 26.1149], [56.36378, 26.10488], [56.38331, 26.09748], [56.47299, 26.09862], [56.46437, 26.08535], [56.44923, 26.07355], [56.4183, 26.05707], [56.38917, 26.0471], [56.38014, 26.03824], [56.38364, 26.02228], [56.40886, 26.03437], [56.42286, 26.02314], [56.42335, 26.00463], [56.4004, 25.99047], [56.40504, 25.98045], [56.4183, 25.96393], [56.42213, 25.95661], [56.43116, 25.9527], [56.4533, 25.94717], [56.44549, 25.94245], [56.44264, 25.93928], [56.43897, 25.92609], [56.42416, 25.93317], [56.40789, 25.9374], [56.39332, 25.93586], [56.38364, 25.92609], [56.39943, 25.90233], [56.39259, 25.88044], [56.37615, 25.85928], [56.36378, 25.83796], [56.36264, 25.83063], [56.36378, 25.80687], [56.34401, 25.78954], [56.3274, 25.7624], [56.31625, 25.74958], [56.30177, 25.74177], [56.30177, 25.76289], [56.28793, 25.7416], [56.27377, 25.70913], [56.26661, 25.67259], [56.27377, 25.63931], [56.27905, 25.62745], [56.23753, 25.61658], [56.22151, 25.61384], [56.2058, 25.61777], [56.19877, 25.62526], [56.18885, 25.64541], [56.17986, 25.65208], [56.1564, 25.6559], [56.1525, 25.65796], [56.15082, 25.65885], [56.14513, 25.67084], [56.14038, 25.71554], [56.1412, 25.73269], [56.15195, 25.74313], [56.16487, 25.75218], [56.172, 25.76525], [56.16735, 25.7777], [56.1441, 25.80592], [56.13965, 25.82297], [56.14451, 25.83791], [56.16384, 25.86245], [56.17056, 25.87682], [56.17469, 25.96653], [56.1813, 25.99624], [56.18348, 26.01454], [56.17841, 26.035], [56.1627, 26.07355], [56.15133, 26.07479], [56.10059, 26.06285], [56.0774, 26.06105], [56.07749, 26.06135], [56.08204, 26.07071], [56.09148, 26.10651]]]]}, "properties": {"id": "vDCC", "status": "validé", "pieces": [{"kind": "country"}]}}, {"type": "Feature", "geometry": {"type": "Polygon", "coordinates": [[[59.17236, 21.85334], [58.8208, 22.0774], [58.48022, 22.19947], [58.27148, 22.24013], [58.19458, 22.06722], [58.0188, 21.87372], [57.75513, 21.99597], [57.97485, 22.33159], [58.16162, 22.59545], [58.40332, 22.6968], [58.65601, 22.6664], [58.88672, 22.44328], [58.95264, 22.28079], [59.35913, 22.02651], [59.6228, 21.99597], [59.55924, 21.83384], [59.51386, 21.77651], [59.17236, 21.85334]]]}, "properties": {"id": "vKos", "status": "validé", "pieces": [{"kind": "polygon", "ring": [[59.53491, 21.77178], [59.17236, 21.85334], [58.8208, 22.0774], [58.48022, 22.19947], [58.27148, 22.24013], [58.19458, 22.06722], [58.0188, 21.87372], [57.75513, 21.99597], [57.97485, 22.33159], [58.16162, 22.59545], [58.40332, 22.6968], [58.65601, 22.6664], [58.88672, 22.44328], [58.95264, 22.28079], [59.35913, 22.02651], [59.6228, 21.99597]]}, {"kind": "clip"}]}}, {"type": "Feature", "geometry": {"type": "MultiPolygon", "coordinates": [[[[55.83172, 17.50227], [55.83172, 17.50235], [55.83709, 17.51008], [55.84881, 17.51529], [55.86297, 17.51887], [55.88307, 17.50715], [55.89088, 17.50458], [55.8908, 17.50454], [55.87582, 17.49592], [55.84571, 17.49608], [55.83627, 17.49095], [55.83619, 17.49091], [55.83245, 17.50039], [55.83172, 17.50227]]], [[[56.05844, 17.54434], [56.06788, 17.53221], [56.08107, 17.52363], [56.09555, 17.51887], [56.06381, 17.49958], [56.04689, 17.49335], [56.0311, 17.49091], [55.98683, 17.49291], [55.97283, 17.49836], [55.9642, 17.51992], [55.99057, 17.53539], [56.02882, 17.54768], [56.05535, 17.5598], [56.05535, 17.55972], [56.0582, 17.54584], [56.05844, 17.54434]]], [[[58.94508, 20.53522], [58.95395, 20.51992], [58.95004, 20.50894], [58.94117, 20.50092], [58.90284, 20.47411], [58.86232, 20.45279], [58.84409, 20.43732], [58.82016, 20.40302], [58.80828, 20.37958], [58.79664, 20.33153], [58.78761, 20.31452], [58.78761, 20.31444], [58.78761, 20.30329], [58.78777, 20.3024], [58.78932, 20.2932], [58.7894, 20.28653], [58.78517, 20.27953], [58.75147, 20.24803], [58.73341, 20.22455], [58.72429, 20.21515], [58.71534, 20.2121], [58.70265, 20.21044], [58.69125, 20.20775], [58.68653, 20.20148], [58.68312, 20.1909], [58.67457, 20.17951], [58.66358, 20.17137], [58.65235, 20.17048], [58.65219, 20.17048], [58.64698, 20.17967], [58.64259, 20.18724], [58.63746, 20.21845], [58.63649, 20.2497], [58.63868, 20.26663], [58.63836, 20.26785], [58.63592, 20.277], [58.64291, 20.35611], [58.6482, 20.36884], [58.65903, 20.38272], [58.66456, 20.38784], [58.68238, 20.40062], [58.68995, 20.40322], [58.6919, 20.40518], [58.69386, 20.40717], [58.69825, 20.42569], [58.70069, 20.4311], [58.71762, 20.437], [58.73422, 20.43765], [58.75123, 20.44013], [58.76889, 20.45161], [58.77711, 20.46219], [58.78077, 20.46699], [58.78452, 20.4794], [58.78517, 20.48164], [58.7894, 20.51992], [58.79558, 20.5384], [58.80486, 20.55345], [58.85287, 20.61335], [58.87135, 20.6496], [58.88258, 20.68252], [58.89129, 20.69428], [58.90626, 20.69798], [58.9183, 20.68146], [58.9183, 20.68134], [58.917, 20.66425], [58.91017, 20.64594], [58.90626, 20.626], [58.90838, 20.60472], [58.91432, 20.58784], [58.94508, 20.53522]]], [[[56.46957, 24.77534], [56.48032, 24.76512], [56.48683, 24.74185], [56.4935, 24.70018], [56.61118, 24.49632], [56.63559, 24.47138], [56.69215, 24.42524], [56.80144, 24.30297], [56.82309, 24.27115], [56.83229, 24.25251], [56.84107, 24.22382], [56.93946, 24.11591], [57.05828, 24.0231], [57.15154, 23.95356], [57.18426, 23.93427], [57.32635, 23.88402], [57.50961, 23.8391], [57.58644, 23.80744], [57.64519, 23.79043], [57.68678, 23.78335], [57.70973, 23.78221], [57.77735, 23.78596], [57.79575, 23.78221], [57.82439, 23.74763], [57.83497, 23.74006], [57.85922, 23.73408], [57.88771, 23.72085], [57.91277, 23.71784], [58.04314, 23.72455], [58.08676, 23.72211], [58.1316, 23.71332], [58.19321, 23.68936], [58.2103, 23.68598], [58.22739, 23.67914], [58.26417, 23.64484], [58.2824, 23.63142], [58.31723, 23.62092], [58.36354, 23.61555], [58.41196, 23.6162], [58.45297, 23.62397], [58.47486, 23.63154], [58.48365, 23.63813], [58.4909, 23.65656], [58.49952, 23.65689], [58.51857, 23.65192], [58.56137, 23.65111], [58.58416, 23.64696], [58.6045, 23.6376], [58.61329, 23.62507], [58.63331, 23.58527], [58.6421, 23.57681], [58.64715, 23.5749], [58.65154, 23.57054], [58.65553, 23.56574], [58.65903, 23.56249], [58.66131, 23.56314], [58.66684, 23.56391], [58.674, 23.56395], [58.68035, 23.56249], [58.69459, 23.55142], [58.7024, 23.54295], [58.70688, 23.53514], [58.71437, 23.53514], [58.72055, 23.54881], [58.72291, 23.5434], [58.72495, 23.54011], [58.72682, 23.53608], [58.72804, 23.52839], [58.73487, 23.52839], [58.73601, 23.53266], [58.74098, 23.54206], [58.74635, 23.53767], [58.74952, 23.53644], [58.76205, 23.54206], [58.78614, 23.51211], [58.79298, 23.49567], [58.7894, 23.48062], [58.79737, 23.46678], [58.80763, 23.42113], [58.82057, 23.40176], [58.87916, 23.35126], [58.91521, 23.33609], [58.92945, 23.3181], [58.94654, 23.27509], [58.95623, 23.25943], [58.9865, 23.23249], [59.00172, 23.21239], [59.0101, 23.15331], [59.07374, 23.09325], [59.07789, 23.08515], [59.08367, 23.05536], [59.0879, 23.04841], [59.09254, 23.04365], [59.12045, 23.02277], [59.17368, 22.99396], [59.20753, 22.97036], [59.23227, 22.94302], [59.25001, 22.91201], [59.28614, 22.82648], [59.28981, 22.81208], [59.29754, 22.79271], [59.31568, 22.77949], [59.35182, 22.76118], [59.39161, 22.70222], [59.39723, 22.6861], [59.41065, 22.67084], [59.45249, 22.6341], [59.4839, 22.61884], [59.50685, 22.60008], [59.5298, 22.58788], [59.53549, 22.58308], [59.53647, 22.57258], [59.53045, 22.57005], [59.52198, 22.57217], [59.51564, 22.57559], [59.5158, 22.56151], [59.52312, 22.55512], [59.53517, 22.55386], [59.54982, 22.55512], [59.6268, 22.57982], [59.65349, 22.56973], [59.69386, 22.54145], [59.69996, 22.54092], [59.71567, 22.54291], [59.7212, 22.54145], [59.72397, 22.53681], [59.72584, 22.52611], [59.72853, 22.52098], [59.72836, 22.51813], [59.72722, 22.51358], [59.72804, 22.50764], [59.73471, 22.50047], [59.73976, 22.49779], [59.7461, 22.49559], [59.75278, 22.49421], [59.75896, 22.49364], [59.76254, 22.4986], [59.75603, 22.50943], [59.74155, 22.52473], [59.74578, 22.53824], [59.75636, 22.53848], [59.77638, 22.54145], [59.80323, 22.53474], [59.82488, 22.50886], [59.83937, 22.47529], [59.84457, 22.44526], [59.82488, 22.2814], [59.81178, 22.23737], [59.79176, 22.19806], [59.73471, 22.12311], [59.70493, 22.09955], [59.68816, 22.08271], [59.68068, 22.06509], [59.67799, 22.0419], [59.65968, 21.99404], [59.65504, 21.94575], [59.64527, 21.92585], [59.60564, 21.91022], [59.59343, 21.89277], [59.577, 21.85627], [59.49789, 21.75633], [59.46762, 21.66641], [59.44858, 21.6249], [59.35499, 21.48566], [59.3475, 21.45356], [59.34425, 21.44473], [59.33619, 21.43773], [59.19532, 21.3791], [59.16627, 21.36278], [59.05437, 21.27709], [58.9192, 21.1437], [58.8781, 21.08381], [58.86793, 21.07477], [58.85426, 21.06562], [58.83855, 21.0445], [58.80787, 20.99079], [58.80445, 20.98159], [58.80193, 20.94623], [58.79884, 20.93602], [58.79298, 20.9274], [58.73487, 20.883], [58.73902, 20.86225], [58.72218, 20.84805], [58.68035, 20.82835], [58.68149, 20.82648], [58.67384, 20.80817], [58.6727, 20.80785], [58.66578, 20.80158], [58.66131, 20.79633], [58.65903, 20.79084], [58.66147, 20.78164], [58.66765, 20.77228], [58.67644, 20.76439], [58.68653, 20.75947], [58.70135, 20.76602], [58.71811, 20.78083], [58.72934, 20.78681], [58.72804, 20.76691], [58.71811, 20.75365], [58.69988, 20.74079], [58.68181, 20.73591], [58.6727, 20.7464], [58.66651, 20.7464], [58.6609, 20.73233], [58.65333, 20.70527], [58.64536, 20.69115], [58.63746, 20.68439], [58.61541, 20.67243], [58.6045, 20.66327], [58.59181, 20.64395], [58.58082, 20.61848], [58.57325, 20.59064], [58.57049, 20.56428], [58.5451, 20.51643], [58.53126, 20.48139], [58.53248, 20.46528], [58.52687, 20.45771], [58.5215, 20.42438], [58.51857, 20.41681], [58.51043, 20.41523], [58.49708, 20.41079], [58.48357, 20.4042], [58.47413, 20.39639], [58.46746, 20.36953], [58.44581, 20.35863], [58.41765, 20.3596], [58.39161, 20.36848], [58.37257, 20.37739], [58.35914, 20.38158], [58.32643, 20.38272], [58.31381, 20.3808], [58.29005, 20.3714], [58.27556, 20.36848], [58.27866, 20.37739], [58.28452, 20.38199], [58.27963, 20.38483], [58.24415, 20.39423], [58.22429, 20.39639], [58.20289, 20.40473], [58.20053, 20.42438], [58.21339, 20.46528], [58.21323, 20.4527], [58.2173, 20.44156], [58.22478, 20.43183], [58.23463, 20.42365], [58.23846, 20.44383], [58.22828, 20.48884], [58.23805, 20.50934], [58.25131, 20.5292], [58.26157, 20.55809], [58.26417, 20.58763], [58.25514, 20.60928], [58.23487, 20.61567], [58.20574, 20.61335], [58.17628, 20.60472], [58.14422, 20.58519], [58.10353, 20.57514], [58.09083, 20.56684], [58.08448, 20.55805], [58.06723, 20.51105], [58.06658, 20.49982], [58.07309, 20.48916], [58.07586, 20.48005], [58.06764, 20.47248], [58.05535, 20.46723], [58.03077, 20.4619], [58.01246, 20.45344], [57.99439, 20.44229], [57.97071, 20.42121], [57.96209, 20.41088], [57.95582, 20.39956], [57.95338, 20.38642], [57.95655, 20.37694], [57.97071, 20.36188], [57.97389, 20.35228], [57.96656, 20.33023], [57.94874, 20.31757], [57.90504, 20.30077], [57.88844, 20.29072], [57.87045, 20.27705], [57.85613, 20.26065], [57.85035, 20.24242], [57.8449, 20.23119], [57.83351, 20.21833], [57.82374, 20.20108], [57.82301, 20.17666], [57.84197, 20.13605], [57.84799, 20.11176], [57.83172, 20.07534], [57.81625, 20.02074], [57.81568, 20.00658], [57.81365, 19.977], [57.79037, 19.92402], [57.77369, 19.86786], [57.76205, 19.84296], [57.6989, 19.75438], [57.68922, 19.72818], [57.69337, 19.69746], [57.70045, 19.68598], [57.70924, 19.67674], [57.71681, 19.66681], [57.71998, 19.65306], [57.72055, 19.62263], [57.71892, 19.60798], [57.71388, 19.59504], [57.70655, 19.56883], [57.70444, 19.54873], [57.71176, 19.52949], [57.76026, 19.45409], [57.76783, 19.43745], [57.77394, 19.40965], [57.77377, 19.38288], [57.76905, 19.35761], [57.75221, 19.31159], [57.7483, 19.291], [57.75066, 19.26805], [57.77084, 19.21695], [57.78053, 19.20112], [57.80568, 19.173], [57.81186, 19.15689], [57.80299, 19.11514], [57.80201, 19.09479], [57.83985, 19.02998], [57.8401, 19.01533], [57.81568, 18.99177], [57.80112, 18.98066], [57.79713, 18.97923], [57.75229, 18.97305], [57.74732, 18.96784], [57.74285, 18.96186], [57.73194, 18.9538], [57.71941, 18.94693], [57.70973, 18.944], [57.50147, 18.95368], [57.44532, 18.94534], [57.20753, 18.90998], [57.08375, 18.87637], [56.91505, 18.81029], [56.85035, 18.76581], [56.80779, 18.74559], [56.78468, 18.72858], [56.77475, 18.70718], [56.76645, 18.69684], [56.65968, 18.59536], [56.64112, 18.55927], [56.63689, 18.51195], [56.6434, 18.47919], [56.6443, 18.4676], [56.64112, 18.4549], [56.62664, 18.43586], [56.62127, 18.41958], [56.61232, 18.3996], [56.60963, 18.38906], [56.60963, 18.34748], [56.6006, 18.30541], [56.54884, 18.18985], [56.56373, 18.17023], [56.56129, 18.14924], [56.54721, 18.12971], [56.5276, 18.11469], [56.48414, 18.0965], [56.46258, 18.08442], [56.43198, 18.03217], [56.42563, 18.02741], [56.41131, 18.02318], [56.40414, 18.01911], [56.35768, 17.96979], [56.35499, 17.96231], [56.35629, 17.94001], [56.3449, 17.93781], [56.18849, 17.9571], [56.16822, 17.95409], [56.13836, 17.94058], [56.11622, 17.93659], [56.0311, 17.94343], [56.01075, 17.94037], [55.94606, 17.91547], [55.90943, 17.90664], [55.65349, 17.89533], [55.55291, 17.87027], [55.53053, 17.86831], [55.52247, 17.86644], [55.51734, 17.86225], [55.51287, 17.85749], [55.5066, 17.85399], [55.48829, 17.85346], [55.48683, 17.85399], [55.45395, 17.8454], [55.44516, 17.84101], [55.43165, 17.82465], [55.41733, 17.78522], [55.40797, 17.7687], [55.39308, 17.75214], [55.38868, 17.74429], [55.37338, 17.70331], [55.36948, 17.69636], [55.35572, 17.68159], [55.26319, 17.60773], [55.23504, 17.55882], [55.2282, 17.53876], [55.22543, 17.51545], [55.2295, 17.48859], [55.24008, 17.47517], [55.27377, 17.45742], [55.29322, 17.43769], [55.30079, 17.41681], [55.30112, 17.37116], [55.2942, 17.35212], [55.25343, 17.29914], [55.25123, 17.28998], [55.24952, 17.27611], [55.25066, 17.26362], [55.25685, 17.25821], [55.26482, 17.25479], [55.26515, 17.24706], [55.26026, 17.23428], [55.25473, 17.22871], [55.22853, 17.21613], [55.21925, 17.21039], [55.21314, 17.20209], [55.20932, 17.19355], [55.20509, 17.17621], [55.19549, 17.16083], [55.19874, 17.15575], [55.18922, 17.14476], [55.15886, 17.13581], [55.14357, 17.12783], [55.13844, 17.11888], [55.13299, 17.10505], [55.12477, 17.09248], [55.11256, 17.08686], [55.07179, 17.04218], [55.02687, 17.01113], [55.02068, 17.01113], [55.01092, 17.02627], [54.9992, 17.01968], [54.98699, 17.00536], [54.97535, 16.99746], [54.95965, 16.99486], [54.94508, 16.98998], [54.93133, 16.98713], [54.917, 16.99067], [54.90138, 16.97492], [54.88282, 16.96906], [54.84181, 16.96393], [54.80844, 16.95148], [54.79184, 16.9514], [54.78053, 16.96393], [54.76905, 16.95791], [54.75074, 16.96052], [54.73943, 16.95649], [54.70533, 16.97761], [54.69793, 16.97016], [54.68979, 16.98933], [54.68531, 17.0069], [54.67408, 17.01976], [54.63315, 17.02692], [54.60434, 17.03632], [54.59205, 17.03848], [54.58033, 17.03734], [54.55974, 17.0327], [54.5477, 17.03164], [54.51238, 17.0384], [54.49928, 17.03848], [54.48854, 17.03559], [54.46762, 17.02668], [54.46168, 17.02481], [54.41456, 17.03783], [54.38999, 17.03946], [54.36948, 17.02481], [54.36012, 17.02961], [54.35035, 17.03168], [54.16407, 17.01113], [54.08497, 17.01113], [54.06756, 17.00674], [54.02345, 16.98534], [54.01271, 16.97761], [54.00896, 16.96865], [54.00929, 16.96092], [54.0114, 16.95368], [54.01271, 16.94599], [54.00945, 16.93745], [53.99537, 16.92536], [53.9922, 16.91926], [53.98113, 16.90876], [53.9559, 16.90388], [53.91017, 16.90127], [53.85035, 16.88915], [53.83074, 16.88764], [53.81267, 16.88178], [53.792, 16.87031], [53.77133, 16.86262], [53.75318, 16.86774], [53.73463, 16.85615], [53.70932, 16.83601], [53.68702, 16.81362], [53.6775, 16.79511], [53.66928, 16.78408], [53.65056, 16.77318], [53.61541, 16.75788], [53.58269, 16.74995], [53.42303, 16.74681], [53.33863, 16.73481], [53.1753, 16.68452], [53.09034, 16.6424], [53.0279, 16.77748], [52.96527, 16.91292], [52.90275, 17.04826], [52.84032, 17.18371], [52.80156, 17.26742], [52.79102, 17.28122], [52.77386, 17.28711], [52.73624, 17.28918], [52.72146, 17.29817], [52.72301, 17.29869], [52.72828, 17.29936], [52.73015, 17.29988], [52.69842, 17.37145], [52.65563, 17.46798], [52.61284, 17.56456], [52.57021, 17.66109], [52.52742, 17.75763], [52.48453, 17.85416], [52.44174, 17.95064], [52.399, 18.04727], [52.35616, 18.14378], [52.31332, 18.24028], [52.27069, 18.33687], [52.2278, 18.43342], [52.18501, 18.52993], [52.14233, 18.62651], [52.09954, 18.72304], [52.05675, 18.81963], [52.01396, 18.91616], [51.98569, 18.97973], [51.97861, 18.99564], [52.08993, 19.03264], [52.26108, 19.08969], [52.43213, 19.14674], [52.60312, 19.20379], [52.77438, 19.26079], [52.94553, 19.31787], [53.11658, 19.37492], [53.28784, 19.43194], [53.45889, 19.48899], [53.63004, 19.54599], [53.80109, 19.60307], [53.97224, 19.66012], [54.1435, 19.71714], [54.31465, 19.77419], [54.48559, 19.83119], [54.65675, 19.88819], [54.8279, 19.94527], [54.97838, 19.99542], [55.01052, 20.09201], [55.01714, 20.11174], [55.03574, 20.16756], [55.06447, 20.25427], [55.10189, 20.36685], [55.14623, 20.49999], [55.19553, 20.64856], [55.24834, 20.80741], [55.30291, 20.97149], [55.34462, 21.09691], [55.35748, 21.13556], [55.41019, 21.29446], [55.45959, 21.44303], [55.50383, 21.57615], [55.54124, 21.68865], [55.57008, 21.77542], [55.58857, 21.83123], [55.59519, 21.85102], [55.60017, 21.86606], [55.63757, 21.97897], [55.63705, 22.00191], [55.62671, 22.02377], [55.57359, 22.10594], [55.49277, 22.23079], [55.41205, 22.35569], [55.33112, 22.48059], [55.25041, 22.6055], [55.18684, 22.70358], [55.19759, 22.84946], [55.19129, 22.99537], [55.19129, 22.99547], [55.1948, 23.02508], [55.22591, 23.12125], [55.3211, 23.27509], [55.34322, 23.33628], [55.36409, 23.43601], [55.37526, 23.46934], [55.39396, 23.49518], [55.39417, 23.49528], [55.43148, 23.53293], [55.44533, 23.55226], [55.4783, 23.67636], [55.48739, 23.69326], [55.53411, 23.75677], [55.53835, 23.77005], [55.53514, 23.84588], [55.53059, 23.87467], [55.51458, 23.89661], [55.4783, 23.91658], [55.46155, 23.93056], [55.45277, 23.94856], [55.4568, 23.96316], [55.49979, 23.9706], [55.54227, 23.98544], [55.5617, 23.99523], [55.59106, 24.01001], [55.61834, 24.02014], [55.64687, 24.02502], [55.68004, 24.02427], [55.7126, 24.01923], [55.728, 24.01959], [55.74443, 24.02528], [55.76241, 24.02815], [55.78846, 24.00957], [55.80706, 24.00748], [55.92354, 24.05114], [55.98679, 24.06538], [55.99785, 24.08127], [55.96075, 24.14243], [55.94897, 24.18483], [55.93315, 24.22072], [55.90318, 24.23224], [55.84716, 24.21142], [55.83032, 24.21227], [55.76769, 24.22488], [55.7557, 24.23033], [55.75415, 24.24547], [55.7621, 24.26297], [55.80097, 24.32627], [55.80737, 24.34079], [55.81089, 24.38924], [55.80861, 24.39763], [55.80107, 24.40647], [55.78102, 24.41887], [55.77461, 24.4259], [55.77141, 24.44109], [55.77368, 24.49525], [55.76118, 24.53744], [55.75983, 24.55853], [55.76996, 24.5724], [55.78402, 24.58633], [55.79022, 24.61987], [55.81823, 24.64338], [55.81492, 24.66273], [55.79998, 24.69326], [55.79476, 24.70392], [55.7927, 24.72229], [55.79704, 24.75955], [55.79704, 24.77836], [55.78867, 24.8552], [55.7991, 24.88611], [55.82939, 24.92117], [55.85783, 24.94485], [55.86215, 24.94845], [55.89698, 24.96861], [55.93543, 24.97773], [55.97587, 24.97211], [55.97842, 24.97176], [56.0056, 24.95618], [56.01697, 24.92662], [56.02525, 24.88256], [56.02927, 24.86117], [56.00529, 24.87698], [55.99238, 24.883], [55.97842, 24.88611], [55.96085, 24.88125], [55.95765, 24.86866], [55.96478, 24.85386], [56.00209, 24.82301], [56.03155, 24.75415], [56.06214, 24.73177], [56.07627, 24.72997], [56.07795, 24.72976], [56.09914, 24.73051], [56.11826, 24.73542], [56.12725, 24.7457], [56.13335, 24.76283], [56.15485, 24.78671], [56.17118, 24.82399], [56.17137, 24.82407], [56.18626, 24.83024], [56.22368, 24.83448], [56.24166, 24.84244], [56.27468, 24.87195], [56.28032, 24.87698], [56.30833, 24.89517], [56.3136, 24.90507], [56.31428, 24.91196], [56.31605, 24.92991], [56.31928, 24.96253], [56.32445, 24.96794], [56.32899, 24.97269], [56.38331, 24.97822], [56.40545, 24.89728], [56.46957, 24.77534]]], [[[56.34912, 25.29403], [56.34437, 25.26653], [56.31643, 25.25335], [56.29315, 25.24585], [56.28176, 25.23691], [56.2522, 25.21764], [56.23577, 25.21118], [56.21996, 25.21526], [56.20763, 25.22084], [56.20612, 25.2306], [56.20837, 25.25537], [56.23513, 25.26748], [56.24489, 25.27799], [56.23888, 25.28625], [56.23567, 25.29629], [56.23363, 25.31253], [56.26062, 25.33107], [56.29069, 25.32754], [56.30937, 25.30133], [56.34912, 25.29403]], [[56.27381, 25.28129], [56.26508, 25.28118], [56.25958, 25.27598], [56.26303, 25.24922], [56.28298, 25.25548], [56.28833, 25.27193], [56.27381, 25.28129]]], [[[56.09148, 26.10651], [56.15772, 26.20108], [56.18181, 26.246], [56.1919, 26.25507], [56.20826, 26.26309], [56.20916, 26.25755], [56.20826, 26.24404], [56.2199, 26.22773], [56.21681, 26.22211], [56.21241, 26.20783], [56.2199, 26.20783], [56.2295, 26.21678], [56.25554, 26.21808], [56.26075, 26.2246], [56.26686, 26.22748], [56.27996, 26.22309], [56.29184, 26.21186], [56.29493, 26.19424], [56.30193, 26.20531], [56.30885, 26.20474], [56.31739, 26.20063], [56.32911, 26.20108], [56.35629, 26.21914], [56.36695, 26.2215], [56.39747, 26.21385], [56.40414, 26.21475], [56.40691, 26.22313], [56.40235, 26.23208], [56.39454, 26.23916], [56.38738, 26.24201], [56.36785, 26.24409], [56.35572, 26.24339], [56.34685, 26.23859], [56.34116, 26.23233], [56.33131, 26.22346], [56.31959, 26.21792], [56.30844, 26.2215], [56.30828, 26.23261], [56.31593, 26.27464], [56.31593, 26.29043], [56.34522, 26.26923], [56.35841, 26.26496], [56.36378, 26.27953], [56.35906, 26.28734], [56.34783, 26.29743], [56.334, 26.30614], [56.32228, 26.30964], [56.32651, 26.31892], [56.33204, 26.32075], [56.33814, 26.32071], [56.34401, 26.32392], [56.35629, 26.33759], [56.36183, 26.34951], [56.36053, 26.37128], [56.36378, 26.38597], [56.36997, 26.38597], [56.38364, 26.35871], [56.3991, 26.36791], [56.40414, 26.3723], [56.41163, 26.36494], [56.40691, 26.35737], [56.40651, 26.3548], [56.4087, 26.35236], [56.41163, 26.34504], [56.42107, 26.35212], [56.42693, 26.3496], [56.43189, 26.34296], [56.43897, 26.33759], [56.46217, 26.33186], [56.47438, 26.3308], [56.48732, 26.33137], [56.4852, 26.33588], [56.48178, 26.34736], [56.47983, 26.35187], [56.50099, 26.35871], [56.51108, 26.33348], [56.50896, 26.32372], [56.49497, 26.32274], [56.46957, 26.32392], [56.45281, 26.31835], [56.42286, 26.29462], [56.40626, 26.2849], [56.40748, 26.28486], [56.40724, 26.27912], [56.39861, 26.2687], [56.42091, 26.24763], [56.4323, 26.23945], [56.44581, 26.23518], [56.45493, 26.23933], [56.46534, 26.24726], [56.47625, 26.24917], [56.48732, 26.23518], [56.46876, 26.20551], [56.45965, 26.20209], [56.4533, 26.2215], [56.44304, 26.22045], [56.43198, 26.2215], [56.4358, 26.21161], [56.43686, 26.20527], [56.43539, 26.20014], [56.43198, 26.19424], [56.44459, 26.18236], [56.45973, 26.17426], [56.47291, 26.16401], [56.47983, 26.14582], [56.46811, 26.14598], [56.45737, 26.14842], [56.44776, 26.15314], [56.43897, 26.1601], [56.42457, 26.15379], [56.41245, 26.15843], [56.40496, 26.1706], [56.40414, 26.18675], [56.39829, 26.18342], [56.38315, 26.17699], [56.37745, 26.17373], [56.37696, 26.18439], [56.37892, 26.19253], [56.38364, 26.19806], [56.39112, 26.20108], [56.36842, 26.20453], [56.3436, 26.19139], [56.32879, 26.17284], [56.33595, 26.1601], [56.3309, 26.14932], [56.32976, 26.13711], [56.33172, 26.12421], [56.33595, 26.11164], [56.34474, 26.13182], [56.35304, 26.14265], [56.36378, 26.14582], [56.37013, 26.13947], [56.3711, 26.12783], [56.36834, 26.1149], [56.36378, 26.10488], [56.38331, 26.09748], [56.47299, 26.09862], [56.46437, 26.08535], [56.44923, 26.07355], [56.4183, 26.05707], [56.38917, 26.0471], [56.38014, 26.03824], [56.38364, 26.02228], [56.40886, 26.03437], [56.42286, 26.02314], [56.42335, 26.00463], [56.4004, 25.99047], [56.40504, 25.98045], [56.4183, 25.96393], [56.42213, 25.95661], [56.43116, 25.9527], [56.4533, 25.94717], [56.44549, 25.94245], [56.44264, 25.93928], [56.43897, 25.92609], [56.42416, 25.93317], [56.40789, 25.9374], [56.39332, 25.93586], [56.38364, 25.92609], [56.39943, 25.90233], [56.39259, 25.88044], [56.37615, 25.85928], [56.36378, 25.83796], [56.36264, 25.83063], [56.36378, 25.80687], [56.34401, 25.78954], [56.3274, 25.7624], [56.31625, 25.74958], [56.30177, 25.74177], [56.30177, 25.76289], [56.28793, 25.7416], [56.27377, 25.70913], [56.26661, 25.67259], [56.27377, 25.63931], [56.27905, 25.62745], [56.23753, 25.61658], [56.22151, 25.61384], [56.2058, 25.61777], [56.19877, 25.62526], [56.18885, 25.64541], [56.17986, 25.65208], [56.1564, 25.6559], [56.1525, 25.65796], [56.15082, 25.65885], [56.14513, 25.67084], [56.14038, 25.71554], [56.1412, 25.73269], [56.15195, 25.74313], [56.16487, 25.75218], [56.172, 25.76525], [56.16735, 25.7777], [56.1441, 25.80592], [56.13965, 25.82297], [56.14451, 25.83791], [56.16384, 25.86245], [56.17056, 25.87682], [56.17469, 25.96653], [56.1813, 25.99624], [56.18348, 26.01454], [56.17841, 26.035], [56.1627, 26.07355], [56.15133, 26.07479], [56.10059, 26.06285], [56.0774, 26.06105], [56.07749, 26.06135], [56.08204, 26.07071], [56.09148, 26.10651]]]]}, "properties": {"id": "wuX6", "status": "validé", "pieces": [{"kind": "country"}]}}, {"type": "Feature", "geometry": {"type": "MultiPolygon", "coordinates": [[[[55.92157, 24.97444], [55.93543, 24.97773], [55.97587, 24.97211], [55.97842, 24.97176], [56.0056, 24.95618], [56.01697, 24.92662], [56.02525, 24.88256], [56.02927, 24.86117], [56.00529, 24.87698], [55.99238, 24.883], [55.97842, 24.88611], [55.96085, 24.88125], [55.95765, 24.86866], [55.96478, 24.85386], [56.00209, 24.82301], [56.03155, 24.75415], [56.06214, 24.73177], [56.07627, 24.72997], [56.07795, 24.72976], [56.09914, 24.73051], [56.11826, 24.73542], [56.12725, 24.7457], [56.13335, 24.76283], [56.15485, 24.78671], [56.17118, 24.82399], [56.17137, 24.82407], [56.18626, 24.83024], [56.22368, 24.83448], [56.24166, 24.84244], [56.27468, 24.87195], [56.28032, 24.87698], [56.30833, 24.89517], [56.3136, 24.90507], [56.31428, 24.91196], [56.31605, 24.92991], [56.31928, 24.96253], [56.32445, 24.96794], [56.32899, 24.97269], [56.38331, 24.97822], [56.40545, 24.89728], [56.46957, 24.77534], [56.48032, 24.76512], [56.48683, 24.74185], [56.4935, 24.70018], [56.61118, 24.49632], [56.63559, 24.47138], [56.69215, 24.42524], [56.80144, 24.30297], [56.82309, 24.27115], [56.83229, 24.25251], [56.84107, 24.22382], [56.93946, 24.11591], [57.05828, 24.0231], [57.15154, 23.95356], [57.18426, 23.93427], [57.32635, 23.88402], [57.50961, 23.8391], [57.58644, 23.80744], [57.64519, 23.79043], [57.68678, 23.78335], [57.70973, 23.78221], [57.77735, 23.78596], [57.79575, 23.78221], [57.82439, 23.74763], [57.83497, 23.74006], [57.85922, 23.73408], [57.88771, 23.72085], [57.91277, 23.71784], [58.04314, 23.72455], [58.08676, 23.72211], [58.1316, 23.71332], [58.19321, 23.68936], [58.2103, 23.68598], [58.22739, 23.67914], [58.26417, 23.64484], [58.2824, 23.63142], [58.31723, 23.62092], [58.36354, 23.61555], [58.41196, 23.6162], [58.45297, 23.62397], [58.47486, 23.63154], [58.48365, 23.63813], [58.4909, 23.65656], [58.49952, 23.65689], [58.51857, 23.65192], [58.56137, 23.65111], [58.58416, 23.64696], [58.6045, 23.6376], [58.61329, 23.62507], [58.63331, 23.58527], [58.6421, 23.57681], [58.64715, 23.5749], [58.65154, 23.57054], [58.65553, 23.56574], [58.65903, 23.56249], [58.66131, 23.56314], [58.66684, 23.56391], [58.674, 23.56395], [58.68035, 23.56249], [58.69459, 23.55142], [58.7024, 23.54295], [58.70688, 23.53514], [58.71437, 23.53514], [58.72055, 23.54881], [58.72291, 23.5434], [58.72495, 23.54011], [58.72682, 23.53608], [58.72804, 23.52839], [58.73487, 23.52839], [58.73601, 23.53266], [58.74098, 23.54206], [58.74635, 23.53767], [58.74952, 23.53644], [58.76205, 23.54206], [58.78614, 23.51211], [58.79298, 23.49567], [58.7894, 23.48062], [58.79737, 23.46678], [58.80763, 23.42113], [58.82057, 23.40176], [58.87916, 23.35126], [58.91521, 23.33609], [58.92945, 23.3181], [58.94654, 23.27509], [58.95623, 23.25943], [58.9865, 23.23249], [59.00172, 23.21239], [59.00313, 23.20248], [58.42529, 22.63854], [57.54639, 22.63854], [56.75537, 22.90182], [56.09619, 23.18477], [55.54688, 23.56783], [55.56783, 23.99831], [55.59106, 24.01001], [55.61834, 24.02014], [55.64687, 24.02502], [55.68004, 24.02427], [55.7126, 24.01923], [55.728, 24.01959], [55.74443, 24.02528], [55.76241, 24.02815], [55.78846, 24.00957], [55.80706, 24.00748], [55.92354, 24.05114], [55.98679, 24.06538], [55.99785, 24.08127], [55.96075, 24.14243], [55.94897, 24.18483], [55.93315, 24.22072], [55.90318, 24.23224], [55.84716, 24.21142], [55.83032, 24.21227], [55.76769, 24.22488], [55.7557, 24.23033], [55.75415, 24.24547], [55.7621, 24.26297], [55.80097, 24.32627], [55.80737, 24.34079], [55.81089, 24.38924], [55.80861, 24.39763], [55.80107, 24.40647], [55.78102, 24.41887], [55.77461, 24.4259], [55.77141, 24.44109], [55.77368, 24.49525], [55.76118, 24.53744], [55.75983, 24.55853], [55.76996, 24.5724], [55.78402, 24.58633], [55.79022, 24.61987], [55.81823, 24.64338], [55.81492, 24.66273], [55.79998, 24.69326], [55.79476, 24.70392], [55.7927, 24.72229], [55.79704, 24.75955], [55.79704, 24.77836], [55.79644, 24.78383], [55.92157, 24.97444]]], [[[56.29803, 25.24742], [56.29315, 25.24585], [56.28176, 25.23691], [56.2522, 25.21764], [56.23577, 25.21118], [56.21996, 25.21526], [56.20763, 25.22084], [56.20612, 25.2306], [56.20837, 25.25537], [56.23513, 25.26748], [56.23776, 25.27031], [56.26147, 25.26131], [56.26303, 25.24922], [56.27961, 25.25442], [56.29803, 25.24742]]]]}, "properties": {"id": "zeu8", "status": "validé", "pieces": [{"kind": "polygon", "ring": [[56.14014, 25.30738], [55.59082, 24.4706], [55.54688, 23.56783], [56.09619, 23.18477], [56.75537, 22.90182], [57.54639, 22.63854], [58.42529, 22.63854], [59.15039, 23.3462], [58.86475, 24.25051], [57.50244, 24.79004]]}, {"kind": "clip"}]}}, {"type": "Feature", "geometry": {"type": "MultiPolygon", "coordinates": [[[[55.83172, 17.50227], [55.83172, 17.50235], [55.83709, 17.51008], [55.84881, 17.51529], [55.86297, 17.51887], [55.88307, 17.50715], [55.89088, 17.50458], [55.8908, 17.50454], [55.87582, 17.49592], [55.84571, 17.49608], [55.83627, 17.49095], [55.83619, 17.49091], [55.83245, 17.50039], [55.83172, 17.50227]]], [[[56.05844, 17.54434], [56.06788, 17.53221], [56.08107, 17.52363], [56.09555, 17.51887], [56.06381, 17.49958], [56.04689, 17.49335], [56.0311, 17.49091], [55.98683, 17.49291], [55.97283, 17.49836], [55.9642, 17.51992], [55.99057, 17.53539], [56.02882, 17.54768], [56.05535, 17.5598], [56.05535, 17.55972], [56.0582, 17.54584], [56.05844, 17.54434]]], [[[58.94508, 20.53522], [58.95395, 20.51992], [58.95004, 20.50894], [58.94117, 20.50092], [58.90284, 20.47411], [58.86232, 20.45279], [58.84409, 20.43732], [58.82016, 20.40302], [58.80828, 20.37958], [58.79664, 20.33153], [58.78761, 20.31452], [58.78761, 20.31444], [58.78761, 20.30329], [58.78777, 20.3024], [58.78932, 20.2932], [58.7894, 20.28653], [58.78517, 20.27953], [58.75147, 20.24803], [58.73341, 20.22455], [58.72429, 20.21515], [58.71534, 20.2121], [58.70265, 20.21044], [58.69125, 20.20775], [58.68653, 20.20148], [58.68312, 20.1909], [58.67457, 20.17951], [58.66358, 20.17137], [58.65235, 20.17048], [58.65219, 20.17048], [58.64698, 20.17967], [58.64259, 20.18724], [58.63746, 20.21845], [58.63649, 20.2497], [58.63868, 20.26663], [58.63836, 20.26785], [58.63592, 20.277], [58.64291, 20.35611], [58.6482, 20.36884], [58.65903, 20.38272], [58.66456, 20.38784], [58.68238, 20.40062], [58.68995, 20.40322], [58.6919, 20.40518], [58.69386, 20.40717], [58.69825, 20.42569], [58.70069, 20.4311], [58.71762, 20.437], [58.73422, 20.43765], [58.75123, 20.44013], [58.76889, 20.45161], [58.77711, 20.46219], [58.78077, 20.46699], [58.78452, 20.4794], [58.78517, 20.48164], [58.7894, 20.51992], [58.79558, 20.5384], [58.80486, 20.55345], [58.85287, 20.61335], [58.87135, 20.6496], [58.88258, 20.68252], [58.89129, 20.69428], [58.90626, 20.69798], [58.9183, 20.68146], [58.9183, 20.68134], [58.917, 20.66425], [58.91017, 20.64594], [58.90626, 20.626], [58.90838, 20.60472], [58.91432, 20.58784], [58.94508, 20.53522]]], [[[56.46957, 24.77534], [56.48032, 24.76512], [56.48683, 24.74185], [56.4935, 24.70018], [56.61118, 24.49632], [56.63559, 24.47138], [56.69215, 24.42524], [56.80144, 24.30297], [56.82309, 24.27115], [56.83229, 24.25251], [56.84107, 24.22382], [56.93946, 24.11591], [57.05828, 24.0231], [57.15154, 23.95356], [57.18426, 23.93427], [57.32635, 23.88402], [57.50961, 23.8391], [57.58644, 23.80744], [57.64519, 23.79043], [57.68678, 23.78335], [57.70973, 23.78221], [57.77735, 23.78596], [57.79575, 23.78221], [57.82439, 23.74763], [57.83497, 23.74006], [57.85922, 23.73408], [57.88771, 23.72085], [57.91277, 23.71784], [58.04314, 23.72455], [58.08676, 23.72211], [58.1316, 23.71332], [58.19321, 23.68936], [58.2103, 23.68598], [58.22739, 23.67914], [58.26417, 23.64484], [58.2824, 23.63142], [58.31723, 23.62092], [58.36354, 23.61555], [58.41196, 23.6162], [58.45297, 23.62397], [58.47486, 23.63154], [58.48365, 23.63813], [58.4909, 23.65656], [58.49952, 23.65689], [58.51857, 23.65192], [58.56137, 23.65111], [58.58416, 23.64696], [58.6045, 23.6376], [58.61329, 23.62507], [58.63331, 23.58527], [58.6421, 23.57681], [58.64715, 23.5749], [58.65154, 23.57054], [58.65553, 23.56574], [58.65903, 23.56249], [58.66131, 23.56314], [58.66684, 23.56391], [58.674, 23.56395], [58.68035, 23.56249], [58.69459, 23.55142], [58.7024, 23.54295], [58.70688, 23.53514], [58.71437, 23.53514], [58.72055, 23.54881], [58.72291, 23.5434], [58.72495, 23.54011], [58.72682, 23.53608], [58.72804, 23.52839], [58.73487, 23.52839], [58.73601, 23.53266], [58.74098, 23.54206], [58.74635, 23.53767], [58.74952, 23.53644], [58.76205, 23.54206], [58.78614, 23.51211], [58.79298, 23.49567], [58.7894, 23.48062], [58.79737, 23.46678], [58.80763, 23.42113], [58.82057, 23.40176], [58.87916, 23.35126], [58.91521, 23.33609], [58.92945, 23.3181], [58.94654, 23.27509], [58.95623, 23.25943], [58.9865, 23.23249], [59.00172, 23.21239], [59.0101, 23.15331], [59.07374, 23.09325], [59.07789, 23.08515], [59.08367, 23.05536], [59.0879, 23.04841], [59.09254, 23.04365], [59.12045, 23.02277], [59.17368, 22.99396], [59.20753, 22.97036], [59.23227, 22.94302], [59.25001, 22.91201], [59.28614, 22.82648], [59.28981, 22.81208], [59.29754, 22.79271], [59.31568, 22.77949], [59.35182, 22.76118], [59.39161, 22.70222], [59.39723, 22.6861], [59.41065, 22.67084], [59.45249, 22.6341], [59.4839, 22.61884], [59.50685, 22.60008], [59.5298, 22.58788], [59.53549, 22.58308], [59.53647, 22.57258], [59.53045, 22.57005], [59.52198, 22.57217], [59.51564, 22.57559], [59.5158, 22.56151], [59.52312, 22.55512], [59.53517, 22.55386], [59.54982, 22.55512], [59.6268, 22.57982], [59.65349, 22.56973], [59.69386, 22.54145], [59.69996, 22.54092], [59.71567, 22.54291], [59.7212, 22.54145], [59.72397, 22.53681], [59.72584, 22.52611], [59.72853, 22.52098], [59.72836, 22.51813], [59.72722, 22.51358], [59.72804, 22.50764], [59.73471, 22.50047], [59.73976, 22.49779], [59.7461, 22.49559], [59.75278, 22.49421], [59.75896, 22.49364], [59.76254, 22.4986], [59.75603, 22.50943], [59.74155, 22.52473], [59.74578, 22.53824], [59.75636, 22.53848], [59.77638, 22.54145], [59.80323, 22.53474], [59.82488, 22.50886], [59.83937, 22.47529], [59.84457, 22.44526], [59.82488, 22.2814], [59.81178, 22.23737], [59.79176, 22.19806], [59.73471, 22.12311], [59.70493, 22.09955], [59.68816, 22.08271], [59.68068, 22.06509], [59.67799, 22.0419], [59.65968, 21.99404], [59.65504, 21.94575], [59.64527, 21.92585], [59.60564, 21.91022], [59.59343, 21.89277], [59.577, 21.85627], [59.49789, 21.75633], [59.46762, 21.66641], [59.44858, 21.6249], [59.35499, 21.48566], [59.3475, 21.45356], [59.34425, 21.44473], [59.33619, 21.43773], [59.19532, 21.3791], [59.16627, 21.36278], [59.05437, 21.27709], [58.9192, 21.1437], [58.8781, 21.08381], [58.86793, 21.07477], [58.85426, 21.06562], [58.83855, 21.0445], [58.80787, 20.99079], [58.80445, 20.98159], [58.80193, 20.94623], [58.79884, 20.93602], [58.79298, 20.9274], [58.73487, 20.883], [58.73902, 20.86225], [58.72218, 20.84805], [58.68035, 20.82835], [58.68149, 20.82648], [58.67384, 20.80817], [58.6727, 20.80785], [58.66578, 20.80158], [58.66131, 20.79633], [58.65903, 20.79084], [58.66147, 20.78164], [58.66765, 20.77228], [58.67644, 20.76439], [58.68653, 20.75947], [58.70135, 20.76602], [58.71811, 20.78083], [58.72934, 20.78681], [58.72804, 20.76691], [58.71811, 20.75365], [58.69988, 20.74079], [58.68181, 20.73591], [58.6727, 20.7464], [58.66651, 20.7464], [58.6609, 20.73233], [58.65333, 20.70527], [58.64536, 20.69115], [58.63746, 20.68439], [58.61541, 20.67243], [58.6045, 20.66327], [58.59181, 20.64395], [58.58082, 20.61848], [58.57325, 20.59064], [58.57049, 20.56428], [58.5451, 20.51643], [58.53126, 20.48139], [58.53248, 20.46528], [58.52687, 20.45771], [58.5215, 20.42438], [58.51857, 20.41681], [58.51043, 20.41523], [58.49708, 20.41079], [58.48357, 20.4042], [58.47413, 20.39639], [58.46746, 20.36953], [58.44581, 20.35863], [58.41765, 20.3596], [58.39161, 20.36848], [58.37257, 20.37739], [58.35914, 20.38158], [58.32643, 20.38272], [58.31381, 20.3808], [58.29005, 20.3714], [58.27556, 20.36848], [58.27866, 20.37739], [58.28452, 20.38199], [58.27963, 20.38483], [58.24415, 20.39423], [58.22429, 20.39639], [58.20289, 20.40473], [58.20053, 20.42438], [58.21339, 20.46528], [58.21323, 20.4527], [58.2173, 20.44156], [58.22478, 20.43183], [58.23463, 20.42365], [58.23846, 20.44383], [58.22828, 20.48884], [58.23805, 20.50934], [58.25131, 20.5292], [58.26157, 20.55809], [58.26417, 20.58763], [58.25514, 20.60928], [58.23487, 20.61567], [58.20574, 20.61335], [58.17628, 20.60472], [58.14422, 20.58519], [58.10353, 20.57514], [58.09083, 20.56684], [58.08448, 20.55805], [58.06723, 20.51105], [58.06658, 20.49982], [58.07309, 20.48916], [58.07586, 20.48005], [58.06764, 20.47248], [58.05535, 20.46723], [58.03077, 20.4619], [58.01246, 20.45344], [57.99439, 20.44229], [57.97071, 20.42121], [57.96209, 20.41088], [57.95582, 20.39956], [57.95338, 20.38642], [57.95655, 20.37694], [57.97071, 20.36188], [57.97389, 20.35228], [57.96656, 20.33023], [57.94874, 20.31757], [57.90504, 20.30077], [57.88844, 20.29072], [57.87045, 20.27705], [57.85613, 20.26065], [57.85035, 20.24242], [57.8449, 20.23119], [57.83351, 20.21833], [57.82374, 20.20108], [57.82301, 20.17666], [57.84197, 20.13605], [57.84799, 20.11176], [57.83172, 20.07534], [57.81625, 20.02074], [57.81568, 20.00658], [57.81365, 19.977], [57.79037, 19.92402], [57.77369, 19.86786], [57.76205, 19.84296], [57.6989, 19.75438], [57.68922, 19.72818], [57.69337, 19.69746], [57.70045, 19.68598], [57.70924, 19.67674], [57.71681, 19.66681], [57.71998, 19.65306], [57.72055, 19.62263], [57.71892, 19.60798], [57.71388, 19.59504], [57.70655, 19.56883], [57.70444, 19.54873], [57.71176, 19.52949], [57.76026, 19.45409], [57.76783, 19.43745], [57.77394, 19.40965], [57.77377, 19.38288], [57.76905, 19.35761], [57.75221, 19.31159], [57.7483, 19.291], [57.75066, 19.26805], [57.77084, 19.21695], [57.78053, 19.20112], [57.80568, 19.173], [57.81186, 19.15689], [57.80299, 19.11514], [57.80201, 19.09479], [57.83985, 19.02998], [57.8401, 19.01533], [57.81568, 18.99177], [57.80112, 18.98066], [57.79713, 18.97923], [57.75229, 18.97305], [57.74732, 18.96784], [57.74285, 18.96186], [57.73194, 18.9538], [57.71941, 18.94693], [57.70973, 18.944], [57.50147, 18.95368], [57.44532, 18.94534], [57.20753, 18.90998], [57.08375, 18.87637], [56.91505, 18.81029], [56.85035, 18.76581], [56.80779, 18.74559], [56.78468, 18.72858], [56.77475, 18.70718], [56.76645, 18.69684], [56.65968, 18.59536], [56.64112, 18.55927], [56.63689, 18.51195], [56.6434, 18.47919], [56.6443, 18.4676], [56.64112, 18.4549], [56.62664, 18.43586], [56.62127, 18.41958], [56.61232, 18.3996], [56.60963, 18.38906], [56.60963, 18.34748], [56.6006, 18.30541], [56.54884, 18.18985], [56.56373, 18.17023], [56.56129, 18.14924], [56.54721, 18.12971], [56.5276, 18.11469], [56.48414, 18.0965], [56.46258, 18.08442], [56.43198, 18.03217], [56.42563, 18.02741], [56.41131, 18.02318], [56.40414, 18.01911], [56.35768, 17.96979], [56.35499, 17.96231], [56.35629, 17.94001], [56.3449, 17.93781], [56.18849, 17.9571], [56.16822, 17.95409], [56.13836, 17.94058], [56.11622, 17.93659], [56.0311, 17.94343], [56.01075, 17.94037], [55.94606, 17.91547], [55.90943, 17.90664], [55.65349, 17.89533], [55.55291, 17.87027], [55.53053, 17.86831], [55.52247, 17.86644], [55.51734, 17.86225], [55.51287, 17.85749], [55.5066, 17.85399], [55.48829, 17.85346], [55.48683, 17.85399], [55.45395, 17.8454], [55.44516, 17.84101], [55.43165, 17.82465], [55.41733, 17.78522], [55.40797, 17.7687], [55.39308, 17.75214], [55.38868, 17.74429], [55.37338, 17.70331], [55.36948, 17.69636], [55.35572, 17.68159], [55.26319, 17.60773], [55.23504, 17.55882], [55.2282, 17.53876], [55.22543, 17.51545], [55.2295, 17.48859], [55.24008, 17.47517], [55.27377, 17.45742], [55.29322, 17.43769], [55.30079, 17.41681], [55.30112, 17.37116], [55.2942, 17.35212], [55.25343, 17.29914], [55.25123, 17.28998], [55.24952, 17.27611], [55.25066, 17.26362], [55.25685, 17.25821], [55.26482, 17.25479], [55.26515, 17.24706], [55.26026, 17.23428], [55.25473, 17.22871], [55.22853, 17.21613], [55.21925, 17.21039], [55.21314, 17.20209], [55.20932, 17.19355], [55.20509, 17.17621], [55.19549, 17.16083], [55.19874, 17.15575], [55.18922, 17.14476], [55.15886, 17.13581], [55.14357, 17.12783], [55.13844, 17.11888], [55.13299, 17.10505], [55.12477, 17.09248], [55.11256, 17.08686], [55.07179, 17.04218], [55.02687, 17.01113], [55.02068, 17.01113], [55.01092, 17.02627], [54.9992, 17.01968], [54.98699, 17.00536], [54.97535, 16.99746], [54.95965, 16.99486], [54.94508, 16.98998], [54.93133, 16.98713], [54.917, 16.99067], [54.90138, 16.97492], [54.88282, 16.96906], [54.84181, 16.96393], [54.80844, 16.95148], [54.79184, 16.9514], [54.78053, 16.96393], [54.76905, 16.95791], [54.75074, 16.96052], [54.73943, 16.95649], [54.70533, 16.97761], [54.69793, 16.97016], [54.68979, 16.98933], [54.68531, 17.0069], [54.67408, 17.01976], [54.63315, 17.02692], [54.60434, 17.03632], [54.59205, 17.03848], [54.58033, 17.03734], [54.55974, 17.0327], [54.5477, 17.03164], [54.51238, 17.0384], [54.49928, 17.03848], [54.48854, 17.03559], [54.46762, 17.02668], [54.46168, 17.02481], [54.41456, 17.03783], [54.38999, 17.03946], [54.36948, 17.02481], [54.36012, 17.02961], [54.35035, 17.03168], [54.16407, 17.01113], [54.08497, 17.01113], [54.06756, 17.00674], [54.02345, 16.98534], [54.01271, 16.97761], [54.00896, 16.96865], [54.00929, 16.96092], [54.0114, 16.95368], [54.01271, 16.94599], [54.00945, 16.93745], [53.99537, 16.92536], [53.9922, 16.91926], [53.98113, 16.90876], [53.9559, 16.90388], [53.91017, 16.90127], [53.85035, 16.88915], [53.83074, 16.88764], [53.81267, 16.88178], [53.792, 16.87031], [53.77133, 16.86262], [53.75318, 16.86774], [53.73463, 16.85615], [53.70932, 16.83601], [53.68702, 16.81362], [53.6775, 16.79511], [53.66928, 16.78408], [53.65056, 16.77318], [53.61541, 16.75788], [53.58269, 16.74995], [53.42303, 16.74681], [53.33863, 16.73481], [53.1753, 16.68452], [53.09034, 16.6424], [53.0279, 16.77748], [52.96527, 16.91292], [52.90275, 17.04826], [52.84032, 17.18371], [52.80156, 17.26742], [52.79102, 17.28122], [52.77386, 17.28711], [52.73624, 17.28918], [52.72146, 17.29817], [52.72301, 17.29869], [52.72828, 17.29936], [52.73015, 17.29988], [52.69842, 17.37145], [52.65563, 17.46798], [52.61284, 17.56456], [52.57021, 17.66109], [52.52742, 17.75763], [52.48453, 17.85416], [52.44174, 17.95064], [52.399, 18.04727], [52.35616, 18.14378], [52.31332, 18.24028], [52.27069, 18.33687], [52.2278, 18.43342], [52.18501, 18.52993], [52.14233, 18.62651], [52.09954, 18.72304], [52.05675, 18.81963], [52.01396, 18.91616], [51.98569, 18.97973], [51.97861, 18.99564], [52.08993, 19.03264], [52.26108, 19.08969], [52.43213, 19.14674], [52.60312, 19.20379], [52.77438, 19.26079], [52.94553, 19.31787], [53.11658, 19.37492], [53.28784, 19.43194], [53.45889, 19.48899], [53.63004, 19.54599], [53.80109, 19.60307], [53.97224, 19.66012], [54.1435, 19.71714], [54.31465, 19.77419], [54.48559, 19.83119], [54.65675, 19.88819], [54.8279, 19.94527], [54.97838, 19.99542], [55.01052, 20.09201], [55.01714, 20.11174], [55.03574, 20.16756], [55.06447, 20.25427], [55.10189, 20.36685], [55.14623, 20.49999], [55.19553, 20.64856], [55.24834, 20.80741], [55.30291, 20.97149], [55.34462, 21.09691], [55.35748, 21.13556], [55.41019, 21.29446], [55.45959, 21.44303], [55.50383, 21.57615], [55.54124, 21.68865], [55.57008, 21.77542], [55.58857, 21.83123], [55.59519, 21.85102], [55.60017, 21.86606], [55.63757, 21.97897], [55.63705, 22.00191], [55.62671, 22.02377], [55.57359, 22.10594], [55.49277, 22.23079], [55.41205, 22.35569], [55.33112, 22.48059], [55.25041, 22.6055], [55.18684, 22.70358], [55.19759, 22.84946], [55.19129, 22.99537], [55.19129, 22.99547], [55.1948, 23.02508], [55.22591, 23.12125], [55.3211, 23.27509], [55.34322, 23.33628], [55.36409, 23.43601], [55.37526, 23.46934], [55.39396, 23.49518], [55.39417, 23.49528], [55.43148, 23.53293], [55.44533, 23.55226], [55.4783, 23.67636], [55.48739, 23.69326], [55.53411, 23.75677], [55.53835, 23.77005], [55.53514, 23.84588], [55.53059, 23.87467], [55.51458, 23.89661], [55.4783, 23.91658], [55.46155, 23.93056], [55.45277, 23.94856], [55.4568, 23.96316], [55.49979, 23.9706], [55.54227, 23.98544], [55.5617, 23.99523], [55.59106, 24.01001], [55.61834, 24.02014], [55.64687, 24.02502], [55.68004, 24.02427], [55.7126, 24.01923], [55.728, 24.01959], [55.74443, 24.02528], [55.76241, 24.02815], [55.78846, 24.00957], [55.80706, 24.00748], [55.92354, 24.05114], [55.98679, 24.06538], [55.99785, 24.08127], [55.96075, 24.14243], [55.94897, 24.18483], [55.93315, 24.22072], [55.90318, 24.23224], [55.84716, 24.21142], [55.83032, 24.21227], [55.76769, 24.22488], [55.7557, 24.23033], [55.75415, 24.24547], [55.7621, 24.26297], [55.80097, 24.32627], [55.80737, 24.34079], [55.81089, 24.38924], [55.80861, 24.39763], [55.80107, 24.40647], [55.78102, 24.41887], [55.77461, 24.4259], [55.77141, 24.44109], [55.77368, 24.49525], [55.76118, 24.53744], [55.75983, 24.55853], [55.76996, 24.5724], [55.78402, 24.58633], [55.79022, 24.61987], [55.81823, 24.64338], [55.81492, 24.66273], [55.79998, 24.69326], [55.79476, 24.70392], [55.7927, 24.72229], [55.79704, 24.75955], [55.79704, 24.77836], [55.78867, 24.8552], [55.7991, 24.88611], [55.82939, 24.92117], [55.85783, 24.94485], [55.86215, 24.94845], [55.89698, 24.96861], [55.93543, 24.97773], [55.97587, 24.97211], [55.97842, 24.97176], [56.0056, 24.95618], [56.01697, 24.92662], [56.02525, 24.88256], [56.02927, 24.86117], [56.00529, 24.87698], [55.99238, 24.883], [55.97842, 24.88611], [55.96085, 24.88125], [55.95765, 24.86866], [55.96478, 24.85386], [56.00209, 24.82301], [56.03155, 24.75415], [56.06214, 24.73177], [56.07627, 24.72997], [56.07795, 24.72976], [56.09914, 24.73051], [56.11826, 24.73542], [56.12725, 24.7457], [56.13335, 24.76283], [56.15485, 24.78671], [56.17118, 24.82399], [56.17137, 24.82407], [56.18626, 24.83024], [56.22368, 24.83448], [56.24166, 24.84244], [56.27468, 24.87195], [56.28032, 24.87698], [56.30833, 24.89517], [56.3136, 24.90507], [56.31428, 24.91196], [56.31605, 24.92991], [56.31928, 24.96253], [56.32445, 24.96794], [56.32899, 24.97269], [56.38331, 24.97822], [56.40545, 24.89728], [56.46957, 24.77534]]], [[[56.34912, 25.29403], [56.34437, 25.26653], [56.31643, 25.25335], [56.29315, 25.24585], [56.28176, 25.23691], [56.2522, 25.21764], [56.23577, 25.21118], [56.21996, 25.21526], [56.20763, 25.22084], [56.20612, 25.2306], [56.20837, 25.25537], [56.23513, 25.26748], [56.24489, 25.27799], [56.23888, 25.28625], [56.23567, 25.29629], [56.23363, 25.31253], [56.26062, 25.33107], [56.29069, 25.32754], [56.30937, 25.30133], [56.34912, 25.29403]], [[56.27381, 25.28129], [56.26508, 25.28118], [56.25958, 25.27598], [56.26303, 25.24922], [56.28298, 25.25548], [56.28833, 25.27193], [56.27381, 25.28129]]], [[[56.09148, 26.10651], [56.15772, 26.20108], [56.18181, 26.246], [56.1919, 26.25507], [56.20826, 26.26309], [56.20916, 26.25755], [56.20826, 26.24404], [56.2199, 26.22773], [56.21681, 26.22211], [56.21241, 26.20783], [56.2199, 26.20783], [56.2295, 26.21678], [56.25554, 26.21808], [56.26075, 26.2246], [56.26686, 26.22748], [56.27996, 26.22309], [56.29184, 26.21186], [56.29493, 26.19424], [56.30193, 26.20531], [56.30885, 26.20474], [56.31739, 26.20063], [56.32911, 26.20108], [56.35629, 26.21914], [56.36695, 26.2215], [56.39747, 26.21385], [56.40414, 26.21475], [56.40691, 26.22313], [56.40235, 26.23208], [56.39454, 26.23916], [56.38738, 26.24201], [56.36785, 26.24409], [56.35572, 26.24339], [56.34685, 26.23859], [56.34116, 26.23233], [56.33131, 26.22346], [56.31959, 26.21792], [56.30844, 26.2215], [56.30828, 26.23261], [56.31593, 26.27464], [56.31593, 26.29043], [56.34522, 26.26923], [56.35841, 26.26496], [56.36378, 26.27953], [56.35906, 26.28734], [56.34783, 26.29743], [56.334, 26.30614], [56.32228, 26.30964], [56.32651, 26.31892], [56.33204, 26.32075], [56.33814, 26.32071], [56.34401, 26.32392], [56.35629, 26.33759], [56.36183, 26.34951], [56.36053, 26.37128], [56.36378, 26.38597], [56.36997, 26.38597], [56.38364, 26.35871], [56.3991, 26.36791], [56.40414, 26.3723], [56.41163, 26.36494], [56.40691, 26.35737], [56.40651, 26.3548], [56.4087, 26.35236], [56.41163, 26.34504], [56.42107, 26.35212], [56.42693, 26.3496], [56.43189, 26.34296], [56.43897, 26.33759], [56.46217, 26.33186], [56.47438, 26.3308], [56.48732, 26.33137], [56.4852, 26.33588], [56.48178, 26.34736], [56.47983, 26.35187], [56.50099, 26.35871], [56.51108, 26.33348], [56.50896, 26.32372], [56.49497, 26.32274], [56.46957, 26.32392], [56.45281, 26.31835], [56.42286, 26.29462], [56.40626, 26.2849], [56.40748, 26.28486], [56.40724, 26.27912], [56.39861, 26.2687], [56.42091, 26.24763], [56.4323, 26.23945], [56.44581, 26.23518], [56.45493, 26.23933], [56.46534, 26.24726], [56.47625, 26.24917], [56.48732, 26.23518], [56.46876, 26.20551], [56.45965, 26.20209], [56.4533, 26.2215], [56.44304, 26.22045], [56.43198, 26.2215], [56.4358, 26.21161], [56.43686, 26.20527], [56.43539, 26.20014], [56.43198, 26.19424], [56.44459, 26.18236], [56.45973, 26.17426], [56.47291, 26.16401], [56.47983, 26.14582], [56.46811, 26.14598], [56.45737, 26.14842], [56.44776, 26.15314], [56.43897, 26.1601], [56.42457, 26.15379], [56.41245, 26.15843], [56.40496, 26.1706], [56.40414, 26.18675], [56.39829, 26.18342], [56.38315, 26.17699], [56.37745, 26.17373], [56.37696, 26.18439], [56.37892, 26.19253], [56.38364, 26.19806], [56.39112, 26.20108], [56.36842, 26.20453], [56.3436, 26.19139], [56.32879, 26.17284], [56.33595, 26.1601], [56.3309, 26.14932], [56.32976, 26.13711], [56.33172, 26.12421], [56.33595, 26.11164], [56.34474, 26.13182], [56.35304, 26.14265], [56.36378, 26.14582], [56.37013, 26.13947], [56.3711, 26.12783], [56.36834, 26.1149], [56.36378, 26.10488], [56.38331, 26.09748], [56.47299, 26.09862], [56.46437, 26.08535], [56.44923, 26.07355], [56.4183, 26.05707], [56.38917, 26.0471], [56.38014, 26.03824], [56.38364, 26.02228], [56.40886, 26.03437], [56.42286, 26.02314], [56.42335, 26.00463], [56.4004, 25.99047], [56.40504, 25.98045], [56.4183, 25.96393], [56.42213, 25.95661], [56.43116, 25.9527], [56.4533, 25.94717], [56.44549, 25.94245], [56.44264, 25.93928], [56.43897, 25.92609], [56.42416, 25.93317], [56.40789, 25.9374], [56.39332, 25.93586], [56.38364, 25.92609], [56.39943, 25.90233], [56.39259, 25.88044], [56.37615, 25.85928], [56.36378, 25.83796], [56.36264, 25.83063], [56.36378, 25.80687], [56.34401, 25.78954], [56.3274, 25.7624], [56.31625, 25.74958], [56.30177, 25.74177], [56.30177, 25.76289], [56.28793, 25.7416], [56.27377, 25.70913], [56.26661, 25.67259], [56.27377, 25.63931], [56.27905, 25.62745], [56.23753, 25.61658], [56.22151, 25.61384], [56.2058, 25.61777], [56.19877, 25.62526], [56.18885, 25.64541], [56.17986, 25.65208], [56.1564, 25.6559], [56.1525, 25.65796], [56.15082, 25.65885], [56.14513, 25.67084], [56.14038, 25.71554], [56.1412, 25.73269], [56.15195, 25.74313], [56.16487, 25.75218], [56.172, 25.76525], [56.16735, 25.7777], [56.1441, 25.80592], [56.13965, 25.82297], [56.14451, 25.83791], [56.16384, 25.86245], [56.17056, 25.87682], [56.17469, 25.96653], [56.1813, 25.99624], [56.18348, 26.01454], [56.17841, 26.035], [56.1627, 26.07355], [56.15133, 26.07479], [56.10059, 26.06285], [56.0774, 26.06105], [56.07749, 26.06135], [56.08204, 26.07071], [56.09148, 26.10651]]]]}, "properties": {"id": "zoUC", "status": "validé", "pieces": [{"kind": "country"}]}}]}