{"type": "FeatureCollection", "features": [{"type": "Feature", "geometry": null, "properties": {"id": "0b4U", "status": "validé", "pieces": [{"kind": "country"}]}}, {"type": "Feature", "geometry": {"type": "Polygon", "coordinates": [[[-70.11475, -17.90982], [-70.92773, -17.67978], [-71.25732, -17.11389], [-71.45508, -16.29346], [-71.71875, -15.68115], [-72.61963, -15.63886], [-73.52051, -15.36372], [-74.11377, -15.08821], [-74.44336, -14.57865], [-74.68506, -14.19571], [-75.10254, -14.08922], [-75.30029, -13.83344], [-75.49805, -13.42789], [-75.65186, -13.15], [-75.76172, -12.63617], [-75.80566, -12.16424], [-75.9375, -11.64846], [-76.13525, -11.3256], [-76.26709, -10.98082], [-76.20117, -10.65722], [-75.87158, -10.61405], [-75.60791, -10.95926], [-75.60791, -11.54088], [-75.16846, -11.88498], [-74.68506, -11.99242], [-74.22363, -12.03539], [-73.82813, -12.82898], [-73.54248, -13.25692], [-72.8833, -13.53468], [-72.29004, -13.64142], [-71.98242, -14.00399], [-72.50977, -14.51487], [-71.96045, -14.74864], [-71.65283, -14.81235], [-71.01563, -14.70616], [-70.86182, -14.30215], [-70.5542, -14.38726], [-70.46631, -14.83358], [-70.26855, -15.61771], [-69.89502, -16.44098], [-69.5874, -16.65152], [-69.20266, -16.7743], [-69.21065, -16.79706], [-69.22445, -16.81825], [-69.32595, -16.92222], [-69.35246, -16.97772], [-69.36431, -16.99116], [-69.40715, -17.01565], [-69.41359, -17.02227], [-69.41656, -17.03198], [-69.4133, -17.03777], [-69.40602, -17.04087], [-69.40126, -17.04717], [-69.40602, -17.06299], [-69.42744, -17.08686], [-69.45415, -17.09658], [-69.48281, -17.10175], [-69.51009, -17.11208], [-69.541, -17.13224], [-69.59505, -17.17967], [-69.60115, -17.18153], [-69.61836, -17.18422], [-69.6228, -17.18557], [-69.63383, -17.20727], [-69.64941, -17.26277], [-69.66649, -17.2883], [-69.66442, -17.28856], [-69.61301, -17.29512], [-69.59727, -17.30049], [-69.55694, -17.3315], [-69.53709, -17.35114], [-69.5226, -17.36912], [-69.51139, -17.39868], [-69.50834, -17.43402], [-69.51009, -17.50544], [-69.51009, -17.50659], [-69.63832, -17.62606], [-69.6839, -17.65604], [-69.72904, -17.66327], [-69.77581, -17.65697], [-69.81805, -17.65914], [-69.84983, -17.69159], [-69.85756, -17.73417], [-69.84609, -17.7691], [-69.82904, -17.80383], [-69.821, -17.84182], [-70.11475, -17.90982]]]}, "properties": {"id": "0ozh", "status": "validé", "pieces": [{"kind": "polygon", "ring": [[-69.30176, -17.72163], [-70.11475, -17.90982], [-70.92773, -17.67978], [-71.25732, -17.11389], [-71.45508, -16.29346], [-71.71875, -15.68115], [-72.61963, -15.63886], [-73.52051, -15.36372], [-74.11377, -15.08821], [-74.44336, -14.57865], [-74.68506, -14.19571], [-75.10254, -14.08922], [-75.30029, -13.83344], [-75.49805, -13.42789], [-75.65186, -13.15], [-75.76172, -12.63617], [-75.80566, -12.16424], [-75.9375, -11.64846], [-76.13525, -11.3256], [-76.26709, -10.98082], [-76.20117, -10.65722], [-75.87158, -10.61405], [-75.60791, -10.95926], [-75.60791, -11.54088], [-75.16846, -11.88498], [-74.68506, -11.99242], [-74.22363, -12.03539], [-73.82813, -12.82898], [-73.54248, -13.25692], [-72.8833, -13.53468], [-72.29004, -13.64142], [-71.98242, -14.00399], [-72.50977, -14.51487], [-71.96045, -14.74864], [-71.65283, -14.81235], [-71.01563, -14.70616], [-70.86182, -14.30215], [-70.5542, -14.38726], [-70.46631, -14.83358], [-70.26855, -15.61771], [-69.89502, -16.44098], [-69.5874, -16.65152], [-69.19189, -16.77773]]}, {"kind": "clip"}]}}, {"type": "Feature", "geometry": null, "properties": {"id": "1XZ8", "status": "validé", "pieces": [{"kind": "country"}]}}, {"type": "Feature", "geometry": null, "properties": {"id": "2M5l", "status": "validé", "pieces": [{"kind": "country"}]}}, {"type": "Feature", "geometry": {"type": "Polygon", "coordinates": [[[-80.91431, -4.64042], [-80.47485, -4.9359], [-80.21118, -5.30779], [-79.90356, -5.52644], [-80.12329, -5.87612], [-80.31006, -5.94166], [-80.6296, -6.37829], [-80.72766, -6.32945], [-80.79053, -6.29969], [-80.85313, -6.2395], [-80.92607, -6.18939], [-81.01389, -6.13907], [-81.10146, -6.07207], [-81.13081, -6.03456], [-81.15142, -5.97587], [-81.14904, -5.93601], [-81.14939, -5.89239], [-81.15022, -5.88307], [-81.12941, -5.86581], [-81.12359, -5.84635], [-81.11885, -5.83991], [-81.09634, -5.83856], [-81.08579, -5.81551], [-81.08467, -5.79969], [-81.07519, -5.78679], [-81.0575, -5.78797], [-81.03828, -5.8181], [-81.00956, -5.83158], [-80.97159, -5.84596], [-80.93993, -5.85084], [-80.90339, -5.81463], [-80.86401, -5.74394], [-80.85621, -5.65046], [-80.88122, -5.57387], [-80.93182, -5.46382], [-80.96207, -5.43005], [-81.05529, -5.33994], [-81.0722, -5.31892], [-81.09445, -5.31304], [-81.10759, -5.31746], [-81.13161, -5.3004], [-81.1525, -5.26767], [-81.17821, -5.23854], [-81.19848, -5.2081], [-81.19354, -5.1983], [-81.18688, -5.19003], [-81.17371, -5.1846], [-81.16599, -5.16433], [-81.16958, -5.15317], [-81.17782, -5.14286], [-81.17669, -5.12989], [-81.16262, -5.12634], [-81.16704, -5.10868], [-81.1714, -5.0873], [-81.16277, -5.07257], [-81.14694, -5.07463], [-81.12913, -5.06469], [-81.11257, -5.08158], [-81.08276, -5.07921], [-81.06759, -5.0572], [-81.06336, -5.02204], [-81.08502, -4.97449], [-81.11808, -4.94065], [-81.14941, -4.91703], [-81.17314, -4.88146], [-81.1895, -4.85154], [-81.2234, -4.80649], [-81.30349, -4.72072], [-81.33756, -4.6783], [-81.33269, -4.66445], [-81.32039, -4.65819], [-81.30525, -4.64357], [-81.30791, -4.6239], [-81.31652, -4.60125], [-81.31258, -4.57776], [-80.91431, -4.64042]]]}, "properties": {"id": "40vq", "status": "validé", "pieces": [{"kind": "polygon", "ring": [[-80.66162, -6.42205], [-80.31006, -5.94166], [-80.12329, -5.87612], [-79.90356, -5.52644], [-80.21118, -5.30779], [-80.47485, -4.9359], [-80.91431, -4.64042], [-81.54053, -4.5419], [-81.5625, -5.99627]]}, {"kind": "clip"}]}}, {"type": "Feature", "geometry": {"type": "Polygon", "coordinates": [[[-70.10376, -15.46855], [-70.12573, -15.23027], [-70.03235, -15.03945], [-69.85657, -15.00233], [-69.59839, -15.11368], [-69.42261, -15.32032], [-69.28864, -15.38839], [-69.2854, -15.39673], [-69.28592, -15.40541], [-69.29292, -15.40986], [-69.32026, -15.41885], [-69.33036, -15.42422], [-69.34341, -15.44221], [-69.34853, -15.46185], [-69.35111, -15.4819], [-69.35641, -15.50143], [-69.42118, -15.59641], [-69.43002, -15.62628], [-69.42434, -15.65625], [-69.41222, -15.68581], [-69.37147, -15.78446], [-69.38965, -15.80696], [-69.76318, -15.55849], [-70.10376, -15.46855]]]}, "properties": {"id": "592g", "status": "validé", "pieces": [{"kind": "polygon", "ring": [[-69.76318, -15.55849], [-70.10376, -15.46855], [-70.12573, -15.23027], [-70.03235, -15.03945], [-69.85657, -15.00233], [-69.59839, -15.11368], [-69.42261, -15.32032], [-69.12048, -15.47384], [-69.38965, -15.80696]]}, {"kind": "clip"}]}}, {"type": "Feature", "geometry": {"type": "Polygon", "coordinates": [[[-75.15747, -12.47752], [-75.42114, -12.08049], [-75.77271, -11.54303], [-75.91553, -11.19851], [-75.79468, -11.12309], [-75.6189, -11.17696], [-75.15747, -11.80114], [-75.01465, -12.09123], [-75.15747, -12.47752]]]}, "properties": {"id": "5Huy", "status": "validé", "pieces": [{"kind": "polygon", "ring": [[-75.15747, -12.47752], [-75.42114, -12.08049], [-75.77271, -11.54303], [-75.91553, -11.19851], [-75.79468, -11.12309], [-75.6189, -11.17696], [-75.15747, -11.80114], [-75.01465, -12.09123]]}]}}, {"type": "Feature", "geometry": {"type": "Polygon", "coordinates": [[[-77.32178, -8.44809], [-77.5415, -8.79553], [-77.36572, -9.5111], [-76.99219, -10.2684], [-76.83838, -10.76508], [-75.76172, -12.61468], [-74.11377, -13.94], [-73.65234, -14.32338], [-72.50977, -14.64236], [-71.96045, -14.17436], [-72.13623, -13.7694], [-72.77344, -13.55598], [-73.82813, -12.95739], [-74.24561, -12.40026], [-74.5752, -11.6484], [-75.14648, -10.85137], [-75.67383, -9.96569], [-76.09131, -9.64105], [-76.6626, -8.68699], [-77.32178, -8.44809]]]}, "properties": {"id": "5e7H", "status": "validé", "pieces": [{"kind": "polygon", "ring": [[-77.32178, -8.44809], [-77.5415, -8.79553], [-77.36572, -9.5111], [-76.99219, -10.2684], [-76.83838, -10.76508], [-75.76172, -12.61468], [-74.11377, -13.94], [-73.65234, -14.32338], [-72.50977, -14.64236], [-71.96045, -14.17436], [-72.13623, -13.7694], [-72.77344, -13.55598], [-73.82813, -12.95739], [-74.24561, -12.40026], [-74.5752, -11.6484], [-75.14648, -10.85137], [-75.67383, -9.96569], [-76.09131, -9.64105], [-76.6626, -8.68699]]}]}}, {"type": "Feature", "geometry": {"type": "Polygon", "coordinates": [[[-75.87227, -11.20519], [-75.87227, -10.88251], [-76.32271, -10.88251], [-76.32271, -11.20519], [-75.87227, -11.20519]]]}, "properties": {"id": "5xKh", "status": "validé", "pieces": [{"kind": "rect", "bounds": [-76.32271, -11.20519, -75.87227, -10.88251]}]}}, {"type": "Feature", "geometry": null, "properties": {"id": "8cvB", "status": "validé", "pieces": [{"kind": "country"}]}}, {"type": "Feature", "geometry": {"type": "Polygon", "coordinates": [[[-74.78394, -15.61126], [-74.68506, -15.54779], [-74.48456, -15.67029], [-74.2923, -15.81299], [-74.15222, -15.86845], [-74.01215, -15.96878], [-73.98193, -16.01365], [-73.76221, -16.16665], [-73.62762, -16.20883], [-73.46558, -16.25364], [-73.30627, -16.31426], [-73.05634, -16.42489], [-72.87231, -16.49335], [-72.7652, -16.55652], [-72.69379, -16.57494], [-72.66083, -16.63545], [-72.49329, -16.65423], [-72.38617, -16.70552], [-72.24884, -16.79054], [-72.13074, -16.87726], [-72.08542, -16.97752], [-72.06757, -16.98671], [-72.00165, -16.98408], [-71.97281, -17.02872], [-71.87119, -17.08908], [-71.87119, -17.11663], [-71.82449, -17.13107], [-71.79565, -17.12975], [-71.77643, -17.15337], [-71.60889, -17.21894], [-71.52786, -17.22812], [-71.44272, -17.26745], [-71.40839, -17.35132], [-71.35483, -17.39586], [-71.34247, -17.53792], [-71.33148, -17.62499], [-71.32874, -17.66031], [-71.31363, -17.68647], [-71.24771, -17.72439], [-71.14197, -17.78453], [-71.0582, -17.84465], [-70.98404, -17.87339], [-70.92911, -17.90084], [-70.89478, -17.93741], [-70.86868, -17.9792], [-70.86319, -17.99356], [-70.80276, -18.0275], [-70.74783, -18.0784], [-70.63522, -18.1619], [-70.56793, -18.20233], [-70.64621, -18.26622], [-72.14447, -17.21821], [-73.33923, -16.4588], [-74.02039, -16.11127], [-74.78394, -15.61126]]]}, "properties": {"id": "8nBc", "status": "validé", "pieces": [{"kind": "polygon", "ring": [[-74.78394, -15.61126], [-74.68506, -15.54779], [-74.48456, -15.67029], [-74.2923, -15.81299], [-74.15222, -15.86845], [-74.01215, -15.96878], [-73.98193, -16.01365], [-73.76221, -16.16665], [-73.62762, -16.20883], [-73.46558, -16.25364], [-73.30627, -16.31426], [-73.05634, -16.42489], [-72.87231, -16.49335], [-72.7652, -16.55652], [-72.69379, -16.57494], [-72.66083, -16.63545], [-72.49329, -16.65423], [-72.38617, -16.70552], [-72.24884, -16.79054], [-72.13074, -16.87726], [-72.08542, -16.97752], [-72.06757, -16.98671], [-72.00165, -16.98408], [-71.97281, -17.02872], [-71.87119, -17.08908], [-71.87119, -17.11663], [-71.82449, -17.13107], [-71.79565, -17.12975], [-71.77643, -17.15337], [-71.60889, -17.21894], [-71.52786, -17.22812], [-71.44272, -17.26745], [-71.40839, -17.35132], [-71.35483, -17.39586], [-71.34247, -17.53792], [-71.33148, -17.62499], [-71.32874, -17.66031], [-71.31363, -17.68647], [-71.24771, -17.72439], [-71.14197, -17.78453], [-71.0582, -17.84465], [-70.98404, -17.87339], [-70.92911, -17.90084], [-70.89478, -17.93741], [-70.86868, -17.9792], [-70.86319, -17.99356], [-70.80276, -18.0275], [-70.74783, -18.0784], [-70.63522, -18.1619], [-70.56793, -18.20233], [-70.64621, -18.26622], [-72.14447, -17.21821], [-73.33923, -16.4588], [-74.02039, -16.11127]]}]}}, {"type": "Feature", "geometry": null, "properties": {"id": "Aqvn", "status": "validé", "pieces": [{"kind": "admin1", "code": "PER-591"}, {"kind": "admin1", "code": "PER-587"}, {"kind": "admin1", "code": "PER-3505"}]}}, {"type": "Feature", "geometry": {"type": "Polygon", "coordinates": [[[-78.93127, -6.84388], [-79.01917, -7.0401], [-78.86536, -7.31794], [-78.59619, -7.47585], [-78.27759, -7.81326], [-77.91504, -8.21986], [-77.62939, -8.11116], [-77.62939, -7.8719], [-77.7832, -7.44743], [-78.09082, -7.10974], [-78.15674, -6.88084], [-78.65112, -6.68455], [-78.93127, -6.84388]]]}, "properties": {"id": "Bs5J", "status": "validé", "pieces": [{"kind": "polygon", "ring": [[-78.93127, -6.84388], [-79.01917, -7.0401], [-78.86536, -7.31794], [-78.59619, -7.47585], [-78.27759, -7.81326], [-77.91504, -8.21986], [-77.62939, -8.11116], [-77.62939, -7.8719], [-77.7832, -7.44743], [-78.09082, -7.10974], [-78.15674, -6.88084], [-78.65112, -6.68455]]}]}}, {"type": "Feature", "geometry": null, "properties": {"id": "C4Zg", "status": "validé", "pieces": [{"kind": "country"}]}}, {"type": "Feature", "geometry": {"type": "Polygon", "coordinates": [[[-77.86011, -8.35142], [-78.06885, -8.64468], [-77.99194, -9.04617], [-77.66235, -9.81533], [-76.77246, -11.11121], [-76.31104, -11.90752], [-75.34424, -12.41208], [-74.64111, -12.92637], [-73.83911, -13.23658], [-73.07007, -13.39688], [-72.96021, -13.22589], [-73.22388, -13.06548], [-73.81714, -12.80861], [-74.54224, -12.63721], [-74.73999, -12.25115], [-75.43213, -11.6495], [-76.14624, -10.78775], [-77.13501, -9.13292], [-77.67334, -8.36229], [-77.86011, -8.35142]]]}, "properties": {"id": "C6mO", "status": "validé", "pieces": [{"kind": "polygon", "ring": [[-77.86011, -8.35142], [-78.06885, -8.64468], [-77.99194, -9.04617], [-77.66235, -9.81533], [-76.77246, -11.11121], [-76.31104, -11.90752], [-75.34424, -12.41208], [-74.64111, -12.92637], [-73.83911, -13.23658], [-73.07007, -13.39688], [-72.96021, -13.22589], [-73.22388, -13.06548], [-73.81714, -12.80861], [-74.54224, -12.63721], [-74.73999, -12.25115], [-75.43213, -11.6495], [-76.14624, -10.78775], [-77.13501, -9.13292], [-77.67334, -8.36229]]}]}}, {"type": "Feature", "geometry": {"type": "Polygon", "coordinates": [[[-70.13535, -18.11145], [-70.13535, -17.9287], [-70.35233, -17.9287], [-70.35233, -18.11145], [-70.13535, -18.11145]]]}, "properties": {"id": "CVON", "status": "validé", "pieces": [{"kind": "rect", "bounds": [-70.35233, -18.11145, -70.13535, -17.9287]}]}}, {"type": "Feature", "geometry": {"type": "MultiPolygon", "coordinates": [[[[-81.03516, -4.45434], [-80.73853, -4.83744], [-80.47485, -5.39528], [-80.43091, -5.99629], [-79.81567, -6.44389], [-79.50806, -6.96741], [-79.16748, -7.49035], [-78.27759, -8.69717], [-78.04688, -9.40209], [-77.58545, -10.41897], [-77.44263, -10.86148], [-77.47918, -11.39021], [-77.60851, -11.32244], [-77.63419, -11.3034], [-77.64726, -11.29232], [-77.64485, -11.2799], [-77.64702, -11.25676], [-77.65209, -11.23699], [-77.64513, -11.23082], [-77.64797, -11.22235], [-77.63985, -11.21393], [-77.63063, -11.21342], [-77.61856, -11.21631], [-77.60933, -11.21072], [-77.5978, -11.20684], [-77.59368, -11.19107], [-77.59468, -11.16512], [-77.60833, -11.14192], [-77.6186, -11.12719], [-77.61276, -11.1154], [-77.63337, -11.09269], [-77.62869, -11.08257], [-77.63898, -11.06498], [-77.63432, -11.05656], [-77.64287, -11.03728], [-77.66131, -11.01446], [-77.65722, -11.00601], [-77.64681, -10.99648], [-77.65588, -10.97612], [-77.66438, -10.96027], [-77.66314, -10.9473], [-77.67054, -10.92752], [-77.68135, -10.90997], [-77.69616, -10.8907], [-77.71155, -10.86803], [-77.70917, -10.85225], [-77.73493, -10.83229], [-77.75316, -10.81577], [-77.75305, -10.80109], [-77.7478, -10.79207], [-77.76488, -10.76885], [-77.76368, -10.76152], [-77.79247, -10.73496], [-77.80768, -10.72404], [-77.81347, -10.71217], [-77.8192, -10.70135], [-77.82689, -10.6928], [-77.8485, -10.67376], [-77.91197, -10.56639], [-77.90957, -10.55511], [-77.92259, -10.53078], [-77.94205, -10.5158], [-77.9685, -10.49391], [-77.9663, -10.47807], [-77.97716, -10.45598], [-77.99546, -10.43212], [-78.01098, -10.41277], [-78.01293, -10.40325], [-78.00483, -10.39375], [-78.00643, -10.38248], [-78.01781, -10.37176], [-78.0558, -10.34752], [-78.05734, -10.32835], [-78.05817, -10.30191], [-78.07689, -10.28655], [-78.08555, -10.27743], [-78.08767, -10.26159], [-78.09551, -10.24067], [-78.09073, -10.22884], [-78.10042, -10.21469], [-78.10493, -10.20113], [-78.12434, -10.17956], [-78.1666, -10.14141], [-78.17556, -10.12104], [-78.18233, -10.11085], [-78.18284, -10.10068], [-78.17423, -10.09905], [-78.16797, -10.09342], [-78.16961, -10.08097], [-78.17871, -10.06904], [-78.17581, -10.06284], [-78.17743, -10.05099], [-78.17794, -10.04251], [-78.1939, -10.02088], [-78.19798, -9.99739], [-78.20354, -9.98662], [-78.21227, -9.97304], [-78.21507, -9.96286], [-78.22548, -9.95883], [-78.22889, -9.95429], [-78.23463, -9.95255], [-78.23631, -9.94689], [-78.23454, -9.94182], [-78.22874, -9.93566], [-78.22984, -9.92489], [-78.22898, -9.91317], [-78.22992, -9.90073], [-78.23448, -9.88508], [-78.2416, -9.87598], [-78.24326, -9.85894], [-78.23889, -9.83873], [-78.22989, -9.82504], [-78.22942, -9.79378], [-78.26891, -9.7586], [-78.30112, -9.72192], [-78.30754, -9.69841], [-78.32443, -9.68098], [-78.33246, -9.66296], [-78.34252, -9.6529], [-78.35447, -9.6322], [-78.3699, -9.61543], [-78.37444, -9.58478], [-78.36807, -9.55693], [-78.38703, -9.54671], [-78.3909, -9.53007], [-78.39002, -9.51617], [-78.3994, -9.50189], [-78.40591, -9.47772], [-78.39769, -9.4639], [-78.38508, -9.45143], [-78.39321, -9.43538], [-78.4063, -9.43522], [-78.42712, -9.41974], [-78.43161, -9.39242], [-78.42868, -9.37585], [-78.42101, -9.368], [-78.41475, -9.36213], [-78.42573, -9.35796], [-78.43459, -9.34649], [-78.44298, -9.34092], [-78.4486, -9.32822], [-78.46133, -9.3235], [-78.47517, -9.32488], [-78.48396, -9.33025], [-78.50649, -9.30504], [-78.50775, -9.29573], [-78.50968, -9.28442], [-78.51905, -9.27836], [-78.52672, -9.26963], [-78.51757, -9.26309], [-78.50876, -9.25586], [-78.49728, -9.25331], [-78.4897, -9.23345], [-78.48819, -9.21354], [-78.49741, -9.18954], [-78.51615, -9.17809], [-78.53566, -9.17257], [-78.55053, -9.17841], [-78.55857, -9.18373], [-78.56192, -9.19172], [-78.55735, -9.19969], [-78.55688, -9.21225], [-78.55227, -9.23226], [-78.55311, -9.24418], [-78.56445, -9.24079], [-78.57767, -9.21345], [-78.59702, -9.19134], [-78.61115, -9.17652], [-78.61039, -9.16589], [-78.6144, -9.16053], [-78.60964, -9.15592], [-78.59418, -9.16138], [-78.57057, -9.16833], [-78.56453, -9.16033], [-78.55969, -9.14843], [-78.55945, -9.12819], [-78.56803, -9.10422], [-78.57867, -9.08952], [-78.59203, -9.07744], [-78.60549, -9.07667], [-78.62372, -9.07918], [-78.63243, -9.07246], [-78.64172, -9.05643], [-78.64022, -9.03982], [-78.63333, -9.02327], [-78.62851, -9.01334], [-78.63719, -9.00462], [-78.66138, -8.99577], [-78.66196, -8.98512], [-78.65387, -8.98719], [-78.64909, -8.98059], [-78.64891, -8.95865], [-78.65477, -8.93333], [-78.66275, -8.91796], [-78.67403, -8.89723], [-78.682, -8.88252], [-78.69671, -8.86506], [-78.71728, -8.83685], [-78.7643, -8.77511], [-78.76219, -8.76582], [-78.76209, -8.75651], [-78.75461, -8.74793], [-78.74305, -8.74002], [-78.74075, -8.71146], [-78.74526, -8.68818], [-78.74308, -8.67291], [-78.75028, -8.64695], [-78.75933, -8.60833], [-78.78946, -8.56683], [-78.81973, -8.52825], [-78.85924, -8.49131], [-78.88195, -8.47454], [-78.91332, -8.4625], [-78.92785, -8.45062], [-78.94026, -8.43553], [-78.93479, -8.42295], [-78.92464, -8.42441], [-78.91933, -8.42711], [-78.90656, -8.4179], [-78.90166, -8.39735], [-78.90212, -8.37676], [-78.96369, -8.2867], [-78.96549, -8.26476], [-78.98996, -8.23198], [-78.98574, -8.21742], [-79.01836, -8.18056], [-79.12422, -8.08965], [-79.12466, -8.06507], [-79.18375, -8.02565], [-79.29971, -7.93865], [-79.35171, -7.88071], [-79.38408, -7.83379], [-79.3957, -7.79243], [-79.44472, -7.73742], [-79.45653, -7.72633], [-79.46594, -7.71593], [-79.46117, -7.70867], [-79.44905, -7.70481], [-79.43684, -7.69363], [-79.43529, -7.67439], [-79.44844, -7.65034], [-79.48425, -7.59349], [-79.55557, -7.49571], [-79.58251, -7.46364], [-79.58443, -7.43957], [-79.5896, -7.42091], [-79.58873, -7.41131], [-79.57794, -7.39978], [-79.57376, -7.38654], [-79.58486, -7.35717], [-79.59668, -7.33109], [-79.59578, -7.3125], [-79.61276, -7.26639], [-79.64471, -7.23175], [-79.68378, -7.19211], [-79.69701, -7.17801], [-79.69073, -7.15681], [-79.68909, -7.13091], [-79.70824, -7.10678], [-79.81447, -7.00093], [-79.86626, -6.94975], [-79.87748, -6.92898], [-79.93155, -6.88348], [-79.94538, -6.85203], [-79.94902, -6.82009], [-79.96468, -6.78735], [-79.98841, -6.75785], [-80.00455, -6.7409], [-80.11892, -6.65061], [-80.16943, -6.61871], [-80.2981, -6.54445], [-80.46021, -6.46265], [-80.72766, -6.32945], [-80.79053, -6.29969], [-80.85313, -6.2395], [-80.92607, -6.18939], [-81.01389, -6.13907], [-81.10146, -6.07207], [-81.13081, -6.03456], [-81.15142, -5.97587], [-81.14904, -5.93601], [-81.14939, -5.89239], [-81.15022, -5.88307], [-81.12941, -5.86581], [-81.12359, -5.84635], [-81.11885, -5.83991], [-81.09634, -5.83856], [-81.08579, -5.81551], [-81.08467, -5.79969], [-81.07519, -5.78679], [-81.0575, -5.78797], [-81.03828, -5.8181], [-81.00956, -5.83158], [-80.97159, -5.84596], [-80.93993, -5.85084], [-80.90339, -5.81463], [-80.86401, -5.74394], [-80.85621, -5.65046], [-80.88122, -5.57387], [-80.93182, -5.46382], [-80.96207, -5.43005], [-81.05529, -5.33994], [-81.0722, -5.31892], [-81.09445, -5.31304], [-81.10759, -5.31746], [-81.13161, -5.3004], [-81.1525, -5.26767], [-81.17821, -5.23854], [-81.19848, -5.2081], [-81.19354, -5.1983], [-81.18688, -5.19003], [-81.17371, -5.1846], [-81.16599, -5.16433], [-81.16958, -5.15317], [-81.17782, -5.14286], [-81.17669, -5.12989], [-81.16262, -5.12634], [-81.16704, -5.10868], [-81.1714, -5.0873], [-81.16277, -5.07257], [-81.14694, -5.07463], [-81.12913, -5.06469], [-81.11257, -5.08158], [-81.08276, -5.07921], [-81.06759, -5.0572], [-81.06336, -5.02204], [-81.08502, -4.97449], [-81.11808, -4.94065], [-81.14941, -4.91703], [-81.17314, -4.88146], [-81.1895, -4.85154], [-81.2234, -4.80649], [-81.30349, -4.72072], [-81.33756, -4.6783], [-81.33269, -4.66445], [-81.32039, -4.65819], [-81.30525, -4.64357], [-81.30791, -4.6239], [-81.31652, -4.60125], [-81.30793, -4.55006], [-81.30748, -4.53428], [-81.31314, -4.51629], [-81.32266, -4.49586], [-81.32893, -4.47666], [-81.32482, -4.4616], [-81.31432, -4.45233], [-81.30736, -4.44736], [-81.30134, -4.44166], [-81.29381, -4.43043], [-81.27953, -4.39642], [-81.27916, -4.37363], [-81.29288, -4.32115], [-81.03516, -4.45434]]], [[[-80.84867, -6.38895], [-80.85543, -6.40553], [-80.85002, -6.4195], [-80.84175, -6.42888], [-80.84098, -6.44094], [-80.84214, -6.4576], [-80.83958, -6.47525], [-80.8508, -6.47694], [-80.86384, -6.47584], [-80.86744, -6.46652], [-80.86358, -6.45638], [-80.86709, -6.44058], [-80.87538, -6.43305], [-80.86781, -6.42481], [-80.86481, -6.41003], [-80.85313, -6.37499], [-80.84297, -6.38161], [-80.84867, -6.38895]]]]}, "properties": {"id": "CeBf", "status": "validé", "pieces": [{"kind": "polygon", "ring": [[-81.33179, -4.30104], [-81.03516, -4.45434], [-80.73853, -4.83744], [-80.47485, -5.39528], [-80.43091, -5.99629], [-79.81567, -6.44389], [-79.50806, -6.96741], [-79.16748, -7.49035], [-78.27759, -8.69717], [-78.04688, -9.40209], [-77.58545, -10.41897], [-77.44263, -10.86148], [-77.48657, -11.49711], [-81.38672, -7.96916], [-81.95801, -6.0509]]}, {"kind": "clip"}]}}, {"type": "Feature", "geometry": {"type": "MultiPolygon", "coordinates": [[[[-79.78271, -6.59601], [-79.66187, -6.86867], [-79.42017, -7.2828], [-79.02466, -7.82712], [-78.58521, -8.47936], [-78.38745, -9.00037], [-78.38745, -9.4123], [-78.43072, -9.38736], [-78.42868, -9.37585], [-78.42101, -9.368], [-78.41475, -9.36213], [-78.42573, -9.35796], [-78.43459, -9.34649], [-78.44298, -9.34092], [-78.4486, -9.32822], [-78.46133, -9.3235], [-78.47517, -9.32488], [-78.48396, -9.33025], [-78.50649, -9.30504], [-78.50775, -9.29573], [-78.50968, -9.28442], [-78.51905, -9.27836], [-78.52672, -9.26963], [-78.51757, -9.26309], [-78.50876, -9.25586], [-78.49728, -9.25331], [-78.4897, -9.23345], [-78.48819, -9.21354], [-78.49741, -9.18954], [-78.51615, -9.17809], [-78.53566, -9.17257], [-78.55053, -9.17841], [-78.55857, -9.18373], [-78.56192, -9.19172], [-78.55735, -9.19969], [-78.55688, -9.21225], [-78.55227, -9.23226], [-78.55311, -9.24418], [-78.56445, -9.24079], [-78.57767, -9.21345], [-78.59702, -9.19134], [-78.61115, -9.17652], [-78.61039, -9.16589], [-78.6144, -9.16053], [-78.60964, -9.15592], [-78.59418, -9.16138], [-78.57057, -9.16833], [-78.56453, -9.16033], [-78.55969, -9.14843], [-78.55945, -9.12819], [-78.56803, -9.10422], [-78.57867, -9.08952], [-78.59203, -9.07744], [-78.60549, -9.07667], [-78.62372, -9.07918], [-78.63243, -9.07246], [-78.64172, -9.05643], [-78.64022, -9.03982], [-78.63333, -9.02327], [-78.62851, -9.01334], [-78.63719, -9.00462], [-78.66138, -8.99577], [-78.66196, -8.98512], [-78.65387, -8.98719], [-78.64909, -8.98059], [-78.64891, -8.95865], [-78.65477, -8.93333], [-78.66275, -8.91796], [-78.67403, -8.89723], [-78.682, -8.88252], [-78.69671, -8.86506], [-78.71728, -8.83685], [-78.7643, -8.77511], [-78.76219, -8.76582], [-78.76209, -8.75651], [-78.75461, -8.74793], [-78.74305, -8.74002], [-78.74075, -8.71146], [-78.74526, -8.68818], [-78.74308, -8.67291], [-78.75028, -8.64695], [-78.75933, -8.60833], [-78.78946, -8.56683], [-78.81973, -8.52825], [-78.85924, -8.49131], [-78.88195, -8.47454], [-78.91332, -8.4625], [-78.92785, -8.45062], [-78.94026, -8.43553], [-78.93479, -8.42295], [-78.92464, -8.42441], [-78.91933, -8.42711], [-78.90656, -8.4179], [-78.90166, -8.39735], [-78.90212, -8.37676], [-78.96369, -8.2867], [-78.96549, -8.26476], [-78.98996, -8.23198], [-78.98574, -8.21742], [-79.01836, -8.18056], [-79.12422, -8.08965], [-79.12466, -8.06507], [-79.18375, -8.02565], [-79.29971, -7.93865], [-79.35171, -7.88071], [-79.38408, -7.83379], [-79.3957, -7.79243], [-79.44472, -7.73742], [-79.45653, -7.72633], [-79.46594, -7.71593], [-79.46117, -7.70867], [-79.44905, -7.70481], [-79.43684, -7.69363], [-79.43529, -7.67439], [-79.44844, -7.65034], [-79.48425, -7.59349], [-79.55557, -7.49571], [-79.58251, -7.46364], [-79.58443, -7.43957], [-79.5896, -7.42091], [-79.58873, -7.41131], [-79.57794, -7.39978], [-79.57376, -7.38654], [-79.58486, -7.35717], [-79.59668, -7.33109], [-79.59578, -7.3125], [-79.61276, -7.26639], [-79.64471, -7.23175], [-79.68378, -7.19211], [-79.69701, -7.17801], [-79.69073, -7.15681], [-79.68909, -7.13091], [-79.70824, -7.10678], [-79.81447, -7.00093], [-79.86626, -6.94975], [-79.87748, -6.92898], [-79.93155, -6.88348], [-79.94538, -6.85203], [-79.94902, -6.82009], [-79.96468, -6.78735], [-79.98841, -6.75785], [-80.00455, -6.7409], [-80.11892, -6.65061], [-80.12679, -6.64564], [-80.10132, -6.44326], [-79.78271, -6.59601]]], [[[-80.56274, -5.05227], [-80.46387, -5.22727], [-80.48035, -5.35302], [-80.63416, -5.56073], [-80.73853, -5.60445], [-80.79895, -5.57166], [-80.76599, -5.35302], [-80.72754, -5.2382], [-80.80994, -5.19446], [-80.90332, -5.15618], [-80.97473, -5.01945], [-80.85388, -5.01398], [-80.56274, -5.05227]]]]}, "properties": {"id": "CeXj", "status": "validé", "pieces": [{"kind": "polygon", "ring": [[-80.13428, -6.70509], [-80.10132, -6.44326], [-79.78271, -6.59601], [-79.66187, -6.86867], [-79.42017, -7.2828], [-79.02466, -7.82712], [-78.58521, -8.47936], [-78.38745, -9.00037], [-78.38745, -9.4123], [-79.49707, -8.77252], [-80.04639, -6.8814]]}, {"kind": "clip"}, {"kind": "polygon", "ring": [[-80.97473, -5.01945], [-80.85388, -5.01398], [-80.56274, -5.05227], [-80.46387, -5.22727], [-80.48035, -5.35302], [-80.63416, -5.56073], [-80.73853, -5.60445], [-80.79895, -5.57166], [-80.76599, -5.35302], [-80.72754, -5.2382], [-80.80994, -5.19446], [-80.90332, -5.15618]]}]}}, {"type": "Feature", "geometry": null, "properties": {"id": "DIQR", "status": "validé", "pieces": [{"kind": "country"}]}}, {"type": "Feature", "geometry": null, "properties": {"id": "ENXi", "status": "validé", "pieces": [{"kind": "admin1", "code": "PER-585"}, {"kind": "admin1", "code": "PER-584"}, {"kind": "admin1", "code": "PER-578"}, {"kind": "admin1", "code": "PER-567"}, {"kind": "admin1", "code": "PER-568"}, {"kind": "admin1", "code": "PER-566"}, {"kind": "admin1", "code": "PER-580"}, {"kind": "admin1", "code": "PER-582"}, {"kind": "admin1", "code": "PER-583"}, {"kind": "admin1", "code": "PER-590"}, {"kind": "admin1", "code": "PER-581"}, {"kind": "admin1", "code": "PER-579"}, {"kind": "admin1", "code": "PER-577"}, {"kind": "admin1", "code": "PER-591"}, {"kind": "admin1", "code": "PER-587"}]}}, {"type": "Feature", "geometry": null, "properties": {"id": "EoKI", "status": "validé", "pieces": [{"kind": "country"}]}}, {"type": "Feature", "geometry": {"type": "MultiPolygon", "coordinates": [[[[-80.89233, -5.90943], [-80.22217, -5.80949], [-79.58496, -6.0498], [-79.14551, -6.57373], [-78.44238, -7.83753], [-77.98096, -8.64179], [-77.87109, -9.53099], [-77.62939, -10.41788], [-77.74682, -10.82152], [-77.75316, -10.81577], [-77.75305, -10.80109], [-77.7478, -10.79207], [-77.76488, -10.76885], [-77.76368, -10.76152], [-77.79247, -10.73496], [-77.80768, -10.72404], [-77.81347, -10.71217], [-77.8192, -10.70135], [-77.82689, -10.6928], [-77.8485, -10.67376], [-77.91197, -10.56639], [-77.90957, -10.55511], [-77.92259, -10.53078], [-77.94205, -10.5158], [-77.9685, -10.49391], [-77.9663, -10.47807], [-77.97716, -10.45598], [-77.99546, -10.43212], [-78.01098, -10.41277], [-78.01293, -10.40325], [-78.00483, -10.39375], [-78.00643, -10.38248], [-78.01781, -10.37176], [-78.0558, -10.34752], [-78.05734, -10.32835], [-78.05817, -10.30191], [-78.07689, -10.28655], [-78.08555, -10.27743], [-78.08767, -10.26159], [-78.09551, -10.24067], [-78.09073, -10.22884], [-78.10042, -10.21469], [-78.10493, -10.20113], [-78.12434, -10.17956], [-78.1666, -10.14141], [-78.17556, -10.12104], [-78.18233, -10.11085], [-78.18284, -10.10068], [-78.17423, -10.09905], [-78.16797, -10.09342], [-78.16961, -10.08097], [-78.17871, -10.06904], [-78.17581, -10.06284], [-78.17743, -10.05099], [-78.17794, -10.04251], [-78.1939, -10.02088], [-78.19798, -9.99739], [-78.20354, -9.98662], [-78.21227, -9.97304], [-78.21507, -9.96286], [-78.22548, -9.95883], [-78.22889, -9.95429], [-78.23463, -9.95255], [-78.23631, -9.94689], [-78.23454, -9.94182], [-78.22874, -9.93566], [-78.22984, -9.92489], [-78.22898, -9.91317], [-78.22992, -9.90073], [-78.23448, -9.88508], [-78.2416, -9.87598], [-78.24326, -9.85894], [-78.23889, -9.83873], [-78.22989, -9.82504], [-78.22942, -9.79378], [-78.26891, -9.7586], [-78.30112, -9.72192], [-78.30754, -9.69841], [-78.32443, -9.68098], [-78.33246, -9.66296], [-78.34252, -9.6529], [-78.35447, -9.6322], [-78.3699, -9.61543], [-78.37444, -9.58478], [-78.36807, -9.55693], [-78.38703, -9.54671], [-78.3909, -9.53007], [-78.39002, -9.51617], [-78.3994, -9.50189], [-78.40591, -9.47772], [-78.39769, -9.4639], [-78.38508, -9.45143], [-78.39321, -9.43538], [-78.4063, -9.43522], [-78.42712, -9.41974], [-78.43161, -9.39242], [-78.42868, -9.37585], [-78.42101, -9.368], [-78.41475, -9.36213], [-78.42573, -9.35796], [-78.43459, -9.34649], [-78.44298, -9.34092], [-78.4486, -9.32822], [-78.46133, -9.3235], [-78.47517, -9.32488], [-78.48396, -9.33025], [-78.50649, -9.30504], [-78.50775, -9.29573], [-78.50968, -9.28442], [-78.51905, -9.27836], [-78.52672, -9.26963], [-78.51757, -9.26309], [-78.50876, -9.25586], [-78.49728, -9.25331], [-78.4897, -9.23345], [-78.48819, -9.21354], [-78.49741, -9.18954], [-78.51615, -9.17809], [-78.53566, -9.17257], [-78.55053, -9.17841], [-78.55857, -9.18373], [-78.56192, -9.19172], [-78.55735, -9.19969], [-78.55688, -9.21225], [-78.55227, -9.23226], [-78.55311, -9.24418], [-78.56445, -9.24079], [-78.57767, -9.21345], [-78.59702, -9.19134], [-78.61115, -9.17652], [-78.61039, -9.16589], [-78.6144, -9.16053], [-78.60964, -9.15592], [-78.59418, -9.16138], [-78.57057, -9.16833], [-78.56453, -9.16033], [-78.55969, -9.14843], [-78.55945, -9.12819], [-78.56803, -9.10422], [-78.57867, -9.08952], [-78.59203, -9.07744], [-78.60549, -9.07667], [-78.62372, -9.07918], [-78.63243, -9.07246], [-78.64172, -9.05643], [-78.64022, -9.03982], [-78.63333, -9.02327], [-78.62851, -9.01334], [-78.63719, -9.00462], [-78.66138, -8.99577], [-78.66196, -8.98512], [-78.65387, -8.98719], [-78.64909, -8.98059], [-78.64891, -8.95865], [-78.65477, -8.93333], [-78.66275, -8.91796], [-78.67403, -8.89723], [-78.682, -8.88252], [-78.69671, -8.86506], [-78.71728, -8.83685], [-78.7643, -8.77511], [-78.76219, -8.76582], [-78.76209, -8.75651], [-78.75461, -8.74793], [-78.74305, -8.74002], [-78.74075, -8.71146], [-78.74526, -8.68818], [-78.74308, -8.67291], [-78.75028, -8.64695], [-78.75933, -8.60833], [-78.78946, -8.56683], [-78.81973, -8.52825], [-78.85924, -8.49131], [-78.88195, -8.47454], [-78.91332, -8.4625], [-78.92785, -8.45062], [-78.94026, -8.43553], [-78.93479, -8.42295], [-78.92464, -8.42441], [-78.91933, -8.42711], [-78.90656, -8.4179], [-78.90166, -8.39735], [-78.90212, -8.37676], [-78.96369, -8.2867], [-78.96549, -8.26476], [-78.98996, -8.23198], [-78.98574, -8.21742], [-79.01836, -8.18056], [-79.12422, -8.08965], [-79.12466, -8.06507], [-79.18375, -8.02565], [-79.29971, -7.93865], [-79.35171, -7.88071], [-79.38408, -7.83379], [-79.3957, -7.79243], [-79.44472, -7.73742], [-79.45653, -7.72633], [-79.46594, -7.71593], [-79.46117, -7.70867], [-79.44905, -7.70481], [-79.43684, -7.69363], [-79.43529, -7.67439], [-79.44844, -7.65034], [-79.48425, -7.59349], [-79.55557, -7.49571], [-79.58251, -7.46364], [-79.58443, -7.43957], [-79.5896, -7.42091], [-79.58873, -7.41131], [-79.57794, -7.39978], [-79.57376, -7.38654], [-79.58486, -7.35717], [-79.59668, -7.33109], [-79.59578, -7.3125], [-79.61276, -7.26639], [-79.64471, -7.23175], [-79.68378, -7.19211], [-79.69701, -7.17801], [-79.69073, -7.15681], [-79.68909, -7.13091], [-79.70824, -7.10678], [-79.81447, -7.00093], [-79.86626, -6.94975], [-79.87748, -6.92898], [-79.93155, -6.88348], [-79.94538, -6.85203], [-79.94902, -6.82009], [-79.96468, -6.78735], [-79.98841, -6.75785], [-80.00455, -6.7409], [-80.11892, -6.65061], [-80.16943, -6.61871], [-80.2981, -6.54445], [-80.46021, -6.46265], [-80.72766, -6.32945], [-80.79053, -6.29969], [-80.85313, -6.2395], [-80.92607, -6.18939], [-81.01389, -6.13907], [-81.02201, -6.13286], [-80.89233, -5.90943]]], [[[-80.84867, -6.38895], [-80.85543, -6.40553], [-80.85002, -6.4195], [-80.84175, -6.42888], [-80.84098, -6.44094], [-80.84214, -6.4576], [-80.83958, -6.47525], [-80.8508, -6.47694], [-80.86384, -6.47584], [-80.86744, -6.46652], [-80.86358, -6.45638], [-80.86709, -6.44058], [-80.87538, -6.43305], [-80.86781, -6.42481], [-80.86481, -6.41003], [-80.85313, -6.37499], [-80.84297, -6.38161], [-80.84867, -6.38895]]]]}, "properties": {"id": "Fr59", "status": "validé", "pieces": [{"kind": "polygon", "ring": [[-81.05713, -6.19337], [-80.89233, -5.90943], [-80.22217, -5.80949], [-79.58496, -6.0498], [-79.14551, -6.57373], [-78.44238, -7.83753], [-77.98096, -8.64179], [-77.87109, -9.53099], [-77.62939, -10.41788], [-77.80518, -11.02213], [-80.61768, -8.68522]]}, {"kind": "clip"}]}}, {"type": "Feature", "geometry": {"type": "MultiPolygon", "coordinates": [[[[-72.12662, -16.3681], [-71.95496, -16.44448], [-71.9632, -16.45699], [-72.14172, -16.38259], [-72.12662, -16.3681]]], [[[-76.12976, -13.89251], [-76.16135, -13.82854], [-76.18332, -13.76055], [-76.18469, -13.6752], [-76.17783, -13.60583], [-76.19705, -13.51909], [-76.21628, -13.42831], [-76.32614, -13.25601], [-76.43326, -13.10364], [-76.53625, -12.95252], [-76.54175, -12.88294], [-76.64474, -12.74641], [-76.79855, -12.52674], [-76.84662, -12.37259], [-76.9194, -12.29078], [-76.98669, -12.23444], [-76.98051, -12.2], [-76.98738, -12.16176], [-76.98463, -12.13291], [-76.98807, -12.08593], [-76.97639, -12.06714], [-76.99562, -12.03291], [-77.01965, -12.05036], [-77.04094, -12.04633], [-77.05742, -12.03559], [-77.06841, -12.01478], [-77.08214, -11.92481], [-77.07802, -11.90466], [-77.0787, -11.87645], [-77.08145, -11.86503], [-77.11441, -11.84085], [-77.13982, -11.81667], [-77.14874, -11.7992], [-77.16385, -11.78442], [-77.15904, -11.75082], [-77.14462, -11.73805], [-77.16728, -11.73133], [-77.18307, -11.71856], [-77.18788, -11.67824], [-77.19475, -11.66816], [-77.21054, -11.64059], [-77.21191, -11.61438], [-77.23045, -11.61774], [-77.25998, -11.60631], [-77.2641, -11.58278], [-77.26891, -11.56126], [-77.28745, -11.54243], [-77.31354, -11.47719], [-77.31422, -11.47046], [-77.39525, -11.41396], [-77.44194, -11.39041], [-77.60124, -11.15077], [-77.60124, -11.11508], [-77.59026, -11.08747], [-77.59575, -11.05581], [-77.60262, -11.0201], [-77.6445, -10.98642], [-77.65137, -10.95205], [-77.67334, -10.90488], [-77.7063, -10.84758], [-77.70699, -10.81657], [-77.7317, -10.7741], [-77.77977, -10.70599], [-77.80106, -10.67564], [-77.845, -10.65945], [-77.86423, -10.63247], [-77.89238, -10.55961], [-77.94388, -10.43273], [-78.0558, -10.34496], [-78.05168, -10.24047], [-78.19244, -10.03214], [-78.22952, -9.89017], [-78.21854, -9.85501], [-78.2048, -9.81984], [-78.26797, -9.74815], [-78.30093, -9.65343], [-78.29956, -9.52484], [-78.2872, -9.4937], [-78.35999, -9.45038], [-78.40805, -9.36912], [-78.46436, -9.24585], [-78.48358, -9.20113], [-78.55774, -9.02087], [-78.68683, -8.95308], [-78.65936, -8.6465], [-78.73627, -8.47817], [-78.85437, -8.42929], [-78.97797, -8.2174], [-79.10706, -8.08967], [-79.09882, -7.96734], [-79.16748, -7.85584], [-79.26361, -7.78785], [-79.34052, -7.72256], [-79.36798, -7.6491], [-79.42291, -7.52663], [-79.48608, -7.48036], [-79.5163, -7.44497], [-79.57947, -7.40141], [-79.54239, -7.36016], [-79.51355, -7.32885], [-79.51218, -7.28119], [-79.44214, -7.21038], [-79.45313, -7.15454], [-79.56436, -7.07554], [-79.6701, -6.99243], [-79.81293, -6.89159], [-79.79233, -6.88342], [-79.68933, -6.94065], [-79.62616, -6.97335], [-79.58359, -7.01014], [-79.45313, -7.11832], [-79.42291, -7.17281], [-79.41467, -7.21366], [-79.47784, -7.27903], [-79.48334, -7.34166], [-79.54651, -7.38795], [-79.49707, -7.43151], [-79.40643, -7.46145], [-79.33777, -7.58666], [-79.25812, -7.72815], [-79.15375, -7.78799], [-79.05212, -7.96748], [-79.02191, -8.10341], [-78.94226, -8.18222], [-78.91205, -8.26374], [-78.8269, -8.3724], [-78.74451, -8.41858], [-78.68134, -8.47289], [-78.64563, -8.60864], [-78.59619, -8.6765], [-78.60168, -8.73892], [-78.62091, -8.83117], [-78.59894, -8.9478], [-78.53302, -8.97763], [-78.49731, -9.03458], [-78.48907, -9.08609], [-78.44513, -9.16199], [-78.44513, -9.19722], [-78.3902, -9.28665], [-78.37372, -9.35167], [-78.32428, -9.43151], [-78.26111, -9.4762], [-78.26797, -9.50869], [-78.24188, -9.57096], [-78.25012, -9.68871], [-78.17734, -9.76718], [-78.1636, -9.85375], [-78.18558, -9.90785], [-78.11691, -10.05386], [-78.03589, -10.1971], [-78.00842, -10.28626], [-78.01804, -10.32947], [-77.94113, -10.39024], [-77.90268, -10.42264], [-77.89307, -10.48069], [-77.85049, -10.57786], [-77.82303, -10.63453], [-77.82166, -10.63184], [-77.77084, -10.65207], [-77.67883, -10.80448], [-77.68021, -10.85437], [-77.64725, -10.91772], [-77.61566, -10.98511], [-77.5882, -11.02014], [-77.57172, -11.07538], [-77.57446, -11.136], [-77.44812, -11.31508], [-77.41653, -11.37699], [-77.34924, -11.42409], [-77.29706, -11.45907], [-77.28745, -11.50481], [-77.25311, -11.56264], [-77.23663, -11.58954], [-77.20093, -11.59223], [-77.18857, -11.60299], [-77.19681, -11.62047], [-77.19681, -11.63526], [-77.15698, -11.71457], [-77.13226, -11.72264], [-77.12402, -11.72936], [-77.146, -11.7643], [-77.11956, -11.79053], [-77.12299, -11.81237], [-77.09106, -11.84394], [-77.07253, -11.86208], [-77.06188, -11.87921], [-77.06188, -11.89902], [-77.066, -11.92353], [-77.0509, -12.03052], [-77.02961, -12.03657], [-77.01244, -12.02885], [-76.99734, -12.02683], [-76.98566, -12.03086], [-76.98532, -12.0359], [-76.97227, -12.05167], [-76.96541, -12.0661], [-76.97262, -12.07919], [-76.97571, -12.09563], [-76.97399, -12.11711], [-76.97811, -12.15603], [-76.9709, -12.18219], [-76.96609, -12.1936], [-76.97296, -12.21842], [-76.95442, -12.2315], [-76.91631, -12.24928], [-76.88988, -12.2704], [-76.8552, -12.29253], [-76.83563, -12.30135], [-76.80954, -12.3436], [-76.75735, -12.38751], [-76.74431, -12.40885], [-76.74706, -12.43767], [-76.74637, -12.46314], [-76.72096, -12.5067], [-76.70929, -12.53551], [-76.65573, -12.58173], [-76.66328, -12.62996], [-76.65504, -12.65809], [-76.63033, -12.69827], [-76.61179, -12.72505], [-76.60835, -12.74112], [-76.54381, -12.79333], [-76.51909, -12.82546], [-76.5033, -12.88033], [-76.4875, -12.92716], [-76.49162, -12.96194], [-76.47102, -13.01678], [-76.46553, -13.04019], [-76.41953, -13.089], [-76.38725, -13.11574], [-76.37489, -13.14515], [-76.35223, -13.16988], [-76.34056, -13.19794], [-76.2925, -13.21999], [-76.25954, -13.27058], [-76.20872, -13.34472], [-76.15723, -13.4745], [-76.16684, -13.5015], [-76.15723, -13.56556], [-76.15997, -13.66029], [-76.15173, -13.71764], [-76.1586, -13.76831], [-76.0968, -13.87895], [-75.95398, -13.9056], [-75.77408, -13.94157], [-75.80566, -13.975], [-75.97595, -13.94436], [-76.12976, -13.89251]]], [[[-80.69108, -4.99319], [-80.70138, -5.07729], [-80.69108, -5.13608], [-80.6849, -5.16821], [-80.70138, -5.16548], [-80.71511, -5.07319], [-80.70481, -4.98841], [-80.70207, -4.91729], [-80.68971, -4.92003], [-80.69108, -4.99319]]]]}, "properties": {"id": "Hw0b", "status": "validé", "pieces": [{"kind": "polygon", "ring": [[-75.80566, -13.975], [-75.97595, -13.94436], [-76.12976, -13.89251], [-76.16135, -13.82854], [-76.18332, -13.76055], [-76.18469, -13.6752], [-76.17783, -13.60583], [-76.19705, -13.51909], [-76.21628, -13.42831], [-76.32614, -13.25601], [-76.43326, -13.10364], [-76.53625, -12.95252], [-76.54175, -12.88294], [-76.64474, -12.74641], [-76.79855, -12.52674], [-76.84662, -12.37259], [-76.9194, -12.29078], [-76.98669, -12.23444], [-76.98051, -12.2], [-76.98738, -12.16176], [-76.98463, -12.13291], [-76.98807, -12.08593], [-76.97639, -12.06714], [-76.99562, -12.03291], [-77.01965, -12.05036], [-77.04094, -12.04633], [-77.05742, -12.03559], [-77.06841, -12.01478], [-77.08214, -11.92481], [-77.07802, -11.90466], [-77.0787, -11.87645], [-77.08145, -11.86503], [-77.11441, -11.84085], [-77.13982, -11.81667], [-77.14874, -11.7992], [-77.16385, -11.78442], [-77.15904, -11.75082], [-77.14462, -11.73805], [-77.16728, -11.73133], [-77.18307, -11.71856], [-77.18788, -11.67824], [-77.19475, -11.66816], [-77.21054, -11.64059], [-77.21191, -11.61438], [-77.23045, -11.61774], [-77.25998, -11.60631], [-77.2641, -11.58278], [-77.26891, -11.56126], [-77.28745, -11.54243], [-77.31354, -11.47719], [-77.31422, -11.47046], [-77.39525, -11.41396], [-77.44194, -11.39041], [-77.60124, -11.15077], [-77.60124, -11.11508], [-77.59026, -11.08747], [-77.59575, -11.05581], [-77.60262, -11.0201], [-77.6445, -10.98642], [-77.65137, -10.95205], [-77.67334, -10.90488], [-77.7063, -10.84758], [-77.70699, -10.81657], [-77.7317, -10.7741], [-77.77977, -10.70599], [-77.80106, -10.67564], [-77.845, -10.65945], [-77.86423, -10.63247], [-77.89238, -10.55961], [-77.94388, -10.43273], [-78.0558, -10.34496], [-78.05168, -10.24047], [-78.19244, -10.03214], [-78.22952, -9.89017], [-78.21854, -9.85501], [-78.2048, -9.81984], [-78.26797, -9.74815], [-78.30093, -9.65343], [-78.29956, -9.52484], [-78.2872, -9.4937], [-78.35999, -9.45038], [-78.40805, -9.36912], [-78.46436, -9.24585], [-78.48358, -9.20113], [-78.55774, -9.02087], [-78.68683, -8.95308], [-78.65936, -8.6465], [-78.73627, -8.47817], [-78.85437, -8.42929], [-78.97797, -8.2174], [-79.10706, -8.08967], [-79.09882, -7.96734], [-79.16748, -7.85584], [-79.26361, -7.78785], [-79.34052, -7.72256], [-79.36798, -7.6491], [-79.42291, -7.52663], [-79.48608, -7.48036], [-79.5163, -7.44497], [-79.57947, -7.40141], [-79.54239, -7.36016], [-79.51355, -7.32885], [-79.51218, -7.28119], [-79.44214, -7.21038], [-79.45313, -7.15454], [-79.56436, -7.07554], [-79.6701, -6.99243], [-79.81293, -6.89159], [-79.79233, -6.88342], [-79.68933, -6.94065], [-79.62616, -6.97335], [-79.58359, -7.01014], [-79.45313, -7.11832], [-79.42291, -7.17281], [-79.41467, -7.21366], [-79.47784, -7.27903], [-79.48334, -7.34166], [-79.54651, -7.38795], [-79.49707, -7.43151], [-79.40643, -7.46145], [-79.33777, -7.58666], [-79.25812, -7.72815], [-79.15375, -7.78799], [-79.05212, -7.96748], [-79.02191, -8.10341], [-78.94226, -8.18222], [-78.91205, -8.26374], [-78.8269, -8.3724], [-78.74451, -8.41858], [-78.68134, -8.47289], [-78.64563, -8.60864], [-78.59619, -8.6765], [-78.60168, -8.73892], [-78.62091, -8.83117], [-78.59894, -8.9478], [-78.53302, -8.97763], [-78.49731, -9.03458], [-78.48907, -9.08609], [-78.44513, -9.16199], [-78.44513, -9.19722], [-78.3902, -9.28665], [-78.37372, -9.35167], [-78.32428, -9.43151], [-78.26111, -9.4762], [-78.26797, -9.50869], [-78.24188, -9.57096], [-78.25012, -9.68871], [-78.17734, -9.76718], [-78.1636, -9.85375], [-78.18558, -9.90785], [-78.11691, -10.05386], [-78.03589, -10.1971], [-78.00842, -10.28626], [-78.01804, -10.32947], [-77.94113, -10.39024], [-77.90268, -10.42264], [-77.89307, -10.48069], [-77.85049, -10.57786], [-77.82303, -10.63453], [-77.82166, -10.63184], [-77.77084, -10.65207], [-77.67883, -10.80448], [-77.68021, -10.85437], [-77.64725, -10.91772], [-77.61566, -10.98511], [-77.5882, -11.02014], [-77.57172, -11.07538], [-77.57446, -11.136], [-77.44812, -11.31508], [-77.41653, -11.37699], [-77.34924, -11.42409], [-77.29706, -11.45907], [-77.28745, -11.50481], [-77.25311, -11.56264], [-77.23663, -11.58954], [-77.20093, -11.59223], [-77.18857, -11.60299], [-77.19681, -11.62047], [-77.19681, -11.63526], [-77.15698, -11.71457], [-77.13226, -11.72264], [-77.12402, -11.72936], [-77.146, -11.7643], [-77.11956, -11.79053], [-77.12299, -11.81237], [-77.09106, -11.84394], [-77.07253, -11.86208], [-77.06188, -11.87921], [-77.06188, -11.89902], [-77.066, -11.92353], [-77.0509, -12.03052], [-77.02961, -12.03657], [-77.01244, -12.02885], [-76.99734, -12.02683], [-76.98566, -12.03086], [-76.98532, -12.0359], [-76.97227, -12.05167], [-76.96541, -12.0661], [-76.97262, -12.07919], [-76.97571, -12.09563], [-76.97399, -12.11711], [-76.97811, -12.15603], [-76.9709, -12.18219], [-76.96609, -12.1936], [-76.97296, -12.21842], [-76.95442, -12.2315], [-76.91631, -12.24928], [-76.88988, -12.2704], [-76.8552, -12.29253], [-76.83563, -12.30135], [-76.80954, -12.3436], [-76.75735, -12.38751], [-76.74431, -12.40885], [-76.74706, -12.43767], [-76.74637, -12.46314], [-76.72096, -12.5067], [-76.70929, -12.53551], [-76.65573, -12.58173], [-76.66328, -12.62996], [-76.65504, -12.65809], [-76.63033, -12.69827], [-76.61179, -12.72505], [-76.60835, -12.74112], [-76.54381, -12.79333], [-76.51909, -12.82546], [-76.5033, -12.88033], [-76.4875, -12.92716], [-76.49162, -12.96194], [-76.47102, -13.01678], [-76.46553, -13.04019], [-76.41953, -13.089], [-76.38725, -13.11574], [-76.37489, -13.14515], [-76.35223, -13.16988], [-76.34056, -13.19794], [-76.2925, -13.21999], [-76.25954, -13.27058], [-76.20872, -13.34472], [-76.15723, -13.4745], [-76.16684, -13.5015], [-76.15723, -13.56556], [-76.15997, -13.66029], [-76.15173, -13.71764], [-76.1586, -13.76831], [-76.0968, -13.87895], [-75.95398, -13.9056], [-75.77408, -13.94157]]}, {"kind": "polygon", "ring": [[-72.14172, -16.38259], [-71.9632, -16.45699], [-71.95496, -16.44448], [-72.12662, -16.3681]]}, {"kind": "polygon", "ring": [[-80.70207, -4.91729], [-80.70481, -4.98841], [-80.71511, -5.07319], [-80.70138, -5.16548], [-80.6849, -5.16821], [-80.69108, -5.13608], [-80.70138, -5.07729], [-80.69108, -4.99319], [-80.68971, -4.92003]]}]}}, {"type": "Feature", "geometry": null, "properties": {"id": "ILfq", "status": "validé", "pieces": [{"kind": "country"}]}}, {"type": "Feature", "geometry": {"type": "Polygon", "coordinates": [[[-71.87393, -13.57232], [-71.87393, -13.48824], [-72.01813, -13.48824], [-72.01813, -13.57232], [-71.87393, -13.57232]]]}, "properties": {"id": "Ig22", "status": "validé", "pieces": [{"kind": "rect", "bounds": [-72.01813, -13.57232, -71.87393, -13.48824]}]}}, {"type": "Feature", "geometry": null, "properties": {"id": "IidK", "status": "validé", "pieces": [{"kind": "admin1", "code": "PER-568"}]}}, {"type": "Feature", "geometry": {"type": "Polygon", "coordinates": [[[-73.18542, -3.84479], [-73.18542, -3.69001], [-73.33511, -3.69001], [-73.33511, -3.84479], [-73.18542, -3.84479]]]}, "properties": {"id": "JGX2", "status": "validé", "pieces": [{"kind": "rect", "bounds": [-73.33511, -3.84479, -73.18542, -3.69001]}]}}, {"type": "Feature", "geometry": {"type": "MultiPolygon", "coordinates": [[[[-79.21143, -6.81482], [-78.61816, -6.85843], [-77.5415, -6.92385], [-77.08008, -8.09969], [-75.4541, -10.76444], [-74.50928, -12.09914], [-74.39941, -10.57018], [-73.74023, -10.8723], [-72.44385, -11.41104], [-72.09229, -12.44252], [-71.30127, -13.10654], [-68.97707, -13.12381], [-68.97966, -13.16457], [-68.97702, -13.20493], [-68.96279, -13.28358], [-68.97444, -13.47881], [-68.97075, -13.50145], [-68.97682, -13.52625], [-68.98565, -13.55023], [-68.99426, -13.56305], [-69.01539, -13.58548], [-69.0232, -13.59695], [-69.02552, -13.61069], [-69.02361, -13.6233], [-69.02384, -13.63498], [-69.03263, -13.64594], [-69.04402, -13.648], [-69.07454, -13.64263], [-69.08759, -13.64387], [-69.10159, -13.66661], [-69.08105, -13.69544], [-69.02705, -13.73823], [-69.01596, -13.75311], [-69.01596, -13.76459], [-69.02082, -13.77637], [-69.02428, -13.79249], [-69.02309, -13.80603], [-69.01015, -13.84437], [-68.99299, -13.8698], [-68.98919, -13.9037], [-68.98904, -13.94008], [-68.98297, -13.97222], [-68.96971, -13.99051], [-68.91618, -14.02493], [-68.90576, -14.0393], [-68.89998, -14.0548], [-68.89372, -14.08922], [-68.86889, -14.15619], [-68.86445, -14.19123], [-68.88372, -14.21148], [-68.95132, -14.21996], [-68.98491, -14.22833], [-69.01015, -14.2459], [-69.0157, -14.26316], [-69.01723, -14.28249], [-69.01617, -14.32114], [-69.00831, -14.33902], [-68.99462, -14.35897], [-68.99025, -14.37902], [-69.01015, -14.3971], [-69.07513, -14.43245], [-69.09456, -14.4464], [-69.13402, -14.49074], [-69.14115, -14.49415], [-69.1582, -14.49849], [-69.16428, -14.50304], [-69.16743, -14.5203], [-69.16451, -14.5664], [-69.1704, -14.57756], [-69.19223, -14.57694], [-69.21494, -14.57229], [-69.23466, -14.57425], [-69.2475, -14.59368], [-69.25383, -14.72184], [-69.26763, -14.75067], [-69.28352, -14.75967], [-69.33904, -14.77476], [-69.36142, -14.78799], [-69.37054, -14.80152], [-69.37199, -14.81868], [-69.36775, -14.90054], [-69.36984, -14.90829], [-69.38622, -14.94581], [-69.39067, -14.96441], [-69.38431, -14.98177], [-69.36282, -15.00131], [-69.3461, -15.0165], [-69.28858, -15.10197], [-69.2722, -15.1182], [-69.21267, -15.1613], [-69.19649, -15.17659], [-69.17177, -15.2108], [-69.1481, -15.23333], [-69.15043, -15.25163], [-69.16613, -15.26393], [-69.18973, -15.26238], [-69.20913, -15.26361], [-69.22259, -15.30217], [-69.2559, -15.31333], [-69.2752, -15.33028], [-69.29117, -15.35084], [-69.29695, -15.36697], [-69.2854, -15.39673], [-69.28592, -15.40541], [-69.29292, -15.40986], [-69.32026, -15.41885], [-69.33036, -15.42422], [-69.34341, -15.44221], [-69.34853, -15.46185], [-69.35111, -15.4819], [-69.35641, -15.50143], [-69.42118, -15.59641], [-69.43002, -15.62628], [-69.42434, -15.65625], [-69.41222, -15.68581], [-69.36961, -15.78896], [-69.32713, -15.892], [-69.28458, -15.99504], [-69.24213, -16.09819], [-69.21965, -16.15276], [-69.18487, -16.19503], [-69.16626, -16.21043], [-69.14469, -16.22345], [-69.12081, -16.2312], [-69.09518, -16.2312], [-69.08389, -16.22655], [-69.06451, -16.21208], [-69.05356, -16.20836], [-69.04273, -16.20929], [-69.01015, -16.21911], [-68.98204, -16.21002], [-68.95951, -16.22335], [-68.91876, -16.26666], [-68.86667, -16.28691], [-68.84365, -16.302], [-68.83349, -16.32898], [-68.85584, -16.36319], [-68.96837, -16.40639], [-69.00173, -16.42282], [-69.02787, -16.45414], [-69.03682, -16.4715], [-69.03888, -16.49186], [-69.03764, -16.55025], [-69.04012, -16.58136], [-69.03513, -16.598], [-69.00834, -16.63418], [-69.02051, -16.64947], [-69.03707, -16.67025], [-69.05382, -16.68234], [-69.11206, -16.71148], [-69.13058, -16.71583], [-69.16637, -16.71913], [-69.18236, -16.72874], [-69.19166, -16.74301], [-69.21065, -16.79706], [-69.22445, -16.81825], [-69.32595, -16.92222], [-69.35246, -16.97772], [-69.36431, -16.99116], [-69.40715, -17.01565], [-69.41359, -17.02227], [-69.41656, -17.03198], [-69.4133, -17.03777], [-69.40602, -17.04087], [-69.40126, -17.04717], [-69.40602, -17.06299], [-69.42744, -17.08686], [-69.45415, -17.09658], [-69.48281, -17.10175], [-69.51009, -17.11208], [-69.541, -17.13224], [-69.59505, -17.17967], [-69.60115, -17.18153], [-69.61836, -17.18422], [-69.6228, -17.18557], [-69.63383, -17.20727], [-69.64941, -17.26277], [-69.66649, -17.2883], [-69.66442, -17.28856], [-69.61301, -17.29512], [-69.59727, -17.30049], [-69.55694, -17.3315], [-69.53709, -17.35114], [-69.5226, -17.36912], [-69.51139, -17.39868], [-69.50834, -17.43402], [-69.51009, -17.50544], [-69.51009, -17.50659], [-69.63832, -17.62606], [-69.6839, -17.65604], [-69.72904, -17.66327], [-69.77581, -17.65697], [-69.81805, -17.65914], [-69.84983, -17.69159], [-69.85756, -17.73417], [-69.84609, -17.7691], [-69.82904, -17.80383], [-69.8201, -17.8461], [-69.81816, -17.87142], [-69.81278, -17.88827], [-69.79061, -17.92475], [-69.78237, -17.94387], [-69.77989, -17.96258], [-69.7831, -17.9816], [-69.84358, -18.11317], [-69.86534, -18.14458], [-69.88345, -18.1636], [-69.9228, -18.19647], [-69.97034, -18.25062], [-69.98779, -18.26427], [-70.01001, -18.27264], [-70.03936, -18.27305], [-70.06323, -18.2807], [-70.13416, -18.31894], [-70.15907, -18.32597], [-70.21087, -18.33124], [-70.31789, -18.32121], [-70.36939, -18.32473], [-70.3947, -18.33775], [-70.41974, -18.31642], [-70.4694, -18.28609], [-70.53125, -18.24326], [-70.5622, -18.22448], [-70.59781, -18.2057], [-70.63441, -18.18687], [-70.68326, -18.1617], [-70.73339, -18.11549], [-70.73668, -18.1111], [-70.74218, -18.10036], [-70.74767, -18.09442], [-70.75235, -18.09173], [-70.76244, -18.09043], [-70.76818, -18.08815], [-70.82616, -18.03672], [-70.8435, -18.02662], [-70.8789, -18.0167], [-70.89167, -18.00563], [-70.9049, -17.96657], [-70.91462, -17.94655], [-70.92886, -17.93792], [-70.9449, -17.93157], [-70.98705, -17.90081], [-71.00715, -17.89023], [-71.06631, -17.87176], [-71.08658, -17.86907], [-71.13809, -17.82073], [-71.15958, -17.8082], [-71.17309, -17.79632], [-71.20352, -17.76263], [-71.21923, -17.75156], [-71.26781, -17.73121], [-71.30455, -17.70599], [-71.32579, -17.69524], [-71.34691, -17.69101], [-71.38004, -17.69524], [-71.38443, -17.69785], [-71.38516, -17.68727], [-71.37865, -17.67571], [-71.364, -17.65618], [-71.35961, -17.63307], [-71.36278, -17.61321], [-71.3684, -17.59319], [-71.37767, -17.49236], [-71.38195, -17.47381], [-71.39582, -17.43418], [-71.40026, -17.40032], [-71.40445, -17.39609], [-71.41076, -17.3943], [-71.41861, -17.38934], [-71.44591, -17.35516], [-71.48131, -17.33123], [-71.48388, -17.32838], [-71.49771, -17.29713], [-71.51452, -17.2846], [-71.53059, -17.27972], [-71.56945, -17.27321], [-71.59309, -17.26556], [-71.60253, -17.25953], [-71.61998, -17.24432], [-71.63683, -17.23366], [-71.64147, -17.23162], [-71.80761, -17.19134], [-71.84569, -17.17457], [-71.87792, -17.1491], [-71.92443, -17.09564], [-71.9486, -17.0735], [-72.00308, -17.04258], [-72.02457, -17.03362], [-72.04727, -17.02776], [-72.10993, -17.02313], [-72.11815, -17.0193], [-72.12353, -17.00937], [-72.12218, -16.98821], [-72.12438, -16.97772], [-72.13805, -16.96478], [-72.17854, -16.94215], [-72.187, -16.93336], [-72.19725, -16.91644], [-72.2211, -16.90594], [-72.26895, -16.8952], [-72.29336, -16.88063], [-72.29796, -16.86297], [-72.29735, -16.84352], [-72.30651, -16.82415], [-72.36221, -16.76133], [-72.38508, -16.7457], [-72.39635, -16.74236], [-72.40563, -16.74236], [-72.41397, -16.74131], [-72.42292, -16.7348], [-72.43326, -16.72031], [-72.44009, -16.71445], [-72.45019, -16.71209], [-72.45645, -16.70916], [-72.4781, -16.69508], [-72.48803, -16.69036], [-72.52965, -16.68353], [-72.58776, -16.65936], [-72.69235, -16.66065], [-72.78132, -16.62933], [-72.88834, -16.55462], [-73.06025, -16.49488], [-73.09382, -16.46014], [-73.13793, -16.43857], [-73.17516, -16.41326], [-73.19254, -16.40716], [-73.23168, -16.40797], [-73.2504, -16.40301], [-73.26574, -16.39373], [-73.28014, -16.38836], [-73.29621, -16.3956], [-73.30468, -16.38193], [-73.31729, -16.34043], [-73.326, -16.33074], [-73.33605, -16.32627], [-73.3651, -16.31992], [-73.42032, -16.29314], [-73.4818, -16.2789], [-73.59891, -16.23985], [-73.6762, -16.22787], [-73.70069, -16.24459], [-73.70028, -16.2207], [-73.7185, -16.20623], [-73.72794, -16.19606], [-73.73502, -16.19012], [-73.77136, -16.1782], [-73.84264, -16.14666], [-73.87218, -16.12868], [-73.93442, -16.08644], [-74.00408, -16.03706], [-74.03283, -16.0123], [-74.03316, -16.00078], [-74.0279, -15.9888], [-74.03576, -15.97324], [-74.04662, -15.96014], [-74.0771, -15.94603], [-74.16169, -15.90106], [-74.1774, -15.89691], [-74.22061, -15.89129], [-74.23693, -15.88104], [-74.25017, -15.86615], [-74.25336, -15.85573], [-74.26574, -15.84766], [-74.28995, -15.8396], [-74.32794, -15.84806], [-74.36312, -15.83925], [-74.39801, -15.82686], [-74.44172, -15.79803], [-74.4464, -15.79225], [-74.44896, -15.77272], [-74.45153, -15.76263], [-74.45669, -15.75457], [-74.45765, -15.74082], [-74.46307, -15.72672], [-74.48852, -15.71771], [-74.53832, -15.70264], [-74.68098, -15.64202], [-74.75122, -15.60464], [-74.84756, -15.56629], [-74.86865, -15.53805], [-74.97911, -15.48235], [-75.00642, -15.4612], [-75.01989, -15.45713], [-75.03478, -15.45924], [-75.04161, -15.46217], [-75.04869, -15.46071], [-75.06457, -15.44964], [-75.09488, -15.41717], [-75.10611, -15.40862], [-75.12572, -15.4026], [-75.1455, -15.39951], [-75.1608, -15.39332], [-75.16698, -15.37762], [-75.17211, -15.37363], [-75.18942, -15.36955], [-75.19099, -15.3621], [-75.18946, -15.35837], [-75.17559, -15.35161], [-75.15542, -15.34642], [-75.15164, -15.33299], [-75.16686, -15.31129], [-75.19595, -15.29363], [-75.23644, -15.27679], [-75.26317, -15.25042], [-75.2438, -15.2514], [-75.23278, -15.24578], [-75.22842, -15.23577], [-75.22964, -15.22373], [-75.23412, -15.21453], [-75.24112, -15.20534], [-75.28962, -15.16107], [-75.30956, -15.15203], [-75.36181, -15.14479], [-75.37645, -15.13405], [-75.38524, -15.11696], [-75.39415, -15.09393], [-75.44103, -15.02777], [-75.44811, -15.00799], [-75.4558, -14.99814], [-75.49161, -14.97454], [-75.50276, -14.96364], [-75.50438, -14.95696], [-75.50276, -14.92547], [-75.50658, -14.91823], [-75.55065, -14.88494], [-75.63288, -14.8458], [-75.65991, -14.83172], [-75.68053, -14.82103], [-75.70474, -14.80576], [-75.74833, -14.77098], [-75.79821, -14.74733], [-75.80167, -14.74245], [-75.80997, -14.73699], [-75.8199, -14.73219], [-75.82828, -14.73024], [-75.83943, -14.72633], [-75.84691, -14.71706], [-75.85294, -14.70599], [-75.85969, -14.69606], [-75.86677, -14.68955], [-75.87418, -14.68426], [-75.91588, -14.66383], [-75.93065, -14.64935], [-75.92729, -14.62683], [-75.93042, -14.60342], [-75.93277, -14.58001], [-75.94607, -14.55889], [-75.96327, -14.53476], [-75.97343, -14.52874], [-75.97651, -14.51739], [-75.97185, -14.50834], [-75.96483, -14.49249], [-75.96894, -14.48376], [-75.98064, -14.4611], [-76.00341, -14.4498], [-76.03718, -14.42929], [-76.04914, -14.41806], [-76.06843, -14.39137], [-76.08186, -14.3777], [-76.09215, -14.37314], [-76.11661, -14.3707], [-76.12658, -14.36712], [-76.13321, -14.35963], [-76.14355, -14.32789], [-76.11611, -14.32487], [-76.10828, -14.31574], [-76.10671, -14.30586], [-76.11376, -14.29293], [-76.12316, -14.27391], [-76.1293, -14.26344], [-76.13707, -14.24188], [-76.14916, -14.22389], [-76.1647, -14.2164], [-76.18114, -14.21063], [-76.18952, -14.19695], [-76.1949, -14.18108], [-76.20226, -14.16855], [-76.21544, -14.16123], [-76.24994, -14.14781], [-76.25157, -14.16981], [-76.27119, -14.20093], [-76.29044, -14.16741], [-76.28206, -14.14092], [-76.28281, -14.1037], [-76.29174, -14.08099], [-76.2812, -14.07331], [-76.28087, -14.05739], [-76.26791, -14.04972], [-76.27418, -14.03904], [-76.27182, -14.03068], [-76.26945, -14.02006], [-76.27886, -14.0086], [-76.28458, -13.99163], [-76.27281, -13.9874], [-76.27044, -13.9625], [-76.27743, -13.9451], [-76.29531, -13.9345], [-76.29784, -13.92213], [-76.29686, -13.91497], [-76.29377, -13.90748], [-76.29271, -13.90049], [-76.29784, -13.89422], [-76.30846, -13.89178], [-76.31505, -13.89666], [-76.31784, -13.9127], [-76.32486, -13.921], [-76.3373, -13.91645], [-76.3544, -13.91944], [-76.37303, -13.90883], [-76.39396, -13.90802], [-76.39354, -13.88193], [-76.3911, -13.86785], [-76.3776, -13.83589], [-76.36671, -13.82202], [-76.37136, -13.80918], [-76.36202, -13.80164], [-76.34413, -13.80545], [-76.32575, -13.79119], [-76.30809, -13.79176], [-76.2959, -13.79344], [-76.29047, -13.80477], [-76.3006, -13.8191], [-76.30295, -13.83269], [-76.29361, -13.84026], [-76.28059, -13.84686], [-76.26177, -13.86143], [-76.25399, -13.85087], [-76.25318, -13.82973], [-76.24772, -13.8086], [-76.2329, -13.76407], [-76.22432, -13.73387], [-76.22492, -13.71364], [-76.22134, -13.68662], [-76.20971, -13.65399], [-76.19815, -13.62249], [-76.18126, -13.53948], [-76.18786, -13.46494], [-76.19603, -13.42816], [-76.2211, -13.35756], [-76.27428, -13.28729], [-76.30696, -13.25704], [-76.37096, -13.1736], [-76.45095, -13.07171], [-76.48335, -13.0363], [-76.49095, -13.01208], [-76.50548, -12.99017], [-76.51647, -12.94615], [-76.51167, -12.91082], [-76.51623, -12.86992], [-76.53197, -12.84393], [-76.54231, -12.83196], [-76.61107, -12.77435], [-76.63004, -12.75066], [-76.67248, -12.66855], [-76.68179, -12.65537], [-76.68065, -12.62868], [-76.68147, -12.61932], [-76.68932, -12.60963], [-76.70477, -12.59441], [-76.73618, -12.55241], [-76.78002, -12.52339], [-76.79908, -12.50934], [-76.81176, -12.48268], [-76.79113, -12.45672], [-76.78243, -12.41921], [-76.79089, -12.38105], [-76.82543, -12.35247], [-76.85365, -12.30264], [-76.94896, -12.25009], [-77.00626, -12.22633], [-77.0172, -12.22576], [-77.02086, -12.22064], [-77.03832, -12.20436], [-77.04454, -12.19476], [-77.04695, -12.18076], [-77.04418, -12.17205], [-77.04011, -12.16448], [-77.03832, -12.15374], [-77.05394, -12.11419], [-77.08898, -12.08896], [-77.11441, -12.08131], [-77.13288, -12.07578], [-77.17492, -12.07187], [-77.16649, -12.05332], [-77.1551, -12.03899], [-77.14509, -12.02304], [-77.14074, -11.9992], [-77.1459, -11.93206], [-77.15437, -11.90944], [-77.16186, -11.87949], [-77.16637, -11.86956], [-77.18171, -11.84588], [-77.18725, -11.82529], [-77.18144, -11.80058], [-77.19637, -11.77682], [-77.19634, -11.76783], [-77.17798, -11.77037], [-77.16706, -11.75654], [-77.17109, -11.73614], [-77.19542, -11.69134], [-77.19982, -11.6701], [-77.21093, -11.64642], [-77.22545, -11.62721], [-77.24006, -11.6194], [-77.253, -11.61484], [-77.26423, -11.60426], [-77.28136, -11.58213], [-77.28474, -11.57537], [-77.27774, -11.56585], [-77.27794, -11.55731], [-77.28189, -11.54949], [-77.29898, -11.52996], [-77.31273, -11.50482], [-77.32046, -11.49375], [-77.32946, -11.48903], [-77.34032, -11.48593], [-77.34801, -11.47828], [-77.36046, -11.46111], [-77.3778, -11.44988], [-77.42081, -11.43076], [-77.45336, -11.40374], [-77.60851, -11.32244], [-77.63419, -11.3034], [-77.64726, -11.29232], [-77.64485, -11.2799], [-77.64702, -11.25676], [-77.65209, -11.23699], [-77.64513, -11.23082], [-77.64797, -11.22235], [-77.63985, -11.21393], [-77.63063, -11.21342], [-77.61856, -11.21631], [-77.60933, -11.21072], [-77.5978, -11.20684], [-77.59368, -11.19107], [-77.59468, -11.16512], [-77.60833, -11.14192], [-77.6186, -11.12719], [-77.61276, -11.1154], [-77.63337, -11.09269], [-77.62869, -11.08257], [-77.63898, -11.06498], [-77.63432, -11.05656], [-77.64287, -11.03728], [-77.66131, -11.01446], [-77.65722, -11.00601], [-77.64681, -10.99648], [-77.65588, -10.97612], [-77.66438, -10.96027], [-77.66314, -10.9473], [-77.67054, -10.92752], [-77.68135, -10.90997], [-77.69616, -10.8907], [-77.71155, -10.86803], [-77.70917, -10.85225], [-77.73493, -10.83229], [-77.75316, -10.81577], [-77.75305, -10.80109], [-77.7478, -10.79207], [-77.76488, -10.76885], [-77.76368, -10.76152], [-77.79247, -10.73496], [-77.80768, -10.72404], [-77.81347, -10.71217], [-77.8192, -10.70135], [-77.82689, -10.6928], [-77.8485, -10.67376], [-77.91197, -10.56639], [-77.90957, -10.55511], [-77.92259, -10.53078], [-77.94205, -10.5158], [-77.9685, -10.49391], [-77.9663, -10.47807], [-77.97716, -10.45598], [-77.99546, -10.43212], [-78.01098, -10.41277], [-78.01293, -10.40325], [-78.00483, -10.39375], [-78.00643, -10.38248], [-78.01781, -10.37176], [-78.0558, -10.34752], [-78.05734, -10.32835], [-78.05817, -10.30191], [-78.07689, -10.28655], [-78.08555, -10.27743], [-78.08767, -10.26159], [-78.09551, -10.24067], [-78.09073, -10.22884], [-78.10042, -10.21469], [-78.10493, -10.20113], [-78.12434, -10.17956], [-78.1666, -10.14141], [-78.17556, -10.12104], [-78.18233, -10.11085], [-78.18284, -10.10068], [-78.17423, -10.09905], [-78.16797, -10.09342], [-78.16961, -10.08097], [-78.17871, -10.06904], [-78.17581, -10.06284], [-78.17743, -10.05099], [-78.17794, -10.04251], [-78.1939, -10.02088], [-78.19798, -9.99739], [-78.20354, -9.98662], [-78.21227, -9.97304], [-78.21507, -9.96286], [-78.22548, -9.95883], [-78.22889, -9.95429], [-78.23463, -9.95255], [-78.23631, -9.94689], [-78.23454, -9.94182], [-78.22874, -9.93566], [-78.22984, -9.92489], [-78.22898, -9.91317], [-78.22992, -9.90073], [-78.23448, -9.88508], [-78.2416, -9.87598], [-78.24326, -9.85894], [-78.23889, -9.83873], [-78.22989, -9.82504], [-78.22942, -9.79378], [-78.26891, -9.7586], [-78.30112, -9.72192], [-78.30754, -9.69841], [-78.32443, -9.68098], [-78.33246, -9.66296], [-78.34252, -9.6529], [-78.35447, -9.6322], [-78.3699, -9.61543], [-78.37444, -9.58478], [-78.36807, -9.55693], [-78.38703, -9.54671], [-78.3909, -9.53007], [-78.39002, -9.51617], [-78.3994, -9.50189], [-78.40591, -9.47772], [-78.39769, -9.4639], [-78.38508, -9.45143], [-78.39321, -9.43538], [-78.4063, -9.43522], [-78.42712, -9.41974], [-78.43161, -9.39242], [-78.42868, -9.37585], [-78.42101, -9.368], [-78.41475, -9.36213], [-78.42573, -9.35796], [-78.43459, -9.34649], [-78.44298, -9.34092], [-78.4486, -9.32822], [-78.46133, -9.3235], [-78.47517, -9.32488], [-78.48396, -9.33025], [-78.50649, -9.30504], [-78.50775, -9.29573], [-78.50968, -9.28442], [-78.51905, -9.27836], [-78.52672, -9.26963], [-78.51757, -9.26309], [-78.50876, -9.25586], [-78.49728, -9.25331], [-78.4897, -9.23345], [-78.48819, -9.21354], [-78.49741, -9.18954], [-78.51615, -9.17809], [-78.53566, -9.17257], [-78.55053, -9.17841], [-78.55857, -9.18373], [-78.56192, -9.19172], [-78.55735, -9.19969], [-78.55688, -9.21225], [-78.55227, -9.23226], [-78.55311, -9.24418], [-78.56445, -9.24079], [-78.57767, -9.21345], [-78.59702, -9.19134], [-78.61115, -9.17652], [-78.61039, -9.16589], [-78.6144, -9.16053], [-78.60964, -9.15592], [-78.59418, -9.16138], [-78.57057, -9.16833], [-78.56453, -9.16033], [-78.55969, -9.14843], [-78.55945, -9.12819], [-78.56803, -9.10422], [-78.57867, -9.08952], [-78.59203, -9.07744], [-78.60549, -9.07667], [-78.62372, -9.07918], [-78.63243, -9.07246], [-78.64172, -9.05643], [-78.64022, -9.03982], [-78.63333, -9.02327], [-78.62851, -9.01334], [-78.63719, -9.00462], [-78.66138, -8.99577], [-78.66196, -8.98512], [-78.65387, -8.98719], [-78.64909, -8.98059], [-78.64891, -8.95865], [-78.65477, -8.93333], [-78.66275, -8.91796], [-78.67403, -8.89723], [-78.682, -8.88252], [-78.69671, -8.86506], [-78.71728, -8.83685], [-78.7643, -8.77511], [-78.76219, -8.76582], [-78.76209, -8.75651], [-78.75461, -8.74793], [-78.74305, -8.74002], [-78.74075, -8.71146], [-78.74526, -8.68818], [-78.74308, -8.67291], [-78.75028, -8.64695], [-78.75933, -8.60833], [-78.78946, -8.56683], [-78.81973, -8.52825], [-78.85924, -8.49131], [-78.88195, -8.47454], [-78.91332, -8.4625], [-78.92785, -8.45062], [-78.94026, -8.43553], [-78.93479, -8.42295], [-78.92464, -8.42441], [-78.91933, -8.42711], [-78.90656, -8.4179], [-78.90166, -8.39735], [-78.90212, -8.37676], [-78.96369, -8.2867], [-78.96549, -8.26476], [-78.98996, -8.23198], [-78.98574, -8.21742], [-79.01836, -8.18056], [-79.12422, -8.08965], [-79.12466, -8.06507], [-79.18375, -8.02565], [-79.29971, -7.93865], [-79.35171, -7.88071], [-79.38408, -7.83379], [-79.3957, -7.79243], [-79.44472, -7.73742], [-79.45653, -7.72633], [-79.46594, -7.71593], [-79.46117, -7.70867], [-79.44905, -7.70481], [-79.43684, -7.69363], [-79.43529, -7.67439], [-79.44844, -7.65034], [-79.48425, -7.59349], [-79.55557, -7.49571], [-79.58251, -7.46364], [-79.58443, -7.43957], [-79.5896, -7.42091], [-79.58873, -7.41131], [-79.57794, -7.39978], [-79.57376, -7.38654], [-79.58486, -7.35717], [-79.59668, -7.33109], [-79.59578, -7.3125], [-79.61276, -7.26639], [-79.64471, -7.23175], [-79.68378, -7.19211], [-79.69701, -7.17801], [-79.69628, -7.17554], [-79.21143, -6.81482]]], [[[-76.18897, -14.27469], [-76.18585, -14.28305], [-76.17566, -14.28838], [-76.17959, -14.29521], [-76.19134, -14.29292], [-76.20701, -14.28151], [-76.22032, -14.27467], [-76.22031, -14.26328], [-76.21247, -14.25948], [-76.19523, -14.26329], [-76.18897, -14.27469]]], [[[-76.43669, -13.83352], [-76.43674, -13.8441], [-76.44144, -13.85391], [-76.45073, -13.85614], [-76.46163, -13.85613], [-76.47025, -13.85386], [-76.4677, -13.84176], [-76.45913, -13.83347], [-76.45683, -13.82291], [-76.44598, -13.82369], [-76.44367, -13.83049], [-76.43669, -13.83352]]], [[[-77.19384, -12.10004], [-77.18532, -12.10938], [-77.18154, -12.11591], [-77.192, -12.11308], [-77.20439, -12.11489], [-77.21768, -12.10553], [-77.23667, -12.09334], [-77.24802, -12.07747], [-77.25366, -12.06349], [-77.24411, -12.05888], [-77.23271, -12.06544], [-77.19384, -12.10004]]]]}, "properties": {"id": "JcSb", "status": "validé", "pieces": [{"kind": "polygon", "ring": [[-79.91455, -7.33793], [-79.21143, -6.81482], [-78.61816, -6.85843], [-77.5415, -6.92385], [-77.08008, -8.09969], [-75.4541, -10.76444], [-74.50928, -12.09914], [-74.39941, -10.57018], [-73.74023, -10.8723], [-72.44385, -11.41104], [-72.09229, -12.44252], [-71.30127, -13.10654], [-68.42285, -13.12793], [-67.87354, -18.01362], [-71.54297, -19.36593], [-79.25537, -13.51264]]}, {"kind": "clip"}]}}, {"type": "Feature", "geometry": null, "properties": {"id": "KObV", "status": "validé", "pieces": [{"kind": "country"}]}}, {"type": "Feature", "geometry": {"type": "MultiPolygon", "coordinates": [[[[-74.90479, -15.32592], [-74.19067, -15.61169], [-73.24585, -16.07653], [-72.01538, -16.86162], [-71.38367, -17.25532], [-71.10901, -17.58538], [-70.83984, -17.89394], [-70.50476, -18.19153], [-70.53815, -18.23907], [-70.5622, -18.22448], [-70.59781, -18.2057], [-70.63441, -18.18687], [-70.68326, -18.1617], [-70.73339, -18.11549], [-70.73668, -18.1111], [-70.74218, -18.10036], [-70.74767, -18.09442], [-70.75235, -18.09173], [-70.76244, -18.09043], [-70.76818, -18.08815], [-70.82616, -18.03672], [-70.8435, -18.02662], [-70.8789, -18.0167], [-70.89167, -18.00563], [-70.9049, -17.96657], [-70.91462, -17.94655], [-70.92886, -17.93792], [-70.9449, -17.93157], [-70.98705, -17.90081], [-71.00715, -17.89023], [-71.06631, -17.87176], [-71.08658, -17.86907], [-71.13809, -17.82073], [-71.15958, -17.8082], [-71.17309, -17.79632], [-71.20352, -17.76263], [-71.21923, -17.75156], [-71.26781, -17.73121], [-71.30455, -17.70599], [-71.32579, -17.69524], [-71.34691, -17.69101], [-71.38004, -17.69524], [-71.38443, -17.69785], [-71.38516, -17.68727], [-71.37865, -17.67571], [-71.364, -17.65618], [-71.35961, -17.63307], [-71.36278, -17.61321], [-71.3684, -17.59319], [-71.37767, -17.49236], [-71.38195, -17.47381], [-71.39582, -17.43418], [-71.40026, -17.40032], [-71.40445, -17.39609], [-71.41076, -17.3943], [-71.41861, -17.38934], [-71.44591, -17.35516], [-71.48131, -17.33123], [-71.48388, -17.32838], [-71.49771, -17.29713], [-71.51452, -17.2846], [-71.53059, -17.27972], [-71.56945, -17.27321], [-71.59309, -17.26556], [-71.60253, -17.25953], [-71.61998, -17.24432], [-71.63683, -17.23366], [-71.64147, -17.23162], [-71.80761, -17.19134], [-71.84569, -17.17457], [-71.87792, -17.1491], [-71.92443, -17.09564], [-71.9486, -17.0735], [-72.00308, -17.04258], [-72.02457, -17.03362], [-72.04727, -17.02776], [-72.10993, -17.02313], [-72.11815, -17.0193], [-72.12353, -17.00937], [-72.12218, -16.98821], [-72.12438, -16.97772], [-72.13805, -16.96478], [-72.17854, -16.94215], [-72.187, -16.93336], [-72.19725, -16.91644], [-72.2211, -16.90594], [-72.26895, -16.8952], [-72.29336, -16.88063], [-72.29796, -16.86297], [-72.29735, -16.84352], [-72.30651, -16.82415], [-72.36221, -16.76133], [-72.38508, -16.7457], [-72.39635, -16.74236], [-72.40563, -16.74236], [-72.41397, -16.74131], [-72.42292, -16.7348], [-72.43326, -16.72031], [-72.44009, -16.71445], [-72.45019, -16.71209], [-72.45645, -16.70916], [-72.4781, -16.69508], [-72.48803, -16.69036], [-72.52965, -16.68353], [-72.58776, -16.65936], [-72.69235, -16.66065], [-72.78132, -16.62933], [-72.88834, -16.55462], [-73.06025, -16.49488], [-73.09382, -16.46014], [-73.13793, -16.43857], [-73.17516, -16.41326], [-73.19254, -16.40716], [-73.23168, -16.40797], [-73.2504, -16.40301], [-73.26574, -16.39373], [-73.28014, -16.38836], [-73.29621, -16.3956], [-73.30468, -16.38193], [-73.31729, -16.34043], [-73.326, -16.33074], [-73.33605, -16.32627], [-73.3651, -16.31992], [-73.42032, -16.29314], [-73.4818, -16.2789], [-73.59891, -16.23985], [-73.6762, -16.22787], [-73.70069, -16.24459], [-73.70028, -16.2207], [-73.7185, -16.20623], [-73.72794, -16.19606], [-73.73502, -16.19012], [-73.77136, -16.1782], [-73.84264, -16.14666], [-73.87218, -16.12868], [-73.93442, -16.08644], [-74.00408, -16.03706], [-74.03283, -16.0123], [-74.03316, -16.00078], [-74.0279, -15.9888], [-74.03576, -15.97324], [-74.04662, -15.96014], [-74.0771, -15.94603], [-74.16169, -15.90106], [-74.1774, -15.89691], [-74.22061, -15.89129], [-74.23693, -15.88104], [-74.25017, -15.86615], [-74.25336, -15.85573], [-74.26574, -15.84766], [-74.28995, -15.8396], [-74.32794, -15.84806], [-74.36312, -15.83925], [-74.39801, -15.82686], [-74.44172, -15.79803], [-74.4464, -15.79225], [-74.44896, -15.77272], [-74.45153, -15.76263], [-74.45669, -15.75457], [-74.45765, -15.74082], [-74.46307, -15.72672], [-74.48852, -15.71771], [-74.53832, -15.70264], [-74.68098, -15.64202], [-74.75122, -15.60464], [-74.84756, -15.56629], [-74.86865, -15.53805], [-74.97911, -15.48235], [-75.00642, -15.4612], [-75.01774, -15.45778], [-74.90479, -15.32592]]], [[[-76.30005, -13.03171], [-76.05835, -13.30973], [-76.08582, -13.85947], [-76.27364, -13.95454], [-76.27743, -13.9451], [-76.29531, -13.9345], [-76.29784, -13.92213], [-76.29686, -13.91497], [-76.29377, -13.90748], [-76.29271, -13.90049], [-76.29784, -13.89422], [-76.30846, -13.89178], [-76.31505, -13.89666], [-76.31784, -13.9127], [-76.32486, -13.921], [-76.3373, -13.91645], [-76.3544, -13.91944], [-76.36789, -13.91175], [-76.3879, -13.86028], [-76.3776, -13.83589], [-76.36671, -13.82202], [-76.37136, -13.80918], [-76.36202, -13.80164], [-76.34413, -13.80545], [-76.32575, -13.79119], [-76.30809, -13.79176], [-76.2959, -13.79344], [-76.29047, -13.80477], [-76.3006, -13.8191], [-76.30295, -13.83269], [-76.29361, -13.84026], [-76.28059, -13.84686], [-76.26177, -13.86143], [-76.25399, -13.85087], [-76.25318, -13.82973], [-76.24772, -13.8086], [-76.2329, -13.76407], [-76.22432, -13.73387], [-76.22492, -13.71364], [-76.22134, -13.68662], [-76.20971, -13.65399], [-76.19815, -13.62249], [-76.18126, -13.53948], [-76.18786, -13.46494], [-76.19603, -13.42816], [-76.2211, -13.35756], [-76.27428, -13.28729], [-76.30696, -13.25704], [-76.37096, -13.1736], [-76.45095, -13.07171], [-76.48335, -13.0363], [-76.48554, -13.0293], [-76.30005, -13.03171]]]]}, "properties": {"id": "LuyA", "status": "validé", "pieces": [{"kind": "polygon", "ring": [[-70.55969, -18.26976], [-70.50476, -18.19153], [-70.83984, -17.89394], [-71.10901, -17.58538], [-71.38367, -17.25532], [-72.01538, -16.86162], [-73.24585, -16.07653], [-74.19067, -15.61169], [-74.90479, -15.32592], [-75.26733, -15.74914], [-71.32324, -17.9979]]}, {"kind": "clip"}, {"kind": "polygon", "ring": [[-76.3385, -13.98738], [-76.08582, -13.85947], [-76.05835, -13.30973], [-76.30005, -13.03171], [-76.71204, -13.02636]]}]}}, {"type": "Feature", "geometry": {"type": "Polygon", "coordinates": [[[-69.11774, -12.65441], [-69.11774, -12.53317], [-69.24133, -12.53317], [-69.24133, -12.65441], [-69.11774, -12.65441]]]}, "properties": {"id": "Lxep", "status": "validé", "pieces": [{"kind": "rect", "bounds": [-69.24133, -12.65441, -69.11774, -12.53317]}]}}, {"type": "Feature", "geometry": null, "properties": {"id": "NIjJ", "status": "validé", "pieces": [{"kind": "admin1", "code": "PER-574"}]}}, {"type": "Feature", "geometry": null, "properties": {"id": "NelL", "status": "validé", "pieces": [{"kind": "country"}]}}, {"type": "Feature", "geometry": {"type": "Polygon", "coordinates": [[[-80.8429, -4.1045], [-80.92529, -4.27974], [-80.74951, -4.78332], [-80.54077, -5.01309], [-80.50232, -5.27013], [-81.17153, -5.17887], [-81.16599, -5.16433], [-81.16958, -5.15317], [-81.17782, -5.14286], [-81.17669, -5.12989], [-81.16262, -5.12634], [-81.16704, -5.10868], [-81.1714, -5.0873], [-81.16277, -5.07257], [-81.14694, -5.07463], [-81.12913, -5.06469], [-81.11257, -5.08158], [-81.08276, -5.07921], [-81.06759, -5.0572], [-81.06336, -5.02204], [-81.08502, -4.97449], [-81.11808, -4.94065], [-81.14941, -4.91703], [-81.17314, -4.88146], [-81.1895, -4.85154], [-81.2234, -4.80649], [-81.30349, -4.72072], [-81.33756, -4.6783], [-81.33269, -4.66445], [-81.32039, -4.65819], [-81.30525, -4.64357], [-81.30791, -4.6239], [-81.31652, -4.60125], [-81.30793, -4.55006], [-81.30748, -4.53428], [-81.31314, -4.51629], [-81.32266, -4.49586], [-81.32893, -4.47666], [-81.32482, -4.4616], [-81.31432, -4.45233], [-81.30736, -4.44736], [-81.30134, -4.44166], [-81.29381, -4.43043], [-81.27953, -4.39642], [-81.27916, -4.37363], [-81.29381, -4.31756], [-81.28897, -4.29778], [-81.27766, -4.2741], [-81.26403, -4.25237], [-81.2528, -4.2387], [-81.16564, -4.17938], [-81.14297, -4.15618], [-81.12434, -4.12322], [-81.11034, -4.1076], [-81.09142, -4.10101], [-81.07331, -4.09678], [-81.06249, -4.08571], [-81.04674, -4.05316], [-81.02856, -4.02578], [-81.01318, -4.02234], [-80.8429, -4.1045]]]}, "properties": {"id": "OFne", "status": "validé", "pieces": [{"kind": "polygon", "ring": [[-81.01318, -4.02234], [-80.8429, -4.1045], [-80.92529, -4.27974], [-80.74951, -4.78332], [-80.54077, -5.01309], [-80.50232, -5.27013], [-81.30432, -5.16077], [-81.82068, -4.20307]]}, {"kind": "clip"}]}}, {"type": "Feature", "geometry": null, "properties": {"id": "PfWF", "status": "validé", "pieces": [{"kind": "country"}]}}, {"type": "Feature", "geometry": {"type": "MultiPolygon", "coordinates": [[[[-70.48828, -16.54696], [-70.83984, -16.06211], [-71.45508, -15.15251], [-71.6748, -14.74933], [-72.18018, -14.6006], [-72.94922, -14.74933], [-73.78418, -14.57934], [-73.95996, -13.96206], [-74.20166, -13.62077], [-74.66309, -13.51402], [-75.25635, -12.97954], [-75.87158, -11.45549], [-76.55273, -9.75005], [-76.59668, -9.25182], [-76.11328, -9.25182], [-75.87158, -9.94481], [-75.34424, -11.11086], [-75.03662, -12.22934], [-74.28955, -12.95813], [-72.61963, -13.08653], [-70.70801, -13.30037], [-70.46631, -13.57807], [-69.98291, -14.51556], [-69.38669, -14.94777], [-69.39067, -14.96441], [-69.38431, -14.98177], [-69.36282, -15.00131], [-69.3461, -15.0165], [-69.28858, -15.10197], [-69.2722, -15.1182], [-69.21267, -15.1613], [-69.19649, -15.17659], [-69.17177, -15.2108], [-69.1481, -15.23333], [-69.15043, -15.25163], [-69.16613, -15.26393], [-69.18973, -15.26238], [-69.20913, -15.26361], [-69.22259, -15.30217], [-69.2559, -15.31333], [-69.2752, -15.33028], [-69.29117, -15.35084], [-69.29695, -15.36697], [-69.2854, -15.39673], [-69.28592, -15.40541], [-69.29292, -15.40986], [-69.32026, -15.41885], [-69.33036, -15.42422], [-69.34341, -15.44221], [-69.34853, -15.46185], [-69.35111, -15.4819], [-69.35641, -15.50143], [-69.42118, -15.59641], [-69.43002, -15.62628], [-69.42434, -15.65625], [-69.41222, -15.68581], [-69.36961, -15.78896], [-69.32713, -15.892], [-69.28458, -15.99504], [-69.24213, -16.09819], [-69.21965, -16.15276], [-69.18487, -16.19503], [-69.16626, -16.21043], [-69.14469, -16.22345], [-69.12081, -16.2312], [-69.09518, -16.2312], [-69.08389, -16.22655], [-69.06451, -16.21208], [-69.05356, -16.20836], [-69.04273, -16.20929], [-69.01015, -16.21911], [-68.98204, -16.21002], [-68.95951, -16.22335], [-68.91876, -16.26666], [-68.86667, -16.28691], [-68.84365, -16.302], [-68.83349, -16.32898], [-68.85584, -16.36319], [-68.96837, -16.40639], [-69.00173, -16.42282], [-69.02787, -16.45414], [-69.03682, -16.4715], [-69.03888, -16.49186], [-69.03764, -16.55025], [-69.04012, -16.58136], [-69.03513, -16.598], [-69.00834, -16.63418], [-69.02051, -16.64947], [-69.03707, -16.67025], [-69.05382, -16.68234], [-69.11206, -16.71148], [-69.13058, -16.71583], [-69.16637, -16.71913], [-69.18236, -16.72874], [-69.19166, -16.74301], [-69.21065, -16.79706], [-69.22445, -16.81825], [-69.32595, -16.92222], [-69.35246, -16.97772], [-69.36431, -16.99116], [-69.40715, -17.01565], [-69.41359, -17.02227], [-69.41656, -17.03198], [-69.4133, -17.03777], [-69.40602, -17.04087], [-69.40126, -17.04717], [-69.40602, -17.06299], [-69.42744, -17.08686], [-69.45415, -17.09658], [-69.48281, -17.10175], [-69.51009, -17.11208], [-69.541, -17.13224], [-69.59505, -17.17967], [-69.60115, -17.18153], [-69.61836, -17.18422], [-69.6228, -17.18557], [-69.63383, -17.20727], [-69.6427, -17.23885], [-70.29053, -16.96758], [-70.48828, -16.54696]]], [[[-76.92627, -7.9047], [-77.87109, -7.98084], [-78.75, -7.62179], [-79.28833, -6.64109], [-79.552, -5.90972], [-79.84863, -5.62564], [-79.37622, -5.57099], [-78.85986, -5.66935], [-78.32153, -5.77862], [-77.99194, -6.67381], [-77.35474, -6.77197], [-76.37695, -5.75677], [-75.78369, -5.42888], [-75.43213, -5.62564], [-75.64087, -6.00802], [-76.05835, -7.31691], [-76.92627, -7.9047]]]]}, "properties": {"id": "REls", "status": "validé", "pieces": [{"kind": "polygon", "ring": [[-69.03809, -17.49202], [-70.29053, -16.96758], [-70.48828, -16.54696], [-70.83984, -16.06211], [-71.45508, -15.15251], [-71.6748, -14.74933], [-72.18018, -14.6006], [-72.94922, -14.74933], [-73.78418, -14.57934], [-73.95996, -13.96206], [-74.20166, -13.62077], [-74.66309, -13.51402], [-75.25635, -12.97954], [-75.87158, -11.45549], [-76.55273, -9.75005], [-76.59668, -9.25182], [-76.11328, -9.25182], [-75.87158, -9.94481], [-75.34424, -11.11086], [-75.03662, -12.22934], [-74.28955, -12.95813], [-72.61963, -13.08653], [-70.70801, -13.30037], [-70.46631, -13.57807], [-69.98291, -14.51556], [-69.27979, -15.02527], [-68.57666, -15.59724]]}, {"kind": "clip"}, {"kind": "polygon", "ring": [[-75.64087, -6.00802], [-76.05835, -7.31691], [-76.92627, -7.9047], [-77.87109, -7.98084], [-78.75, -7.62179], [-79.28833, -6.64109], [-79.552, -5.90972], [-79.84863, -5.62564], [-79.37622, -5.57099], [-78.85986, -5.66935], [-78.32153, -5.77862], [-77.99194, -6.67381], [-77.35474, -6.77197], [-76.37695, -5.75677], [-75.78369, -5.42888], [-75.43213, -5.62564]]}]}}, {"type": "Feature", "geometry": null, "properties": {"id": "RGbm", "status": "rejeté", "pieces": []}}, {"type": "Feature", "geometry": {"type": "Polygon", "coordinates": [[[-71.22162, -16.61735], [-71.22162, -16.22497], [-71.85059, -16.22497], [-71.85059, -16.61735], [-71.22162, -16.61735]]]}, "properties": {"id": "S1FS", "status": "validé", "pieces": [{"kind": "rect", "bounds": [-71.85059, -16.61735, -71.22162, -16.22497]}]}}, {"type": "Feature", "geometry": null, "properties": {"id": "UBbs", "status": "validé", "pieces": [{"kind": "country"}]}}, {"type": "Feature", "geometry": null, "properties": {"id": "WEkO", "status": "validé", "pieces": [{"kind": "country"}]}}, {"type": "Feature", "geometry": {"type": "Polygon", "coordinates": [[[-73.75465, -12.61419], [-73.73886, -12.63562], [-73.71895, -12.64098], [-73.68393, -12.69255], [-73.66642, -12.71132], [-73.65749, -12.73074], [-73.64136, -12.7535], [-73.6235, -12.78864], [-73.60394, -12.81274], [-73.57887, -12.80069], [-73.53905, -12.80638], [-73.45871, -12.81234], [-73.39073, -12.79092], [-73.33099, -12.69849], [-73.13049, -12.62483], [-73.05908, -12.66099], [-72.95815, -12.62684], [-72.93274, -12.65564], [-72.86339, -12.65564], [-72.76108, -12.61746], [-72.67662, -12.6409], [-72.63748, -12.66032], [-72.55165, -12.65965], [-72.52968, -12.6784], [-72.57088, -12.70987], [-72.58564, -12.75501], [-72.58083, -12.76171], [-72.57088, -12.75685], [-72.56109, -12.73309], [-72.53311, -12.73868], [-72.50565, -12.70454], [-72.5132, -12.657], [-72.53586, -12.64025], [-72.55989, -12.64628], [-72.62718, -12.64561], [-72.64984, -12.62753], [-72.68349, -12.61413], [-72.7034, -12.59605], [-72.76588, -12.586], [-72.82768, -12.60944], [-72.91351, -12.63155], [-72.95677, -12.59873], [-73.05702, -12.6369], [-73.13255, -12.60074], [-73.26096, -12.63958], [-73.35846, -12.69048], [-73.40721, -12.77349], [-73.52737, -12.78755], [-73.57475, -12.77349], [-73.60222, -12.78822], [-73.65372, -12.70588], [-73.6853, -12.64427], [-73.73749, -12.60877], [-73.75465, -12.61419]]]}, "properties": {"id": "X2Hq", "status": "validé", "pieces": [{"kind": "polygon", "ring": [[-73.75465, -12.61419], [-73.73886, -12.63562], [-73.71895, -12.64098], [-73.68393, -12.69255], [-73.66642, -12.71132], [-73.65749, -12.73074], [-73.64136, -12.7535], [-73.6235, -12.78864], [-73.60394, -12.81274], [-73.57887, -12.80069], [-73.53905, -12.80638], [-73.45871, -12.81234], [-73.39073, -12.79092], [-73.33099, -12.69849], [-73.13049, -12.62483], [-73.05908, -12.66099], [-72.95815, -12.62684], [-72.93274, -12.65564], [-72.86339, -12.65564], [-72.76108, -12.61746], [-72.67662, -12.6409], [-72.63748, -12.66032], [-72.55165, -12.65965], [-72.52968, -12.6784], [-72.57088, -12.70987], [-72.58564, -12.75501], [-72.58083, -12.76171], [-72.57088, -12.75685], [-72.56109, -12.73309], [-72.53311, -12.73868], [-72.50565, -12.70454], [-72.5132, -12.657], [-72.53586, -12.64025], [-72.55989, -12.64628], [-72.62718, -12.64561], [-72.64984, -12.62753], [-72.68349, -12.61413], [-72.7034, -12.59605], [-72.76588, -12.586], [-72.82768, -12.60944], [-72.91351, -12.63155], [-72.95677, -12.59873], [-73.05702, -12.6369], [-73.13255, -12.60074], [-73.26096, -12.63958], [-73.35846, -12.69048], [-73.40721, -12.77349], [-73.52737, -12.78755], [-73.57475, -12.77349], [-73.60222, -12.78822], [-73.65372, -12.70588], [-73.6853, -12.64427], [-73.73749, -12.60877]]}]}}, {"type": "Feature", "geometry": null, "properties": {"id": "YZbB", "status": "validé", "pieces": [{"kind": "country"}]}}, {"type": "Feature", "geometry": null, "properties": {"id": "YfpD", "status": "rejeté", "pieces": []}}, {"type": "Feature", "geometry": null, "properties": {"id": "Yqla", "status": "validé", "pieces": [{"kind": "country"}]}}, {"type": "Feature", "geometry": {"type": "Polygon", "coordinates": [[[-77.5415, -5.52712], [-78.11279, -5.37407], [-78.2666, -5.72384], [-77.68433, -6.0734], [-77.2229, -6.46638], [-77.01416, -7.01168], [-76.79443, -7.32766], [-76.26709, -7.43657], [-76.1792, -6.70639], [-75.97046, -6.0188], [-76.16821, -5.80033], [-76.39893, -5.98603], [-76.72852, -5.93142], [-77.5415, -5.52712]]]}, "properties": {"id": "Zzyx", "status": "validé", "pieces": [{"kind": "polygon", "ring": [[-77.5415, -5.52712], [-78.11279, -5.37407], [-78.2666, -5.72384], [-77.68433, -6.0734], [-77.2229, -6.46638], [-77.01416, -7.01168], [-76.79443, -7.32766], [-76.26709, -7.43657], [-76.1792, -6.70639], [-75.97046, -6.0188], [-76.16821, -5.80033], [-76.39893, -5.98603], [-76.72852, -5.93142]]}]}}, {"type": "Feature", "geometry": {"type": "Polygon", "coordinates": [[[-75.02452, -9.79263], [-75.00778, -9.79034], [-75.00092, -9.88366], [-75.03319, -9.9506], [-74.99199, -10.14389], [-74.96178, -10.26818], [-74.9707, -10.36407], [-75.00229, -10.35783], [-74.99542, -10.22817], [-75.03525, -10.12278], [-75.06271, -9.95112], [-75.03387, -9.87945], [-75.02452, -9.79263]]]}, "properties": {"id": "aCtw", "status": "validé", "pieces": [{"kind": "polygon", "ring": [[-75.02426, -9.79018], [-75.03387, -9.87945], [-75.06271, -9.95112], [-75.03525, -10.12278], [-74.99542, -10.22817], [-75.00229, -10.35783], [-74.9707, -10.36407], [-74.96178, -10.26818], [-74.99199, -10.14389], [-75.03319, -9.9506], [-75.00092, -9.88366], [-75.00778, -9.79034], [-75.0325, -9.79372]]}]}}, {"type": "Feature", "geometry": null, "properties": {"id": "akzm", "status": "validé", "pieces": [{"kind": "country"}]}}, {"type": "Feature", "geometry": {"type": "MultiPolygon", "coordinates": [[[[-70.34546, -16.05253], [-70.62012, -15.9892], [-70.74097, -15.64052], [-70.94971, -15.31243], [-70.7959, -15.14289], [-70.60913, -14.88832], [-70.22461, -14.76093], [-69.52148, -15.01564], [-69.21797, -15.28894], [-69.22259, -15.30217], [-69.2559, -15.31333], [-69.2752, -15.33028], [-69.29117, -15.35084], [-69.29695, -15.36697], [-69.2854, -15.39673], [-69.28592, -15.40541], [-69.29292, -15.40986], [-69.32026, -15.41885], [-69.33036, -15.42422], [-69.34341, -15.44221], [-69.34853, -15.46185], [-69.35111, -15.4819], [-69.35641, -15.50143], [-69.42118, -15.59641], [-69.43002, -15.62628], [-69.42434, -15.65625], [-69.41222, -15.68581], [-69.36961, -15.78896], [-69.32713, -15.892], [-69.28458, -15.99504], [-69.25837, -16.05872], [-69.47205, -16.19675], [-69.57092, -16.27055], [-70.34546, -16.05253]]], [[[-76.39618, -10.76281], [-76.22589, -10.68998], [-75.94299, -10.81944], [-75.78094, -11.04588], [-75.89081, -11.25867], [-76.11328, -11.19943], [-76.31927, -11.05666], [-76.39618, -10.76281]]]]}, "properties": {"id": "e8pi", "status": "validé", "pieces": [{"kind": "polygon", "ring": [[-76.11328, -11.19943], [-76.31927, -11.05666], [-76.39618, -10.76281], [-76.22589, -10.68998], [-75.94299, -10.81944], [-75.78094, -11.04588], [-75.89081, -11.25867]]}, {"kind": "polygon", "ring": [[-69.47205, -16.19675], [-69.57092, -16.27055], [-70.34546, -16.05253], [-70.62012, -15.9892], [-70.74097, -15.64052], [-70.94971, -15.31243], [-70.7959, -15.14289], [-70.60913, -14.88832], [-70.22461, -14.76093], [-69.52148, -15.01564], [-69.19189, -15.31243], [-68.80737, -15.76738]]}, {"kind": "clip"}]}}, {"type": "Feature", "geometry": null, "properties": {"id": "eOh8", "status": "rejeté", "pieces": []}}, {"type": "Feature", "geometry": null, "properties": {"id": "hRI9", "status": "validé", "pieces": [{"kind": "country"}]}}, {"type": "Feature", "geometry": null, "properties": {"id": "j7qH", "status": "validé", "pieces": [{"kind": "admin1", "code": "PER-575"}]}}, {"type": "Feature", "geometry": {"type": "Polygon", "coordinates": [[[-69.505, -16.6246], [-70.26306, -16.09774], [-70.41138, -15.73868], [-70.25757, -15.43192], [-69.93896, -15.34192], [-69.66431, -15.49542], [-69.40083, -15.71337], [-69.36961, -15.78896], [-69.32713, -15.892], [-69.28458, -15.99504], [-69.24213, -16.09819], [-69.21965, -16.15276], [-69.18487, -16.19503], [-69.16626, -16.21043], [-69.14469, -16.22345], [-69.12081, -16.2312], [-69.09518, -16.2312], [-69.08389, -16.22655], [-69.06451, -16.21208], [-69.05356, -16.20836], [-69.04273, -16.20929], [-69.01015, -16.21911], [-68.98204, -16.21002], [-68.95951, -16.22335], [-68.91876, -16.26666], [-68.89752, -16.27491], [-68.91347, -16.38531], [-68.96837, -16.40639], [-69.00173, -16.42282], [-69.02787, -16.45414], [-69.03682, -16.4715], [-69.03888, -16.49186], [-69.03764, -16.55025], [-69.04012, -16.58136], [-69.03513, -16.598], [-69.00834, -16.63418], [-69.02051, -16.64947], [-69.03707, -16.67025], [-69.05382, -16.68234], [-69.11206, -16.71148], [-69.13058, -16.71583], [-69.16637, -16.71913], [-69.18236, -16.72874], [-69.19166, -16.74301], [-69.19273, -16.74604], [-69.505, -16.6246]]]}, "properties": {"id": "j9zr", "status": "validé", "pieces": [{"kind": "polygon", "ring": [[-68.97766, -16.82968], [-69.505, -16.6246], [-70.26306, -16.09774], [-70.41138, -15.73868], [-70.25757, -15.43192], [-69.93896, -15.34192], [-69.66431, -15.49542], [-68.87878, -16.14522]]}, {"kind": "clip"}]}}, {"type": "Feature", "geometry": null, "properties": {"id": "lWmR", "status": "validé", "pieces": [{"kind": "country"}]}}, {"type": "Feature", "geometry": null, "properties": {"id": "mbNm", "status": "validé", "pieces": [{"kind": "admin1", "code": "PER-578"}, {"kind": "admin1", "code": "PER-567"}, {"kind": "admin1", "code": "PER-566"}, {"kind": "admin1", "code": "PER-568"}, {"kind": "admin1", "code": "PER-584"}, {"kind": "admin1", "code": "PER-582"}, {"kind": "admin1", "code": "PER-580"}]}}, {"type": "Feature", "geometry": {"type": "MultiPolygon", "coordinates": [[[[-76.27109, -13.85421], [-76.26177, -13.86143], [-76.25399, -13.85087], [-76.25371, -13.84352], [-76.06934, -13.73005], [-75.70679, -13.8687], [-75.28931, -14.5394], [-74.67407, -15.17627], [-73.8501, -15.51516], [-72.36694, -15.72668], [-71.46606, -16.033], [-70.8728, -16.70734], [-70.82886, -17.21154], [-70.46631, -17.53645], [-70.05981, -17.91302], [-70.05981, -18.27961], [-70.06323, -18.2807], [-70.13416, -18.31894], [-70.15907, -18.32597], [-70.21087, -18.33124], [-70.31789, -18.32121], [-70.36939, -18.32473], [-70.3947, -18.33775], [-70.41974, -18.31642], [-70.4694, -18.28609], [-70.53125, -18.24326], [-70.5622, -18.22448], [-70.59781, -18.2057], [-70.63441, -18.18687], [-70.68326, -18.1617], [-70.73339, -18.11549], [-70.73668, -18.1111], [-70.74218, -18.10036], [-70.74767, -18.09442], [-70.75235, -18.09173], [-70.76244, -18.09043], [-70.76818, -18.08815], [-70.82616, -18.03672], [-70.8435, -18.02662], [-70.8789, -18.0167], [-70.89167, -18.00563], [-70.9049, -17.96657], [-70.91462, -17.94655], [-70.92886, -17.93792], [-70.9449, -17.93157], [-70.98705, -17.90081], [-71.00715, -17.89023], [-71.06631, -17.87176], [-71.08658, -17.86907], [-71.13809, -17.82073], [-71.15958, -17.8082], [-71.17309, -17.79632], [-71.20352, -17.76263], [-71.21923, -17.75156], [-71.26781, -17.73121], [-71.30455, -17.70599], [-71.32579, -17.69524], [-71.34691, -17.69101], [-71.38004, -17.69524], [-71.38443, -17.69785], [-71.38516, -17.68727], [-71.37865, -17.67571], [-71.364, -17.65618], [-71.35961, -17.63307], [-71.36278, -17.61321], [-71.3684, -17.59319], [-71.37767, -17.49236], [-71.38195, -17.47381], [-71.39582, -17.43418], [-71.40026, -17.40032], [-71.40445, -17.39609], [-71.41076, -17.3943], [-71.41861, -17.38934], [-71.44591, -17.35516], [-71.48131, -17.33123], [-71.48388, -17.32838], [-71.49771, -17.29713], [-71.51452, -17.2846], [-71.53059, -17.27972], [-71.56945, -17.27321], [-71.59309, -17.26556], [-71.60253, -17.25953], [-71.61998, -17.24432], [-71.63683, -17.23366], [-71.64147, -17.23162], [-71.80761, -17.19134], [-71.84569, -17.17457], [-71.87792, -17.1491], [-71.92443, -17.09564], [-71.9486, -17.0735], [-72.00308, -17.04258], [-72.02457, -17.03362], [-72.04727, -17.02776], [-72.10993, -17.02313], [-72.11815, -17.0193], [-72.12353, -17.00937], [-72.12218, -16.98821], [-72.12438, -16.97772], [-72.13805, -16.96478], [-72.17854, -16.94215], [-72.187, -16.93336], [-72.19725, -16.91644], [-72.2211, -16.90594], [-72.26895, -16.8952], [-72.29336, -16.88063], [-72.29796, -16.86297], [-72.29735, -16.84352], [-72.30651, -16.82415], [-72.36221, -16.76133], [-72.38508, -16.7457], [-72.39635, -16.74236], [-72.40563, -16.74236], [-72.41397, -16.74131], [-72.42292, -16.7348], [-72.43326, -16.72031], [-72.44009, -16.71445], [-72.45019, -16.71209], [-72.45645, -16.70916], [-72.4781, -16.69508], [-72.48803, -16.69036], [-72.52965, -16.68353], [-72.58776, -16.65936], [-72.69235, -16.66065], [-72.78132, -16.62933], [-72.88834, -16.55462], [-73.06025, -16.49488], [-73.09382, -16.46014], [-73.13793, -16.43857], [-73.17516, -16.41326], [-73.19254, -16.40716], [-73.23168, -16.40797], [-73.2504, -16.40301], [-73.26574, -16.39373], [-73.28014, -16.38836], [-73.29621, -16.3956], [-73.30468, -16.38193], [-73.31729, -16.34043], [-73.326, -16.33074], [-73.33605, -16.32627], [-73.3651, -16.31992], [-73.42032, -16.29314], [-73.4818, -16.2789], [-73.59891, -16.23985], [-73.6762, -16.22787], [-73.70069, -16.24459], [-73.70028, -16.2207], [-73.7185, -16.20623], [-73.72794, -16.19606], [-73.73502, -16.19012], [-73.77136, -16.1782], [-73.84264, -16.14666], [-73.87218, -16.12868], [-73.93442, -16.08644], [-74.00408, -16.03706], [-74.03283, -16.0123], [-74.03316, -16.00078], [-74.0279, -15.9888], [-74.03576, -15.97324], [-74.04662, -15.96014], [-74.0771, -15.94603], [-74.16169, -15.90106], [-74.1774, -15.89691], [-74.22061, -15.89129], [-74.23693, -15.88104], [-74.25017, -15.86615], [-74.25336, -15.85573], [-74.26574, -15.84766], [-74.28995, -15.8396], [-74.32794, -15.84806], [-74.36312, -15.83925], [-74.39801, -15.82686], [-74.44172, -15.79803], [-74.4464, -15.79225], [-74.44896, -15.77272], [-74.45153, -15.76263], [-74.45669, -15.75457], [-74.45765, -15.74082], [-74.46307, -15.72672], [-74.48852, -15.71771], [-74.53832, -15.70264], [-74.68098, -15.64202], [-74.75122, -15.60464], [-74.84756, -15.56629], [-74.86865, -15.53805], [-74.97911, -15.48235], [-75.00642, -15.4612], [-75.01989, -15.45713], [-75.03478, -15.45924], [-75.04161, -15.46217], [-75.04869, -15.46071], [-75.06457, -15.44964], [-75.09488, -15.41717], [-75.10611, -15.40862], [-75.12572, -15.4026], [-75.1455, -15.39951], [-75.1608, -15.39332], [-75.16698, -15.37762], [-75.17211, -15.37363], [-75.18942, -15.36955], [-75.19099, -15.3621], [-75.18946, -15.35837], [-75.17559, -15.35161], [-75.15542, -15.34642], [-75.15164, -15.33299], [-75.16686, -15.31129], [-75.19595, -15.29363], [-75.23644, -15.27679], [-75.26317, -15.25042], [-75.2438, -15.2514], [-75.23278, -15.24578], [-75.22842, -15.23577], [-75.22964, -15.22373], [-75.23412, -15.21453], [-75.24112, -15.20534], [-75.28962, -15.16107], [-75.30956, -15.15203], [-75.36181, -15.14479], [-75.37645, -15.13405], [-75.38524, -15.11696], [-75.39415, -15.09393], [-75.44103, -15.02777], [-75.44811, -15.00799], [-75.4558, -14.99814], [-75.49161, -14.97454], [-75.50276, -14.96364], [-75.50438, -14.95696], [-75.50276, -14.92547], [-75.50658, -14.91823], [-75.55065, -14.88494], [-75.63288, -14.8458], [-75.65991, -14.83172], [-75.68053, -14.82103], [-75.70474, -14.80576], [-75.74833, -14.77098], [-75.79821, -14.74733], [-75.80167, -14.74245], [-75.80997, -14.73699], [-75.8199, -14.73219], [-75.82828, -14.73024], [-75.83943, -14.72633], [-75.84691, -14.71706], [-75.85294, -14.70599], [-75.85969, -14.69606], [-75.86677, -14.68955], [-75.87418, -14.68426], [-75.91588, -14.66383], [-75.93065, -14.64935], [-75.92729, -14.62683], [-75.93042, -14.60342], [-75.93277, -14.58001], [-75.94607, -14.55889], [-75.96327, -14.53476], [-75.97343, -14.52874], [-75.97651, -14.51739], [-75.97185, -14.50834], [-75.96483, -14.49249], [-75.96894, -14.48376], [-75.98064, -14.4611], [-76.00341, -14.4498], [-76.03718, -14.42929], [-76.04914, -14.41806], [-76.06843, -14.39137], [-76.08186, -14.3777], [-76.09215, -14.37314], [-76.11661, -14.3707], [-76.12658, -14.36712], [-76.13321, -14.35963], [-76.14355, -14.32789], [-76.11611, -14.32487], [-76.10828, -14.31574], [-76.10671, -14.30586], [-76.11376, -14.29293], [-76.12316, -14.27391], [-76.1293, -14.26344], [-76.13707, -14.24188], [-76.14916, -14.22389], [-76.1647, -14.2164], [-76.18114, -14.21063], [-76.18952, -14.19695], [-76.1949, -14.18108], [-76.20226, -14.16855], [-76.21544, -14.16123], [-76.24994, -14.14781], [-76.25157, -14.16981], [-76.27119, -14.20093], [-76.29044, -14.16741], [-76.28206, -14.14092], [-76.28281, -14.1037], [-76.29174, -14.08099], [-76.2812, -14.07331], [-76.28087, -14.05739], [-76.26791, -14.04972], [-76.27418, -14.03904], [-76.27182, -14.03068], [-76.26945, -14.02006], [-76.27886, -14.0086], [-76.28458, -13.99163], [-76.27281, -13.9874], [-76.27044, -13.9625], [-76.27743, -13.9451], [-76.29531, -13.9345], [-76.29784, -13.92213], [-76.29686, -13.91497], [-76.29377, -13.90748], [-76.29271, -13.90049], [-76.29784, -13.89422], [-76.30846, -13.89178], [-76.31505, -13.89666], [-76.31784, -13.9127], [-76.32486, -13.921], [-76.3373, -13.91645], [-76.3544, -13.91944], [-76.36618, -13.91273], [-76.27109, -13.85421]]], [[[-76.18897, -14.27469], [-76.18585, -14.28305], [-76.17566, -14.28838], [-76.17959, -14.29521], [-76.19134, -14.29292], [-76.20701, -14.28151], [-76.22032, -14.27467], [-76.22031, -14.26328], [-76.21247, -14.25948], [-76.19523, -14.26329], [-76.18897, -14.27469]]]]}, "properties": {"id": "n8zM", "status": "validé", "pieces": [{"kind": "polygon", "ring": [[-76.51978, -14.00726], [-76.06934, -13.73005], [-75.70679, -13.8687], [-75.28931, -14.5394], [-74.67407, -15.17627], [-73.8501, -15.51516], [-72.36694, -15.72668], [-71.46606, -16.033], [-70.8728, -16.70734], [-70.82886, -17.21154], [-70.46631, -17.53645], [-70.05981, -17.91302], [-70.05981, -18.53887], [-73.88306, -18.19493]]}, {"kind": "clip"}]}}, {"type": "Feature", "geometry": {"type": "Polygon", "coordinates": [[[-69.61761, -10.97214], [-69.5929, -11.24828], [-69.49127, -11.46362], [-69.36356, -11.47438], [-69.23721, -11.73256], [-69.16992, -12.04153], [-69.1864, -12.3555], [-69.16718, -12.53512], [-69.07104, -12.53512], [-69.07104, -12.24015], [-69.05182, -11.90993], [-69.13971, -11.69494], [-69.32373, -11.38559], [-69.47205, -11.35868], [-69.54071, -11.01124], [-69.57161, -10.94457], [-69.59084, -10.94928], [-69.61761, -10.97214]]]}, "properties": {"id": "nK4d", "status": "validé", "pieces": [{"kind": "polygon", "ring": [[-69.61761, -10.97214], [-69.5929, -11.24828], [-69.49127, -11.46362], [-69.36356, -11.47438], [-69.23721, -11.73256], [-69.16992, -12.04153], [-69.1864, -12.3555], [-69.16718, -12.53512], [-69.07104, -12.53512], [-69.07104, -12.24015], [-69.05182, -11.90993], [-69.13971, -11.69494], [-69.32373, -11.38559], [-69.47205, -11.35868], [-69.54071, -11.01124], [-69.57161, -10.94457], [-69.59084, -10.94928]]}]}}, {"type": "Feature", "geometry": null, "properties": {"id": "o1h4", "status": "validé", "pieces": [{"kind": "country"}]}}, {"type": "Feature", "geometry": {"type": "Polygon", "coordinates": [[[-74.4873, -8.44906], [-74.4873, -8.33906], [-74.64661, -8.33906], [-74.64661, -8.44906], [-74.4873, -8.44906]]]}, "properties": {"id": "q8YX", "status": "validé", "pieces": [{"kind": "rect", "bounds": [-74.64661, -8.44906, -74.4873, -8.33906]}]}}, {"type": "Feature", "geometry": {"type": "Polygon", "coordinates": [[[-76.75186, -12.3329], [-76.75186, -11.8349], [-77.19818, -11.8349], [-77.19818, -12.3329], [-76.75186, -12.3329]]]}, "properties": {"id": "qYbM", "status": "validé", "pieces": [{"kind": "rect", "bounds": [-77.19818, -12.3329, -76.75186, -11.8349]}]}}, {"type": "Feature", "geometry": null, "properties": {"id": "r51J", "status": "validé", "pieces": [{"kind": "admin1", "code": "PER-578"}, {"kind": "admin1", "code": "PER-566"}, {"kind": "admin1", "code": "PER-567"}, {"kind": "admin1", "code": "PER-568"}, {"kind": "admin1", "code": "PER-585"}, {"kind": "admin1", "code": "PER-582"}, {"kind": "admin1", "code": "PER-584"}, {"kind": "admin1", "code": "PER-583"}, {"kind": "admin1", "code": "PER-579"}, {"kind": "admin1", "code": "PER-577"}, {"kind": "admin1", "code": "PER-580"}]}}, {"type": "Feature", "geometry": null, "properties": {"id": "r5e9", "status": "validé", "pieces": [{"kind": "country"}]}}, {"type": "Feature", "geometry": null, "properties": {"id": "sBQ3", "status": "validé", "pieces": [{"kind": "country"}]}}, {"type": "Feature", "geometry": null, "properties": {"id": "tRd3", "status": "validé", "pieces": [{"kind": "admin1", "code": "PER-577"}, {"kind": "admin1", "code": "PER-580"}, {"kind": "admin1", "code": "PER-578"}, {"kind": "admin1", "code": "PER-566"}, {"kind": "admin1", "code": "PER-567"}, {"kind": "admin1", "code": "PER-568"}, {"kind": "admin1", "code": "PER-575"}]}}, {"type": "Feature", "geometry": {"type": "Polygon", "coordinates": [[[-79.81155, -6.35717], [-79.72778, -6.21936], [-79.73465, -6.1402], [-79.6962, -6.0351], [-79.70444, -6.0037], [-79.74701, -5.99961], [-79.89807, -5.74425], [-79.89532, -5.68415], [-79.9173, -5.60492], [-79.99969, -5.60355], [-80.08209, -5.35486], [-80.14252, -5.18536], [-80.1178, -5.17853], [-80.06561, -5.32479], [-79.99283, -5.46692], [-79.96262, -5.5612], [-79.94751, -5.58579], [-79.89532, -5.57896], [-79.87198, -5.62405], [-79.85413, -5.69508], [-79.86786, -5.72513], [-79.79233, -5.82893], [-79.73053, -5.96411], [-79.67972, -5.99414], [-79.65775, -6.07059], [-79.69345, -6.22891], [-79.77448, -6.38036], [-79.81155, -6.35717]]]}, "properties": {"id": "uSmV", "status": "validé", "pieces": [{"kind": "polygon", "ring": [[-79.81155, -6.35717], [-79.72778, -6.21936], [-79.73465, -6.1402], [-79.6962, -6.0351], [-79.70444, -6.0037], [-79.74701, -5.99961], [-79.89807, -5.74425], [-79.89532, -5.68415], [-79.9173, -5.60492], [-79.99969, -5.60355], [-80.08209, -5.35486], [-80.14252, -5.18536], [-80.1178, -5.17853], [-80.06561, -5.32479], [-79.99283, -5.46692], [-79.96262, -5.5612], [-79.94751, -5.58579], [-79.89532, -5.57896], [-79.87198, -5.62405], [-79.85413, -5.69508], [-79.86786, -5.72513], [-79.79233, -5.82893], [-79.73053, -5.96411], [-79.67972, -5.99414], [-79.65775, -6.07059], [-79.69345, -6.22891], [-79.77448, -6.38036]]}]}}, {"type": "Feature", "geometry": null, "properties": {"id": "xFoX", "status": "validé", "pieces": [{"kind": "country"}]}}, {"type": "Feature", "geometry": null, "properties": {"id": "ztvL", "status": "rejeté", "pieces": []}}]}