{"type": "FeatureCollection", "features": [{"type": "Feature", "geometry": {"type": "Polygon", "coordinates": [[[117.46239, 8.63813], [117.57294, 8.69581], [117.67731, 8.6992], [117.82562, 8.80377], [117.94579, 8.90889], [117.97119, 8.96177], [118.01514, 8.97059], [118.05084, 9.06346], [118.08586, 9.12387], [118.12088, 9.18215], [118.23349, 9.20518], [118.33992, 9.26412], [118.44635, 9.33258], [118.54523, 9.49915], [118.69629, 9.61827], [118.68942, 9.66835], [118.65509, 9.736], [118.6908, 9.73465], [118.69629, 9.713], [118.71414, 9.67105], [118.74847, 9.64534], [118.70041, 9.57902], [118.59055, 9.48696], [118.51227, 9.34748], [118.42026, 9.25943], [118.29117, 9.17271], [118.14148, 9.13205], [118.11127, 9.13882], [118.11127, 9.10223], [118.0687, 9.07783], [118.06046, 8.98022], [118.02338, 8.92869], [118.00003, 8.9314], [117.93823, 8.86495], [117.85995, 8.79984], [117.81464, 8.74422], [117.71851, 8.68994], [117.61414, 8.65737], [117.55096, 8.65737], [117.46719, 8.61937], [117.46239, 8.63813]]]}, "properties": {"id": "2IcS", "status": "validé", "pieces": [{"kind": "polygon", "ring": [[117.46239, 8.63813], [117.57294, 8.69581], [117.67731, 8.6992], [117.82562, 8.80377], [117.94579, 8.90889], [117.97119, 8.96177], [118.01514, 8.97059], [118.05084, 9.06346], [118.08586, 9.12387], [118.12088, 9.18215], [118.23349, 9.20518], [118.33992, 9.26412], [118.44635, 9.33258], [118.54523, 9.49915], [118.69629, 9.61827], [118.68942, 9.66835], [118.65509, 9.736], [118.6908, 9.73465], [118.69629, 9.713], [118.71414, 9.67105], [118.74847, 9.64534], [118.70041, 9.57902], [118.59055, 9.48696], [118.51227, 9.34748], [118.42026, 9.25943], [118.29117, 9.17271], [118.14148, 9.13205], [118.11127, 9.13882], [118.11127, 9.10223], [118.0687, 9.07783], [118.06046, 8.98022], [118.02338, 8.92869], [118.00003, 8.9314], [117.93823, 8.86495], [117.85995, 8.79984], [117.81464, 8.74422], [117.71851, 8.68994], [117.61414, 8.65737], [117.55096, 8.65737], [117.46719, 8.61937]]}]}}, {"type": "Feature", "geometry": {"type": "MultiPolygon", "coordinates": [[[[124.38171, 6.96569], [124.28833, 7.37974], [124.34326, 7.43963], [124.3927, 7.46141], [124.82666, 7.34706], [125.12878, 7.34162], [125.31555, 7.34706], [125.50232, 7.50496], [125.62317, 7.69546], [125.8429, 7.76619], [126.04614, 7.74987], [126.31531, 7.7009], [126.33728, 7.4233], [126.35925, 7.08014], [126.32428, 6.97835], [126.32398, 6.97809], [126.30958, 6.94892], [126.30323, 6.91865], [126.30313, 6.91678], [126.2814, 6.85353], [126.26832, 6.8902], [126.24269, 6.91926], [126.2129, 6.93403], [126.19191, 6.92512], [126.19256, 6.88337], [126.18572, 6.88337], [126.18312, 6.88947], [126.17213, 6.90388], [126.16798, 6.88255], [126.17856, 6.8614], [126.19288, 6.8417], [126.20058, 6.82328], [126.08357, 6.79715], [126.08269, 6.80451], [126.08269, 6.83088], [126.07911, 6.84251], [126.06715, 6.84789], [126.04176, 6.85541], [126.02215, 6.86677], [125.98341, 6.92089], [125.97682, 6.9396], [125.98569, 6.98607], [125.9865, 7.00629], [125.97478, 7.02774], [125.91505, 7.08503], [125.9026, 7.10114], [125.89796, 7.11603], [125.89088, 7.15705], [125.8506, 7.25389], [125.84986, 7.29426], [125.8532, 7.31623], [125.8532, 7.33601], [125.84539, 7.35025], [125.83074, 7.35428], [125.82545, 7.3557], [125.80689, 7.35114], [125.74684, 7.30793], [125.68784, 7.27464], [125.67677, 7.26464], [125.67661, 7.26447], [125.66831, 7.25702], [125.65691, 7.23705], [125.65398, 7.21507], [125.65935, 7.14985], [125.65805, 7.12914], [125.65455, 7.11957], [125.64617, 7.10786], [125.64438, 7.09907], [125.63901, 7.08877], [125.60353, 7.05463], [125.57545, 7.03872], [125.54176, 7.03059], [125.50994, 7.01557], [125.48748, 6.97895], [125.48463, 6.93513], [125.48064, 6.91324], [125.46974, 6.90388], [125.42465, 6.84919], [125.40358, 6.81184], [125.38893, 6.7683], [125.38038, 6.7215], [125.37762, 6.67422], [125.38063, 6.65721], [125.3943, 6.61823], [125.39747, 6.59846], [125.40553, 6.58885], [125.42189, 6.58234], [125.43458, 6.5882], [125.43214, 6.61579], [125.4651, 6.59467], [125.50807, 6.5395], [125.53452, 6.51284], [125.55323, 6.52485], [125.57358, 6.51691], [125.58985, 6.49917], [125.59669, 6.48176], [125.59767, 6.44269], [125.60008, 6.43315], [125.5957, 6.4258], [125.59021, 6.13107], [125.53528, 6.04371], [125.354, 5.98911], [125.27761, 5.97841], [125.278, 5.97923], [125.28077, 6.01936], [125.2767, 6.03604], [125.26319, 6.07221], [125.26027, 6.08454], [125.25074, 6.09309], [125.24008, 6.09422], [125.22926, 6.0954], [125.19142, 6.09512], [125.17945, 6.10676], [125.16896, 6.11196], [125.15789, 6.10879], [125.15528, 6.10016], [125.15772, 6.07429], [125.15447, 6.06436], [125.14527, 6.05004], [125.11292, 5.95535], [124.96399, 5.93449], [124.66873, 5.97008], [124.64332, 5.98526], [124.63648, 5.97842], [124.60581, 5.99234], [124.59761, 5.99796], [124.54651, 6.26208], [124.38171, 6.96569]]], [[[124.79919, 8.47828], [124.89258, 8.67374], [125.06287, 8.66288], [125.14526, 8.53801], [125.2002, 8.33705], [125.26062, 8.17403], [125.28809, 7.98919], [125.22766, 7.8913], [125.14526, 7.73899], [125.00793, 7.64648], [124.89258, 7.64104], [124.78821, 7.71722], [124.73328, 7.82059], [124.78271, 7.97832], [124.92554, 8.03813], [124.94202, 8.23924], [124.79919, 8.47828]]], [[[125.79371, 6.93952], [125.78972, 6.92878], [125.78395, 6.91743], [125.77687, 6.89403], [125.76775, 6.89887], [125.75367, 6.91747], [125.74537, 6.93696], [125.73829, 6.97919], [125.72535, 7.00479], [125.72193, 7.01557], [125.71762, 7.05223], [125.71217, 7.0563], [125.70379, 7.05671], [125.68385, 7.06525], [125.67791, 7.06639], [125.67408, 7.07022], [125.67172, 7.08198], [125.6727, 7.09276], [125.67693, 7.10391], [125.68287, 7.11262], [125.68914, 7.11612], [125.69654, 7.12694], [125.70216, 7.17715], [125.70655, 7.19184], [125.71583, 7.19595], [125.72364, 7.1931], [125.72934, 7.1861], [125.73316, 7.17756], [125.74952, 7.16205], [125.76735, 7.14973], [125.78191, 7.1352], [125.78785, 7.11298], [125.78126, 6.98485], [125.78419, 6.96312], [125.79127, 6.94819], [125.79371, 6.93952]]]]}, "properties": {"id": "2cMP", "status": "validé", "pieces": [{"kind": "polygon", "ring": [[124.92554, 8.03813], [124.78271, 7.97832], [124.73328, 7.82059], [124.78821, 7.71722], [124.89258, 7.64104], [125.00793, 7.64648], [125.14526, 7.73899], [125.22766, 7.8913], [125.28809, 7.98919], [125.26062, 8.17403], [125.2002, 8.33705], [125.14526, 8.53801], [125.06287, 8.66288], [124.89258, 8.67374], [124.79919, 8.47828], [124.94202, 8.23924]]}, {"kind": "polygon", "ring": [[124.60144, 5.97818], [124.54651, 6.26208], [124.38171, 6.96569], [124.28833, 7.37974], [124.34326, 7.43963], [124.3927, 7.46141], [124.82666, 7.34706], [125.12878, 7.34162], [125.31555, 7.34706], [125.50232, 7.50496], [125.62317, 7.69546], [125.8429, 7.76619], [126.04614, 7.74987], [126.31531, 7.7009], [126.33728, 7.4233], [126.35925, 7.08014], [126.27686, 6.84032], [126.05713, 6.79125], [125.755, 6.6931], [125.5957, 6.4258], [125.59021, 6.13107], [125.53528, 6.04371], [125.354, 5.98911], [124.96399, 5.93449]]}, {"kind": "clip"}]}}, {"type": "Feature", "geometry": {"type": "MultiPolygon", "coordinates": [[[[124.7168, 7.5648], [124.82666, 7.46136], [124.84863, 7.35791], [124.84863, 7.23264], [124.84314, 7.15637], [124.90356, 7.13458], [124.85962, 6.87298], [124.77722, 6.43667], [124.69482, 6.3821], [124.59045, 6.4585], [124.49158, 6.51305], [124.38721, 6.48032], [124.24438, 6.47486], [124.19495, 6.52396], [124.19495, 6.57306], [124.33228, 6.6276], [124.37622, 6.73668], [124.37622, 6.94385], [124.35974, 7.0583], [124.41467, 7.18361], [124.46411, 7.298], [124.5575, 7.40147], [124.7168, 7.5648]]], [[[126.0022, 8.53797], [126.09009, 8.30984], [125.98572, 8.30984], [125.8429, 8.2718], [125.72754, 8.21746], [125.7605, 8.02721], [125.69458, 7.87494], [125.64514, 7.81511], [125.56274, 7.82599], [125.52429, 8.0707], [125.48584, 8.32614], [125.55176, 8.42935], [126.0022, 8.53797]]]]}, "properties": {"id": "2ctB", "status": "validé", "pieces": [{"kind": "polygon", "ring": [[124.5575, 7.40147], [124.46411, 7.298], [124.41467, 7.18361], [124.35974, 7.0583], [124.37622, 6.94385], [124.37622, 6.73668], [124.33228, 6.6276], [124.19495, 6.57306], [124.19495, 6.52396], [124.24438, 6.47486], [124.38721, 6.48032], [124.49158, 6.51305], [124.59045, 6.4585], [124.69482, 6.3821], [124.77722, 6.43667], [124.85962, 6.87298], [124.90356, 7.13458], [124.84314, 7.15637], [124.84863, 7.23264], [124.84863, 7.35791], [124.82666, 7.46136], [124.7168, 7.5648]]}, {"kind": "polygon", "ring": [[125.55176, 8.42935], [125.48584, 8.32614], [125.52429, 8.0707], [125.56274, 7.82599], [125.64514, 7.81511], [125.69458, 7.87494], [125.7605, 8.02721], [125.72754, 8.21746], [125.8429, 8.2718], [125.98572, 8.30984], [126.09009, 8.30984], [126.0022, 8.53797]]}]}}, {"type": "Feature", "geometry": null, "properties": {"id": "2hW1", "status": "validé", "pieces": [{"kind": "country"}]}}, {"type": "Feature", "geometry": null, "properties": {"id": "3TK5", "status": "validé", "pieces": [{"kind": "country"}]}}, {"type": "Feature", "geometry": {"type": "Polygon", "coordinates": [[[120.73975, 18.42247], [120.59692, 18.1931], [120.50354, 17.77006], [120.42114, 17.44033], [120.40466, 17.00502], [120.39368, 16.77385], [120.40466, 16.38968], [120.55847, 16.17885], [120.82214, 16.14721], [120.99792, 16.25794], [121.2561, 16.43182], [121.54724, 16.90523], [121.54724, 17.45081], [121.43738, 18.15658], [121.39893, 18.28697], [121.05286, 18.51621], [120.73975, 18.42247]]]}, "properties": {"id": "40U4", "status": "validé", "pieces": [{"kind": "polygon", "ring": [[120.73975, 18.42247], [120.59692, 18.1931], [120.50354, 17.77006], [120.42114, 17.44033], [120.40466, 17.00502], [120.39368, 16.77385], [120.40466, 16.38968], [120.55847, 16.17885], [120.82214, 16.14721], [120.99792, 16.25794], [121.2561, 16.43182], [121.54724, 16.90523], [121.54724, 17.45081], [121.43738, 18.15658], [121.39893, 18.28697], [121.05286, 18.51621]]}]}}, {"type": "Feature", "geometry": null, "properties": {"id": "9hUv", "status": "rejeté", "pieces": []}}, {"type": "Feature", "geometry": {"type": "Polygon", "coordinates": [[[124.2334, 6.24497], [124.17748, 6.27527], [124.17724, 6.27599], [124.49707, 6.14671], [124.74426, 6.08119], [124.99146, 5.94468], [125.12329, 6.17946], [125.16724, 6.28317], [125.24414, 6.50145], [125.37598, 6.53963], [125.39795, 6.4578], [125.33203, 6.22313], [125.34851, 6.11941], [125.36499, 5.73164], [125.42548, 5.60328], [125.42164, 5.59821], [125.403, 5.58088], [125.38754, 5.5738], [125.38047, 5.57343], [125.3024, 5.59284], [125.30014, 5.67133], [125.2951, 5.69107], [125.28826, 5.70604], [125.27866, 5.7165], [125.26433, 5.72256], [125.24317, 5.72455], [125.2378, 5.72797], [125.23194, 5.73627], [125.22731, 5.74657], [125.22543, 5.75617], [125.22096, 5.76642], [125.21046, 5.77212], [125.19898, 5.77558], [125.19142, 5.7792], [125.18116, 5.79833], [125.18507, 5.81452], [125.19402, 5.82949], [125.19874, 5.84492], [125.20183, 5.86054], [125.209, 5.87686], [125.22543, 5.90327], [125.26401, 5.94994], [125.278, 5.97923], [125.28077, 6.01936], [125.2767, 6.03604], [125.26319, 6.07221], [125.26027, 6.08454], [125.25074, 6.09309], [125.24008, 6.09422], [125.22926, 6.0954], [125.19142, 6.09512], [125.17945, 6.10676], [125.16896, 6.11196], [125.15789, 6.10879], [125.15528, 6.10016], [125.15772, 6.07429], [125.15447, 6.06436], [125.14527, 6.05004], [125.11223, 5.95336], [125.08871, 5.88471], [125.0691, 5.86172], [125.04981, 5.8614], [125.00221, 5.87197], [124.96363, 5.85859], [124.93873, 5.86396], [124.83741, 5.91226], [124.81088, 5.91861], [124.76791, 5.93806], [124.75611, 5.93818], [124.74366, 5.93696], [124.73268, 5.93745], [124.70802, 5.9466], [124.64332, 5.98526], [124.63648, 5.97842], [124.60581, 5.99234], [124.5962, 5.99893], [124.59246, 6.00552], [124.58969, 6.01464], [124.58595, 6.02269], [124.57911, 6.02619], [124.56137, 6.03001], [124.42189, 6.1103], [124.37013, 6.13272], [124.24578, 6.18651], [124.22877, 6.19701], [124.21725, 6.20752], [124.2334, 6.24497]]]}, "properties": {"id": "9xJp", "status": "validé", "pieces": [{"kind": "polygon", "ring": [[124.2334, 6.24497], [124.20044, 6.16855], [124.41467, 6.02113], [124.63989, 5.92283], [124.94202, 5.81905], [125.06836, 5.82997], [125.29358, 5.59504], [125.44739, 5.55678], [125.36499, 5.73164], [125.34851, 6.11941], [125.33203, 6.22313], [125.39795, 6.4578], [125.37598, 6.53963], [125.24414, 6.50145], [125.16724, 6.28317], [125.12329, 6.17946], [124.99146, 5.94468], [124.74426, 6.08119], [124.49707, 6.14671], [124.17297, 6.27772]]}, {"kind": "clip"}]}}, {"type": "Feature", "geometry": null, "properties": {"id": "A2hm", "status": "validé", "pieces": [{"kind": "admin1", "code": "PHL-2569"}]}}, {"type": "Feature", "geometry": {"type": "Polygon", "coordinates": [[[120.84274, 15.11742], [120.84274, 15.30088], [120.65254, 15.30088], [120.65254, 15.11742], [120.84274, 15.11742]]]}, "properties": {"id": "AvQg", "status": "validé", "pieces": [{"kind": "rect", "bounds": [120.65254, 15.11742, 120.84274, 15.30088]}]}}, {"type": "Feature", "geometry": null, "properties": {"id": "DIih", "status": "validé", "pieces": [{"kind": "country"}]}}, {"type": "Feature", "geometry": {"type": "MultiPolygon", "coordinates": [[[[124.93652, 7.89824], [124.94751, 7.96894], [125.02441, 8.07225], [125.12329, 7.99613], [125.13977, 7.88737], [125.10132, 7.72417], [125.06836, 7.64798], [124.84863, 7.61533], [124.73328, 7.71328], [124.7168, 7.89824], [124.74426, 7.98526], [124.85413, 7.94175], [124.93652, 7.89824]]], [[[123.33546, 10.24067], [123.3047, 10.17853], [123.30079, 10.15534], [123.29981, 10.13142], [123.29664, 10.11148], [123.29037, 10.09357], [123.24415, 10.02635], [123.23552, 10.0019], [123.22853, 9.9947], [123.22137, 9.98908], [123.21811, 9.98404], [123.20444, 9.93903], [123.17596, 9.90811], [123.16236, 9.8902], [123.15675, 9.86762], [123.17042, 9.69599], [123.16456, 9.67219], [123.16358, 9.66185], [123.16041, 9.64741], [123.15309, 9.64663], [123.14405, 9.64924], [123.13624, 9.64484], [123.13543, 9.61835], [123.17742, 9.58991], [123.17042, 9.56289], [123.16114, 9.58381], [123.14381, 9.57368], [123.13551, 9.55268], [123.15333, 9.54116], [123.18092, 9.53742], [123.18995, 9.5268], [123.19166, 9.50983], [123.1976, 9.48713], [123.21168, 9.47272], [123.2326, 9.45966], [123.25147, 9.444], [123.26726, 9.39834], [123.28484, 9.37971], [123.30519, 9.36249], [123.32114, 9.34317], [123.3283, 9.30256], [123.31764, 9.2569], [123.2986, 9.21503], [123.24342, 9.13646], [123.23878, 9.12031], [123.23015, 9.10761], [123.16098, 9.06566], [123.14772, 9.06184], [123.11207, 9.06196], [123.09995, 9.05996], [123.07993, 9.05097], [123.05787, 9.04682], [123.04265, 9.03734], [123.03321, 9.0353], [122.99049, 9.04877], [122.95769, 9.08124], [122.9336, 9.12149], [122.89259, 9.22101], [122.88673, 9.28799], [122.88054, 9.30585], [122.86939, 9.32266], [122.8449, 9.34707], [122.82789, 9.35871], [122.81105, 9.36359], [122.74513, 9.3666], [122.72478, 9.37108], [122.68067, 9.39435], [122.66676, 9.39777], [122.65724, 9.40143], [122.64926, 9.4099], [122.64243, 9.41926], [122.636, 9.42573], [122.62355, 9.4289], [122.61012, 9.42963], [122.59946, 9.43268], [122.5971, 9.43765], [122.59067, 9.451], [122.57016, 9.47525], [122.55177, 9.49095], [122.5298, 9.53791], [122.51588, 9.54857], [122.50522, 9.5524], [122.49659, 9.56171], [122.46681, 9.62385], [122.45729, 9.63793], [122.46437, 9.64696], [122.46144, 9.65526], [122.44361, 9.67276], [122.43824, 9.6684], [122.42823, 9.66279], [122.42311, 9.65843], [122.42481, 9.6728], [122.43084, 9.6988], [122.43043, 9.71369], [122.42457, 9.71015], [122.4087, 9.70307], [122.4026, 9.69941], [122.40358, 9.73896], [122.40935, 9.7757], [122.40984, 9.80854], [122.39519, 9.83662], [122.39519, 9.84284], [122.40593, 9.85346], [122.4441, 9.92154], [122.4616, 9.96581], [122.47462, 9.97435], [122.49537, 9.977], [122.53777, 9.98705], [122.56031, 9.98745], [122.62599, 9.97468], [122.64283, 9.96695], [122.65699, 9.97582], [122.70777, 9.9864], [122.72853, 9.99738], [122.78224, 10.05297], [122.80738, 10.06932], [122.82691, 10.05809], [122.8449, 10.06729], [122.87281, 10.10041], [122.87892, 10.11807], [122.87582, 10.14301], [122.86256, 10.18545], [122.85532, 10.22801], [122.86939, 10.35053], [122.85939, 10.39448], [122.82179, 10.47248], [122.81471, 10.51504], [122.8239, 10.53286], [122.84254, 10.54141], [122.86101, 10.54621], [122.86939, 10.55256], [122.87485, 10.56184], [122.91041, 10.59756], [122.9199, 10.61832], [123.02487, 10.59261], [123.06776, 10.68093], [122.97584, 10.74242], [122.97169, 10.8061], [122.96852, 10.8111], [122.95395, 10.82201], [122.95069, 10.82722], [122.95216, 10.84772], [122.95436, 10.85578], [122.95818, 10.86445], [122.96632, 10.87637], [122.99383, 10.90672], [123.00262, 10.91283], [123.04802, 10.91486], [123.06772, 10.91885], [123.08774, 10.92593], [123.1701, 10.9772], [123.21355, 10.9964], [123.25978, 10.99482], [123.26222, 10.99116], [123.26515, 10.98412], [123.26979, 10.97736], [123.27687, 10.97431], [123.29566, 10.97533], [123.30079, 10.97431], [123.31186, 10.96699], [123.3296, 10.9514], [123.34181, 10.94636], [123.35377, 10.94758], [123.37924, 10.95881], [123.39015, 10.96003], [123.40358, 10.95319], [123.40138, 10.9453], [123.39503, 10.93623], [123.39625, 10.92593], [123.40545, 10.91983], [123.41293, 10.92406], [123.42066, 10.93268], [123.431, 10.9396], [123.44565, 10.94229], [123.45688, 10.9405], [123.46705, 10.93651], [123.50262, 10.92772], [123.52182, 10.91991], [123.535, 10.90485], [123.54176, 10.86547], [123.54664, 10.85611], [123.5608, 10.83714], [123.56365, 10.83535], [123.56739, 10.8354], [123.57106, 10.83478], [123.57447, 10.83096], [123.57553, 10.82559], [123.57081, 10.77924], [123.56153, 10.76008], [123.53346, 10.7211], [123.51686, 10.68098], [123.48569, 10.54914], [123.47364, 10.52676], [123.38966, 10.43716], [123.37941, 10.42154], [123.36573, 10.39252], [123.34474, 10.34797], [123.34181, 10.32661], [123.34034, 10.26069], [123.33546, 10.24067]]], [[[124.73328, 10.95906], [124.74426, 10.85662], [124.74386, 10.85658], [124.73813, 10.86152], [124.73268, 10.86815], [124.72836, 10.88642], [124.71803, 10.90559], [124.69174, 10.9396], [124.65016, 10.97089], [124.64332, 10.97744], [124.63722, 10.99421], [124.62233, 11.00202], [124.60239, 11.00348], [124.60186, 11.00342], [124.60144, 11.00757], [124.49158, 11.10458], [124.57947, 11.16384], [124.67834, 11.08302], [124.73328, 10.95906]]], [[[123.90351, 10.90523], [123.91578, 10.93976], [123.93458, 10.97044], [123.93002, 10.9936], [123.91773, 11.02896], [123.92408, 11.04633], [123.93523, 11.05923], [123.94435, 11.07416], [123.94508, 11.09785], [123.95191, 11.09785], [123.95541, 11.09024], [123.95965, 11.08552], [123.97291, 11.07734], [123.9607, 11.13076], [123.95525, 11.14224], [123.95191, 11.15672], [123.95875, 11.17593], [123.96974, 11.19453], [124.01832, 11.25849], [124.04566, 11.27717], [124.07472, 11.26911], [124.07277, 11.26203], [124.06813, 11.23334], [124.05567, 11.20502], [124.05128, 11.18549], [124.04737, 11.14875], [124.04127, 11.13011], [124.01075, 11.09455], [123.99952, 11.07734], [124.00912, 11.07339], [124.01254, 11.06623], [124.01393, 11.05931], [124.0171, 11.05622], [124.03728, 11.05752], [124.04615, 11.05976], [124.05494, 11.06367], [124.05193, 11.04316], [124.06178, 10.98428], [124.05974, 10.96231], [124.05348, 10.93057], [124.05494, 10.91283], [124.06691, 10.88907], [124.06853, 10.87812], [124.06495, 10.86791], [124.06286, 10.86456], [123.90351, 10.90523]]], [[[122.66785, 11.03378], [122.58545, 11.12538], [122.56348, 11.29235], [122.63489, 11.42694], [122.81616, 11.45923], [122.94387, 11.52267], [122.94451, 11.52241], [122.8943, 11.48721], [122.87582, 11.46564], [122.87615, 11.44725], [122.90073, 11.43793], [122.92775, 11.45112], [122.95541, 11.47069], [122.9817, 11.48078], [123.00807, 11.48729], [123.0442, 11.51586], [123.08961, 11.52969], [123.11785, 11.54816], [123.14235, 11.5727], [123.15675, 11.59809], [123.16358, 11.59809], [123.1644, 11.53799], [123.15675, 11.52241], [123.1491, 11.51935], [123.13787, 11.51801], [123.12729, 11.51545], [123.12208, 11.50873], [123.12322, 11.49873], [123.12924, 11.4938], [123.13885, 11.49274], [123.14991, 11.49445], [123.14039, 11.47931], [123.14812, 11.47696], [123.17042, 11.48078], [123.17481, 11.46748], [123.16928, 11.4536], [123.16114, 11.43895], [123.15675, 11.42308], [123.1609, 11.39435], [123.16041, 11.38044], [123.14942, 11.36188], [123.14926, 11.35635], [123.14772, 11.35248], [123.12916, 11.34935], [123.12566, 11.34488], [123.12477, 11.33832], [123.12208, 11.33063], [123.12387, 11.32929], [123.12208, 11.30268], [123.12135, 11.30158], [123.1159, 11.28217], [123.11354, 11.26667], [123.1159, 11.23066], [123.11891, 11.2215], [123.12599, 11.21678], [123.13307, 11.21044], [123.13624, 11.19652], [123.13136, 11.18268], [123.11134, 11.16804], [123.10825, 11.1518], [123.08562, 11.16254], [123.06088, 11.16942], [123.04127, 11.1634], [123.02833, 11.10985], [123.0149, 11.09162], [122.99537, 11.0788], [122.97169, 11.06989], [122.97706, 11.05703], [122.97242, 11.04902], [122.95069, 11.03579], [122.9524, 11.04609], [122.95167, 11.05573], [122.94728, 11.06232], [122.93824, 11.06367], [122.93336, 11.05842], [122.93035, 11.03685], [122.92457, 11.02896], [122.91407, 11.02627], [122.9074, 11.02973], [122.9004, 11.03449], [122.8899, 11.03579], [122.88502, 11.03319], [122.86256, 11.01529], [122.86256, 11.02896], [122.83912, 11.01805], [122.81202, 10.99848], [122.78932, 10.97606], [122.78483, 10.96682], [122.66785, 11.03378]]], [[[120.88695, 13.90901], [120.87672, 13.91226], [120.78688, 13.92333], [120.74594, 13.93378], [120.72364, 13.93439], [120.70485, 13.92744], [120.69744, 13.91389], [120.70094, 13.89615], [120.71437, 13.87637], [120.72291, 13.85541], [120.70338, 13.85171], [120.66228, 13.85928], [120.6526, 13.84553], [120.65626, 13.82709], [120.66489, 13.80663], [120.66969, 13.78693], [120.66342, 13.77538], [120.64967, 13.78425], [120.6281, 13.81086], [120.62013, 13.84662], [120.61842, 13.93163], [120.60211, 13.96743], [120.60285, 13.96939], [120.61687, 13.97167], [120.62892, 13.98127], [120.63478, 13.9916], [120.63198, 13.99603], [120.70404, 14.03597], [120.85236, 14.01998], [120.88531, 13.95338], [120.88695, 13.90901]]]]}, "properties": {"id": "GaHP", "status": "validé", "pieces": [{"kind": "admin1", "code": "PHL-2518"}, {"kind": "admin1", "code": "PHL-2516"}, {"kind": "polygon", "ring": [[122.81616, 11.45923], [122.63489, 11.42694], [122.56348, 11.29235], [122.58545, 11.12538], [122.66785, 11.03378], [122.79968, 10.95832], [123.04138, 11.01761], [123.23914, 11.13077], [123.2666, 11.47537], [123.19519, 11.64752]]}, {"kind": "polygon", "ring": [[123.84338, 10.92058], [124.11804, 10.85048], [124.0741, 11.39464], [123.85986, 11.23312]]}, {"kind": "polygon", "ring": [[124.7168, 7.89824], [124.73328, 7.71328], [124.84863, 7.61533], [125.06836, 7.64798], [125.10132, 7.72417], [125.13977, 7.88737], [125.12329, 7.99613], [125.02441, 8.07225], [124.94751, 7.96894], [124.93652, 7.89824], [124.85413, 7.94175], [124.74426, 7.98526]]}, {"kind": "polygon", "ring": [[124.60144, 11.00757], [124.49158, 11.10458], [124.57947, 11.16384], [124.67834, 11.08302], [124.73328, 10.95906], [124.74426, 10.85662], [124.61792, 10.84583]]}, {"kind": "polygon", "ring": [[120.60791, 13.98269], [120.70404, 14.03597], [120.85236, 14.01998], [120.88531, 13.95338], [120.88806, 13.87877], [120.86609, 13.81212], [120.72876, 13.75613], [120.52277, 13.7588]]}, {"kind": "clip"}]}}, {"type": "Feature", "geometry": {"type": "Polygon", "coordinates": [[[124.09058, 8.04438], [124.3158, 8.15854], [124.45862, 8.14223], [124.54651, 8.02807], [124.76074, 7.58743], [124.81567, 7.42411], [124.953, 7.39689], [125.26062, 7.50033], [125.27161, 7.2444], [125.31555, 7.04826], [125.16724, 6.86839], [125.02441, 6.79207], [124.93103, 6.67755], [124.83215, 6.62847], [124.7937, 6.6121], [124.57947, 6.37205], [124.40369, 6.3284], [124.24438, 6.23015], [124.20463, 6.21904], [124.20167, 6.22175], [124.18946, 6.24055], [124.17661, 6.27782], [124.16481, 6.29434], [124.09791, 6.36465], [124.07195, 6.40152], [124.05494, 6.43769], [124.04249, 6.48847], [124.04127, 6.50971], [124.03484, 6.53059], [124.03297, 6.54243], [124.03745, 6.54755], [124.05177, 6.5489], [124.05584, 6.55272], [124.05494, 6.55903], [124.05494, 6.64655], [124.05226, 6.66938], [124.03387, 6.73192], [124.0372, 6.75841], [124.03981, 6.77912], [124.03663, 6.79971], [124.0171, 6.8083], [124.01433, 6.8061], [124.00327, 6.79023], [123.99733, 6.78608], [123.99448, 6.78791], [123.99269, 6.79181], [123.98943, 6.79393], [123.98219, 6.79682], [123.97495, 6.8039], [123.96892, 6.81273], [123.9655, 6.82127], [123.96518, 6.83234], [123.9712, 6.85077], [123.97291, 6.85912], [123.97486, 6.96532], [123.98854, 7.01561], [124.02947, 7.11514], [124.05112, 7.13662], [124.06837, 7.14134], [124.09132, 7.15278], [124.12941, 7.17756], [124.16676, 7.2084], [124.18377, 7.22639], [124.19459, 7.25365], [124.21274, 7.27058], [124.21925, 7.27998], [124.22088, 7.28929], [124.21925, 7.32095], [124.22088, 7.34658], [124.22584, 7.36579], [124.24675, 7.40412], [124.23227, 7.41474], [124.219, 7.41576], [124.18775, 7.41035], [124.17604, 7.41572], [124.16733, 7.43191], [124.1631, 7.43964], [124.15358, 7.44505], [124.14243, 7.46125], [124.09522, 7.56118], [124.0652, 7.60273], [124.02076, 7.63349], [124.01336, 7.63434], [123.95924, 7.6739], [123.9109, 7.69892], [123.90349, 7.69147], [123.88608, 7.69941], [123.86297, 7.70344], [123.86166, 7.70348], [123.81813, 7.70515], [123.7942, 7.71052], [123.77784, 7.72394], [123.7623, 7.74455], [123.76099, 7.77244], [124.09058, 8.04438]]]}, "properties": {"id": "H99u", "status": "validé", "pieces": [{"kind": "polygon", "ring": [[123.76099, 7.77244], [124.09058, 8.04438], [124.3158, 8.15854], [124.45862, 8.14223], [124.54651, 8.02807], [124.76074, 7.58743], [124.81567, 7.42411], [124.953, 7.39689], [125.26062, 7.50033], [125.27161, 7.2444], [125.31555, 7.04826], [125.16724, 6.86839], [125.02441, 6.79207], [124.93103, 6.67755], [124.83215, 6.62847], [124.7937, 6.6121], [124.57947, 6.37205], [124.40369, 6.3284], [124.24438, 6.23015], [124.0686, 6.18102], [123.81592, 6.60665]]}, {"kind": "clip"}]}}, {"type": "Feature", "geometry": null, "properties": {"id": "IPDO", "status": "validé", "pieces": [{"kind": "country"}]}}, {"type": "Feature", "geometry": {"type": "Polygon", "coordinates": [[[124.32404, 7.97648], [124.32404, 8.0295], [124.254, 8.0295], [124.254, 7.97648], [124.32404, 7.97648]]]}, "properties": {"id": "Js5k", "status": "validé", "pieces": [{"kind": "rect", "bounds": [124.254, 7.97648, 124.32404, 8.0295]}]}}, {"type": "Feature", "geometry": null, "properties": {"id": "KVEg", "status": "rejeté", "pieces": []}}, {"type": "Feature", "geometry": null, "properties": {"id": "LrWc", "status": "rejeté", "pieces": []}}, {"type": "Feature", "geometry": null, "properties": {"id": "NKYi", "status": "validé", "pieces": [{"kind": "country"}]}}, {"type": "Feature", "geometry": {"type": "MultiPolygon", "coordinates": [[[[123.21716, 10.45282], [123.04138, 10.36641], [122.8591, 10.26097], [122.86939, 10.35053], [122.85939, 10.39448], [122.82179, 10.47248], [122.81471, 10.51504], [122.8239, 10.53286], [122.84254, 10.54141], [122.86101, 10.54621], [122.86939, 10.55256], [122.87485, 10.56184], [122.91041, 10.59756], [122.93385, 10.64883], [122.93458, 10.65839], [122.97169, 10.7211], [122.97584, 10.74242], [122.97169, 10.8061], [122.96852, 10.8111], [122.95395, 10.82201], [122.95069, 10.82722], [122.95216, 10.84772], [122.95436, 10.85578], [122.95818, 10.86445], [122.96632, 10.87637], [122.99383, 10.90672], [123.00262, 10.91283], [123.04802, 10.91486], [123.06772, 10.91885], [123.08774, 10.92593], [123.1701, 10.9772], [123.21355, 10.9964], [123.25978, 10.99482], [123.26222, 10.99116], [123.26515, 10.98412], [123.26979, 10.97736], [123.27687, 10.97431], [123.29566, 10.97533], [123.30079, 10.97431], [123.31186, 10.96699], [123.3296, 10.9514], [123.34181, 10.94636], [123.35377, 10.94758], [123.37924, 10.95881], [123.39015, 10.96003], [123.40358, 10.95319], [123.40138, 10.9453], [123.39503, 10.93623], [123.39625, 10.92593], [123.40545, 10.91983], [123.41293, 10.92406], [123.42066, 10.93268], [123.431, 10.9396], [123.44565, 10.94229], [123.45688, 10.9405], [123.46705, 10.93651], [123.50262, 10.92772], [123.52182, 10.91991], [123.535, 10.90485], [123.54176, 10.86547], [123.54664, 10.85611], [123.5608, 10.83714], [123.56365, 10.83535], [123.56739, 10.8354], [123.57106, 10.83478], [123.57447, 10.83096], [123.57553, 10.82559], [123.57081, 10.77924], [123.56153, 10.76008], [123.53346, 10.7211], [123.51686, 10.68098], [123.48569, 10.54914], [123.47364, 10.52676], [123.38966, 10.43716], [123.37941, 10.42154], [123.37369, 10.40942], [123.21716, 10.45282]]], [[[120.54749, 16.57858], [120.65186, 16.91509], [120.7782, 17.34013], [120.88806, 17.5706], [120.99792, 17.59154], [121.08582, 17.47112], [121.11328, 17.23003], [121.04187, 16.89408], [120.98145, 16.72587], [120.88806, 16.4575], [121.04187, 16.26783], [121.2616, 16.20984], [121.35498, 16.04105], [121.30554, 15.81928], [121.10229, 15.82457], [120.87708, 15.82457], [120.44312, 15.71888], [120.24536, 15.6343], [120.15747, 15.60786], [120.15747, 15.30619], [120.21941, 14.87385], [120.20932, 14.88003], [120.19606, 14.86665], [120.20143, 14.84309], [120.19711, 14.80801], [120.195, 14.80092], [120.11597, 14.78493], [120.11573, 14.78547], [120.0901, 14.79434], [120.07993, 14.80394], [120.08823, 14.80744], [120.09343, 14.81184], [120.09693, 14.81761], [120.10043, 14.82567], [120.09596, 14.82347], [120.07993, 14.81826], [120.05665, 14.89326], [120.04981, 14.93122], [120.05681, 15.02216], [120.05299, 15.06245], [120.01808, 15.20612], [120.00831, 15.21548], [120.00245, 15.21967], [120.00196, 15.22944], [120.00489, 15.24681], [120.00514, 15.26944], [120.00123, 15.27741], [119.98064, 15.30781], [119.96388, 15.34101], [119.95338, 15.35639], [119.89698, 15.41059], [119.88819, 15.42902], [119.89088, 15.43745], [119.90545, 15.44676], [119.9087, 15.4523], [119.90821, 15.46162], [119.90699, 15.46866], [119.90187, 15.48298], [119.92066, 15.4715], [119.94093, 15.47578], [119.95729, 15.49144], [119.96388, 15.51435], [119.96209, 15.52131], [119.95729, 15.52888], [119.95167, 15.53506], [119.94654, 15.53758], [119.9441, 15.54255], [119.94174, 15.55362], [119.93735, 15.56558], [119.92921, 15.57298], [119.92775, 15.56867], [119.92237, 15.55874], [119.90431, 15.59707], [119.90187, 15.61026], [119.90455, 15.62128], [119.91765, 15.64745], [119.92237, 15.66112], [119.91969, 15.69033], [119.90252, 15.70466], [119.88136, 15.71772], [119.8672, 15.74307], [119.88941, 15.74803], [119.89405, 15.7639], [119.88819, 15.80573], [119.89177, 15.82298], [119.89625, 15.83747], [119.89861, 15.85318], [119.89503, 15.87401], [119.87892, 15.91474], [119.8672, 15.935], [119.85402, 15.94916], [119.8283, 15.95571], [119.81251, 15.94188], [119.80014, 15.92666], [119.78517, 15.92866], [119.78207, 15.92479], [119.77084, 15.91498], [119.75587, 15.94457], [119.75782, 16.05899], [119.76027, 16.07559], [119.77491, 16.11799], [119.77833, 16.13784], [119.77516, 16.14688], [119.761, 16.16201], [119.75782, 16.17227], [119.75571, 16.20344], [119.75782, 16.2167], [119.77605, 16.28075], [119.78191, 16.32225], [119.79078, 16.34186], [119.80193, 16.35786], [119.81251, 16.3675], [119.81707, 16.36831], [119.82838, 16.3666], [119.83286, 16.3675], [119.84962, 16.37889], [119.85402, 16.38117], [119.87029, 16.3854], [119.89161, 16.38736], [119.91635, 16.38085], [119.92579, 16.36498], [119.92579, 16.34512], [119.90187, 16.2508], [119.91481, 16.2425], [119.96022, 16.23143], [119.97022, 16.22655], [119.97625, 16.21825], [120.00514, 16.18842], [120.01515, 16.18187], [120.03736, 16.18236], [120.05006, 16.18085], [120.06153, 16.173], [120.07993, 16.15453], [120.08774, 16.15721], [120.09116, 16.15347], [120.10043, 16.08975], [120.10564, 16.06965], [120.11915, 16.05573], [120.13885, 16.04613], [120.18531, 16.03339], [120.20851, 16.03266], [120.22983, 16.0373], [120.24781, 16.04849], [120.25766, 16.05219], [120.29225, 16.05561], [120.30665, 16.04466], [120.29908, 16.0174], [120.31137, 16.02709], [120.32277, 16.04857], [120.33383, 16.05899], [120.34083, 16.05488], [120.35255, 16.05272], [120.36329, 16.05549], [120.36736, 16.06582], [120.36101, 16.07319], [120.34816, 16.0703], [120.33465, 16.06525], [120.32643, 16.06582], [120.32936, 16.0795], [120.36525, 16.10871], [120.3742, 16.12385], [120.37859, 16.1341], [120.39772, 16.15404], [120.40211, 16.16547], [120.40211, 16.20576], [120.40153, 16.20866], [120.54749, 16.57858]]], [[[122.25037, 18.41661], [122.11853, 18.29154], [121.94275, 18.015], [121.88782, 17.2038], [121.80542, 16.93085], [121.76147, 16.85204], [121.56372, 16.8678], [121.40991, 16.97812], [121.44836, 17.10936], [121.5033, 17.22478], [121.43738, 17.52872], [121.34399, 17.75373], [121.36047, 18.00978], [121.32751, 18.13506], [121.35498, 18.29675], [121.26709, 18.40619], [121.0199, 18.47391], [120.82764, 18.39577], [120.63538, 18.21332], [120.51453, 18.16637], [120.51693, 18.1854], [120.52621, 18.20409], [120.52345, 18.20254], [120.52027, 18.20604], [120.51972, 18.20745], [120.52129, 18.21978], [120.52556, 18.22126], [120.52996, 18.22354], [120.53191, 18.22736], [120.53614, 18.23981], [120.56609, 18.29222], [120.57911, 18.32514], [120.58619, 18.36449], [120.58497, 18.40546], [120.5735, 18.44306], [120.56178, 18.46967], [120.5608, 18.48676], [120.57016, 18.50178], [120.5905, 18.52216], [120.6111, 18.53856], [120.62713, 18.54149], [120.66969, 18.53242], [120.69068, 18.53441], [120.73536, 18.5493], [120.75424, 18.55292], [120.77084, 18.56147], [120.77564, 18.58137], [120.77589, 18.60431], [120.77898, 18.62181], [120.79273, 18.63613], [120.813, 18.64452], [120.83424, 18.64594], [120.85084, 18.63886], [120.8659, 18.62031], [120.89186, 18.5799], [120.90919, 18.56721], [120.92693, 18.56623], [120.94703, 18.57201], [120.96388, 18.58137], [120.97055, 18.59077], [120.97877, 18.59829], [121.01832, 18.61709], [121.03272, 18.62181], [121.04249, 18.6223], [121.06332, 18.62067], [121.07301, 18.62181], [121.08334, 18.628], [121.09498, 18.63703], [121.10678, 18.64273], [121.11817, 18.63886], [121.12615, 18.6341], [121.13706, 18.63093], [121.15935, 18.62865], [121.17066, 18.62547], [121.17742, 18.61782], [121.18263, 18.60883], [121.19028, 18.6013], [121.23992, 18.5777], [121.26629, 18.55488], [121.36402, 18.50642], [121.37818, 18.49486], [121.39186, 18.48631], [121.42408, 18.47724], [121.4983, 18.42939], [121.50611, 18.42666], [121.51979, 18.42512], [121.52613, 18.42255], [121.53256, 18.41596], [121.53883, 18.40705], [121.54656, 18.39924], [121.59205, 18.38471], [121.61329, 18.35932], [121.62965, 18.33169], [121.64967, 18.31395], [121.64967, 18.32022], [121.63461, 18.33454], [121.63494, 18.35513], [121.64503, 18.36945], [121.65968, 18.36481], [121.67286, 18.35497], [121.85279, 18.28799], [121.89552, 18.2792], [121.91733, 18.27863], [121.97462, 18.28604], [121.98683, 18.29043], [122.03956, 18.32022], [122.07862, 18.37946], [122.09132, 18.38906], [122.11158, 18.39277], [122.11931, 18.40302], [122.12208, 18.43683], [122.14576, 18.50739], [122.15284, 18.51879], [122.19939, 18.52285], [122.22022, 18.52241], [122.22889, 18.51837], [122.25037, 18.41661]]], [[[120.01075, 16.25463], [120.01222, 16.24152], [120.00554, 16.23208], [119.99293, 16.23017], [119.98097, 16.23945], [119.97633, 16.24726], [119.95672, 16.26244], [119.93678, 16.28815], [119.92555, 16.29536], [119.92237, 16.30378], [119.9275, 16.31314], [119.94304, 16.32929], [119.95346, 16.33198], [119.96119, 16.33478], [119.96258, 16.33885], [119.96502, 16.34439], [119.97316, 16.35057], [119.98406, 16.3487], [119.99122, 16.34357], [119.99488, 16.33755], [119.99708, 16.33076], [120.00563, 16.31175], [120.00506, 16.26862], [120.01075, 16.25463]]]]}, "properties": {"id": "OkTN", "status": "validé", "pieces": [{"kind": "polygon", "ring": [[122.85461, 10.25837], [123.04138, 10.36641], [123.21716, 10.45282], [123.4314, 10.39342], [123.6731, 10.97076], [123.26111, 11.06239], [122.8656, 10.92224], [122.72278, 10.42582]]}, {"kind": "clip"}, {"kind": "polygon", "ring": [[120.22888, 14.80777], [120.15747, 15.30619], [120.15747, 15.60786], [120.24536, 15.6343], [120.44312, 15.71888], [120.87708, 15.82457], [121.10229, 15.82457], [121.30554, 15.81928], [121.35498, 16.04105], [121.2616, 16.20984], [121.04187, 16.26783], [120.88806, 16.4575], [120.98145, 16.72587], [121.04187, 16.89408], [121.11328, 17.23003], [121.08582, 17.47112], [120.99792, 17.59154], [120.88806, 17.5706], [120.7782, 17.34013], [120.65186, 16.91509], [120.54749, 16.57858], [120.39368, 16.18875], [120.31677, 16.12546], [119.8938, 16.46276], [119.48181, 16.05688], [119.72351, 15.25323], [119.99268, 14.75999]]}, {"kind": "polygon", "ring": [[120.51453, 18.16637], [120.63538, 18.21332], [120.82764, 18.39577], [121.0199, 18.47391], [121.26709, 18.40619], [121.35498, 18.29675], [121.32751, 18.13506], [121.36047, 18.00978], [121.34399, 17.75373], [121.43738, 17.52872], [121.5033, 17.22478], [121.44836, 17.10936], [121.40991, 16.97812], [121.56372, 16.8678], [121.76147, 16.85204], [121.80542, 16.93085], [121.88782, 17.2038], [121.94275, 18.015], [122.11853, 18.29154], [122.25037, 18.41661], [122.20642, 18.62488], [121.3385, 18.65089], [120.58044, 18.6873]]}]}}, {"type": "Feature", "geometry": null, "properties": {"id": "QPqh", "status": "validé", "pieces": [{"kind": "country"}]}}, {"type": "Feature", "geometry": null, "properties": {"id": "Qhbg", "status": "validé", "pieces": [{"kind": "country"}]}}, {"type": "Feature", "geometry": {"type": "Polygon", "coordinates": [[[124.18327, 9.79312], [124.18327, 9.9358], [124.02191, 9.9358], [124.02191, 9.79312], [124.18327, 9.79312]]]}, "properties": {"id": "S1IY", "status": "validé", "pieces": [{"kind": "rect", "bounds": [124.02191, 9.79312, 124.18327, 9.9358]}]}}, {"type": "Feature", "geometry": null, "properties": {"id": "SJtk", "status": "rejeté", "pieces": []}}, {"type": "Feature", "geometry": null, "properties": {"id": "XOvY", "status": "validé", "pieces": [{"kind": "admin1", "code": "PHL-2534"}, {"kind": "admin1", "code": "PHL-5533"}, {"kind": "admin1", "code": "PHL-2586"}, {"kind": "admin1", "code": "PHL-2562"}]}}, {"type": "Feature", "geometry": null, "properties": {"id": "YkcX", "status": "validé", "pieces": [{"kind": "admin1", "code": "PHL-2588"}, {"kind": "admin1", "code": "PHL-2587"}, {"kind": "admin1", "code": "PHL-2594"}, {"kind": "admin1", "code": "PHL-2592"}, {"kind": "admin1", "code": "PHL-2589"}]}}, {"type": "Feature", "geometry": {"type": "MultiPolygon", "coordinates": [[[[124.93873, 5.86396], [124.83741, 5.91226], [124.81088, 5.91861], [124.76791, 5.93806], [124.75611, 5.93818], [124.74366, 5.93696], [124.73268, 5.93745], [124.70802, 5.9466], [124.64332, 5.98526], [124.63648, 5.97842], [124.60581, 5.99234], [124.5962, 5.99893], [124.59246, 6.00552], [124.58969, 6.01464], [124.58595, 6.02269], [124.57911, 6.02619], [124.56137, 6.03001], [124.42189, 6.1103], [124.37013, 6.13272], [124.24578, 6.18651], [124.22877, 6.19701], [124.20167, 6.22175], [124.18946, 6.24055], [124.17661, 6.27782], [124.16481, 6.29434], [124.09791, 6.36465], [124.07195, 6.40152], [124.05494, 6.43769], [124.04249, 6.48847], [124.04127, 6.50971], [124.03484, 6.53059], [124.03297, 6.54243], [124.03745, 6.54755], [124.05177, 6.5489], [124.05584, 6.55272], [124.05494, 6.55903], [124.05494, 6.64655], [124.05226, 6.66938], [124.03387, 6.73192], [124.0372, 6.75841], [124.03722, 6.75855], [124.03981, 6.77912], [124.03663, 6.79971], [124.0171, 6.8083], [124.01433, 6.8061], [124.00327, 6.79023], [123.99733, 6.78608], [123.99448, 6.78791], [123.99269, 6.79181], [123.98943, 6.79393], [123.98219, 6.79682], [123.97495, 6.8039], [123.96892, 6.81273], [123.9655, 6.82127], [123.96518, 6.83234], [123.9712, 6.85077], [123.97291, 6.85912], [123.97486, 6.96532], [123.98854, 7.01561], [124.02947, 7.11514], [124.05112, 7.13662], [124.06837, 7.14134], [124.09132, 7.15278], [124.12941, 7.17756], [124.16676, 7.2084], [124.18377, 7.22639], [124.22937, 7.18156], [124.281, 7.16526], [124.30545, 7.22232], [124.281, 7.2658], [124.25111, 7.31471], [124.21925, 7.32095], [124.22088, 7.34658], [124.22584, 7.36579], [124.24675, 7.40412], [124.23227, 7.41474], [124.219, 7.41576], [124.18775, 7.41035], [124.17604, 7.41572], [124.16735, 7.43188], [124.16749, 7.432], [124.38288, 7.62052], [124.38305, 7.62062], [124.46458, 7.66956], [124.46479, 7.66971], [124.50664, 7.69023], [124.52308, 7.6908], [124.54178, 7.6784], [124.54752, 7.67049], [124.55822, 7.6509], [124.56814, 7.64057], [124.58147, 7.63044], [124.59176, 7.62476], [124.60338, 7.62217], [124.62054, 7.62114], [124.64829, 7.62258], [124.69872, 7.62992], [124.72673, 7.62832], [124.78875, 7.61282], [124.80833, 7.61114], [124.80864, 7.61111], [124.80399, 7.61928], [124.7983, 7.62589], [124.79123, 7.63158], [124.77004, 7.64491], [124.76559, 7.65132], [124.76353, 7.65855], [124.75795, 7.66946], [124.74611, 7.68672], [124.74332, 7.69359], [124.73758, 7.72139], [124.70493, 7.77637], [124.66095, 7.8311], [124.65459, 7.83487], [124.63842, 7.84004], [124.63149, 7.84614], [124.62726, 7.85549], [124.62565, 7.86557], [124.62488, 7.87528], [124.62307, 7.88334], [124.60447, 7.91021], [124.60447, 7.92195], [124.61434, 7.92861], [124.6226, 7.93419], [124.63718, 7.93455], [124.65387, 7.93244], [124.66696, 7.93758], [124.66715, 7.93766], [124.67118, 7.96003], [124.66612, 7.97305], [124.65521, 7.98566], [124.62974, 8.00747], [124.61589, 8.03682], [124.57207, 8.0885], [124.55977, 8.11889], [124.56033, 8.13697], [124.57077, 8.1686], [124.57424, 8.18555], [124.57258, 8.1964], [124.56902, 8.2086], [124.56762, 8.22224], [124.57248, 8.23722], [124.59036, 8.28094], [124.61978, 8.41343], [124.61982, 8.4136], [124.78518, 8.40295], [124.82108, 8.41221], [124.82125, 8.41225], [124.82869, 8.43235], [124.82559, 8.51555], [124.75318, 8.56171], [124.75733, 8.56908], [124.76979, 8.58633], [124.77361, 8.59642], [124.7715, 8.61587], [124.75147, 8.65046], [124.74635, 8.67097], [124.75123, 8.69278], [124.76319, 8.706], [124.77711, 8.71735], [124.78785, 8.73363], [124.78004, 8.75287], [124.78077, 8.7746], [124.78785, 8.819], [124.78785, 8.90428], [124.78077, 8.94912], [124.78175, 8.97114], [124.79103, 8.99063], [124.79908, 8.99999], [124.80942, 9.00947], [124.82081, 9.01455], [124.83204, 9.01073], [124.8436, 9.00373], [124.85377, 9.00397], [124.86402, 9.00674], [124.87672, 9.00739], [124.89519, 9.00275], [124.91529, 8.99413], [124.93141, 8.98273], [124.93816, 8.96979], [124.94728, 8.96247], [125.02638, 8.91852], [125.03443, 8.91177], [125.05738, 8.88227], [125.07277, 8.87279], [125.09303, 8.83979], [125.10597, 8.82978], [125.11573, 8.83055], [125.13746, 8.84349], [125.15935, 8.85114], [125.17644, 8.86058], [125.18735, 8.87592], [125.19532, 8.96088], [125.19142, 8.98005], [125.18775, 8.98591], [125.18312, 8.9914], [125.17921, 8.99799], [125.17775, 9.00739], [125.17994, 9.01948], [125.18922, 9.03937], [125.19142, 9.05207], [125.19191, 9.06493], [125.1941, 9.07241], [125.19947, 9.07827], [125.20362, 9.08195], [125.20875, 9.08649], [125.21852, 9.08812], [125.22722, 9.07884], [125.23976, 9.05516], [125.2693, 9.01557], [125.28875, 9.00043], [125.31178, 8.99433], [125.37672, 8.99136], [125.41993, 8.98159], [125.44117, 8.98041], [125.46217, 8.98517], [125.51661, 9.01594], [125.52654, 9.02619], [125.53452, 9.04898], [125.5407, 9.08405], [125.542, 9.18919], [125.53932, 9.20669], [125.53321, 9.2176], [125.52605, 9.22696], [125.52101, 9.23949], [125.52027, 9.24824], [125.5215, 9.26618], [125.52101, 9.27485], [125.51783, 9.28449], [125.50904, 9.3037], [125.50294, 9.32917], [125.48373, 9.36127], [125.47731, 9.39061], [125.47291, 9.39834], [125.46827, 9.40424], [125.46632, 9.40835], [125.46632, 9.43936], [125.46526, 9.4447], [125.46241, 9.4593], [125.44068, 9.51594], [125.43816, 9.52582], [125.43556, 9.54605], [125.39869, 9.68106], [125.39747, 9.69941], [125.4004, 9.71743], [125.40707, 9.73371], [125.45574, 9.81281], [125.45948, 9.82294], [125.47137, 9.8089], [125.48846, 9.79291], [125.50709, 9.77993], [125.54037, 9.77106], [125.56902, 9.75666], [125.5892, 9.75463], [125.58465, 9.73078], [125.59262, 9.70234], [125.6045, 9.67333], [125.61036, 9.6479], [125.62013, 9.62979], [125.64356, 9.61127], [125.67091, 9.60008], [125.69288, 9.60383], [125.69109, 9.60017], [125.69012, 9.59691], [125.68865, 9.59349], [125.68531, 9.58954], [125.6985, 9.58999], [125.7059, 9.58515], [125.71274, 9.57587], [125.72267, 9.57551], [125.74399, 9.57738], [125.75367, 9.57587], [125.77247, 9.55484], [125.78102, 9.54857], [125.79086, 9.54532], [125.84897, 9.53718], [125.86801, 9.52692], [125.90113, 9.49706], [125.91066, 9.49421], [125.92319, 9.49429], [125.93409, 9.49234], [125.93873, 9.48371], [125.94044, 9.475], [125.94898, 9.46308], [125.9524, 9.45303], [125.96339, 9.47248], [125.96599, 9.48029], [125.97283, 9.48029], [125.97267, 9.46402], [125.9712, 9.45409], [125.96746, 9.44717], [125.95973, 9.43936], [125.94858, 9.43423], [125.92026, 9.42691], [125.91188, 9.4182], [125.91098, 9.40493], [125.91676, 9.39541], [125.92693, 9.3889], [125.93873, 9.38471], [125.95582, 9.38178], [125.96664, 9.38426], [125.99391, 9.39777], [125.99195, 9.35786], [125.99659, 9.32465], [126.01173, 9.29385], [126.05795, 9.246], [126.06544, 9.24177], [126.07586, 9.23949], [126.08912, 9.24087], [126.10987, 9.25121], [126.1434, 9.26142], [126.17937, 9.29719], [126.19996, 9.30842], [126.2199, 9.30565], [126.22462, 9.29096], [126.21941, 9.2722], [126.20037, 9.24063], [126.19337, 9.21638], [126.18572, 9.17182], [126.18572, 9.13833], [126.17897, 9.093], [126.1836, 9.08149], [126.19451, 9.07746], [126.20704, 9.07612], [126.21705, 9.0725], [126.22299, 9.06391], [126.23365, 9.03937], [126.24025, 9.02847], [126.31275, 8.95624], [126.32228, 8.93537], [126.32358, 8.92235], [126.33595, 8.88447], [126.33188, 8.87002], [126.33237, 8.86107], [126.34547, 8.85326], [126.34311, 8.84512], [126.33823, 8.83763], [126.33595, 8.83609], [126.32879, 8.81273], [126.31691, 8.78799], [126.30006, 8.7683], [126.27817, 8.76032], [126.24025, 8.73505], [126.23414, 8.73363], [126.23414, 8.71918], [126.24187, 8.7106], [126.26148, 8.69888], [126.26148, 8.69269], [126.25758, 8.6905], [126.25701, 8.68968], [126.25685, 8.68854], [126.25457, 8.68521], [126.2422, 8.69001], [126.23162, 8.69221], [126.20997, 8.69269], [126.19777, 8.6883], [126.17368, 8.66909], [126.13844, 8.65404], [126.11891, 8.63056], [126.11052, 8.60712], [126.13038, 8.58649], [126.1482, 8.54068], [126.15846, 8.52757], [126.16725, 8.5266], [126.19996, 8.52757], [126.21957, 8.52172], [126.22877, 8.52147], [126.24025, 8.52757], [126.22071, 8.54043], [126.2142, 8.54824], [126.22047, 8.55549], [126.23178, 8.55484], [126.2448, 8.5493], [126.2575, 8.54686], [126.26832, 8.55549], [126.29152, 8.54462], [126.35694, 8.53437], [126.35621, 8.53628], [126.35914, 8.53937], [126.36443, 8.54181], [126.37013, 8.54181], [126.3698, 8.53889], [126.37322, 8.53083], [126.38063, 8.51765], [126.40105, 8.50218], [126.40528, 8.49262], [126.39796, 8.47915], [126.40203, 8.4763], [126.40691, 8.4704], [126.41163, 8.46613], [126.38502, 8.46735], [126.37436, 8.46454], [126.37013, 8.45555], [126.36687, 8.43207], [126.37013, 8.42764], [126.3838, 8.43195], [126.38771, 8.41535], [126.38006, 8.39557], [126.35694, 8.36371], [126.35231, 8.36237], [126.3405, 8.35517], [126.33253, 8.34707], [126.33961, 8.34321], [126.34327, 8.33812], [126.35694, 8.31192], [126.365, 8.305], [126.37989, 8.30207], [126.38844, 8.29291], [126.37762, 8.26752], [126.34588, 8.23139], [126.33863, 8.21459], [126.34645, 8.1955], [126.36158, 8.18716], [126.37762, 8.1916], [126.39332, 8.20051], [126.42335, 8.21101], [126.45932, 8.24018], [126.46306, 8.22993], [126.45729, 8.14472], [126.45395, 8.12934], [126.45533, 8.11506], [126.46616, 8.09553], [126.44288, 8.08145], [126.43149, 8.0456], [126.43425, 8.00593], [126.45314, 7.98013], [126.43483, 7.96182], [126.39552, 7.93334], [126.3838, 7.9112], [126.38347, 7.89956], [126.38307, 7.88569], [126.39137, 7.8583], [126.4061, 7.83324], [126.4253, 7.81501], [126.45493, 7.79731], [126.45932, 7.79169], [126.46339, 7.78107], [126.48748, 7.74673], [126.511, 7.73273], [126.56227, 7.72752], [126.58286, 7.71943], [126.57569, 7.69709], [126.57179, 7.67495], [126.56918, 7.62637], [126.57358, 7.6035], [126.59278, 7.5539], [126.60092, 7.50641], [126.60727, 7.48517], [126.60865, 7.46532], [126.59734, 7.44505], [126.5857, 7.43732], [126.57472, 7.43301], [126.56642, 7.42601], [126.563, 7.41035], [126.56674, 7.40668], [126.58969, 7.38984], [126.58204, 7.36738], [126.58074, 7.32001], [126.56918, 7.30109], [126.5774, 7.29532], [126.61036, 7.27705], [126.61769, 7.27684], [126.61231, 7.25788], [126.58839, 7.22679], [126.58286, 7.20864], [126.57976, 7.20108], [126.57195, 7.19819], [126.563, 7.19636], [126.55567, 7.19184], [126.5503, 7.18305], [126.52963, 7.12914], [126.5232, 7.11884], [126.49106, 7.08881], [126.47641, 7.06623], [126.46852, 7.03876], [126.46616, 7.00312], [126.45151, 6.98355], [126.41749, 6.98005], [126.37859, 6.98737], [126.34946, 7.00007], [126.32398, 6.97809], [126.30958, 6.94892], [126.30323, 6.91865], [126.30177, 6.89326], [126.30746, 6.88141], [126.33448, 6.85859], [126.34327, 6.84919], [126.3475, 6.83389], [126.34929, 6.81293], [126.34702, 6.7945], [126.33961, 6.78653], [126.30885, 6.79804], [126.29127, 6.82583], [126.26832, 6.8902], [126.24269, 6.91926], [126.2129, 6.93403], [126.19191, 6.92512], [126.19256, 6.88337], [126.18572, 6.88337], [126.18312, 6.88947], [126.17213, 6.90388], [126.16798, 6.88255], [126.17856, 6.8614], [126.19288, 6.8417], [126.20786, 6.80589], [126.22576, 6.78974], [126.24431, 6.77652], [126.25457, 6.76667], [126.25717, 6.74482], [126.24415, 6.70392], [126.22877, 6.6162], [126.2269, 6.46894], [126.21022, 6.3902], [126.20606, 6.2993], [126.20021, 6.28319], [126.18572, 6.28685], [126.18214, 6.30073], [126.17775, 6.35147], [126.17555, 6.36262], [126.14129, 6.38618], [126.13722, 6.39558], [126.13697, 6.40742], [126.13819, 6.41987], [126.13787, 6.43085], [126.11297, 6.47736], [126.10011, 6.49372], [126.09506, 6.51411], [126.08269, 6.63972], [126.08432, 6.66307], [126.09637, 6.72504], [126.09596, 6.74722], [126.0853, 6.78262], [126.08269, 6.80451], [126.08269, 6.83088], [126.07911, 6.84251], [126.06715, 6.84789], [126.04176, 6.85541], [126.02215, 6.86677], [125.98341, 6.92089], [125.97682, 6.9396], [125.98569, 6.98607], [125.9865, 7.00629], [125.97478, 7.02774], [125.91505, 7.08503], [125.9026, 7.10114], [125.89796, 7.11603], [125.89088, 7.15705], [125.8506, 7.25389], [125.84986, 7.29426], [125.8532, 7.31623], [125.8532, 7.33601], [125.84539, 7.35025], [125.83074, 7.35428], [125.82545, 7.3557], [125.80689, 7.35114], [125.74684, 7.30793], [125.68784, 7.27464], [125.67677, 7.26464], [125.67661, 7.26447], [125.66831, 7.25702], [125.65691, 7.23705], [125.65398, 7.21507], [125.65935, 7.14985], [125.65805, 7.12914], [125.65455, 7.11957], [125.64617, 7.10786], [125.64438, 7.09907], [125.63901, 7.08877], [125.60353, 7.05463], [125.57545, 7.03872], [125.54176, 7.03059], [125.50994, 7.01557], [125.48748, 6.97895], [125.48463, 6.93513], [125.48064, 6.91324], [125.46974, 6.90388], [125.42465, 6.84919], [125.40358, 6.81184], [125.38893, 6.7683], [125.38038, 6.7215], [125.37762, 6.67422], [125.38063, 6.65721], [125.3943, 6.61823], [125.39747, 6.59846], [125.40553, 6.58885], [125.42189, 6.58234], [125.43458, 6.5882], [125.43214, 6.61579], [125.4651, 6.59467], [125.50807, 6.5395], [125.53452, 6.51284], [125.55323, 6.52485], [125.57358, 6.51691], [125.58985, 6.49917], [125.59669, 6.48176], [125.59767, 6.44269], [125.60141, 6.42788], [125.63014, 6.3662], [125.64096, 6.35236], [125.64479, 6.34414], [125.64552, 6.33259], [125.64438, 6.31049], [125.64584, 6.29963], [125.64926, 6.29243], [125.65805, 6.28001], [125.70655, 6.14973], [125.71013, 6.13207], [125.71062, 6.11103], [125.70655, 6.08955], [125.69606, 6.07119], [125.69239, 6.06098], [125.69923, 6.04047], [125.69606, 6.02993], [125.69215, 6.02188], [125.68531, 5.99266], [125.66733, 5.95014], [125.59457, 5.86213], [125.49903, 5.72614], [125.43637, 5.61766], [125.42164, 5.59821], [125.403, 5.58088], [125.38754, 5.5738], [125.37127, 5.57294], [125.32277, 5.57551], [125.30836, 5.57958], [125.30242, 5.59219], [125.30014, 5.67133], [125.2951, 5.69107], [125.28826, 5.70604], [125.27866, 5.7165], [125.26433, 5.72256], [125.24317, 5.72455], [125.2378, 5.72797], [125.23194, 5.73627], [125.22731, 5.74657], [125.22543, 5.75617], [125.22096, 5.76642], [125.21046, 5.77212], [125.19898, 5.77558], [125.19142, 5.7792], [125.18116, 5.79833], [125.18507, 5.81452], [125.19402, 5.82949], [125.19874, 5.84492], [125.20183, 5.86054], [125.209, 5.87686], [125.22543, 5.90327], [125.26401, 5.94994], [125.278, 5.97923], [125.28077, 6.01936], [125.2767, 6.03604], [125.26319, 6.07221], [125.26027, 6.08454], [125.25074, 6.09309], [125.24008, 6.09422], [125.22926, 6.0954], [125.19142, 6.09512], [125.17945, 6.10676], [125.16896, 6.11196], [125.15789, 6.10879], [125.15528, 6.10016], [125.15772, 6.07429], [125.15447, 6.06436], [125.14527, 6.05004], [125.11223, 5.95336], [125.08871, 5.88471], [125.0691, 5.86172], [125.04981, 5.8614], [125.00221, 5.87197], [124.96363, 5.85859], [124.93873, 5.86396]]], [[[124.27703, 8.37352], [124.28395, 8.37861], [124.28696, 8.38353], [124.29623, 8.40473], [124.29949, 8.41547], [124.30201, 8.45246], [124.30592, 8.4737], [124.32179, 8.51455], [124.34254, 8.54865], [124.3711, 8.58137], [124.40577, 8.6079], [124.44459, 8.62377], [124.46998, 8.62482], [124.47608, 8.61457], [124.47535, 8.5987], [124.48015, 8.58283], [124.4852, 8.58246], [124.50856, 8.57734], [124.51051, 8.576], [124.51743, 8.57465], [124.52589, 8.57111], [124.54078, 8.56171], [124.57154, 8.52814], [124.51009, 8.47739], [124.54054, 8.46908], [124.53777, 8.43863], [124.50178, 8.41648], [124.43665, 8.34953], [124.40753, 8.36988], [124.39414, 8.3752], [124.37714, 8.37561], [124.35234, 8.37055], [124.32505, 8.35742], [124.32134, 8.35474], [124.30009, 8.33934], [124.2999, 8.33923], [124.27451, 8.32497], [124.26201, 8.32419], [124.26169, 8.32418], [124.26173, 8.32453], [124.26539, 8.33397], [124.27394, 8.35004], [124.27459, 8.35456], [124.2732, 8.36481], [124.27394, 8.36929], [124.27703, 8.37352]]], [[[123.78517, 9.55231], [123.76515, 9.54995], [123.74985, 9.55415], [123.73764, 9.57909], [123.72633, 9.58698], [123.72722, 9.59121], [123.73927, 9.59406], [123.74789, 9.59911], [123.75457, 9.60541], [123.76588, 9.61408], [123.78191, 9.62352], [123.82065, 9.63959], [123.84132, 9.6424], [123.86052, 9.63007], [123.86834, 9.62051], [123.86231, 9.60855], [123.84425, 9.58885], [123.80454, 9.56029], [123.78517, 9.55231]]], [[[124.58522, 9.73208], [124.56056, 9.73261], [124.53484, 9.73627], [124.52036, 9.74038], [124.51686, 9.74877], [124.51743, 9.7591], [124.51441, 9.76703], [124.49985, 9.7683], [124.49293, 9.76276], [124.46241, 9.73078], [124.45281, 9.72578], [124.44028, 9.72158], [124.42945, 9.71503], [124.42481, 9.70283], [124.42416, 9.6896], [124.42205, 9.6787], [124.41749, 9.66889], [124.41049, 9.65843], [124.38185, 9.6367], [124.33871, 9.6186], [124.2942, 9.60676], [124.26043, 9.60383], [124.22145, 9.60578], [124.0652, 9.5954], [123.93751, 9.6175], [123.89235, 9.63215], [123.87175, 9.64501], [123.86305, 9.66185], [123.86671, 9.68354], [123.87273, 9.7038], [123.87387, 9.72114], [123.86305, 9.7342], [123.8449, 9.73725], [123.82447, 9.73615], [123.80787, 9.73998], [123.80104, 9.75776], [123.80323, 9.7812], [123.80909, 9.80268], [123.82838, 9.84284], [123.84132, 9.85737], [123.87582, 9.88695], [123.88299, 9.9018], [123.88608, 9.91486], [123.8934, 9.91694], [123.90724, 9.91169], [123.91668, 9.91511], [123.92213, 9.923], [123.92604, 9.93207], [123.93141, 9.93903], [123.96388, 9.95075], [124.00978, 9.96162], [124.05079, 9.97931], [124.06853, 10.01166], [124.07, 10.03221], [124.07521, 10.04833], [124.0866, 10.05878], [124.1159, 10.06525], [124.11598, 10.07209], [124.11362, 10.08096], [124.11622, 10.08983], [124.12387, 10.09667], [124.13697, 10.10488], [124.14308, 10.1103], [124.1587, 10.13117], [124.16717, 10.13744], [124.18458, 10.14448], [124.22267, 10.15192], [124.26344, 10.15192], [124.33131, 10.16153], [124.34962, 10.15103], [124.35597, 10.1103], [124.36695, 10.11929], [124.3825, 10.14378], [124.39682, 10.15192], [124.40024, 10.13837], [124.40821, 10.1197], [124.41912, 10.10676], [124.43084, 10.11017], [124.47633, 10.07001], [124.48976, 10.06257], [124.52003, 10.06419], [124.53028, 10.06053], [124.54835, 10.0489], [124.57765, 10.03392], [124.58863, 10.02387], [124.584, 9.99901], [124.58424, 9.98094], [124.5809, 9.97215], [124.5687, 9.98745], [124.56617, 9.96833], [124.56617, 9.95279], [124.56446, 9.944], [124.55616, 9.92569], [124.57146, 9.9123], [124.58375, 9.89395], [124.58465, 9.87767], [124.56528, 9.87075], [124.54981, 9.86156], [124.57016, 9.84052], [124.62403, 9.80182], [124.59897, 9.7497], [124.5962, 9.73729], [124.58522, 9.73208]]], [[[125.27394, 9.91914], [125.26743, 9.92451], [125.26515, 9.93089], [125.26385, 9.93822], [125.26027, 9.94648], [125.23634, 9.97435], [125.19874, 10.03583], [125.16481, 10.05598], [125.14576, 10.07071], [125.13746, 10.08674], [125.12582, 10.12983], [125.12452, 10.1518], [125.13746, 10.16551], [125.1491, 10.16596], [125.15846, 10.16059], [125.17547, 10.14549], [125.21648, 10.12963], [125.22926, 10.12116], [125.23927, 10.10391], [125.25343, 10.03583], [125.26303, 10.02314], [125.27711, 10.00886], [125.28956, 9.99169], [125.2951, 9.97065], [125.30616, 9.93745], [125.30494, 9.93281], [125.2964, 9.92927], [125.29135, 9.92219], [125.28517, 9.91694], [125.27394, 9.91914]]], [[[124.56105, 10.08584], [124.55006, 10.06904], [124.54037, 10.06086], [124.52955, 10.06855], [124.5254, 10.0788], [124.5254, 10.08723], [124.5228, 10.09846], [124.52182, 10.11205], [124.5276, 10.11734], [124.53566, 10.11469], [124.54225, 10.11595], [124.54689, 10.12206], [124.55177, 10.12678], [124.55763, 10.12604], [124.56723, 10.12767], [124.58009, 10.1367], [124.58627, 10.14224], [124.59278, 10.14517], [124.60621, 10.14761], [124.60694, 10.14033], [124.59571, 10.12352], [124.59539, 10.10855], [124.59767, 10.09418], [124.58888, 10.08625], [124.57569, 10.09024], [124.56105, 10.08584]]], [[[125.18727, 10.51968], [125.19662, 10.49755], [125.19874, 10.48428], [125.19654, 10.44684], [125.19874, 10.43305], [125.20574, 10.41861], [125.21892, 10.39838], [125.23219, 10.38687], [125.23976, 10.39834], [125.24659, 10.39834], [125.25912, 10.38321], [125.26661, 10.36839], [125.27101, 10.34984], [125.27394, 10.32319], [125.27589, 10.30036], [125.27329, 10.27798], [125.26002, 10.26105], [125.22926, 10.25434], [125.15935, 10.28181], [125.14088, 10.2788], [125.13404, 10.25796], [125.13673, 10.22858], [125.14405, 10.201], [125.15105, 10.18545], [125.11704, 10.1975], [125.08855, 10.22899], [125.06886, 10.26724], [125.0617, 10.2993], [125.04664, 10.31932], [125.04493, 10.32319], [125.04152, 10.3286], [125.04176, 10.3642], [125.03004, 10.37539], [125.01043, 10.38304], [124.99098, 10.38133], [124.97975, 10.3642], [124.99301, 10.33491], [125.00017, 10.19969], [125.02426, 10.13605], [125.03061, 10.09394], [125.04225, 10.04902], [125.04176, 10.029], [125.03175, 10.02025], [125.01531, 10.02611], [124.96217, 10.06733], [124.95924, 10.07274], [124.95411, 10.08613], [124.94207, 10.0917], [124.92823, 10.0939], [124.91773, 10.09732], [124.90211, 10.11302], [124.89389, 10.12604], [124.88282, 10.13495], [124.85963, 10.13825], [124.8152, 10.13939], [124.79518, 10.14338], [124.78045, 10.15192], [124.76601, 10.18544], [124.7658, 10.18594], [124.77198, 10.22517], [124.78566, 10.26553], [124.79412, 10.30272], [124.79225, 10.32567], [124.78484, 10.35273], [124.77101, 10.37531], [124.74977, 10.38467], [124.73894, 10.39545], [124.73561, 10.42032], [124.73683, 10.44774], [124.74399, 10.49372], [124.74635, 10.50137], [124.75147, 10.50995], [124.76482, 10.52586], [124.76735, 10.53238], [124.76856, 10.57734], [124.77231, 10.59736], [124.79811, 10.65912], [124.80096, 10.67829], [124.80055, 10.72451], [124.77882, 10.82144], [124.77361, 10.83096], [124.73813, 10.86152], [124.73268, 10.86815], [124.72836, 10.88642], [124.71803, 10.90559], [124.69174, 10.9396], [124.65016, 10.97089], [124.64332, 10.97744], [124.63722, 10.99421], [124.62233, 11.00202], [124.67012, 11.06448], [124.60421, 11.15677], [124.55876, 11.11174], [124.49796, 11.10935], [124.48765, 11.06589], [124.54957, 10.9833], [124.54689, 10.96833], [124.55828, 10.95014], [124.56275, 10.93146], [124.55356, 10.9086], [124.53924, 10.88837], [124.52784, 10.87812], [124.5145, 10.87368], [124.50733, 10.87442], [124.47071, 10.90241], [124.46925, 10.90546], [124.45265, 10.90078], [124.44695, 10.90314], [124.44239, 10.93122], [124.43686, 10.93521], [124.42481, 10.93268], [124.41261, 10.93232], [124.40211, 10.92984], [124.39601, 10.93407], [124.39682, 10.9538], [124.40162, 10.96654], [124.41489, 10.98485], [124.41798, 11.00096], [124.41537, 11.01996], [124.40821, 11.02888], [124.39877, 11.03608], [124.38998, 11.04946], [124.38844, 11.06586], [124.39381, 11.08051], [124.40073, 11.0926], [124.4065, 11.1083], [124.41578, 11.12181], [124.41798, 11.12857], [124.41676, 11.13618], [124.41163, 11.14802], [124.40431, 11.21076], [124.40431, 11.30268], [124.38706, 11.30073], [124.36915, 11.31123], [124.35475, 11.32868], [124.34913, 11.34736], [124.35231, 11.3559], [124.36695, 11.36587], [124.37029, 11.37495], [124.35426, 11.37983], [124.3423, 11.38495], [124.33473, 11.39203], [124.34848, 11.39912], [124.34498, 11.40738], [124.33497, 11.41738], [124.32911, 11.42959], [124.32594, 11.4444], [124.31137, 11.46678], [124.29754, 11.5268], [124.30063, 11.54287], [124.30519, 11.54426], [124.32602, 11.55439], [124.32911, 11.55711], [124.3401, 11.55101], [124.3659, 11.51594], [124.42481, 11.46776], [124.44313, 11.44693], [124.48015, 11.3852], [124.48365, 11.42768], [124.48959, 11.44668], [124.50327, 11.44383], [124.5337, 11.4217], [124.54526, 11.409], [124.56967, 11.34683], [124.59425, 11.31953], [124.62989, 11.30443], [124.67799, 11.30268], [124.71339, 11.31159], [124.74439, 11.32856], [124.79412, 11.37153], [124.83277, 11.42451], [124.84571, 11.43301], [124.85467, 11.43098], [124.87485, 11.42202], [124.88689, 11.41999], [124.89064, 11.42202], [124.89015, 11.43098], [124.89373, 11.43301], [124.90016, 11.43098], [124.90333, 11.42646], [124.90431, 11.42202], [124.90398, 11.41999], [124.9297, 11.42129], [124.93816, 11.41999], [124.94243, 11.41738], [124.94243, 11.41738], [124.94801, 11.41397], [124.96974, 11.39582], [124.97633, 11.39203], [124.98414, 11.38133], [124.98219, 11.3579], [124.9756, 11.33442], [124.96632, 11.31831], [124.96518, 11.30638], [124.96632, 11.29442], [124.96949, 11.28901], [124.97218, 11.2871], [124.97397, 11.27709], [124.97633, 11.27261], [124.98146, 11.26797], [124.98455, 11.26618], [124.9878, 11.26488], [124.99334, 11.26166], [125.00522, 11.25715], [125.01393, 11.25666], [125.01938, 11.25259], [125.02345, 11.22793], [125.02809, 11.2285], [125.03256, 11.23627], [125.03443, 11.24803], [125.04176, 11.24803], [125.04273, 11.21703], [125.04176, 11.2071], [125.03875, 11.19794], [125.02947, 11.18207], [125.0276, 11.17601], [125.02963, 11.16446], [125.03956, 11.14476], [125.04176, 11.1354], [125.03981, 11.10346], [125.05445, 11.01065], [125.05307, 10.96821], [125.01287, 10.84467], [125.00611, 10.79735], [125.01385, 10.75458], [125.02719, 10.74291], [125.08725, 10.71479], [125.11199, 10.70746], [125.12029, 10.70307], [125.12403, 10.69514], [125.13054, 10.66584], [125.16993, 10.61961], [125.17457, 10.61123], [125.1941, 10.60297], [125.19581, 10.58259], [125.18523, 10.53238], [125.18727, 10.51968]]], [[[125.58149, 11.27955], [125.56617, 11.26813], [125.55502, 11.24803], [125.55502, 11.21186], [125.57179, 11.19257], [125.59913, 11.18911], [125.63087, 11.20026], [125.61606, 11.21894], [125.61573, 11.23387], [125.62892, 11.23631], [125.67498, 11.20307], [125.69361, 11.19257], [125.70737, 11.17744], [125.71274, 11.14875], [125.72902, 11.11738], [125.76027, 11.08462], [125.77963, 11.0524], [125.76051, 11.02277], [125.75221, 11.03042], [125.72877, 11.04279], [125.71957, 11.04946], [125.7107, 11.08283], [125.70875, 11.08576], [125.70721, 11.08857], [125.70655, 11.09414], [125.70704, 11.11201], [125.70606, 11.11677], [125.70004, 11.11787], [125.68531, 11.12515], [125.681, 11.12987], [125.66668, 11.14167], [125.65154, 11.1494], [125.64438, 11.14224], [125.61036, 11.12202], [125.60011, 11.11831], [125.58806, 11.12226], [125.58383, 11.13174], [125.58155, 11.14277], [125.57545, 11.1518], [125.56381, 11.15681], [125.55714, 11.15404], [125.55014, 11.14863], [125.53834, 11.14566], [125.53598, 11.13813], [125.5311, 11.10228], [125.52784, 11.0904], [125.50082, 11.11506], [125.48243, 11.12763], [125.46974, 11.12857], [125.45094, 11.10668], [125.4402, 11.09756], [125.42465, 11.0904], [125.424, 11.10651], [125.41652, 11.1166], [125.40626, 11.11713], [125.39747, 11.10468], [125.37379, 11.12596], [125.36329, 11.13199], [125.32716, 11.13752], [125.32162, 11.14224], [125.31707, 11.14956], [125.306, 11.14745], [125.27573, 11.13565], [125.27052, 11.12808], [125.26612, 11.11888], [125.25457, 11.102], [125.25196, 11.09467], [125.24684, 11.09219], [125.24138, 11.09439], [125.23292, 11.09785], [125.22543, 11.10554], [125.21892, 11.11807], [125.21412, 11.13154], [125.20867, 11.18505], [125.19874, 11.22752], [125.17237, 11.2652], [125.13282, 11.28213], [125.08709, 11.28535], [125.04176, 11.28217], [125.00099, 11.28978], [124.99171, 11.31802], [125.00017, 11.39887], [124.99985, 11.40713], [125.00074, 11.41372], [125.00096, 11.41431], [125.58149, 11.27955]]], [[[123.71949, 10.15681], [123.71168, 10.14134], [123.70997, 10.12059], [123.70485, 10.10545], [123.69614, 10.0939], [123.68377, 10.08365], [123.67555, 10.07901], [123.66342, 10.07465], [123.65699, 10.06932], [123.6526, 10.06363], [123.6482, 10.05565], [123.64479, 10.04702], [123.64332, 10.03897], [123.64332, 9.96011], [123.63087, 9.90762], [123.62908, 9.88752], [123.62477, 9.87934], [123.61549, 9.87446], [123.60597, 9.87116], [123.60182, 9.86762], [123.50945, 9.65351], [123.50343, 9.6153], [123.48829, 9.56647], [123.4795, 9.54857], [123.47104, 9.53897], [123.4533, 9.52806], [123.44467, 9.52131], [123.43588, 9.50995], [123.4227, 9.4877], [123.36964, 9.42573], [123.35857, 9.41576], [123.34246, 9.40681], [123.32765, 9.40815], [123.32114, 9.42915], [123.31422, 9.48554], [123.3143, 9.50764], [123.36525, 9.78535], [123.40496, 9.8784], [123.40919, 9.89769], [123.41066, 9.92255], [123.40642, 9.92756], [123.38754, 9.93708], [123.38331, 9.94269], [123.38706, 9.97378], [123.39015, 9.98062], [123.39845, 9.98481], [123.40406, 9.98127], [123.40772, 9.97582], [123.41066, 9.97435], [123.41521, 9.98135], [123.41717, 9.98965], [123.41733, 10.01166], [123.42254, 10.0375], [123.43539, 10.05508], [123.47202, 10.08365], [123.50799, 10.12222], [123.52133, 10.14525], [123.53346, 10.19037], [123.58131, 10.25434], [123.59685, 10.31778], [123.60548, 10.33316], [123.62273, 10.35053], [123.7068, 10.46198], [123.71168, 10.47744], [123.71388, 10.48233], [123.71852, 10.48729], [123.72316, 10.49421], [123.72535, 10.50479], [123.71803, 10.53706], [123.71909, 10.54914], [123.72926, 10.56924], [123.75441, 10.59943], [123.76498, 10.64004], [123.77784, 10.66258], [123.79273, 10.68325], [123.83155, 10.72508], [123.84929, 10.75263], [123.91578, 10.93976], [123.93458, 10.97044], [123.93002, 10.9936], [123.91773, 11.02896], [123.92408, 11.04633], [123.93523, 11.05923], [123.94435, 11.07416], [123.94508, 11.09785], [123.95191, 11.09785], [123.95541, 11.09024], [123.95965, 11.08552], [123.97291, 11.07734], [123.9607, 11.13076], [123.95525, 11.14224], [123.95191, 11.15672], [123.95875, 11.17593], [123.96974, 11.19453], [124.01832, 11.25849], [124.04566, 11.27717], [124.07472, 11.26911], [124.07277, 11.26203], [124.06813, 11.23334], [124.05567, 11.20502], [124.05128, 11.18549], [124.04737, 11.14875], [124.04127, 11.13011], [124.01075, 11.09455], [123.99952, 11.07734], [124.00912, 11.07339], [124.01254, 11.06623], [124.01393, 11.05931], [124.0171, 11.05622], [124.03728, 11.05752], [124.04615, 11.05976], [124.05494, 11.06367], [124.05193, 11.04316], [124.06178, 10.98428], [124.05974, 10.96231], [124.05348, 10.93057], [124.05494, 10.91283], [124.06691, 10.88907], [124.06853, 10.87812], [124.06495, 10.86791], [124.05063, 10.84504], [124.04737, 10.83405], [124.04379, 10.80948], [124.02662, 10.7696], [124.02076, 10.74775], [124.02394, 10.70844], [124.05079, 10.62739], [124.05494, 10.59007], [124.05177, 10.5895], [124.04469, 10.58601], [124.03736, 10.58112], [124.03387, 10.57648], [124.03443, 10.57144], [124.04037, 10.56855], [124.04127, 10.56281], [124.04005, 10.48436], [124.0359, 10.46678], [124.00978, 10.40404], [124.0101, 10.39492], [124.01873, 10.38081], [124.0149, 10.37246], [123.99285, 10.35737], [123.99049, 10.36884], [123.98585, 10.37596], [123.97967, 10.37718], [123.93516, 10.40107], [123.9071, 10.43597], [123.87265, 10.40883], [123.83716, 10.35351], [123.8476, 10.31071], [123.86866, 10.2482], [123.85711, 10.24213], [123.8318, 10.24067], [123.80812, 10.23664], [123.79363, 10.22647], [123.77369, 10.19969], [123.71949, 10.15681]]], [[[124.28435, 10.60383], [124.28883, 10.61693], [124.30112, 10.63117], [124.30812, 10.64842], [124.30958, 10.66234], [124.31373, 10.6778], [124.31983, 10.69237], [124.32765, 10.70401], [124.34099, 10.71182], [124.35548, 10.71064], [124.36915, 10.70307], [124.37973, 10.69131], [124.38527, 10.67976], [124.38836, 10.66714], [124.38998, 10.6413], [124.37843, 10.62832], [124.30063, 10.59007], [124.28435, 10.60383]]], [[[124.43556, 10.71361], [124.46583, 10.71361], [124.50392, 10.69331], [124.52068, 10.66576], [124.5088, 10.64155], [124.46241, 10.63105], [124.40919, 10.64826], [124.40846, 10.68382], [124.43556, 10.71361]]], [[[123.73365, 11.15428], [123.70867, 11.21784], [123.70485, 11.2412], [123.70851, 11.25243], [123.71583, 11.26415], [123.73276, 11.28376], [123.74578, 11.29247], [123.75465, 11.28954], [123.76092, 11.27888], [123.78932, 11.19892], [123.80104, 11.17915], [123.81153, 11.16527], [123.81804, 11.15473], [123.81495, 11.14802], [123.74968, 11.14134], [123.74578, 11.13882], [123.73365, 11.15428]]], [[[125.3991, 5.37177], [125.38063, 5.37035], [125.36378, 5.36717], [125.35157, 5.37173], [125.34327, 5.3806], [125.33424, 5.38768], [125.33351, 5.39252], [125.34205, 5.40029], [125.35816, 5.42206], [125.3768, 5.43122], [125.4048, 5.43049], [125.41871, 5.42548], [125.42221, 5.42023], [125.42457, 5.40738], [125.42335, 5.37792], [125.41871, 5.36848], [125.41163, 5.36811], [125.3991, 5.37177]]], [[[125.75367, 6.91747], [125.74537, 6.93696], [125.73829, 6.97919], [125.72535, 7.00479], [125.72193, 7.01557], [125.71762, 7.05223], [125.71217, 7.0563], [125.70379, 7.05671], [125.68385, 7.06525], [125.67791, 7.06639], [125.67408, 7.07022], [125.67172, 7.08198], [125.6727, 7.09276], [125.67693, 7.10391], [125.68287, 7.11262], [125.68914, 7.11612], [125.69654, 7.12694], [125.70216, 7.17715], [125.70655, 7.19184], [125.71583, 7.19595], [125.72364, 7.1931], [125.72934, 7.1861], [125.73316, 7.17756], [125.74952, 7.16205], [125.76735, 7.14973], [125.78191, 7.1352], [125.78785, 7.11298], [125.78126, 6.98485], [125.78419, 6.96312], [125.79127, 6.94819], [125.79371, 6.93952], [125.78972, 6.92878], [125.78395, 6.91743], [125.77687, 6.89403], [125.76775, 6.89887], [125.75367, 6.91747]]], [[[125.97853, 9.57518], [125.96941, 9.56908], [125.95395, 9.56566], [125.94695, 9.56623], [125.95289, 9.58198], [125.9463, 9.58759], [125.93523, 9.58991], [125.92506, 9.58954], [125.92506, 9.59638], [125.93531, 9.59601], [125.93873, 9.59638], [125.93873, 9.60383], [125.91814, 9.6175], [125.91814, 9.61005], [125.91554, 9.61896], [125.91652, 9.62914], [125.92506, 9.65103], [125.9297, 9.65794], [125.9336, 9.66039], [125.9367, 9.66356], [125.93873, 9.67276], [125.93897, 9.68134], [125.93751, 9.69253], [125.93873, 9.69941], [125.92888, 9.71507], [125.92726, 9.73871], [125.93483, 9.75991], [125.9524, 9.7683], [125.95802, 9.76138], [125.96022, 9.75581], [125.95973, 9.74722], [125.96909, 9.75194], [125.97283, 9.75463], [125.97462, 9.73835], [125.97291, 9.71528], [125.97543, 9.69465], [125.99025, 9.68574], [126.00147, 9.67674], [125.99757, 9.65607], [125.98023, 9.6175], [125.98512, 9.60566], [125.98414, 9.5895], [125.97853, 9.57518]]], [[[126.13038, 9.76089], [126.12013, 9.75894], [126.09327, 9.76089], [126.05445, 9.77509], [126.04168, 9.77513], [126.0486, 9.75463], [126.03395, 9.76634], [126.01922, 9.78168], [125.99391, 9.81611], [125.99342, 9.8203], [125.99537, 9.82465], [125.99659, 9.82978], [125.99391, 9.83662], [125.98797, 9.83999], [125.98032, 9.83979], [125.97267, 9.8415], [125.96599, 9.85025], [125.97983, 9.84919], [125.99293, 9.85025], [126.00473, 9.85488], [126.01441, 9.86449], [126.00327, 9.86929], [125.98911, 9.87714], [125.97983, 9.88801], [125.98341, 9.9018], [126.04469, 9.99873], [126.0486, 10.00796], [126.04851, 10.01748], [126.04566, 10.02619], [126.04526, 10.03514], [126.05226, 10.04548], [126.07146, 10.05907], [126.08074, 10.05565], [126.12672, 9.95604], [126.13795, 9.90192], [126.13787, 9.89118], [126.13315, 9.88068], [126.11785, 9.86689], [126.11061, 9.85708], [126.12989, 9.85456], [126.14283, 9.85004], [126.15349, 9.84199], [126.16586, 9.82917], [126.17408, 9.81721], [126.18019, 9.8015], [126.17823, 9.78783], [126.15545, 9.7792], [126.13885, 9.76561], [126.13038, 9.76089]]], [[[125.66188, 9.92097], [125.65805, 9.93903], [125.64861, 9.94697], [125.62062, 9.95523], [125.61036, 9.96695], [125.62029, 9.96654], [125.6233, 9.96695], [125.615, 9.97248], [125.61134, 9.97728], [125.61231, 9.982], [125.6172, 9.98745], [125.6172, 9.9936], [125.59303, 9.99299], [125.58318, 10.00971], [125.58522, 10.03388], [125.59669, 10.05565], [125.60141, 10.04743], [125.60841, 10.04361], [125.61451, 10.04662], [125.6172, 10.05907], [125.61451, 10.06415], [125.60133, 10.08027], [125.59669, 10.08983], [125.5892, 10.08983], [125.58448, 10.07754], [125.57789, 10.07665], [125.56935, 10.0808], [125.55885, 10.08365], [125.5525, 10.07868], [125.54526, 10.06875], [125.53541, 10.06086], [125.52101, 10.06257], [125.51344, 10.07298], [125.51319, 10.08662], [125.51075, 10.09846], [125.49708, 10.10346], [125.49529, 10.10871], [125.49594, 10.13459], [125.49366, 10.14448], [125.50896, 10.15131], [125.51759, 10.16938], [125.51938, 10.19062], [125.51417, 10.2071], [125.52198, 10.2104], [125.52898, 10.20978], [125.53549, 10.206], [125.542, 10.19969], [125.53883, 10.21515], [125.53199, 10.22899], [125.53028, 10.24189], [125.542, 10.25434], [125.53696, 10.25715], [125.53484, 10.26008], [125.53289, 10.26366], [125.52784, 10.26862], [125.53224, 10.28392], [125.52394, 10.30191], [125.52215, 10.31696], [125.54542, 10.32319], [125.55779, 10.3251], [125.56251, 10.3308], [125.56251, 10.35395], [125.56039, 10.36131], [125.55689, 10.36603], [125.55616, 10.37075], [125.56251, 10.37848], [125.56788, 10.38093], [125.57472, 10.38117], [125.58041, 10.37914], [125.58644, 10.36742], [125.59441, 10.36518], [125.60336, 10.36677], [125.61036, 10.371], [125.61476, 10.38105], [125.6172, 10.41942], [125.6242, 10.44367], [125.62965, 10.45405], [125.63771, 10.4604], [125.64967, 10.4619], [125.6574, 10.45645], [125.67172, 10.43305], [125.68483, 10.39989], [125.68385, 10.36441], [125.66489, 10.29589], [125.66139, 10.27057], [125.65805, 10.2617], [125.65463, 10.26423], [125.64625, 10.26537], [125.63868, 10.26138], [125.63771, 10.24811], [125.64584, 10.23969], [125.66017, 10.22826], [125.66814, 10.21467], [125.65805, 10.19969], [125.66489, 10.19286], [125.65382, 10.18659], [125.6565, 10.17634], [125.66847, 10.16926], [125.68531, 10.17235], [125.67758, 10.14484], [125.67677, 10.12767], [125.68198, 10.114], [125.6985, 10.09394], [125.70476, 10.08177], [125.70655, 10.06932], [125.70314, 10.05671], [125.69646, 10.04092], [125.68865, 10.02729], [125.68198, 10.02155], [125.68507, 10.01464], [125.69288, 9.97435], [125.68149, 9.95807], [125.6906, 9.94184], [125.70729, 9.92621], [125.71957, 9.91169], [125.72169, 9.89435], [125.71453, 9.88085], [125.69947, 9.87425], [125.67856, 9.87759], [125.66358, 9.88915], [125.66082, 9.904], [125.66188, 9.92097]]]]}, "properties": {"id": "ZiXa", "status": "validé", "pieces": [{"kind": "admin1", "code": "PHL-2514"}, {"kind": "admin1", "code": "PHL-2513"}, {"kind": "admin1", "code": "PHL-2585"}, {"kind": "admin1", "code": "PHL-2593"}, {"kind": "admin1", "code": "PHL-2594"}, {"kind": "admin1", "code": "PHL-2588"}, {"kind": "admin1", "code": "PHL-5532"}, {"kind": "admin1", "code": "PHL-2587"}, {"kind": "admin1", "code": "PHL-2589"}, {"kind": "admin1", "code": "PHL-2595"}, {"kind": "admin1", "code": "PHL-2576"}, {"kind": "admin1", "code": "PHL-2580"}, {"kind": "admin1", "code": "PHL-2599"}, {"kind": "admin1", "code": "PHL-2598"}, {"kind": "admin1", "code": "PHL-2596"}, {"kind": "admin1", "code": "PHL-2579"}, {"kind": "admin1", "code": "PHL-5528"}, {"kind": "admin1", "code": "PHL-2591"}, {"kind": "admin1", "code": "PHL-2592"}, {"kind": "admin1", "code": "PHL-2597"}, {"kind": "admin1", "code": "PHL-5529"}, {"kind": "admin1", "code": "PHL-2583"}, {"kind": "polygon", "ring": [[124.94751, 11.42671], [125.78247, 11.23289], [125.8374, 10.84486], [125.00244, 11.02816], [124.85962, 11.2652]]}, {"kind": "clip"}]}}, {"type": "Feature", "geometry": null, "properties": {"id": "aUOw", "status": "validé", "pieces": [{"kind": "country"}]}}, {"type": "Feature", "geometry": null, "properties": {"id": "cmeG", "status": "validé", "pieces": [{"kind": "country"}]}}, {"type": "Feature", "geometry": {"type": "Polygon", "coordinates": [[[121.9812, 18.08467], [121.82739, 17.64568], [121.93726, 17.14266], [121.99219, 16.81706], [121.9812, 16.48037], [121.86035, 16.43825], [121.34399, 16.57513], [121.27808, 16.76449], [121.24512, 17.06918], [121.44287, 17.89666], [121.56372, 18.24119], [121.23413, 18.39757], [120.80566, 18.49133], [120.70679, 18.25162], [120.53101, 18.1786], [120.52242, 18.19644], [120.52621, 18.20409], [120.52345, 18.20254], [120.52027, 18.20604], [120.51791, 18.2121], [120.51808, 18.21772], [120.52084, 18.21963], [120.52556, 18.22126], [120.52996, 18.22354], [120.53191, 18.22736], [120.53614, 18.23981], [120.56609, 18.29222], [120.57911, 18.32514], [120.58619, 18.36449], [120.58497, 18.40546], [120.5735, 18.44306], [120.56178, 18.46967], [120.5608, 18.48676], [120.57016, 18.50178], [120.5905, 18.52216], [120.6111, 18.53856], [120.62713, 18.54149], [120.66969, 18.53242], [120.69068, 18.53441], [120.73536, 18.5493], [120.75424, 18.55292], [120.77084, 18.56147], [120.77564, 18.58137], [120.77589, 18.60431], [120.77898, 18.62181], [120.79273, 18.63613], [120.813, 18.64452], [120.83424, 18.64594], [120.85084, 18.63886], [120.8659, 18.62031], [120.89186, 18.5799], [120.90919, 18.56721], [120.92693, 18.56623], [120.94703, 18.57201], [120.96388, 18.58137], [120.97055, 18.59077], [120.97877, 18.59829], [121.01832, 18.61709], [121.03272, 18.62181], [121.04249, 18.6223], [121.06332, 18.62067], [121.07301, 18.62181], [121.08334, 18.628], [121.09498, 18.63703], [121.10678, 18.64273], [121.11817, 18.63886], [121.12615, 18.6341], [121.13706, 18.63093], [121.15935, 18.62865], [121.17066, 18.62547], [121.17742, 18.61782], [121.18263, 18.60883], [121.19028, 18.6013], [121.23992, 18.5777], [121.26629, 18.55488], [121.36402, 18.50642], [121.37818, 18.49486], [121.39186, 18.48631], [121.42408, 18.47724], [121.4983, 18.42939], [121.50611, 18.42666], [121.51979, 18.42512], [121.52613, 18.42255], [121.53256, 18.41596], [121.53883, 18.40705], [121.54656, 18.39924], [121.59205, 18.38471], [121.61329, 18.35932], [121.62965, 18.33169], [121.64967, 18.31395], [121.64967, 18.32022], [121.63461, 18.33454], [121.63494, 18.35513], [121.64503, 18.36945], [121.65968, 18.36481], [121.67286, 18.35497], [121.85279, 18.28799], [121.89552, 18.2792], [121.91733, 18.27863], [121.97462, 18.28604], [121.98683, 18.29043], [122.03956, 18.32022], [122.07862, 18.37946], [122.09132, 18.38906], [122.11158, 18.39277], [122.11931, 18.40302], [122.12208, 18.43683], [122.14576, 18.50739], [122.15284, 18.51879], [122.19939, 18.52285], [122.22022, 18.52241], [122.23536, 18.51537], [122.24317, 18.49982], [122.24708, 18.45978], [122.25172, 18.44306], [122.26051, 18.43228], [122.27463, 18.42049], [121.9812, 18.08467]]]}, "properties": {"id": "dWWI", "status": "validé", "pieces": [{"kind": "polygon", "ring": [[120.53101, 18.1786], [120.70679, 18.25162], [120.80566, 18.49133], [121.23413, 18.39757], [121.56372, 18.24119], [121.44287, 17.89666], [121.24512, 17.06918], [121.27808, 16.76449], [121.34399, 16.57513], [121.86035, 16.43825], [121.9812, 16.48037], [121.99219, 16.81706], [121.93726, 17.14266], [121.82739, 17.64568], [121.9812, 18.08467], [122.35474, 18.51216], [120.9375, 18.7723], [120.30029, 18.65788]]}, {"kind": "clip"}]}}, {"type": "Feature", "geometry": null, "properties": {"id": "f897", "status": "rejeté", "pieces": []}}, {"type": "Feature", "geometry": null, "properties": {"id": "fCvm", "status": "validé", "pieces": [{"kind": "country"}]}}, {"type": "Feature", "geometry": null, "properties": {"id": "jvOq", "status": "rejeté", "pieces": []}}, {"type": "Feature", "geometry": {"type": "MultiPolygon", "coordinates": [[[[124.90082, 6.3108], [124.92554, 6.21256], [124.84314, 6.09791], [124.77997, 6.12521], [124.758, 6.19618], [124.81567, 6.28351], [124.90082, 6.3108]]], [[[125.23865, 6.3108], [125.24139, 6.22074], [125.18646, 6.15524], [125.09857, 6.13886], [125.04089, 6.16615], [125.04364, 6.23985], [125.09308, 6.31626], [125.16174, 6.34082], [125.23865, 6.3108]]], [[[124.90494, 8.39245], [124.95438, 8.35443], [124.95438, 8.31368], [124.94339, 8.27021], [124.83902, 8.29602], [124.76212, 8.30417], [124.71405, 8.31368], [124.68658, 8.32862], [124.67834, 8.3585], [124.70581, 8.3911], [124.74701, 8.40468], [124.81979, 8.40332], [124.90494, 8.39245]]]]}, "properties": {"id": "lS7l", "status": "validé", "pieces": [{"kind": "polygon", "ring": [[124.74701, 8.40468], [124.70581, 8.3911], [124.67834, 8.3585], [124.68658, 8.32862], [124.71405, 8.31368], [124.76212, 8.30417], [124.83902, 8.29602], [124.94339, 8.27021], [124.95438, 8.31368], [124.95438, 8.35443], [124.90494, 8.39245], [124.81979, 8.40332]]}, {"kind": "polygon", "ring": [[124.81567, 6.28351], [124.758, 6.19618], [124.77997, 6.12521], [124.84314, 6.09791], [124.92554, 6.21256], [124.90082, 6.3108]]}, {"kind": "polygon", "ring": [[125.09308, 6.31626], [125.04364, 6.23985], [125.04089, 6.16615], [125.09857, 6.13886], [125.18646, 6.15524], [125.24139, 6.22074], [125.23865, 6.3108], [125.16174, 6.34082]]}]}}, {"type": "Feature", "geometry": null, "properties": {"id": "lYvE", "status": "validé", "pieces": [{"kind": "admin1", "code": "PHL-2517"}]}}, {"type": "Feature", "geometry": null, "properties": {"id": "leAL", "status": "validé", "pieces": [{"kind": "country"}]}}, {"type": "Feature", "geometry": {"type": "MultiPolygon", "coordinates": [[[[122.95167, 7.38642], [122.94451, 7.38984], [122.95053, 7.37348], [122.95232, 7.36351], [122.95069, 7.3557], [122.94353, 7.34927], [122.93678, 7.34858], [122.93035, 7.34968], [122.92457, 7.34886], [122.89479, 7.32681], [122.88299, 7.32095], [122.87452, 7.31867], [122.86158, 7.31696], [122.85499, 7.31477], [122.85076, 7.31029], [122.84555, 7.2978], [122.84205, 7.29426], [122.827, 7.29133], [122.81666, 7.29491], [122.8086, 7.30488], [122.80055, 7.32095], [122.79469, 7.34634], [122.7942, 7.38394], [122.80372, 7.41747], [122.82838, 7.43081], [122.84311, 7.4228], [122.85499, 7.40786], [122.8672, 7.39598], [122.88299, 7.39728], [122.88982, 7.40721], [122.89129, 7.41999], [122.8943, 7.43159], [122.90504, 7.43773], [122.92351, 7.43085], [122.9441, 7.41625], [122.96176, 7.39891], [122.97169, 7.38361], [122.95167, 7.38642]]], [[[126.5774, 7.29532], [126.61036, 7.27705], [126.61769, 7.27684], [126.61231, 7.25788], [126.58839, 7.22679], [126.58286, 7.20864], [126.57976, 7.20108], [126.57195, 7.19819], [126.563, 7.19636], [126.55567, 7.19184], [126.5503, 7.18305], [126.52963, 7.12914], [126.5232, 7.11884], [126.49106, 7.08881], [126.47641, 7.06623], [126.46852, 7.03876], [126.46616, 7.00312], [126.45151, 6.98355], [126.41749, 6.98005], [126.37859, 6.98737], [126.34946, 7.00007], [126.32398, 6.97809], [126.30958, 6.94892], [126.30323, 6.91865], [126.30177, 6.89326], [126.30746, 6.88141], [126.33448, 6.85859], [126.34327, 6.84919], [126.3475, 6.83389], [126.34929, 6.81293], [126.34702, 6.7945], [126.33961, 6.78653], [126.30885, 6.79804], [126.29127, 6.82583], [126.26832, 6.8902], [126.24269, 6.91926], [126.2129, 6.93403], [126.19191, 6.92512], [126.19256, 6.88337], [126.18572, 6.88337], [126.18312, 6.88947], [126.17213, 6.90388], [126.16798, 6.88255], [126.17856, 6.8614], [126.19288, 6.8417], [126.20786, 6.80589], [126.22576, 6.78974], [126.24431, 6.77652], [126.25457, 6.76667], [126.25717, 6.74482], [126.24415, 6.70392], [126.22877, 6.6162], [126.2269, 6.46894], [126.21022, 6.3902], [126.20606, 6.2993], [126.20021, 6.28319], [126.18572, 6.28685], [126.18214, 6.30073], [126.17775, 6.35147], [126.17555, 6.36262], [126.14129, 6.38618], [126.13722, 6.39558], [126.13697, 6.40742], [126.13819, 6.41987], [126.13787, 6.43085], [126.11297, 6.47736], [126.10011, 6.49372], [126.09506, 6.51411], [126.08269, 6.63972], [126.08432, 6.66307], [126.09637, 6.72504], [126.09596, 6.74722], [126.0853, 6.78262], [126.08269, 6.80451], [126.08269, 6.83088], [126.07911, 6.84251], [126.06715, 6.84789], [126.04176, 6.85541], [126.02215, 6.86677], [125.98341, 6.92089], [125.97682, 6.9396], [125.98569, 6.98607], [125.9865, 7.00629], [125.97478, 7.02774], [125.91505, 7.08503], [125.9026, 7.10114], [125.89796, 7.11603], [125.89088, 7.15705], [125.8506, 7.25389], [125.84986, 7.29426], [125.8532, 7.31623], [125.8532, 7.33601], [125.84539, 7.35025], [125.83074, 7.35428], [125.82545, 7.3557], [125.80689, 7.35114], [125.74684, 7.30793], [125.68784, 7.27464], [125.67677, 7.26464], [125.67661, 7.26447], [125.66831, 7.25702], [125.65691, 7.23705], [125.65398, 7.21507], [125.65935, 7.14985], [125.65805, 7.12914], [125.65455, 7.11957], [125.64617, 7.10786], [125.64438, 7.09907], [125.63901, 7.08877], [125.60353, 7.05463], [125.57545, 7.03872], [125.54176, 7.03059], [125.50994, 7.01557], [125.48748, 6.97895], [125.48463, 6.93513], [125.48064, 6.91324], [125.46974, 6.90388], [125.42465, 6.84919], [125.40358, 6.81184], [125.38893, 6.7683], [125.38038, 6.7215], [125.37762, 6.67422], [125.38063, 6.65721], [125.3943, 6.61823], [125.39747, 6.59846], [125.40553, 6.58885], [125.42189, 6.58234], [125.43458, 6.5882], [125.43214, 6.61579], [125.4651, 6.59467], [125.50807, 6.5395], [125.53452, 6.51284], [125.55323, 6.52485], [125.57358, 6.51691], [125.58985, 6.49917], [125.59669, 6.48176], [125.59767, 6.44269], [125.60141, 6.42788], [125.63014, 6.3662], [125.64096, 6.35236], [125.64479, 6.34414], [125.64552, 6.33259], [125.64438, 6.31049], [125.64584, 6.29963], [125.64926, 6.29243], [125.65805, 6.28001], [125.70655, 6.14973], [125.71013, 6.13207], [125.71062, 6.11103], [125.70655, 6.08955], [125.69606, 6.07119], [125.69239, 6.06098], [125.69923, 6.04047], [125.69606, 6.02993], [125.69215, 6.02188], [125.68531, 5.99266], [125.66733, 5.95014], [125.59457, 5.86213], [125.49903, 5.72614], [125.43637, 5.61766], [125.42164, 5.59821], [125.403, 5.58088], [125.38754, 5.5738], [125.37127, 5.57294], [125.32277, 5.57551], [125.30836, 5.57958], [125.30242, 5.59219], [125.30014, 5.67133], [125.2951, 5.69107], [125.28826, 5.70604], [125.27866, 5.7165], [125.26433, 5.72256], [125.24317, 5.72455], [125.2378, 5.72797], [125.23194, 5.73627], [125.22731, 5.74657], [125.22543, 5.75617], [125.22096, 5.76642], [125.21046, 5.77212], [125.19898, 5.77558], [125.19142, 5.7792], [125.18116, 5.79833], [125.18507, 5.81452], [125.19402, 5.82949], [125.19874, 5.84492], [125.20183, 5.86054], [125.209, 5.87686], [125.22543, 5.90327], [125.26401, 5.94994], [125.278, 5.97923], [125.28077, 6.01936], [125.2767, 6.03604], [125.26319, 6.07221], [125.26027, 6.08454], [125.25074, 6.09309], [125.24008, 6.09422], [125.22926, 6.0954], [125.19142, 6.09512], [125.17945, 6.10676], [125.16896, 6.11196], [125.15789, 6.10879], [125.15528, 6.10016], [125.15772, 6.07429], [125.15447, 6.06436], [125.14527, 6.05004], [125.11223, 5.95336], [125.08871, 5.88471], [125.0691, 5.86172], [125.04981, 5.8614], [125.00221, 5.87197], [124.96363, 5.85859], [124.93873, 5.86396], [124.83741, 5.91226], [124.81088, 5.91861], [124.76791, 5.93806], [124.75611, 5.93818], [124.74366, 5.93696], [124.73268, 5.93745], [124.70802, 5.9466], [124.64332, 5.98526], [124.63648, 5.97842], [124.60581, 5.99234], [124.5962, 5.99893], [124.59246, 6.00552], [124.58969, 6.01464], [124.58595, 6.02269], [124.57911, 6.02619], [124.56137, 6.03001], [124.42189, 6.1103], [124.37013, 6.13272], [124.24578, 6.18651], [124.22877, 6.19701], [124.20167, 6.22175], [124.18946, 6.24055], [124.17661, 6.27782], [124.16481, 6.29434], [124.09791, 6.36465], [124.07195, 6.40152], [124.05494, 6.43769], [124.04249, 6.48847], [124.04127, 6.50971], [124.03484, 6.53059], [124.03297, 6.54243], [124.03745, 6.54755], [124.05177, 6.5489], [124.05584, 6.55272], [124.05494, 6.55903], [124.05494, 6.64655], [124.05226, 6.66938], [124.03387, 6.73192], [124.0372, 6.75841], [124.03981, 6.77912], [124.03663, 6.79971], [124.0171, 6.8083], [124.01433, 6.8061], [124.00327, 6.79023], [123.99733, 6.78608], [123.99448, 6.78791], [123.99269, 6.79181], [123.98943, 6.79393], [123.98219, 6.79682], [123.97495, 6.8039], [123.96892, 6.81273], [123.9655, 6.82127], [123.96518, 6.83234], [123.9712, 6.85077], [123.97291, 6.85912], [123.97486, 6.96532], [123.98854, 7.01561], [124.02947, 7.11514], [124.05112, 7.13662], [124.06837, 7.14134], [124.09132, 7.15278], [124.12941, 7.17756], [124.16676, 7.2084], [124.18377, 7.22639], [124.19459, 7.25365], [124.21274, 7.27058], [124.21925, 7.27998], [124.22088, 7.28929], [124.21925, 7.32095], [124.22088, 7.34658], [124.22584, 7.36579], [124.24675, 7.40412], [124.23227, 7.41474], [124.219, 7.41576], [124.18775, 7.41035], [124.17604, 7.41572], [124.16733, 7.43191], [124.1631, 7.43964], [124.15358, 7.44505], [124.14243, 7.46125], [124.09522, 7.56118], [124.0652, 7.60273], [124.02076, 7.63349], [124.01336, 7.63434], [123.95924, 7.6739], [123.9109, 7.69892], [123.90349, 7.69147], [123.88608, 7.69941], [123.86297, 7.70344], [123.86166, 7.70348], [123.81813, 7.70515], [123.7942, 7.71052], [123.77784, 7.72394], [123.72381, 7.7956], [123.70395, 7.80939], [123.68067, 7.81501], [123.65797, 7.81721], [123.61459, 7.83352], [123.60922, 7.83552], [123.58692, 7.83934], [123.52296, 7.83552], [123.50489, 7.83173], [123.47999, 7.82266], [123.45688, 7.81147], [123.44467, 7.80134], [123.44825, 7.76642], [123.4756, 7.73933], [123.49781, 7.70881], [123.48569, 7.66356], [123.47706, 7.65331], [123.46656, 7.64387], [123.45541, 7.63593], [123.44467, 7.63007], [123.40919, 7.62348], [123.40008, 7.61945], [123.39625, 7.61176], [123.39527, 7.60041], [123.39625, 7.57856], [123.39235, 7.57563], [123.37159, 7.58804], [123.36215, 7.58906], [123.35353, 7.57209], [123.36687, 7.55219], [123.3864, 7.53262], [123.39625, 7.51679], [123.4026, 7.49209], [123.41765, 7.47866], [123.43572, 7.46821], [123.45167, 7.45254], [123.45867, 7.4313], [123.45777, 7.40864], [123.45143, 7.38793], [123.44125, 7.37275], [123.431, 7.36872], [123.41944, 7.37226], [123.38803, 7.39541], [123.35597, 7.41035], [123.34213, 7.42048], [123.31316, 7.45132], [123.30437, 7.46743], [123.28981, 7.47761], [123.28639, 7.48261], [123.28639, 7.50458], [123.28443, 7.51325], [123.28028, 7.52021], [123.26441, 7.52635], [123.24383, 7.52407], [123.22584, 7.51561], [123.21811, 7.5034], [123.21258, 7.48933], [123.19947, 7.482], [123.1836, 7.48094], [123.17042, 7.48603], [123.14064, 7.51313], [123.12745, 7.53148], [123.12208, 7.55061], [123.12762, 7.57258], [123.14177, 7.57982], [123.15968, 7.5821], [123.17726, 7.58906], [123.18751, 7.60586], [123.18678, 7.62621], [123.1753, 7.6433], [123.15333, 7.65054], [123.14039, 7.66136], [123.13543, 7.68647], [123.13347, 7.71418], [123.12941, 7.7331], [123.11793, 7.74136], [123.10727, 7.73192], [123.09645, 7.7143], [123.08473, 7.69522], [123.05714, 7.6673], [123.0503, 7.6551], [123.05152, 7.64497], [123.0547, 7.63483], [123.05372, 7.62254], [123.04957, 7.61799], [123.03614, 7.60932], [123.03321, 7.60586], [123.03452, 7.59862], [123.03777, 7.59467], [123.04021, 7.59016], [123.04005, 7.58161], [123.03452, 7.56387], [123.01905, 7.54198], [123.01222, 7.52766], [123.01059, 7.51284], [123.01222, 7.48261], [123.0066, 7.47236], [122.99562, 7.46727], [122.99, 7.47036], [122.98463, 7.47606], [122.97486, 7.47919], [122.97364, 7.48037], [122.95069, 7.48603], [122.94239, 7.4997], [122.92726, 7.53815], [122.91725, 7.54751], [122.90528, 7.5434], [122.89235, 7.53144], [122.88168, 7.5174], [122.87615, 7.50715], [122.87525, 7.49282], [122.87794, 7.48371], [122.87647, 7.47598], [122.86256, 7.46556], [122.85141, 7.46101], [122.83725, 7.45844], [122.82203, 7.45942], [122.80738, 7.46556], [122.81349, 7.47777], [122.81031, 7.48607], [122.80397, 7.49018], [122.80055, 7.48973], [122.7986, 7.48713], [122.79444, 7.48526], [122.78989, 7.48469], [122.78688, 7.48603], [122.78566, 7.49177], [122.7881, 7.49681], [122.79168, 7.49995], [122.79371, 7.4997], [122.79249, 7.52269], [122.79713, 7.53559], [122.80893, 7.53754], [122.82838, 7.52766], [122.83074, 7.54979], [122.82277, 7.56444], [122.81235, 7.57689], [122.80738, 7.59248], [122.79998, 7.6542], [122.79371, 7.67105], [122.80152, 7.68439], [122.80836, 7.70425], [122.813, 7.72553], [122.81471, 7.74335], [122.80437, 7.75861], [122.78045, 7.75983], [122.73902, 7.75414], [122.73048, 7.76073], [122.71485, 7.78095], [122.70427, 7.78832], [122.65984, 7.78832], [122.65105, 7.78608], [122.63071, 7.77631], [122.61866, 7.77407], [122.59669, 7.76142], [122.51148, 7.69571], [122.48561, 7.6669], [122.44386, 7.60859], [122.43385, 7.59064], [122.4336, 7.57856], [122.45167, 7.57441], [122.47185, 7.5799], [122.48561, 7.57852], [122.48512, 7.5537], [122.47877, 7.53986], [122.46754, 7.52285], [122.45444, 7.50776], [122.44361, 7.4997], [122.45143, 7.53417], [122.45102, 7.54068], [122.43995, 7.54194], [122.42848, 7.5329], [122.41969, 7.52017], [122.41627, 7.51024], [122.40593, 7.49995], [122.35987, 7.47285], [122.34799, 7.45254], [122.35426, 7.43041], [122.36883, 7.41047], [122.37908, 7.39159], [122.37257, 7.37275], [122.36378, 7.36221], [122.34498, 7.33177], [122.33351, 7.32388], [122.32293, 7.32315], [122.31227, 7.32396], [122.30014, 7.32095], [122.28045, 7.2945], [122.26588, 7.24909], [122.25172, 7.1645], [122.24936, 7.11811], [122.2435, 7.09927], [122.2024, 7.04263], [122.16733, 6.9527], [122.15447, 6.92813], [122.13429, 6.91421], [122.12371, 6.89964], [122.11866, 6.89643], [122.09571, 6.89741], [122.08676, 6.89964], [122.03793, 6.91739], [121.96119, 6.9582], [121.93702, 6.97895], [121.89894, 7.0572], [121.8978, 7.14029], [121.93344, 7.21792], [122.00538, 7.27998], [122.03891, 7.2956], [122.04689, 7.30109], [122.05104, 7.30781], [122.05348, 7.31688], [122.05177, 7.3249], [122.04322, 7.32836], [122.03256, 7.33983], [122.03468, 7.36579], [122.04689, 7.41035], [122.04558, 7.44253], [122.04689, 7.45254], [122.05209, 7.46328], [122.06495, 7.48111], [122.06739, 7.48973], [122.07, 7.51366], [122.07765, 7.52802], [122.09018, 7.53754], [122.10776, 7.54751], [122.11964, 7.55654], [122.13722, 7.57298], [122.14601, 7.58881], [122.11354, 7.60326], [122.11158, 7.62067], [122.12208, 7.65738], [122.12273, 7.70038], [122.11752, 7.72321], [122.10475, 7.7331], [122.09653, 7.7447], [122.10499, 7.77082], [122.12892, 7.81501], [122.21453, 7.92113], [122.23959, 7.96572], [122.25172, 7.98013], [122.26303, 7.98981], [122.29225, 8.00991], [122.32277, 8.01821], [122.36004, 8.04047], [122.438, 8.06655], [122.46258, 8.07099], [122.47828, 8.062], [122.48243, 8.07054], [122.48959, 8.0751], [122.49781, 8.07465], [122.50506, 8.06826], [122.52272, 8.07636], [122.59995, 8.09292], [122.63844, 8.10855], [122.64967, 8.11603], [122.66773, 8.14997], [122.67921, 8.16421], [122.68442, 8.15396], [122.69191, 8.13166], [122.71095, 8.11978], [122.7352, 8.11547], [122.7588, 8.11603], [122.85523, 8.13247], [122.8685, 8.14183], [122.87957, 8.14399], [122.90309, 8.14468], [122.91391, 8.14655], [122.92457, 8.15013], [122.94532, 8.16185], [123.00262, 8.20913], [123.01368, 8.23241], [123.00074, 8.25039], [122.96437, 8.27436], [122.96209, 8.28083], [122.95818, 8.3024], [122.95818, 8.3085], [122.96339, 8.31395], [122.98162, 8.32469], [122.98536, 8.32587], [122.98748, 8.33063], [122.99195, 8.33576], [122.99643, 8.34272], [122.99838, 8.35318], [122.99724, 8.36465], [122.99204, 8.38548], [122.9922, 8.3972], [122.99928, 8.41494], [123.02174, 8.4444], [123.02638, 8.46271], [123.03102, 8.47456], [123.042, 8.49014], [123.05543, 8.50495], [123.06739, 8.51455], [123.08204, 8.51923], [123.16049, 8.53067], [123.19508, 8.54222], [123.21127, 8.54181], [123.2155, 8.53832], [123.2256, 8.52509], [123.23194, 8.5207], [123.24204, 8.51911], [123.30096, 8.52424], [123.31821, 8.53351], [123.33106, 8.54662], [123.34645, 8.56977], [123.34962, 8.57661], [123.36354, 8.62328], [123.37159, 8.63345], [123.38673, 8.63744], [123.39235, 8.63573], [123.39763, 8.63239], [123.40333, 8.62983], [123.41066, 8.63056], [123.41554, 8.63369], [123.42758, 8.64423], [123.43637, 8.64948], [123.43198, 8.66108], [123.40008, 8.69766], [123.39186, 8.70942], [123.39015, 8.71939], [123.39715, 8.72321], [123.41114, 8.72639], [123.42481, 8.72696], [123.431, 8.7228], [123.4367, 8.72183], [123.46192, 8.70726], [123.47779, 8.6953], [123.48846, 8.69213], [123.50025, 8.6931], [123.51295, 8.69888], [123.51417, 8.64728], [123.52182, 8.62255], [123.53972, 8.62377], [123.54591, 8.62006], [123.549, 8.61884], [123.56137, 8.61384], [123.56764, 8.61009], [123.57179, 8.60468], [123.58131, 8.58283], [123.59099, 8.59276], [123.59254, 8.60228], [123.59213, 8.61237], [123.59498, 8.62377], [123.60035, 8.63255], [123.61549, 8.65107], [123.60328, 8.66307], [123.61671, 8.67072], [123.63307, 8.66844], [123.62908, 8.65107], [123.7103, 8.63325], [123.7225, 8.62808], [123.73097, 8.61888], [123.73894, 8.60269], [123.74578, 8.60269], [123.75408, 8.6103], [123.7588, 8.60749], [123.76686, 8.58902], [123.7649, 8.5891], [123.77703, 8.55736], [123.78053, 8.55174], [123.78639, 8.53767], [123.82838, 8.48656], [123.84474, 8.45222], [123.8576, 8.40941], [123.86606, 8.36432], [123.86931, 8.24331], [123.88478, 8.18545], [123.88299, 8.1645], [123.8733, 8.15327], [123.76775, 8.05903], [123.74578, 8.04841], [123.7024, 8.0458], [123.68474, 8.03681], [123.67766, 8.01073], [123.67758, 8.01061], [123.6775, 8.0102], [123.67644, 8.00007], [123.67172, 7.98066], [123.67066, 7.96922], [123.67075, 7.96918], [123.67213, 7.96776], [123.67644, 7.96336], [123.67669, 7.96349], [123.68897, 7.96833], [123.70086, 7.97647], [123.70485, 7.98013], [123.74098, 8.00043], [123.87371, 8.10517], [123.8864, 8.1092], [123.90748, 8.11323], [123.92205, 8.12324], [123.94508, 8.15013], [123.96892, 8.16779], [124.00025, 8.18134], [124.03631, 8.18985], [124.15577, 8.19025], [124.1985, 8.19648], [124.23227, 8.21288], [124.24244, 8.22533], [124.25807, 8.25593], [124.27027, 8.27094], [124.27467, 8.28107], [124.27076, 8.29145], [124.26393, 8.30182], [124.26043, 8.31192], [124.26173, 8.32453], [124.26539, 8.33397], [124.27394, 8.35004], [124.27459, 8.35456], [124.2732, 8.36481], [124.27394, 8.36929], [124.27703, 8.37352], [124.28395, 8.37861], [124.28696, 8.38353], [124.29623, 8.40473], [124.29949, 8.41547], [124.30201, 8.45246], [124.30592, 8.4737], [124.32179, 8.51455], [124.34254, 8.54865], [124.3711, 8.58137], [124.40577, 8.6079], [124.44459, 8.62377], [124.46998, 8.62482], [124.47608, 8.61457], [124.47535, 8.5987], [124.48015, 8.58283], [124.4852, 8.58246], [124.50856, 8.57734], [124.51051, 8.576], [124.51743, 8.57465], [124.52589, 8.57111], [124.54078, 8.56171], [124.57154, 8.52814], [124.58253, 8.5207], [124.59995, 8.51618], [124.65748, 8.51455], [124.64845, 8.49632], [124.64096, 8.47602], [124.63648, 8.45429], [124.63648, 8.43195], [124.64332, 8.43195], [124.65064, 8.4582], [124.6631, 8.47582], [124.68295, 8.48184], [124.71217, 8.47297], [124.71648, 8.4798], [124.73268, 8.49339], [124.73634, 8.49502], [124.74977, 8.49873], [124.75318, 8.50023], [124.75367, 8.50658], [124.75099, 8.51252], [124.74773, 8.5174], [124.74635, 8.5207], [124.7505, 8.5515], [124.75318, 8.56171], [124.75733, 8.56908], [124.76979, 8.58633], [124.77361, 8.59642], [124.7715, 8.61587], [124.75147, 8.65046], [124.74635, 8.67097], [124.75123, 8.69278], [124.76319, 8.706], [124.77711, 8.71735], [124.78785, 8.73363], [124.78004, 8.75287], [124.78077, 8.7746], [124.78785, 8.819], [124.78785, 8.90428], [124.78077, 8.94912], [124.78175, 8.97114], [124.79103, 8.99063], [124.79908, 8.99999], [124.80942, 9.00947], [124.82081, 9.01455], [124.83204, 9.01073], [124.8436, 9.00373], [124.85377, 9.00397], [124.86402, 9.00674], [124.87672, 9.00739], [124.89519, 9.00275], [124.91529, 8.99413], [124.93141, 8.98273], [124.93816, 8.96979], [124.94728, 8.96247], [125.02638, 8.91852], [125.03443, 8.91177], [125.05738, 8.88227], [125.07277, 8.87279], [125.09303, 8.83979], [125.10597, 8.82978], [125.11573, 8.83055], [125.13746, 8.84349], [125.15935, 8.85114], [125.17644, 8.86058], [125.18735, 8.87592], [125.19532, 8.96088], [125.19142, 8.98005], [125.18775, 8.98591], [125.18312, 8.9914], [125.17921, 8.99799], [125.17775, 9.00739], [125.17994, 9.01948], [125.18922, 9.03937], [125.19142, 9.05207], [125.19191, 9.06493], [125.1941, 9.07241], [125.19947, 9.07827], [125.20875, 9.08649], [125.21852, 9.08812], [125.22722, 9.07884], [125.23976, 9.05516], [125.2693, 9.01557], [125.28875, 9.00043], [125.31178, 8.99433], [125.37672, 8.99136], [125.41993, 8.98159], [125.44117, 8.98041], [125.46217, 8.98517], [125.51661, 9.01594], [125.52654, 9.02619], [125.53452, 9.04898], [125.5407, 9.08405], [125.542, 9.18919], [125.53932, 9.20669], [125.53321, 9.2176], [125.52605, 9.22696], [125.52101, 9.23949], [125.52027, 9.24824], [125.5215, 9.26618], [125.52101, 9.27485], [125.51783, 9.28449], [125.50904, 9.3037], [125.50294, 9.32917], [125.48373, 9.36127], [125.47731, 9.39061], [125.47291, 9.39834], [125.46827, 9.40424], [125.46632, 9.40835], [125.46632, 9.43936], [125.46526, 9.44469], [125.46241, 9.4593], [125.44068, 9.51594], [125.43816, 9.52582], [125.43556, 9.54605], [125.39869, 9.68106], [125.39747, 9.69941], [125.4004, 9.71743], [125.40707, 9.73371], [125.45574, 9.81281], [125.45948, 9.82294], [125.47137, 9.8089], [125.48846, 9.79291], [125.50709, 9.77993], [125.54037, 9.77106], [125.56902, 9.75666], [125.5892, 9.75463], [125.58465, 9.73078], [125.59262, 9.70234], [125.6045, 9.67333], [125.61036, 9.6479], [125.62013, 9.62979], [125.64356, 9.61127], [125.67091, 9.60008], [125.69288, 9.60383], [125.69109, 9.60017], [125.69012, 9.59691], [125.68865, 9.59349], [125.68531, 9.58954], [125.6985, 9.58999], [125.7059, 9.58515], [125.71274, 9.57587], [125.72267, 9.57551], [125.74399, 9.57738], [125.75367, 9.57587], [125.77247, 9.55484], [125.78102, 9.54857], [125.79086, 9.54532], [125.84897, 9.53718], [125.86801, 9.52692], [125.90113, 9.49706], [125.91066, 9.49421], [125.92319, 9.49429], [125.93409, 9.49234], [125.93873, 9.48371], [125.94044, 9.475], [125.94898, 9.46308], [125.9524, 9.45303], [125.96339, 9.47248], [125.96599, 9.48029], [125.97283, 9.48029], [125.97267, 9.46402], [125.9712, 9.45409], [125.96746, 9.44717], [125.95973, 9.43936], [125.94858, 9.43423], [125.92026, 9.42691], [125.91188, 9.4182], [125.91098, 9.40493], [125.91676, 9.39541], [125.92693, 9.3889], [125.93873, 9.38471], [125.95582, 9.38178], [125.96664, 9.38426], [125.99391, 9.39777], [125.99195, 9.35786], [125.99659, 9.32465], [126.01173, 9.29385], [126.05795, 9.246], [126.06544, 9.24177], [126.07586, 9.23949], [126.08912, 9.24087], [126.10987, 9.25121], [126.1434, 9.26142], [126.17937, 9.29719], [126.19996, 9.30842], [126.2199, 9.30565], [126.22462, 9.29096], [126.21941, 9.2722], [126.20037, 9.24063], [126.19337, 9.21638], [126.18572, 9.17182], [126.18572, 9.13833], [126.17897, 9.093], [126.1836, 9.08149], [126.19451, 9.07746], [126.20704, 9.07612], [126.21705, 9.0725], [126.22299, 9.06391], [126.23365, 9.03937], [126.24025, 9.02847], [126.31275, 8.95624], [126.32228, 8.93537], [126.32358, 8.92235], [126.33595, 8.88447], [126.33188, 8.87002], [126.33237, 8.86107], [126.34547, 8.85326], [126.34311, 8.84512], [126.33823, 8.83763], [126.33595, 8.83609], [126.32879, 8.81273], [126.31691, 8.78799], [126.30006, 8.7683], [126.27817, 8.76032], [126.24025, 8.73505], [126.23414, 8.73363], [126.23414, 8.71918], [126.24187, 8.7106], [126.26148, 8.69888], [126.26148, 8.69269], [126.25758, 8.6905], [126.25701, 8.68968], [126.25685, 8.68854], [126.25457, 8.68521], [126.2422, 8.69001], [126.23162, 8.69221], [126.20997, 8.69269], [126.19777, 8.6883], [126.17368, 8.66909], [126.13844, 8.65404], [126.11891, 8.63056], [126.11052, 8.60712], [126.13038, 8.58649], [126.1482, 8.54068], [126.15846, 8.52757], [126.16725, 8.5266], [126.19996, 8.52757], [126.21957, 8.52172], [126.22877, 8.52147], [126.24025, 8.52757], [126.22071, 8.54043], [126.2142, 8.54824], [126.22047, 8.55549], [126.23178, 8.55484], [126.2448, 8.5493], [126.2575, 8.54686], [126.26832, 8.55549], [126.29152, 8.54462], [126.35694, 8.53437], [126.35621, 8.53628], [126.35914, 8.53937], [126.36443, 8.54181], [126.37013, 8.54181], [126.3698, 8.53889], [126.37322, 8.53083], [126.38063, 8.51765], [126.40105, 8.50218], [126.40528, 8.49262], [126.39796, 8.47915], [126.40203, 8.4763], [126.40691, 8.4704], [126.41163, 8.46613], [126.38502, 8.46735], [126.37436, 8.46454], [126.37013, 8.45555], [126.36687, 8.43207], [126.37013, 8.42764], [126.3838, 8.43195], [126.38771, 8.41535], [126.38006, 8.39557], [126.35694, 8.36371], [126.35231, 8.36237], [126.3405, 8.35517], [126.33253, 8.34707], [126.33961, 8.34321], [126.34327, 8.33812], [126.35694, 8.31192], [126.365, 8.305], [126.37989, 8.30207], [126.38844, 8.29291], [126.37762, 8.26752], [126.34588, 8.23139], [126.33863, 8.21459], [126.34645, 8.1955], [126.36158, 8.18716], [126.37762, 8.1916], [126.39332, 8.20051], [126.42335, 8.21101], [126.45932, 8.24018], [126.46306, 8.22993], [126.45729, 8.14472], [126.45395, 8.12934], [126.45533, 8.11506], [126.46616, 8.09553], [126.44288, 8.08145], [126.43149, 8.0456], [126.43425, 8.00593], [126.45314, 7.98013], [126.43483, 7.96182], [126.39552, 7.93334], [126.3838, 7.9112], [126.38347, 7.89956], [126.38307, 7.88569], [126.39137, 7.8583], [126.4061, 7.83324], [126.4253, 7.81501], [126.45493, 7.79731], [126.45932, 7.79169], [126.46339, 7.78107], [126.48748, 7.74673], [126.511, 7.73273], [126.56227, 7.72752], [126.58286, 7.71943], [126.57569, 7.69709], [126.57179, 7.67495], [126.56918, 7.62637], [126.57358, 7.6035], [126.59278, 7.5539], [126.60092, 7.50641], [126.60727, 7.48517], [126.60865, 7.46532], [126.59734, 7.44505], [126.5857, 7.43732], [126.57472, 7.43301], [126.56642, 7.42601], [126.563, 7.41035], [126.56674, 7.40668], [126.58969, 7.38984], [126.58204, 7.36738], [126.58074, 7.32001], [126.56918, 7.30109], [126.5774, 7.29532]]], [[[125.42221, 5.42023], [125.42457, 5.40738], [125.42335, 5.37792], [125.41871, 5.36848], [125.41163, 5.36811], [125.3991, 5.37177], [125.38063, 5.37035], [125.36378, 5.36717], [125.35157, 5.37173], [125.34327, 5.3806], [125.33424, 5.38768], [125.33351, 5.39252], [125.34205, 5.40029], [125.35816, 5.42206], [125.3768, 5.43122], [125.4048, 5.43049], [125.41871, 5.42548], [125.42221, 5.42023]]]]}, "properties": {"id": "man-0245", "status": "validé", "pieces": [{"kind": "polygon", "ring": [[122.76123, 8.35884], [121.82739, 7.86103], [121.89331, 6.84729], [122.42065, 6.68358], [123.28857, 7.0764], [124.12354, 5.64549], [125.37598, 5.19687], [125.8429, 5.93136], [125.68909, 6.75609], [125.63416, 7.04581], [125.69046, 7.17559], [125.7399, 7.25328], [126.00769, 6.87625], [126.0791, 6.23202], [126.2384, 6.02985], [126.90857, 7.11079], [126.73828, 9.39427], [125.87311, 9.56001], [125.44739, 9.89854], [125.29083, 9.68463], [124.98596, 9.08555], [124.27185, 8.80326], [123.32153, 8.79783]]}, {"kind": "clip"}]}}, {"type": "Feature", "geometry": {"type": "Polygon", "coordinates": [[[124.98871, 8.58908], [124.85413, 8.57278], [124.56299, 8.40429], [124.54926, 7.95008], [124.90356, 7.38093], [125.32654, 7.43816], [125.55725, 7.78677], [125.41443, 8.48039], [125.22491, 8.6244], [124.98871, 8.58908]]]}, "properties": {"id": "man-03aa", "status": "validé", "pieces": [{"kind": "polygon", "ring": [[124.98871, 8.58908], [124.85413, 8.57278], [124.56299, 8.40429], [124.54926, 7.95008], [124.90356, 7.38093], [125.32654, 7.43816], [125.55725, 7.78677], [125.41443, 8.48039], [125.22491, 8.6244]]}]}}, {"type": "Feature", "geometry": {"type": "Polygon", "coordinates": [[[120.95947, 12.36685], [121.16547, 12.22729], [121.30829, 12.19238], [121.54999, 12.47155], [121.63239, 12.69146], [121.53625, 12.98615], [121.61041, 13.12802], [121.39069, 13.32061], [121.20117, 13.51038], [121.07758, 13.47564], [120.85236, 13.56113], [120.73425, 13.51038], [120.31403, 13.5451], [120.21515, 13.43556], [120.59692, 13.12802], [120.69855, 12.92724], [120.80841, 12.68073], [120.95947, 12.36685]]]}, "properties": {"id": "man-057f", "status": "validé", "pieces": [{"kind": "polygon", "ring": [[120.95947, 12.36685], [121.16547, 12.22729], [121.30829, 12.19238], [121.54999, 12.47155], [121.63239, 12.69146], [121.53625, 12.98615], [121.61041, 13.12802], [121.39069, 13.32061], [121.20117, 13.51038], [121.07758, 13.47564], [120.85236, 13.56113], [120.73425, 13.51038], [120.31403, 13.5451], [120.21515, 13.43556], [120.59692, 13.12802], [120.69855, 12.92724], [120.80841, 12.68073]]}]}}, {"type": "Feature", "geometry": {"type": "Polygon", "coordinates": [[[124.65088, 11.36165], [125.05188, 10.24967], [125.05737, 9.99541], [124.63989, 10.16314], [124.70581, 10.72], [124.58496, 10.86845], [124.38446, 10.82797], [124.23889, 11.63112], [124.39819, 11.54498], [124.42017, 11.48615], [124.59595, 11.41553], [124.65088, 11.36165]]]}, "properties": {"id": "man-0834", "status": "validé", "pieces": [{"kind": "polygon", "ring": [[124.65088, 11.36165], [125.05188, 10.24967], [125.05737, 9.99541], [124.63989, 10.16314], [124.70581, 10.72], [124.58496, 10.86845], [124.38446, 10.82797], [124.23889, 11.63112], [124.39819, 11.54498], [124.42017, 11.48615], [124.59595, 11.41553]]}]}}, {"type": "Feature", "geometry": {"type": "Polygon", "coordinates": [[[121.94069, 6.99514], [121.91391, 6.99037], [121.94, 6.94741], [122.02927, 6.91059], [122.11853, 6.8799], [122.16179, 6.90718], [122.18239, 6.93377], [122.18994, 6.95832], [122.16179, 6.99309], [122.146, 6.974], [122.1302, 6.94741], [122.10136, 6.93445], [122.0327, 6.95082], [121.95374, 6.98764], [121.94069, 6.99514]]]}, "properties": {"id": "man-0a79", "status": "validé", "pieces": [{"kind": "polygon", "ring": [[121.94069, 6.99514], [121.91391, 6.99037], [121.94, 6.94741], [122.02927, 6.91059], [122.11853, 6.8799], [122.16179, 6.90718], [122.18239, 6.93377], [122.18994, 6.95832], [122.16179, 6.99309], [122.146, 6.974], [122.1302, 6.94741], [122.10136, 6.93445], [122.0327, 6.95082], [121.95374, 6.98764]]}]}}, {"type": "Feature", "geometry": {"type": "Polygon", "coordinates": [[[126.3434, 7.91535], [126.35027, 7.89527], [126.36504, 7.89493], [126.3671, 7.87791], [126.38256, 7.86975], [126.38462, 7.85783], [126.37466, 7.85069], [126.38633, 7.83299], [126.42206, 7.82652], [126.42584, 7.81052], [126.44576, 7.8112], [126.45607, 7.79861], [126.47908, 7.76321], [126.5021, 7.74006], [126.53095, 7.74176], [126.56084, 7.73461], [126.57355, 7.71827], [126.56702, 7.69784], [126.55603, 7.6849], [126.55981, 7.6689], [126.55809, 7.63314], [126.56599, 7.61884], [126.57492, 7.62122], [126.5787, 7.60283], [126.56599, 7.60726], [126.56187, 7.58002], [126.57801, 7.57457], [126.58488, 7.56946], [126.59381, 7.52893], [126.60309, 7.48465], [126.59828, 7.44683], [126.58385, 7.44206], [126.55809, 7.44717], [126.46082, 7.44934], [126.40586, 7.44525], [126.35639, 7.44253], [126.3434, 7.91535]]]}, "properties": {"id": "man-0b8e", "status": "validé", "pieces": [{"kind": "polygon", "ring": [[126.3434, 7.91535], [126.35027, 7.89527], [126.36504, 7.89493], [126.3671, 7.87791], [126.38256, 7.86975], [126.38462, 7.85783], [126.37466, 7.85069], [126.38633, 7.83299], [126.42206, 7.82652], [126.42584, 7.81052], [126.44576, 7.8112], [126.45607, 7.79861], [126.47908, 7.76321], [126.5021, 7.74006], [126.53095, 7.74176], [126.56084, 7.73461], [126.57355, 7.71827], [126.56702, 7.69784], [126.55603, 7.6849], [126.55981, 7.6689], [126.55809, 7.63314], [126.56599, 7.61884], [126.57492, 7.62122], [126.5787, 7.60283], [126.56599, 7.60726], [126.56187, 7.58002], [126.57801, 7.57457], [126.58488, 7.56946], [126.59381, 7.52893], [126.60309, 7.48465], [126.59828, 7.44683], [126.58385, 7.44206], [126.55809, 7.44717], [126.46082, 7.44934], [126.40586, 7.44525], [126.35639, 7.44253]]}]}}, {"type": "Feature", "geometry": null, "properties": {"id": "man-0bab", "status": "validé", "pieces": [{"kind": "admin1", "code": "PHL-2580"}]}}, {"type": "Feature", "geometry": {"type": "Polygon", "coordinates": [[[120.88806, 12.5861], [120.97595, 12.7416], [120.78918, 13.40002], [120.42114, 13.34121], [120.72327, 12.81127], [120.88806, 12.5861]]]}, "properties": {"id": "man-0f92", "status": "validé", "pieces": [{"kind": "polygon", "ring": [[120.88806, 12.5861], [120.97595, 12.7416], [120.78918, 13.40002], [120.42114, 13.34121], [120.72327, 12.81127]]}]}}, {"type": "Feature", "geometry": null, "properties": {"id": "man-11e6", "status": "validé", "pieces": [{"kind": "admin1", "code": "PHL-2522"}]}}, {"type": "Feature", "geometry": {"type": "Polygon", "coordinates": [[[122.05261, 11.71392], [122.13501, 11.71392], [122.7887, 11.43127], [122.68707, 10.9164], [122.47009, 10.66268], [122.28607, 10.63568], [121.92352, 10.71938], [121.95923, 10.93529], [122.01965, 11.03779], [122.01416, 11.25885], [122.05536, 11.50129], [122.06909, 11.63319], [122.05261, 11.71392]]]}, "properties": {"id": "man-1587", "status": "validé", "pieces": [{"kind": "polygon", "ring": [[122.05261, 11.71392], [122.13501, 11.71392], [122.7887, 11.43127], [122.68707, 10.9164], [122.47009, 10.66268], [122.28607, 10.63568], [121.92352, 10.71938], [121.95923, 10.93529], [122.01965, 11.03779], [122.01416, 11.25885], [122.05536, 11.50129], [122.06909, 11.63319]]}]}}, {"type": "Feature", "geometry": null, "properties": {"id": "man-19c6", "status": "validé", "pieces": [{"kind": "admin1", "code": "PHL-2529"}]}}, {"type": "Feature", "geometry": {"type": "Polygon", "coordinates": [[[126.22192, 6.92489], [126.26106, 6.87716], [126.30226, 6.90512], [126.28647, 6.97262], [126.25488, 7.01217], [126.13266, 6.99158], [125.99396, 6.92476], [126.00769, 6.86475], [126.11893, 6.88657], [126.22192, 6.92489]]]}, "properties": {"id": "man-1e52", "status": "validé", "pieces": [{"kind": "polygon", "ring": [[126.22192, 6.92489], [126.26106, 6.87716], [126.30226, 6.90512], [126.28647, 6.97262], [126.25488, 7.01217], [126.13266, 6.99158], [125.99396, 6.92476], [126.00769, 6.86475], [126.11893, 6.88657]]}]}}, {"type": "Feature", "geometry": {"type": "Polygon", "coordinates": [[[122.60605, 9.4002], [122.66098, 9.45712], [122.89856, 9.40284], [122.96448, 9.15878], [123.1073, 9.10452], [123.23364, 9.2293], [123.09082, 9.55732], [123.09082, 9.71174], [123.16498, 9.6386], [123.31879, 9.34862], [123.31329, 9.06925], [122.91504, 8.99327], [122.81342, 9.29981], [122.60605, 9.4002]]]}, "properties": {"id": "man-1eed", "status": "validé", "pieces": [{"kind": "polygon", "ring": [[122.60605, 9.4002], [122.66098, 9.45712], [122.89856, 9.40284], [122.96448, 9.15878], [123.1073, 9.10452], [123.23364, 9.2293], [123.09082, 9.55732], [123.09082, 9.71174], [123.16498, 9.6386], [123.31879, 9.34862], [123.31329, 9.06925], [122.91504, 8.99327], [122.81342, 9.29981]]}]}}, {"type": "Feature", "geometry": {"type": "Polygon", "coordinates": [[[125.26611, 5.60433], [125.34851, 5.66176], [125.23865, 5.80393], [125.36774, 6.01438], [125.30731, 6.17831], [125.31555, 6.36428], [125.25925, 6.39159], [125.22354, 6.3752], [125.12466, 6.24817], [125.04776, 6.36025], [124.94682, 6.50087], [124.82666, 6.50018], [124.72504, 6.38285], [124.40918, 6.05846], [124.60419, 5.91635], [125.26611, 5.60433]]]}, "properties": {"id": "man-22bd", "status": "validé", "pieces": [{"kind": "polygon", "ring": [[125.26611, 5.60433], [125.34851, 5.66176], [125.23865, 5.80393], [125.36774, 6.01438], [125.30731, 6.17831], [125.31555, 6.36428], [125.25925, 6.39159], [125.22354, 6.3752], [125.12466, 6.24817], [125.04776, 6.36025], [124.94682, 6.50087], [124.82666, 6.50018], [124.72504, 6.38285], [124.40918, 6.05846], [124.60419, 5.91635]]}]}}, {"type": "Feature", "geometry": null, "properties": {"id": "man-2777", "status": "rejeté", "pieces": []}}, {"type": "Feature", "geometry": {"type": "Polygon", "coordinates": [[[120.80017, 18.54466], [120.79742, 18.44824], [121.50055, 18.19523], [121.49231, 16.87675], [120.75348, 16.44318], [120.74249, 16.15571], [121.2561, 15.70038], [121.7395, 15.97002], [122.11853, 16.0651], [122.60193, 17.13942], [122.32727, 17.59049], [122.3877, 18.17625], [122.35474, 18.61949], [122.1405, 18.69238], [121.9812, 18.3276], [121.62964, 18.49966], [121.21765, 18.7132], [120.89355, 18.69759], [120.80017, 18.54466]]]}, "properties": {"id": "man-27f5", "status": "validé", "pieces": [{"kind": "polygon", "ring": [[120.80017, 18.54466], [120.79742, 18.44824], [121.50055, 18.19523], [121.49231, 16.87675], [120.75348, 16.44318], [120.74249, 16.15571], [121.2561, 15.70038], [121.7395, 15.97002], [122.11853, 16.0651], [122.60193, 17.13942], [122.32727, 17.59049], [122.3877, 18.17625], [122.35474, 18.61949], [122.1405, 18.69238], [121.9812, 18.3276], [121.62964, 18.49966], [121.21765, 18.7132], [120.89355, 18.69759]]}]}}, {"type": "Feature", "geometry": {"type": "Polygon", "coordinates": [[[125.27161, 6.96683], [125.14526, 6.72675], [125.25513, 6.47564], [125.48859, 6.55481], [125.54352, 6.8359], [125.44189, 6.9641], [125.27161, 6.96683]]]}, "properties": {"id": "man-2916", "status": "validé", "pieces": [{"kind": "polygon", "ring": [[125.27161, 6.96683], [125.14526, 6.72675], [125.25513, 6.47564], [125.48859, 6.55481], [125.54352, 6.8359], [125.44189, 6.9641]]}]}}, {"type": "Feature", "geometry": null, "properties": {"id": "man-294b", "status": "validé", "pieces": [{"kind": "admin1", "code": "PHL-2559"}]}}, {"type": "Feature", "geometry": {"type": "Polygon", "coordinates": [[[122.75574, 13.66968], [123.11829, 13.86983], [123.31055, 13.92824], [123.76648, 13.68275], [123.64563, 13.6297], [123.77197, 13.42399], [124.0686, 13.04685], [124.19495, 13.09235], [124.27185, 13.04953], [124.23065, 12.93172], [124.19495, 12.69058], [124.03839, 12.66377], [123.79669, 12.79242], [123.57697, 12.88351], [123.42316, 13.00937], [123.29132, 13.00937], [123.25836, 13.15925], [123.27484, 13.21811], [123.15125, 13.3438], [123.14301, 13.41597], [122.75574, 13.66968]]]}, "properties": {"id": "man-2b81", "status": "validé", "pieces": [{"kind": "polygon", "ring": [[122.75574, 13.66968], [123.11829, 13.86983], [123.31055, 13.92824], [123.76648, 13.68275], [123.64563, 13.6297], [123.77197, 13.42399], [124.0686, 13.04685], [124.19495, 13.09235], [124.27185, 13.04953], [124.23065, 12.93172], [124.19495, 12.69058], [124.03839, 12.66377], [123.79669, 12.79242], [123.57697, 12.88351], [123.42316, 13.00937], [123.29132, 13.00937], [123.25836, 13.15925], [123.27484, 13.21811], [123.15125, 13.3438], [123.14301, 13.41597]]}]}}, {"type": "Feature", "geometry": null, "properties": {"id": "man-2c5b", "status": "validé", "pieces": [{"kind": "admin1", "code": "PHL-2518"}]}}, {"type": "Feature", "geometry": {"type": "Polygon", "coordinates": [[[125.10818, 6.12127], [125.18097, 6.18001], [125.13016, 6.2879], [124.9736, 6.38758], [124.88983, 6.42718], [124.7937, 6.36574], [124.81705, 6.21006], [124.86374, 6.10625], [124.94614, 6.08302], [124.99283, 6.06117], [125.10818, 6.12127]]]}, "properties": {"id": "man-3398", "status": "validé", "pieces": [{"kind": "polygon", "ring": [[125.10818, 6.12127], [125.18097, 6.18001], [125.13016, 6.2879], [124.9736, 6.38758], [124.88983, 6.42718], [124.7937, 6.36574], [124.81705, 6.21006], [124.86374, 6.10625], [124.94614, 6.08302], [124.99283, 6.06117]]}]}}, {"type": "Feature", "geometry": {"type": "MultiPolygon", "coordinates": [[[[123.99925, 13.02985], [124.06929, 12.983], [124.06448, 12.92811], [123.98827, 12.91807], [123.8839, 12.96962], [123.89694, 13.03521], [123.99925, 13.02985]]], [[[123.61679, 13.25454], [123.60718, 13.11007], [123.46573, 13.07528], [123.38745, 13.23849], [123.54538, 13.32941], [123.61679, 13.25454]]]]}, "properties": {"id": "man-3465", "status": "validé", "pieces": [{"kind": "polygon", "ring": [[123.89694, 13.03521], [123.8839, 12.96962], [123.98827, 12.91807], [124.06448, 12.92811], [124.06929, 12.983], [123.99925, 13.02985]]}, {"kind": "polygon", "ring": [[123.54538, 13.32941], [123.38745, 13.23849], [123.46573, 13.07528], [123.60718, 13.11007], [123.61679, 13.25454]]}]}}, {"type": "Feature", "geometry": {"type": "Polygon", "coordinates": [[[123.79669, 10.77626], [123.88733, 10.59535], [123.88184, 10.29541], [123.70605, 10.14668], [123.47534, 10.18455], [123.48358, 10.19807], [123.52753, 10.28189], [123.79669, 10.77626]]]}, "properties": {"id": "man-361c", "status": "validé", "pieces": [{"kind": "polygon", "ring": [[123.79669, 10.77626], [123.88733, 10.59535], [123.88184, 10.29541], [123.70605, 10.14668], [123.47534, 10.18455], [123.48358, 10.19807], [123.52753, 10.28189]]}]}}, {"type": "Feature", "geometry": {"type": "Polygon", "coordinates": [[[124.62341, 11.34073], [125.04089, 10.25571], [125.22217, 10.16377], [125.34302, 10.29897], [125.1123, 11.01726], [125.05737, 11.23514], [124.98322, 11.27152], [124.96536, 11.31733], [124.98459, 11.36043], [124.98459, 11.41027], [124.88983, 11.44663], [124.74976, 11.41431], [124.62341, 11.34073]]]}, "properties": {"id": "man-3970", "status": "validé", "pieces": [{"kind": "polygon", "ring": [[124.62341, 11.34073], [125.04089, 10.25571], [125.22217, 10.16377], [125.34302, 10.29897], [125.1123, 11.01726], [125.05737, 11.23514], [124.98322, 11.27152], [124.96536, 11.31733], [124.98459, 11.36043], [124.98459, 11.41027], [124.88983, 11.44663], [124.74976, 11.41431]]}]}}, {"type": "Feature", "geometry": null, "properties": {"id": "man-3bc8", "status": "validé", "pieces": [{"kind": "admin1", "code": "PHL-2525"}]}}, {"type": "Feature", "geometry": {"type": "Polygon", "coordinates": [[[124.29932, 7.26271], [124.24026, 7.1414], [124.40643, 6.92869], [124.57672, 7.13049], [124.52866, 7.27089], [124.29932, 7.26271]]]}, "properties": {"id": "man-3bd4", "status": "validé", "pieces": [{"kind": "polygon", "ring": [[124.29932, 7.26271], [124.24026, 7.1414], [124.40643, 6.92869], [124.57672, 7.13049], [124.52866, 7.27089]]}]}}, {"type": "Feature", "geometry": {"type": "Polygon", "coordinates": [[[120.76447, 18.57341], [120.80978, 18.33492], [121.5239, 18.20583], [121.39893, 17.17059], [121.4978, 16.7185], [120.77271, 16.41399], [121.19019, 15.73074], [121.77246, 16.19762], [122.25586, 16.27149], [122.72278, 17.30794], [122.3877, 18.58878], [122.00867, 18.63044], [121.93726, 18.4168], [121.2561, 18.64086], [120.83313, 18.69292], [120.76447, 18.57341]]]}, "properties": {"id": "man-40a2", "status": "validé", "pieces": [{"kind": "polygon", "ring": [[120.76447, 18.57341], [120.80978, 18.33492], [121.5239, 18.20583], [121.39893, 17.17059], [121.4978, 16.7185], [120.77271, 16.41399], [121.19019, 15.73074], [121.77246, 16.19762], [122.25586, 16.27149], [122.72278, 17.30794], [122.3877, 18.58878], [122.00867, 18.63044], [121.93726, 18.4168], [121.2561, 18.64086], [120.83313, 18.69292]]}]}}, {"type": "Feature", "geometry": {"type": "Polygon", "coordinates": [[[124.552, 6.45689], [124.72092, 6.48146], [124.60144, 6.77321], [124.52728, 6.80211], [124.45862, 6.76936], [124.47647, 6.68068], [124.552, 6.45689]]]}, "properties": {"id": "man-44ac", "status": "validé", "pieces": [{"kind": "polygon", "ring": [[124.552, 6.45689], [124.72092, 6.48146], [124.60144, 6.77321], [124.52728, 6.80211], [124.45862, 6.76936], [124.47647, 6.68068]]}]}}, {"type": "Feature", "geometry": {"type": "Polygon", "coordinates": [[[124.21143, 8.40667], [123.92303, 8.21907], [123.73627, 7.94702], [123.80219, 7.85177], [124.12628, 7.80276], [124.36798, 8.02321], [124.47235, 8.26257], [124.21143, 8.40667]]]}, "properties": {"id": "man-48e2", "status": "validé", "pieces": [{"kind": "polygon", "ring": [[124.21143, 8.40667], [123.92303, 8.21907], [123.73627, 7.94702], [123.80219, 7.85177], [124.12628, 7.80276], [124.36798, 8.02321], [124.47235, 8.26257]]}]}}, {"type": "Feature", "geometry": {"type": "MultiPolygon", "coordinates": [[[[125.2964, 9.92927], [125.29135, 9.92219], [125.28517, 9.91694], [125.27394, 9.91914], [125.26743, 9.92451], [125.26515, 9.93089], [125.26385, 9.93822], [125.26027, 9.94648], [125.23634, 9.97435], [125.19874, 10.03583], [125.16481, 10.05598], [125.14576, 10.07071], [125.13746, 10.08674], [125.12582, 10.12983], [125.12452, 10.1518], [125.13746, 10.16551], [125.1491, 10.16596], [125.15846, 10.16059], [125.17547, 10.14549], [125.21648, 10.12963], [125.22926, 10.12116], [125.23927, 10.10391], [125.25343, 10.03583], [125.26303, 10.02314], [125.27711, 10.00886], [125.28956, 9.99169], [125.2951, 9.97065], [125.30616, 9.93745], [125.30494, 9.93281], [125.2964, 9.92927]]], [[[125.1941, 10.60297], [125.19581, 10.58259], [125.18523, 10.53238], [125.18727, 10.51968], [125.19662, 10.49755], [125.19874, 10.48428], [125.19654, 10.44684], [125.19874, 10.43305], [125.20574, 10.41861], [125.21892, 10.39838], [125.23219, 10.38687], [125.23976, 10.39834], [125.24659, 10.39834], [125.25912, 10.38321], [125.26661, 10.36839], [125.27101, 10.34984], [125.27394, 10.32319], [125.27589, 10.30036], [125.27329, 10.27798], [125.26002, 10.26105], [125.22926, 10.25434], [125.15935, 10.28181], [125.14088, 10.2788], [125.13404, 10.25796], [125.13673, 10.22858], [125.14405, 10.201], [125.15105, 10.18545], [125.11704, 10.1975], [125.08855, 10.22899], [125.06886, 10.26724], [125.0617, 10.2993], [125.04664, 10.31932], [125.04493, 10.32319], [125.04152, 10.3286], [125.04176, 10.3642], [125.03004, 10.37539], [125.01043, 10.38304], [124.99098, 10.38133], [124.97975, 10.3642], [124.99301, 10.33491], [124.99558, 10.28639], [125.08209, 9.99802], [124.96674, 10.00614], [124.76349, 10.12788], [124.70032, 10.39556], [124.76074, 10.70081], [124.62341, 10.91403], [124.53278, 10.83847], [124.37897, 10.90054], [124.36798, 11.13788], [124.28558, 11.54738], [124.31305, 11.59583], [124.38236, 11.50248], [124.42481, 11.46776], [124.44313, 11.44693], [124.48015, 11.3852], [124.48365, 11.42768], [124.48959, 11.44668], [124.50327, 11.44383], [124.5337, 11.4217], [124.54526, 11.409], [124.56967, 11.34683], [124.59425, 11.31953], [124.62989, 11.30443], [124.67799, 11.30268], [124.71339, 11.31159], [124.74439, 11.32856], [124.79412, 11.37153], [124.83277, 11.42451], [124.84571, 11.43301], [124.85467, 11.43098], [124.87485, 11.42202], [124.88689, 11.41999], [124.89064, 11.42202], [124.89015, 11.43098], [124.89373, 11.43301], [124.90016, 11.43098], [124.90333, 11.42646], [124.90431, 11.42202], [124.90398, 11.41999], [124.9297, 11.42129], [124.93816, 11.41999], [124.94801, 11.41397], [124.96974, 11.39582], [124.97633, 11.39203], [124.98414, 11.38133], [124.98219, 11.3579], [124.9756, 11.33442], [124.96632, 11.31831], [124.96518, 11.30638], [124.96632, 11.29442], [124.96949, 11.28901], [124.97218, 11.2871], [124.97397, 11.27709], [124.97633, 11.27261], [124.98146, 11.26797], [124.98455, 11.26618], [124.9878, 11.26488], [124.99334, 11.26166], [125.00522, 11.25715], [125.01393, 11.25666], [125.01938, 11.25259], [125.02345, 11.22793], [125.02809, 11.2285], [125.03256, 11.23627], [125.03443, 11.24803], [125.04176, 11.24803], [125.04273, 11.21703], [125.04176, 11.2071], [125.03875, 11.19794], [125.02947, 11.18207], [125.0276, 11.17601], [125.02963, 11.16446], [125.03956, 11.14476], [125.04176, 11.1354], [125.03981, 11.10346], [125.05445, 11.01065], [125.05307, 10.96821], [125.01287, 10.84467], [125.00611, 10.79735], [125.01385, 10.75458], [125.02719, 10.74291], [125.08725, 10.71479], [125.11199, 10.70746], [125.12029, 10.70307], [125.12403, 10.69514], [125.13054, 10.66584], [125.16778, 10.62214], [125.16993, 10.61961], [125.17457, 10.61123], [125.1941, 10.60297]]], [[[124.38998, 10.6413], [124.37843, 10.62832], [124.30063, 10.59007], [124.28435, 10.60383], [124.28883, 10.61693], [124.30112, 10.63117], [124.30812, 10.64842], [124.30958, 10.66234], [124.31373, 10.6778], [124.31983, 10.69237], [124.32765, 10.70401], [124.34099, 10.71182], [124.35548, 10.71064], [124.36915, 10.70307], [124.37973, 10.69131], [124.38527, 10.67976], [124.38836, 10.66714], [124.38998, 10.6413]]], [[[124.5088, 10.64155], [124.46241, 10.63105], [124.40919, 10.64826], [124.40846, 10.68382], [124.43556, 10.71361], [124.46583, 10.71361], [124.50392, 10.69331], [124.52068, 10.66576], [124.5088, 10.64155]]]]}, "properties": {"id": "man-4f28", "status": "validé", "pieces": [{"kind": "admin1", "code": "PHL-2583"}, {"kind": "admin1", "code": "PHL-2585"}, {"kind": "admin1", "code": "PHL-5534"}, {"kind": "admin1", "code": "PHL-5535"}, {"kind": "polygon", "ring": [[124.28558, 11.54738], [124.36798, 11.13788], [124.37897, 10.90054], [124.53278, 10.83847], [124.62341, 10.91403], [124.76074, 10.70081], [124.70032, 10.39556], [124.76349, 10.12788], [124.96674, 10.00614], [125.08209, 9.99802], [124.79919, 10.94101], [124.31305, 11.59583]]}]}}, {"type": "Feature", "geometry": {"type": "Polygon", "coordinates": [[[125.46387, 7.26964], [125.29083, 6.77215], [125.3183, 6.62315], [125.6369, 7.03784], [125.68909, 7.24778], [125.76874, 7.37315], [125.52429, 7.39767], [125.46387, 7.26964]]]}, "properties": {"id": "man-52d6", "status": "validé", "pieces": [{"kind": "polygon", "ring": [[125.46387, 7.26964], [125.29083, 6.77215], [125.3183, 6.62315], [125.6369, 7.03784], [125.68909, 7.24778], [125.76874, 7.37315], [125.52429, 7.39767]]}]}}, {"type": "Feature", "geometry": {"type": "Polygon", "coordinates": [[[123.46573, 7.78388], [123.43689, 7.84513], [123.44788, 7.88324], [123.55499, 7.89984], [123.62228, 7.89984], [123.70468, 7.89984], [123.85437, 7.80235], [124.03564, 7.72612], [124.35699, 7.57634], [124.40781, 7.29094], [124.23615, 7.04069], [124.20456, 6.97251], [124.16267, 6.91605], [124.06311, 6.98288], [123.97247, 7.08693], [124.14825, 7.28321], [124.17572, 7.3677], [124.03564, 7.55296], [123.89557, 7.65374], [123.71979, 7.7082], [123.66486, 7.7681], [123.56598, 7.80621], [123.54126, 7.82527], [123.46573, 7.78388]]]}, "properties": {"id": "man-5412", "status": "validé", "pieces": [{"kind": "polygon", "ring": [[123.46573, 7.78388], [123.43689, 7.84513], [123.44788, 7.88324], [123.55499, 7.89984], [123.62228, 7.89984], [123.70468, 7.89984], [123.85437, 7.80235], [124.03564, 7.72612], [124.35699, 7.57634], [124.40781, 7.29094], [124.23615, 7.04069], [124.20456, 6.97251], [124.16267, 6.91605], [124.06311, 6.98288], [123.97247, 7.08693], [124.14825, 7.28321], [124.17572, 7.3677], [124.03564, 7.55296], [123.89557, 7.65374], [123.71979, 7.7082], [123.66486, 7.7681], [123.56598, 7.80621], [123.54126, 7.82527]]}]}}, {"type": "Feature", "geometry": {"type": "Polygon", "coordinates": [[[120.32501220703126, 17.66200880400263], [120.48980712890626, 17.599160432960232], [120.84411621093751, 18.44834670293207], [121.59942626953126, 18.289274483330676], [121.62689208984375, 18.469197739065507], [121.0968017578125, 18.648932482477115], [120.96771240234376, 18.617687876494244], [120.68206787109376, 18.714006936808204], [120.56396484375001, 18.59425065405915], [120.52276611328126, 18.362309445665705], [120.46783447265626, 18.1535565364396], [120.39916992187501, 17.847806497348525], [120.32501220703126, 17.66200880400263]]]}, "properties": {"id": "man-5439", "status": "validé", "pieces": [{"kind": "polygon", "ring": [[120.32501, 17.66201], [120.48981, 17.59916], [120.84412, 18.44835], [121.59943, 18.28927], [121.62689, 18.4692], [121.0968, 18.64893], [120.96771, 18.61769], [120.68207, 18.71401], [120.56396, 18.59425], [120.52277, 18.36231], [120.46783, 18.15356], [120.39917, 17.84781]]}]}}, {"type": "Feature", "geometry": {"type": "Polygon", "coordinates": [[[122.13501, 14.18439], [122.69531, 13.64029], [123.46985, 12.82717], [123.96423, 12.50026], [124.19495, 12.45197], [124.3103, 13.18608], [123.63464, 13.63511], [124.01917, 13.67249], [124.03564, 13.84331], [123.25012, 14.18988], [123.21716, 13.83797], [122.96448, 14.2538], [122.33826, 14.4608], [122.13501, 14.18439]]]}, "properties": {"id": "man-56fc", "status": "validé", "pieces": [{"kind": "polygon", "ring": [[122.13501, 14.18439], [122.69531, 13.64029], [123.46985, 12.82717], [123.96423, 12.50026], [124.19495, 12.45197], [124.3103, 13.18608], [123.63464, 13.63511], [124.01917, 13.67249], [124.03564, 13.84331], [123.25012, 14.18988], [123.21716, 13.83797], [122.96448, 14.2538], [122.33826, 14.4608]]}]}}, {"type": "Feature", "geometry": {"type": "Polygon", "coordinates": [[[123.21854, 12.59995], [123.22266, 12.35715], [123.13202, 11.93273], [123.17596, 11.8803], [123.3902, 12.08726], [123.452, 12.18666], [123.53989, 12.1692], [123.59207, 12.07114], [123.70605, 11.9717], [123.71155, 11.90315], [123.89282, 11.85744], [124.03702, 11.72564], [124.08371, 11.6947], [124.09332, 11.75658], [124.07959, 11.78617], [124.09882, 11.86013], [124.06448, 11.94348], [123.9505, 12.15865], [123.87085, 12.23654], [123.76373, 12.26608], [123.68408, 12.37614], [123.62366, 12.39358], [123.52615, 12.48213], [123.43002, 12.54115], [123.38058, 12.53712], [123.38745, 12.55724], [123.21854, 12.59995]]]}, "properties": {"id": "man-5e24", "status": "validé", "pieces": [{"kind": "polygon", "ring": [[123.21854, 12.59995], [123.22266, 12.35715], [123.13202, 11.93273], [123.17596, 11.8803], [123.3902, 12.08726], [123.452, 12.18666], [123.53989, 12.1692], [123.59207, 12.07114], [123.70605, 11.9717], [123.71155, 11.90315], [123.89282, 11.85744], [124.03702, 11.72564], [124.08371, 11.6947], [124.09332, 11.75658], [124.07959, 11.78617], [124.09882, 11.86013], [124.06448, 11.94348], [123.9505, 12.15865], [123.87085, 12.23654], [123.76373, 12.26608], [123.68408, 12.37614], [123.62366, 12.39358], [123.52615, 12.48213], [123.43002, 12.54115], [123.38058, 12.53712], [123.38745, 12.55724]]}]}}, {"type": "Feature", "geometry": null, "properties": {"id": "man-5eaf", "status": "validé", "pieces": [{"kind": "admin1", "code": "PHL-2514"}]}}, {"type": "Feature", "geometry": {"type": "MultiPolygon", "coordinates": [[[[124.99832, 10.40226], [125.00519, 10.22335], [124.75525, 10.25039], [124.70993, 10.39685], [124.99832, 10.40226]]], [[[124.6138, 11.16259], [124.36661, 11.02373], [124.33228, 11.31621], [124.43665, 11.4684], [124.6138, 11.16259]]]]}, "properties": {"id": "man-6079", "status": "validé", "pieces": [{"kind": "polygon", "ring": [[124.43665, 11.4684], [124.6138, 11.16259], [124.36661, 11.02373], [124.33228, 11.31621]]}, {"kind": "polygon", "ring": [[124.70993, 10.39685], [124.99832, 10.40226], [125.00519, 10.22335], [124.75525, 10.25039]]}]}}, {"type": "Feature", "geometry": null, "properties": {"id": "man-67a1", "status": "validé", "pieces": [{"kind": "admin1", "code": "PHL-2570"}]}}, {"type": "Feature", "geometry": {"type": "MultiPolygon", "coordinates": [[[[125.68359, 7.65116], [125.98434, 7.7954], [126.17386, 7.67423], [126.26038, 7.14934], [125.90607, 7.02304], [125.83054, 7.29294], [125.79071, 7.30107], [125.69733, 7.50135], [125.68359, 7.65116]]], [[[126.43616, 8.84055], [126.26587, 8.59067], [126.0022, 8.73193], [125.96924, 9.00884], [126.26587, 9.04684], [126.43616, 8.84055]]]]}, "properties": {"id": "man-682d", "status": "validé", "pieces": [{"kind": "polygon", "ring": [[125.69733, 7.50135], [125.79071, 7.30107], [125.83054, 7.29294], [125.90607, 7.02304], [126.26038, 7.14934], [126.17386, 7.67423], [125.98434, 7.7954], [125.68359, 7.65116]]}, {"kind": "polygon", "ring": [[126.26587, 9.04684], [125.96924, 9.00884], [126.0022, 8.73193], [126.26587, 8.59067], [126.43616, 8.84055]]}]}}, {"type": "Feature", "geometry": {"type": "Polygon", "coordinates": [[[124.5163, 12.04046], [124.8555, 11.74604], [124.94751, 11.55476], [125.13153, 11.48476], [125.1123, 11.86149], [124.63715, 12.20815], [124.54926, 12.4095], [125.0766, 12.4256], [124.98596, 12.65358], [124.53552, 12.58119], [124.23615, 12.60264], [124.32404, 12.34508], [124.36798, 12.19204], [124.5163, 12.04046]]]}, "properties": {"id": "man-6973", "status": "validé", "pieces": [{"kind": "polygon", "ring": [[124.5163, 12.04046], [124.8555, 11.74604], [124.94751, 11.55476], [125.13153, 11.48476], [125.1123, 11.86149], [124.63715, 12.20815], [124.54926, 12.4095], [125.0766, 12.4256], [124.98596, 12.65358], [124.53552, 12.58119], [124.23615, 12.60264], [124.32404, 12.34508], [124.36798, 12.19204]]}]}}, {"type": "Feature", "geometry": {"type": "Polygon", "coordinates": [[[120.16846, 14.69445], [120.31952, 14.77983], [120.3717, 14.88342], [120.2124, 15.84461], [119.89105, 15.84769], [119.81689, 15.8239], [119.88831, 15.51965], [119.84711, 15.43756], [119.96796, 15.24412], [120.03662, 14.90452], [120.10529, 14.71325], [120.16846, 14.69445]]]}, "properties": {"id": "man-69c3", "status": "validé", "pieces": [{"kind": "polygon", "ring": [[120.16846, 14.69445], [120.31952, 14.77983], [120.3717, 14.88342], [120.2124, 15.84461], [119.89105, 15.84769], [119.81689, 15.8239], [119.88831, 15.51965], [119.84711, 15.43756], [119.96796, 15.24412], [120.03662, 14.90452], [120.10529, 14.71325]]}]}}, {"type": "Feature", "geometry": {"type": "Polygon", "coordinates": [[[122.72141, 10.43089], [122.73651, 10.46062], [122.69806, 10.49169], [122.742, 10.69696], [122.65549, 10.76175], [122.61703, 10.73881], [122.59506, 10.67806], [122.57446, 10.66726], [122.54837, 10.66321], [122.50854, 10.60109], [122.5058, 10.54032], [122.47833, 10.52546], [122.46597, 10.47953], [122.50305, 10.40117], [122.54562, 10.38765], [122.62802, 10.37144], [122.61292, 10.42819], [122.6445, 10.44711], [122.65961, 10.44846], [122.72141, 10.43089]]]}, "properties": {"id": "man-6ed2", "status": "validé", "pieces": [{"kind": "polygon", "ring": [[122.72141, 10.43089], [122.73651, 10.46062], [122.69806, 10.49169], [122.742, 10.69696], [122.65549, 10.76175], [122.61703, 10.73881], [122.59506, 10.67806], [122.57446, 10.66726], [122.54837, 10.66321], [122.50854, 10.60109], [122.5058, 10.54032], [122.47833, 10.52546], [122.46597, 10.47953], [122.50305, 10.40117], [122.54562, 10.38765], [122.62802, 10.37144], [122.61292, 10.42819], [122.6445, 10.44711], [122.65961, 10.44846]]}]}}, {"type": "Feature", "geometry": {"type": "Polygon", "coordinates": [[[124.56985, 11.07194], [124.56848, 11.01396], [124.61105, 10.92562], [124.70238, 10.98159], [124.66873, 11.05239], [124.58359, 11.0861], [124.56985, 11.07194]]]}, "properties": {"id": "man-6eed", "status": "validé", "pieces": [{"kind": "polygon", "ring": [[124.56985, 11.07194], [124.56848, 11.01396], [124.61105, 10.92562], [124.70238, 10.98159], [124.66873, 11.05239], [124.58359, 11.0861]]}]}}, {"type": "Feature", "geometry": {"type": "Polygon", "coordinates": [[[124.03015, 8.11321], [124.03564, 8.06152], [123.90656, 7.84926], [123.57971, 7.95813], [123.58246, 8.30358], [123.86702, 8.32873], [123.86931, 8.24331], [123.88478, 8.18545], [123.88299, 8.1645], [123.8733, 8.15327], [123.76775, 8.05903], [123.74578, 8.04841], [123.7024, 8.0458], [123.68474, 8.03681], [123.67766, 8.01073], [123.67758, 8.01061], [123.6775, 8.0102], [123.67644, 8.00007], [123.67172, 7.98066], [123.67066, 7.96922], [123.67075, 7.96918], [123.67213, 7.96776], [123.67644, 7.96336], [123.67669, 7.96349], [123.68897, 7.96833], [123.70086, 7.97647], [123.70485, 7.98013], [123.74098, 8.00043], [123.87371, 8.10517], [123.8864, 8.1092], [123.90748, 8.11323], [123.92205, 8.12324], [123.94508, 8.15013], [123.96892, 8.16779], [123.98933, 8.17662], [124.03015, 8.11321]]]}, "properties": {"id": "man-6f41", "status": "validé", "pieces": [{"kind": "polygon", "ring": [[123.89008, 8.33077], [123.58246, 8.30358], [123.57971, 7.95813], [123.90656, 7.84926], [124.03564, 8.06152], [124.03015, 8.11321]]}, {"kind": "clip"}]}}, {"type": "Feature", "geometry": {"type": "Polygon", "coordinates": [[[121.89331, 10.71969], [121.87134, 10.37933], [122.11853, 10.40635], [122.3822, 10.60628], [122.50305, 10.28742], [122.68982, 10.3577], [122.75024, 10.54686], [122.81616, 10.94639], [123.1842, 11.14056], [123.26385, 11.39396], [123.30505, 11.54476], [123.1485, 11.62551], [122.97546, 11.51514], [122.79694, 11.70086], [122.60742, 11.57437], [122.22565, 11.86763], [121.9455, 11.94006], [121.86584, 11.9199], [121.83151, 11.72088], [122.06635, 11.69666], [122.00317, 11.44241], [122.00317, 11.03816], [121.89331, 10.71969]]]}, "properties": {"id": "man-727b", "status": "validé", "pieces": [{"kind": "polygon", "ring": [[121.89331, 10.71969], [121.87134, 10.37933], [122.11853, 10.40635], [122.3822, 10.60628], [122.50305, 10.28742], [122.68982, 10.3577], [122.75024, 10.54686], [122.81616, 10.94639], [123.1842, 11.14056], [123.26385, 11.39396], [123.30505, 11.54476], [123.1485, 11.62551], [122.97546, 11.51514], [122.79694, 11.70086], [122.60742, 11.57437], [122.22565, 11.86763], [121.9455, 11.94006], [121.86584, 11.9199], [121.83151, 11.72088], [122.06635, 11.69666], [122.00317, 11.44241], [122.00317, 11.03816]]}]}}, {"type": "Feature", "geometry": {"type": "Polygon", "coordinates": [[[122.9607, 14.16355], [122.88689, 14.15589], [122.90886, 14.05529], [123.00224, 14.01931], [123.05443, 14.08928], [123.00636, 14.13458], [122.9607, 14.16355]]]}, "properties": {"id": "man-7336", "status": "validé", "pieces": [{"kind": "polygon", "ring": [[122.9607, 14.16355], [122.88689, 14.15589], [122.90886, 14.05529], [123.00224, 14.01931], [123.05443, 14.08928], [123.00636, 14.13458]]}]}}, {"type": "Feature", "geometry": {"type": "Polygon", "coordinates": [[[125.09612, 5.85252], [125.06418, 5.81834], [124.95872, 5.82141], [124.96834, 5.8925], [125.0391, 5.89387], [125.05366, 5.95807], [125.05307, 5.95814], [125.04821, 6.00485], [125.03605, 6.06349], [125.03605, 6.19637], [125.0885, 6.19287], [125.03652, 6.1988], [124.96507, 6.26438], [124.86202, 6.35726], [124.84003, 6.41872], [124.78782, 6.48564], [124.79744, 6.54572], [124.83866, 6.55937], [124.89362, 6.5266], [124.91698, 6.46379], [124.92522, 6.40643], [125.10255, 6.25185], [125.13742, 6.32071], [125.24779, 6.28202], [125.27187, 6.26608], [125.27084, 6.25047], [125.26835, 6.23562], [125.25554, 6.21179], [125.23993, 6.18758], [125.23425, 6.15833], [125.23711, 6.13453], [125.2376, 6.13603], [125.27882, 6.12817], [125.30733, 6.09845], [125.31901, 6.07351], [125.31489, 5.98467], [125.27504, 5.9857], [125.26989, 6.02055], [125.26267, 6.07556], [125.24008, 6.09429], [125.24008, 6.09422], [125.22926, 6.0954], [125.19142, 6.09512], [125.17945, 6.10676], [125.16896, 6.11196], [125.15789, 6.10879], [125.15528, 6.10016], [125.15772, 6.07429], [125.15447, 6.06436], [125.14527, 6.05004], [125.1131, 5.95589], [125.09612, 5.85252]]]}, "properties": {"id": "man-7570", "status": "validé", "pieces": [{"kind": "admin1", "code": "PHL-5529"}, {"kind": "polygon", "ring": [[125.03652, 6.1988], [124.96507, 6.26438], [124.86202, 6.35726], [124.84003, 6.41872], [124.78782, 6.48564], [124.79744, 6.54572], [124.83866, 6.55937], [124.89362, 6.5266], [124.91698, 6.46379], [124.92522, 6.40643], [125.10385, 6.25071], [125.12034, 6.18924]]}, {"kind": "polygon", "ring": [[125.05421, 5.96051], [125.0391, 5.89387], [124.96834, 5.8925], [124.95872, 5.82141], [125.06418, 5.81834], [125.09612, 5.85252], [125.1133, 5.95709]]}, {"kind": "polygon", "ring": [[125.24, 6.09435], [125.26267, 6.07556], [125.26989, 6.02055], [125.27504, 5.9857], [125.31489, 5.98467], [125.31901, 6.07351], [125.30733, 6.09845], [125.27882, 6.12817], [125.2376, 6.13603], [125.23176, 6.11826]]}]}}, {"type": "Feature", "geometry": {"type": "Polygon", "coordinates": [[[120.36072, 14.49167], [120.6189, 14.34797], [120.6958, 14.55019], [120.63538, 14.78943], [121.0199, 14.77947], [121.14624, 14.95408], [121.04462, 15.51409], [120.66833, 15.73372], [119.86633, 15.51108], [119.99268, 15.1719], [120.15747, 14.67275], [120.23438, 14.68338], [120.36072, 14.49167]]]}, "properties": {"id": "man-76b9", "status": "validé", "pieces": [{"kind": "polygon", "ring": [[120.36072, 14.49167], [120.6189, 14.34797], [120.6958, 14.55019], [120.63538, 14.78943], [121.0199, 14.77947], [121.14624, 14.95408], [121.04462, 15.51409], [120.66833, 15.73372], [119.86633, 15.51108], [119.99268, 15.1719], [120.15747, 14.67275], [120.23438, 14.68338]]}]}}, {"type": "Feature", "geometry": {"type": "Polygon", "coordinates": [[[125.10406, 8.87952], [125.1384, 8.77498], [126.0791, 7.82964], [126.51855, 7.84598], [126.6449, 8.92244], [125.71381, 9.67912], [125.63828, 9.62638], [125.58884, 9.71442], [125.52429, 9.80649], [125.41443, 9.83762], [125.33752, 9.68731], [125.44739, 9.0909], [125.32104, 9.0502], [125.15076, 9.16687], [125.10406, 8.87952]]]}, "properties": {"id": "man-76c5", "status": "validé", "pieces": [{"kind": "polygon", "ring": [[125.10406, 8.87952], [125.1384, 8.77498], [126.0791, 7.82964], [126.51855, 7.84598], [126.6449, 8.92244], [125.71381, 9.67912], [125.63828, 9.62638], [125.58884, 9.71442], [125.52429, 9.80649], [125.41443, 9.83762], [125.33752, 9.68731], [125.44739, 9.0909], [125.32104, 9.0502], [125.15076, 9.16687]]}]}}, {"type": "Feature", "geometry": {"type": "Polygon", "coordinates": [[[122.17896, 14.13349], [122.69531, 13.56791], [123.49731, 12.76526], [124.10156, 12.3576], [124.33228, 12.80814], [124.33228, 13.17227], [123.80493, 13.47173], [123.72803, 13.59996], [123.93677, 13.66405], [124.04663, 13.77082], [123.66211, 14.05887], [123.21167, 14.27201], [123.14575, 13.93089], [122.77222, 14.48494], [122.28882, 14.36785], [122.17896, 14.13349]]]}, "properties": {"id": "man-771e", "status": "validé", "pieces": [{"kind": "polygon", "ring": [[122.17896, 14.13349], [122.69531, 13.56791], [123.49731, 12.76526], [124.10156, 12.3576], [124.33228, 12.80814], [124.33228, 13.17227], [123.80493, 13.47173], [123.72803, 13.59996], [123.93677, 13.66405], [124.04663, 13.77082], [123.66211, 14.05887], [123.21167, 14.27201], [123.14575, 13.93089], [122.77222, 14.48494], [122.28882, 14.36785]]}]}}, {"type": "Feature", "geometry": {"type": "Polygon", "coordinates": [[[122.74475, 14.37046], [122.64038, 13.72006], [123.20068, 13.13743], [123.44238, 12.85899], [123.6731, 12.8697], [123.89832, 13.34606], [123.8269, 13.5919], [123.99719, 13.68269], [123.95325, 13.86416], [123.85437, 14.05616], [123.20618, 14.24266], [123.23364, 13.84815], [123.06885, 14.21603], [122.74475, 14.37046]]]}, "properties": {"id": "man-7a0f", "status": "validé", "pieces": [{"kind": "polygon", "ring": [[122.74475, 14.37046], [122.64038, 13.72006], [123.20068, 13.13743], [123.44238, 12.85899], [123.6731, 12.8697], [123.89832, 13.34606], [123.8269, 13.5919], [123.99719, 13.68269], [123.95325, 13.86416], [123.85437, 14.05616], [123.20618, 14.24266], [123.23364, 13.84815], [123.06885, 14.21603]]}]}}, {"type": "Feature", "geometry": {"type": "Polygon", "coordinates": [[[120.79193, 18.58935], [120.80566, 18.45126], [121.57333, 18.18181], [121.54724, 18.04542], [121.44836, 16.90954], [120.6958, 16.47264], [121.50879, 15.72288], [121.82739, 16.09283], [122.26135, 16.3092], [122.72827, 17.30785], [122.35474, 17.9259], [122.59644, 18.56785], [122.08557, 18.64598], [121.90979, 18.38021], [121.23962, 18.71365], [121.02539, 18.67722], [120.79193, 18.58935]]]}, "properties": {"id": "man-7c9a", "status": "validé", "pieces": [{"kind": "polygon", "ring": [[120.79193, 18.58935], [120.80566, 18.45126], [121.57333, 18.18181], [121.54724, 18.04542], [121.44836, 16.90954], [120.6958, 16.47264], [121.50879, 15.72288], [121.82739, 16.09283], [122.26135, 16.3092], [122.72827, 17.30785], [122.35474, 17.9259], [122.59644, 18.56785], [122.08557, 18.64598], [121.90979, 18.38021], [121.23962, 18.71365], [121.02539, 18.67722]]}]}}, {"type": "Feature", "geometry": {"type": "Polygon", "coordinates": [[[125.67741, 7.06329], [125.6678, 7.07556], [125.66162, 7.11443], [125.68222, 7.1342], [125.69321, 7.19965], [125.71518, 7.20238], [125.72754, 7.19011], [125.73235, 7.17102], [125.74677, 7.17238], [125.76736, 7.16147], [125.78247, 7.14511], [125.79895, 7.11988], [125.79414, 7.10352], [125.78522, 7.0817], [125.78247, 7.0476], [125.77698, 7.02578], [125.78522, 7.00123], [125.78934, 6.98758], [125.79002, 6.96098], [125.79414, 6.93779], [125.78384, 6.91665], [125.76736, 6.88663], [125.75912, 6.88731], [125.74745, 6.89959], [125.71999, 6.96371], [125.72411, 7.00464], [125.71655, 7.03123], [125.71449, 7.05306], [125.70419, 7.07283], [125.68497, 7.05988], [125.67741, 7.06329]]]}, "properties": {"id": "man-7def", "status": "validé", "pieces": [{"kind": "polygon", "ring": [[125.67741, 7.06329], [125.6678, 7.07556], [125.66162, 7.11443], [125.68222, 7.1342], [125.69321, 7.19965], [125.71518, 7.20238], [125.72754, 7.19011], [125.73235, 7.17102], [125.74677, 7.17238], [125.76736, 7.16147], [125.78247, 7.14511], [125.79895, 7.11988], [125.79414, 7.10352], [125.78522, 7.0817], [125.78247, 7.0476], [125.77698, 7.02578], [125.78522, 7.00123], [125.78934, 6.98758], [125.79002, 6.96098], [125.79414, 6.93779], [125.78384, 6.91665], [125.76736, 6.88663], [125.75912, 6.88731], [125.74745, 6.89959], [125.71999, 6.96371], [125.72411, 7.00464], [125.71655, 7.03123], [125.71449, 7.05306], [125.70419, 7.07283], [125.68497, 7.05988]]}]}}, {"type": "Feature", "geometry": {"type": "Polygon", "coordinates": [[[123.21991, 12.61325], [123.1897, 12.18118], [123.09631, 11.91515], [123.23914, 11.84792], [123.47534, 12.1973], [123.69507, 11.96891], [123.71429, 11.90439], [124.06586, 11.67845], [124.13177, 11.86675], [123.91754, 12.25369], [123.71704, 12.3396], [123.40942, 12.58644], [123.21991, 12.61325]]]}, "properties": {"id": "man-8417", "status": "validé", "pieces": [{"kind": "polygon", "ring": [[123.21991, 12.61325], [123.1897, 12.18118], [123.09631, 11.91515], [123.23914, 11.84792], [123.47534, 12.1973], [123.69507, 11.96891], [123.71429, 11.90439], [124.06586, 11.67845], [124.13177, 11.86675], [123.91754, 12.25369], [123.71704, 12.3396], [123.40942, 12.58644]]}]}}, {"type": "Feature", "geometry": null, "properties": {"id": "man-8766", "status": "validé", "pieces": [{"kind": "admin1", "code": "PHL-2520"}]}}, {"type": "Feature", "geometry": {"type": "Polygon", "coordinates": [[[123.80219, 9.5206], [123.95187, 9.63576], [123.93265, 9.78472], [124.0686, 9.98097], [123.97247, 10.03509], [123.7706, 9.84564], [123.76511, 9.69399], [123.70331, 9.56396], [123.80219, 9.5206]]]}, "properties": {"id": "man-87b0", "status": "validé", "pieces": [{"kind": "polygon", "ring": [[123.80219, 9.5206], [123.95187, 9.63576], [123.93265, 9.78472], [124.0686, 9.98097], [123.97247, 10.03509], [123.7706, 9.84564], [123.76511, 9.69399], [123.70331, 9.56396]]}]}}, {"type": "Feature", "geometry": {"type": "Polygon", "coordinates": [[[124.27872, 7.28543], [124.22997, 7.15868], [124.35699, 6.94492], [124.90082, 6.64752], [125.2359, 7.05401], [125.16174, 7.17944], [124.96948, 7.34563], [124.4339, 7.39195], [124.27872, 7.28543]]]}, "properties": {"id": "man-891e", "status": "validé", "pieces": [{"kind": "polygon", "ring": [[124.27872, 7.28543], [124.22997, 7.15868], [124.35699, 6.94492], [124.90082, 6.64752], [125.2359, 7.05401], [125.16174, 7.17944], [124.96948, 7.34563], [124.4339, 7.39195]]}]}}, {"type": "Feature", "geometry": {"type": "Polygon", "coordinates": [[[123.86536, 10.98309], [123.39294, 10.09163], [123.33527, 9.84623], [123.28857, 9.49681], [123.29681, 9.40466], [123.36273, 9.39924], [123.44788, 9.49139], [123.53851, 9.70001], [123.58246, 9.81104], [123.6676, 10.07898], [123.8269, 10.23585], [123.98346, 10.23855], [124.08508, 10.3521], [124.02466, 10.37102], [124.10156, 10.55476], [124.04388, 10.73299], [124.07684, 10.83016], [124.09058, 10.97317], [124.04388, 11.07835], [124.09607, 11.32363], [123.89282, 11.1781], [123.86536, 10.98309]]]}, "properties": {"id": "man-8990", "status": "validé", "pieces": [{"kind": "polygon", "ring": [[123.86536, 10.98309], [123.39294, 10.09163], [123.33527, 9.84623], [123.28857, 9.49681], [123.29681, 9.40466], [123.36273, 9.39924], [123.44788, 9.49139], [123.53851, 9.70001], [123.58246, 9.81104], [123.6676, 10.07898], [123.8269, 10.23585], [123.98346, 10.23855], [124.08508, 10.3521], [124.02466, 10.37102], [124.10156, 10.55476], [124.04388, 10.73299], [124.07684, 10.83016], [124.09058, 10.97317], [124.04388, 11.07835], [124.09607, 11.32363], [123.89282, 11.1781]]}]}}, {"type": "Feature", "geometry": {"type": "Polygon", "coordinates": [[[120.73425, 14.35684], [121.0144, 14.12513], [121.16547, 14.18375], [121.12427, 14.3382], [121.10229, 14.43934], [121.12152, 14.48191], [121.19843, 14.48723], [121.28082, 14.5165], [121.34125, 14.68136], [121.2616, 14.79031], [121.17371, 14.87], [120.88257, 14.8089], [120.89081, 14.64148], [120.91827, 14.50586], [120.83588, 14.42338], [120.73425, 14.35684]]]}, "properties": {"id": "man-8c6b", "status": "validé", "pieces": [{"kind": "polygon", "ring": [[120.73425, 14.35684], [121.0144, 14.12513], [121.16547, 14.18375], [121.12427, 14.3382], [121.10229, 14.43934], [121.12152, 14.48191], [121.19843, 14.48723], [121.28082, 14.5165], [121.34125, 14.68136], [121.2616, 14.79031], [121.17371, 14.87], [120.88257, 14.8089], [120.89081, 14.64148], [120.91827, 14.50586], [120.83588, 14.42338]]}]}}, {"type": "Feature", "geometry": null, "properties": {"id": "man-8e19", "status": "validé", "pieces": [{"kind": "admin1", "code": "PHL-2529"}]}}, {"type": "Feature", "geometry": {"type": "Polygon", "coordinates": [[[121.81091, 10.73567], [121.8988, 10.29802], [122.13501, 10.34668], [122.61292, 10.3737], [122.76672, 10.50341], [122.84363, 10.903], [123.20068, 11.12417], [123.29407, 11.62521], [122.93701, 11.57138], [122.67883, 11.6898], [122.58545, 11.63059], [121.95923, 11.95874], [121.79993, 11.91035], [121.81641, 11.72746], [122.08008, 11.66289], [121.98669, 11.11878], [121.89331, 10.77886], [121.81091, 10.73567]]]}, "properties": {"id": "man-9017", "status": "validé", "pieces": [{"kind": "polygon", "ring": [[121.81091, 10.73567], [121.8988, 10.29802], [122.13501, 10.34668], [122.61292, 10.3737], [122.76672, 10.50341], [122.84363, 10.903], [123.20068, 11.12417], [123.29407, 11.62521], [122.93701, 11.57138], [122.67883, 11.6898], [122.58545, 11.63059], [121.95923, 11.95874], [121.79993, 11.91035], [121.81641, 11.72746], [122.08008, 11.66289], [121.98669, 11.11878], [121.89331, 10.77886]]}]}}, {"type": "Feature", "geometry": {"type": "Polygon", "coordinates": [[[121.04736, 14.42877], [120.91003, 14.47933], [120.70129, 14.33029], [120.78094, 14.08523], [120.9375, 14.01593], [121.12152, 14.00793], [121.69281, 14.14919], [121.70105, 14.21046], [121.06384, 14.10922], [121.03088, 14.14652], [121.04736, 14.42877]]]}, "properties": {"id": "man-9037", "status": "validé", "pieces": [{"kind": "polygon", "ring": [[121.04736, 14.42877], [120.91003, 14.47933], [120.70129, 14.33029], [120.78094, 14.08523], [120.9375, 14.01593], [121.12152, 14.00793], [121.69281, 14.14919], [121.70105, 14.21046], [121.06384, 14.10922], [121.03088, 14.14652]]}]}}, {"type": "Feature", "geometry": {"type": "Polygon", "coordinates": [[[119.69055, 15.9503], [120.10254, 15.8023], [120.6189, 15.69649], [121.02539, 15.85519], [120.84961, 16.4146], [120.64636, 16.58849], [120.8606, 17.38691], [121.02539, 18.64636], [120.67932, 18.83371], [120.40466, 18.20841], [120.20691, 17.69598], [120.39368, 17.20842], [120.17395, 16.46151], [120.17944, 16.24004], [120.02563, 16.46151], [119.73999, 16.51421], [119.69055, 15.9503]]]}, "properties": {"id": "man-996a", "status": "validé", "pieces": [{"kind": "polygon", "ring": [[119.69055, 15.9503], [120.10254, 15.8023], [120.6189, 15.69649], [121.02539, 15.85519], [120.84961, 16.4146], [120.64636, 16.58849], [120.8606, 17.38691], [121.02539, 18.64636], [120.67932, 18.83371], [120.40466, 18.20841], [120.20691, 17.69598], [120.39368, 17.20842], [120.17395, 16.46151], [120.17944, 16.24004], [120.02563, 16.46151], [119.73999, 16.51421]]}]}}, {"type": "Feature", "geometry": {"type": "Polygon", "coordinates": [[[121.06934, 14.39939], [120.81116, 14.46325], [120.56671, 14.20768], [120.60242, 13.7464], [121.00891, 13.64228], [121.23413, 13.55682], [121.55273, 13.66364], [121.60767, 13.84513], [122.20367, 13.58353], [122.11578, 14.00249], [121.74774, 14.23698], [121.39343, 14.30622], [121.27808, 14.221], [121.18469, 14.26894], [121.06934, 14.39939]]]}, "properties": {"id": "man-9a13", "status": "validé", "pieces": [{"kind": "polygon", "ring": [[121.06934, 14.39939], [120.81116, 14.46325], [120.56671, 14.20768], [120.60242, 13.7464], [121.00891, 13.64228], [121.23413, 13.55682], [121.55273, 13.66364], [121.60767, 13.84513], [122.20367, 13.58353], [122.11578, 14.00249], [121.74774, 14.23698], [121.39343, 14.30622], [121.27808, 14.221], [121.18469, 14.26894]]}]}}, {"type": "Feature", "geometry": {"type": "Polygon", "coordinates": [[[123.84888, 10.00378], [123.7088, 9.85491], [123.76648, 9.65452], [123.65662, 9.57595], [123.74176, 9.51905], [123.89832, 9.52718], [123.94226, 9.5895], [124.21143, 9.58137], [124.41467, 9.61389], [124.5108, 9.72223], [124.63989, 9.70057], [124.62341, 9.83055], [124.61517, 9.95236], [124.59045, 10.03895], [124.6344, 10.11741], [124.60693, 10.16609], [124.42017, 10.15257], [124.3103, 10.22018], [124.14551, 10.24181], [124.01642, 10.07683], [123.96698, 9.9686], [123.89832, 9.96589], [123.84888, 10.00378]]]}, "properties": {"id": "man-9a3e", "status": "validé", "pieces": [{"kind": "polygon", "ring": [[123.84888, 10.00378], [123.7088, 9.85491], [123.76648, 9.65452], [123.65662, 9.57595], [123.74176, 9.51905], [123.89832, 9.52718], [123.94226, 9.5895], [124.21143, 9.58137], [124.41467, 9.61389], [124.5108, 9.72223], [124.63989, 9.70057], [124.62341, 9.83055], [124.61517, 9.95236], [124.59045, 10.03895], [124.6344, 10.11741], [124.60693, 10.16609], [124.42017, 10.15257], [124.3103, 10.22018], [124.14551, 10.24181], [124.01642, 10.07683], [123.96698, 9.9686], [123.89832, 9.96589]]}]}}, {"type": "Feature", "geometry": {"type": "Polygon", "coordinates": [[[123.86536, 9.99828], [123.73901, 9.88732], [123.74176, 9.61922], [123.73627, 9.54607], [123.85712, 9.5], [124.05487, 9.55691], [124.49158, 9.65173], [124.63165, 9.75736], [124.64539, 9.94686], [124.60144, 10.2228], [124.1153, 10.2201], [123.97522, 10.00099], [123.86536, 9.99828]]]}, "properties": {"id": "man-9a48", "status": "validé", "pieces": [{"kind": "polygon", "ring": [[123.86536, 9.99828], [123.73901, 9.88732], [123.74176, 9.61922], [123.73627, 9.54607], [123.85712, 9.5], [124.05487, 9.55691], [124.49158, 9.65173], [124.63165, 9.75736], [124.64539, 9.94686], [124.60144, 10.2228], [124.1153, 10.2201], [123.97522, 10.00099]]}]}}, {"type": "Feature", "geometry": {"type": "Polygon", "coordinates": [[[123.60443, 10.85213], [123.48633, 10.76846], [123.12653, 10.90609], [122.95624, 10.51191], [122.96173, 10.16317], [122.90131, 9.87906], [122.76398, 9.82491], [122.63214, 10.0712], [122.7887, 10.49566], [122.9837, 10.99778], [123.28033, 11.05981], [123.60443, 10.85213]]]}, "properties": {"id": "man-9b53", "status": "validé", "pieces": [{"kind": "polygon", "ring": [[123.60443, 10.85213], [123.48633, 10.76846], [123.12653, 10.90609], [122.95624, 10.51191], [122.96173, 10.16317], [122.90131, 9.87906], [122.76398, 9.82491], [122.63214, 10.0712], [122.7887, 10.49566], [122.9837, 10.99778], [123.28033, 11.05981]]}]}}, {"type": "Feature", "geometry": null, "properties": {"id": "man-a10c", "status": "validé", "pieces": [{"kind": "admin1", "code": "PHL-2555"}]}}, {"type": "Feature", "geometry": {"type": "Polygon", "coordinates": [[[120.9375, 12.42516], [121.03088, 12.12445], [121.3385, 12.21577], [121.55273, 12.37686], [121.59119, 12.55393], [121.54175, 13.02553], [121.59119, 13.14865], [121.37695, 13.28775], [121.19568, 13.49624], [120.86609, 13.5657], [120.52551, 13.50159], [120.27283, 13.53899], [120.27832, 13.34122], [120.47607, 13.25565], [120.70679, 13.02018], [120.76172, 12.70944], [120.86609, 12.62902], [120.9375, 12.42516]]]}, "properties": {"id": "man-a2d1", "status": "validé", "pieces": [{"kind": "polygon", "ring": [[120.9375, 12.42516], [121.03088, 12.12445], [121.3385, 12.21577], [121.55273, 12.37686], [121.59119, 12.55393], [121.54175, 13.02553], [121.59119, 13.14865], [121.37695, 13.28775], [121.19568, 13.49624], [120.86609, 13.5657], [120.52551, 13.50159], [120.27283, 13.53899], [120.27832, 13.34122], [120.47607, 13.25565], [120.70679, 13.02018], [120.76172, 12.70944], [120.86609, 12.62902]]}]}}, {"type": "Feature", "geometry": null, "properties": {"id": "man-a379", "status": "validé", "pieces": [{"kind": "admin1", "code": "PHL-2561"}]}}, {"type": "Feature", "geometry": {"type": "Polygon", "coordinates": [[[123.76648, 10.16053], [123.55362, 10.28627], [123.42041, 10.09533], [123.35861, 9.99573], [123.34076, 9.80844], [123.29132, 9.54299], [123.29132, 9.40206], [123.40668, 9.39121], [123.48633, 9.5728], [123.57697, 9.78949], [123.65662, 9.89507], [123.69781, 10.05744], [123.68958, 10.0845], [123.76648, 10.16053]]]}, "properties": {"id": "man-a489", "status": "validé", "pieces": [{"kind": "polygon", "ring": [[123.76648, 10.16053], [123.55362, 10.28627], [123.42041, 10.09533], [123.35861, 9.99573], [123.34076, 9.80844], [123.29132, 9.54299], [123.29132, 9.40206], [123.40668, 9.39121], [123.48633, 9.5728], [123.57697, 9.78949], [123.65662, 9.89507], [123.69781, 10.05744], [123.68958, 10.0845]]}]}}, {"type": "Feature", "geometry": {"type": "Polygon", "coordinates": [[[125.4158, 9.79699], [125.51537, 9.53018], [125.60875, 9.47191], [125.58334, 9.60266], [125.50438, 9.7083], [125.5545, 9.81256], [125.41992, 9.84505], [125.4158, 9.79699]]]}, "properties": {"id": "man-a823", "status": "validé", "pieces": [{"kind": "polygon", "ring": [[125.4158, 9.79699], [125.51537, 9.53018], [125.60875, 9.47191], [125.58334, 9.60266], [125.50438, 9.7083], [125.5545, 9.81256], [125.41992, 9.84505]]}]}}, {"type": "Feature", "geometry": {"type": "Polygon", "coordinates": [[[120.24261, 14.77615], [120.55023, 14.85717], [120.60654, 14.63662], [120.62164, 14.4225], [120.45547, 14.39589], [120.34012, 14.51429], [120.33325, 14.61136], [120.23987, 14.67251], [120.24261, 14.77615]]]}, "properties": {"id": "man-aeb7", "status": "validé", "pieces": [{"kind": "polygon", "ring": [[120.24261, 14.77615], [120.55023, 14.85717], [120.60654, 14.63662], [120.62164, 14.4225], [120.45547, 14.39589], [120.34012, 14.51429], [120.33325, 14.61136], [120.23987, 14.67251]]}]}}, {"type": "Feature", "geometry": {"type": "Polygon", "coordinates": [[[121.95374, 11.07513], [122.90405, 11.04816], [122.84912, 10.84313], [122.67334, 10.3786], [122.41516, 10.31914], [122.23389, 10.54613], [121.95923, 10.38401], [121.81641, 10.44887], [121.87134, 10.68657], [121.93726, 11.00501], [121.95374, 11.07513]]]}, "properties": {"id": "man-b37c", "status": "validé", "pieces": [{"kind": "polygon", "ring": [[121.95374, 11.07513], [122.90405, 11.04816], [122.84912, 10.84313], [122.67334, 10.3786], [122.41516, 10.31914], [122.23389, 10.54613], [121.95923, 10.38401], [121.81641, 10.44887], [121.87134, 10.68657], [121.93726, 11.00501]]}]}}, {"type": "Feature", "geometry": {"type": "Polygon", "coordinates": [[[124.74701, 10.11744], [124.96262, 9.97404], [125.04639, 9.98351], [125.02441, 10.19858], [125.1329, 9.99975], [125.21667, 10.16598], [125.3595, 10.27685], [125.14252, 10.81171], [125.07935, 11.2014], [125.00656, 11.26608], [124.9736, 11.27821], [124.96193, 11.3406], [124.56848, 11.18079], [124.44214, 10.85714], [124.57123, 10.84904], [124.6756, 10.77887], [124.64813, 10.49265], [124.7168, 10.32455], [124.74701, 10.11744]]]}, "properties": {"id": "man-b661", "status": "validé", "pieces": [{"kind": "polygon", "ring": [[124.74701, 10.11744], [124.96262, 9.97404], [125.04639, 9.98351], [125.02441, 10.19858], [125.1329, 9.99975], [125.21667, 10.16598], [125.3595, 10.27685], [125.14252, 10.81171], [125.07935, 11.2014], [125.00656, 11.26608], [124.9736, 11.27821], [124.96193, 11.3406], [124.56848, 11.18079], [124.44214, 10.85714], [124.57123, 10.84904], [124.6756, 10.77887], [124.64813, 10.49265], [124.7168, 10.32455]]}]}}, {"type": "Feature", "geometry": {"type": "MultiPolygon", "coordinates": [[[[123.98071, 7.67151], [123.97326, 7.66365], [123.95924, 7.6739], [123.9109, 7.69892], [123.90349, 7.69147], [123.88608, 7.69941], [123.86297, 7.70344], [123.86166, 7.70348], [123.81813, 7.70515], [123.7942, 7.71052], [123.77784, 7.72394], [123.72381, 7.7956], [123.70395, 7.80939], [123.68067, 7.81501], [123.65797, 7.81721], [123.61459, 7.83352], [123.60922, 7.83552], [123.58692, 7.83934], [123.52296, 7.83552], [123.50489, 7.83173], [123.47999, 7.82266], [123.45688, 7.81147], [123.44467, 7.80134], [123.44825, 7.76642], [123.4756, 7.73933], [123.49781, 7.70881], [123.48569, 7.66356], [123.47706, 7.65331], [123.46656, 7.64387], [123.45541, 7.63593], [123.44467, 7.63007], [123.40919, 7.62348], [123.40008, 7.61945], [123.39625, 7.61176], [123.39527, 7.60041], [123.39625, 7.57856], [123.39235, 7.57563], [123.37159, 7.58804], [123.36215, 7.58906], [123.35353, 7.57209], [123.36687, 7.55219], [123.3864, 7.53262], [123.39625, 7.51679], [123.4026, 7.49209], [123.41765, 7.47866], [123.43572, 7.46821], [123.45167, 7.45254], [123.45867, 7.4313], [123.45777, 7.40864], [123.45143, 7.38793], [123.44125, 7.37275], [123.431, 7.36872], [123.41944, 7.37226], [123.38803, 7.39541], [123.35597, 7.41035], [123.34213, 7.42048], [123.31316, 7.45132], [123.30437, 7.46743], [123.28981, 7.47761], [123.28639, 7.48261], [123.28639, 7.50458], [123.28443, 7.51325], [123.28028, 7.52021], [123.26441, 7.52635], [123.24383, 7.52407], [123.22584, 7.51561], [123.21811, 7.5034], [123.21258, 7.48933], [123.19947, 7.482], [123.1836, 7.48094], [123.17042, 7.48603], [123.14064, 7.51313], [123.12745, 7.53148], [123.12208, 7.55061], [123.12762, 7.57258], [123.14177, 7.57982], [123.15968, 7.5821], [123.17726, 7.58906], [123.18751, 7.60586], [123.18678, 7.62621], [123.1753, 7.6433], [123.15333, 7.65054], [123.14039, 7.66136], [123.13543, 7.68647], [123.13347, 7.71418], [123.12941, 7.7331], [123.11793, 7.74136], [123.10727, 7.73192], [123.09645, 7.7143], [123.08473, 7.69522], [123.05714, 7.6673], [123.0503, 7.6551], [123.05152, 7.64497], [123.0547, 7.63483], [123.05372, 7.62254], [123.04957, 7.61799], [123.03614, 7.60932], [123.03321, 7.60586], [123.03452, 7.59862], [123.03777, 7.59467], [123.04021, 7.59016], [123.04005, 7.58161], [123.03452, 7.56387], [123.01905, 7.54198], [123.01222, 7.52766], [123.01059, 7.51284], [123.01222, 7.48261], [123.0066, 7.47236], [122.99562, 7.46727], [122.99, 7.47036], [122.98463, 7.47606], [122.97486, 7.47919], [122.97364, 7.48037], [122.95069, 7.48603], [122.94239, 7.4997], [122.92726, 7.53815], [122.91725, 7.54751], [122.90528, 7.5434], [122.89235, 7.53144], [122.88168, 7.5174], [122.87615, 7.50715], [122.87525, 7.49282], [122.87794, 7.48371], [122.87647, 7.47598], [122.86256, 7.46556], [122.85141, 7.46101], [122.83725, 7.45844], [122.82203, 7.45942], [122.80738, 7.46556], [122.81349, 7.47777], [122.81031, 7.48607], [122.80397, 7.49018], [122.80055, 7.48973], [122.7986, 7.48713], [122.79444, 7.48526], [122.78989, 7.48469], [122.78688, 7.48603], [122.78566, 7.49177], [122.7881, 7.49681], [122.79168, 7.49995], [122.79371, 7.4997], [122.79249, 7.52269], [122.79713, 7.53559], [122.80893, 7.53754], [122.82838, 7.52766], [122.83074, 7.54979], [122.82277, 7.56444], [122.81235, 7.57689], [122.80738, 7.59248], [122.79998, 7.6542], [122.79371, 7.67105], [122.80152, 7.68439], [122.80836, 7.70425], [122.813, 7.72553], [122.81471, 7.74335], [122.80437, 7.75861], [122.78045, 7.75983], [122.73902, 7.75414], [122.73048, 7.76073], [122.71485, 7.78095], [122.70427, 7.78832], [122.65984, 7.78832], [122.65105, 7.78608], [122.63071, 7.77631], [122.61866, 7.77407], [122.59669, 7.76142], [122.51148, 7.69571], [122.48561, 7.6669], [122.44386, 7.60859], [122.43385, 7.59064], [122.4336, 7.57856], [122.45167, 7.57441], [122.47185, 7.5799], [122.48561, 7.57852], [122.48512, 7.5537], [122.47877, 7.53986], [122.46754, 7.52285], [122.45444, 7.50776], [122.44361, 7.4997], [122.45143, 7.53417], [122.45102, 7.54068], [122.43995, 7.54194], [122.42848, 7.5329], [122.41969, 7.52017], [122.41627, 7.51024], [122.40593, 7.49995], [122.35987, 7.47285], [122.34799, 7.45254], [122.35426, 7.43041], [122.36883, 7.41047], [122.37908, 7.39159], [122.37257, 7.37275], [122.36378, 7.36221], [122.34498, 7.33177], [122.33351, 7.32388], [122.32293, 7.32315], [122.31227, 7.32396], [122.30014, 7.32095], [122.28045, 7.2945], [122.26588, 7.24909], [122.25172, 7.1645], [122.24936, 7.11811], [122.2435, 7.09927], [122.2024, 7.04263], [122.16733, 6.9527], [122.15447, 6.92813], [122.13429, 6.91421], [122.12371, 6.89964], [122.11866, 6.89643], [122.09571, 6.89741], [122.08676, 6.89964], [122.03793, 6.91739], [121.96119, 6.9582], [121.93702, 6.97895], [121.89894, 7.0572], [121.8978, 7.14029], [121.93344, 7.21792], [122.00538, 7.27998], [122.03891, 7.2956], [122.04689, 7.30109], [122.05104, 7.30781], [122.05348, 7.31688], [122.05177, 7.3249], [122.04322, 7.32836], [122.03256, 7.33983], [122.03468, 7.36579], [122.04689, 7.41035], [122.04558, 7.44253], [122.04689, 7.45254], [122.05209, 7.46328], [122.06495, 7.48111], [122.06739, 7.48973], [122.07, 7.51366], [122.07765, 7.52802], [122.09018, 7.53754], [122.10776, 7.54751], [122.11964, 7.55654], [122.13722, 7.57298], [122.14601, 7.58881], [122.11354, 7.60326], [122.11158, 7.62067], [122.12208, 7.65738], [122.12273, 7.70038], [122.11752, 7.72321], [122.10475, 7.7331], [122.09653, 7.7447], [122.10499, 7.77082], [122.12892, 7.81501], [122.21453, 7.92113], [122.23959, 7.96572], [122.25172, 7.98013], [122.26303, 7.98981], [122.29225, 8.00991], [122.32277, 8.01821], [122.36004, 8.04047], [122.438, 8.06655], [122.46258, 8.07099], [122.47828, 8.062], [122.48243, 8.07054], [122.48959, 8.0751], [122.49781, 8.07465], [122.50506, 8.06826], [122.52272, 8.07636], [122.59995, 8.09292], [122.63844, 8.10855], [122.64967, 8.11603], [122.66773, 8.14997], [122.67921, 8.16421], [122.68442, 8.15396], [122.69191, 8.13166], [122.71095, 8.11978], [122.7352, 8.11547], [122.7588, 8.11603], [122.85523, 8.13247], [122.8685, 8.14183], [122.87957, 8.14399], [122.90309, 8.14468], [122.91391, 8.14655], [122.92457, 8.15013], [122.94532, 8.16185], [123.00262, 8.20913], [123.01368, 8.23241], [123.00074, 8.25039], [122.96437, 8.27436], [122.96209, 8.28083], [122.95818, 8.3024], [122.95818, 8.3085], [122.96339, 8.31395], [122.98162, 8.32469], [122.98536, 8.32587], [122.98748, 8.33063], [122.99195, 8.33576], [122.99643, 8.34272], [122.99838, 8.35318], [122.99724, 8.36465], [122.99204, 8.38548], [122.9922, 8.3972], [122.99928, 8.41494], [123.02174, 8.4444], [123.02638, 8.46271], [123.03102, 8.47456], [123.042, 8.49014], [123.05543, 8.50495], [123.06739, 8.51455], [123.08204, 8.51923], [123.16049, 8.53067], [123.19508, 8.54222], [123.21127, 8.54181], [123.2155, 8.53832], [123.2256, 8.52509], [123.23194, 8.5207], [123.24204, 8.51911], [123.30096, 8.52424], [123.31821, 8.53351], [123.33106, 8.54662], [123.34645, 8.56977], [123.34962, 8.57661], [123.36354, 8.62328], [123.37159, 8.63345], [123.38673, 8.63744], [123.39235, 8.63573], [123.39763, 8.63239], [123.40333, 8.62983], [123.41066, 8.63056], [123.41554, 8.63369], [123.42758, 8.64423], [123.43637, 8.64948], [123.43198, 8.66108], [123.40008, 8.69766], [123.39186, 8.70942], [123.39015, 8.71939], [123.39715, 8.72321], [123.41114, 8.72639], [123.42481, 8.72696], [123.431, 8.7228], [123.4367, 8.72183], [123.46192, 8.70726], [123.47779, 8.6953], [123.48846, 8.69213], [123.50025, 8.6931], [123.51295, 8.69888], [123.51417, 8.64728], [123.52182, 8.62255], [123.53972, 8.62377], [123.54591, 8.62006], [123.549, 8.61884], [123.56137, 8.61384], [123.56764, 8.61009], [123.57179, 8.60468], [123.58131, 8.58283], [123.59099, 8.59276], [123.59254, 8.60228], [123.59213, 8.61237], [123.59498, 8.62377], [123.60035, 8.63255], [123.61549, 8.65107], [123.60328, 8.66307], [123.61113, 8.66754], [123.63044, 8.65699], [123.62908, 8.65107], [123.64943, 8.6466], [123.76762, 8.58198], [123.77703, 8.55736], [123.78053, 8.55174], [123.78639, 8.53767], [123.82838, 8.48656], [123.84474, 8.45222], [123.8576, 8.40941], [123.86606, 8.36432], [123.86931, 8.24331], [123.88478, 8.18545], [123.88299, 8.1645], [123.8733, 8.15327], [123.76775, 8.05903], [123.74578, 8.04841], [123.7024, 8.0458], [123.68474, 8.03681], [123.67766, 8.01073], [123.67758, 8.01061], [123.6775, 8.0102], [123.67644, 8.00007], [123.67172, 7.98066], [123.67066, 7.96922], [123.67075, 7.96918], [123.67213, 7.96776], [123.67644, 7.96336], [123.67669, 7.96349], [123.68897, 7.96833], [123.70086, 7.97647], [123.70485, 7.98013], [123.74098, 8.00043], [123.87371, 8.10517], [123.8864, 8.1092], [123.90748, 8.11323], [123.92205, 8.12324], [123.94508, 8.15013], [123.94571, 8.1506], [123.98071, 7.67151]]], [[[122.95167, 7.38642], [122.94451, 7.38984], [122.95053, 7.37348], [122.95232, 7.36351], [122.95069, 7.3557], [122.94353, 7.34927], [122.93678, 7.34858], [122.93035, 7.34968], [122.92457, 7.34886], [122.89479, 7.32681], [122.88299, 7.32095], [122.87452, 7.31867], [122.86158, 7.31696], [122.85499, 7.31477], [122.85076, 7.31029], [122.84555, 7.2978], [122.84205, 7.29426], [122.827, 7.29133], [122.81666, 7.29491], [122.8086, 7.30488], [122.80055, 7.32095], [122.79469, 7.34634], [122.7942, 7.38394], [122.80372, 7.41747], [122.82838, 7.43081], [122.84311, 7.4228], [122.85499, 7.40786], [122.8672, 7.39598], [122.88299, 7.39728], [122.88982, 7.40721], [122.89129, 7.41999], [122.8943, 7.43159], [122.90504, 7.43773], [122.92351, 7.43085], [122.9441, 7.41625], [122.96176, 7.39891], [122.97169, 7.38361], [122.95167, 7.38642]]]]}, "properties": {"id": "man-b809", "status": "validé", "pieces": [{"kind": "polygon", "ring": [[121.84387, 7.13744], [121.92627, 6.86472], [122.37671, 6.82107], [122.61841, 7.68785], [122.73376, 7.26284], [123.07434, 7.15926], [123.2666, 7.38276], [123.63464, 7.30645], [123.98071, 7.67151], [123.92029, 8.49851], [123.24463, 8.86792], [122.04163, 8.03625], [121.99768, 7.69398]]}, {"kind": "clip"}]}}, {"type": "Feature", "geometry": {"type": "Polygon", "coordinates": [[[124.05075, 6.65227], [124.05487, 6.52261], [124.69482, 6.53341], [124.87335, 6.47897], [124.94202, 6.55404], [124.92554, 6.82963], [124.84451, 7.11601], [124.78958, 7.14464], [124.69345, 6.83647], [124.59045, 6.82829], [124.53552, 6.62913], [124.05075, 6.65227]]]}, "properties": {"id": "man-b813", "status": "validé", "pieces": [{"kind": "polygon", "ring": [[124.05075, 6.65227], [124.05487, 6.52261], [124.69482, 6.53341], [124.87335, 6.47897], [124.94202, 6.55404], [124.92554, 6.82963], [124.84451, 7.11601], [124.78958, 7.14464], [124.69345, 6.83647], [124.59045, 6.82829], [124.53552, 6.62913]]}]}}, {"type": "Feature", "geometry": null, "properties": {"id": "man-b904", "status": "validé", "pieces": [{"kind": "admin1", "code": "PHL-2548"}]}}, {"type": "Feature", "geometry": {"type": "Polygon", "coordinates": [[[124.78473, 11.8836], [124.9351, 11.90511], [124.93304, 11.87418], [124.9763, 11.85065], [124.99003, 11.86611], [124.98523, 11.88158], [125.00377, 11.90848], [125.00445, 11.92797], [125.01681, 11.94478], [125.05252, 11.96696], [125.1308, 11.98021], [125.22349, 11.99567], [125.27156, 11.8908], [125.26263, 11.84372], [125.26057, 11.81211], [125.28872, 11.80135], [125.29765, 11.68227], [125.23379, 11.6116], [125.22212, 11.47224], [125.22143, 11.41432], [125.31207, 11.39074], [125.26812, 11.27621], [125.25096, 11.20746], [125.24546, 11.12589], [125.2434, 11.09218], [125.23311, 11.08476], [125.20701, 11.0969], [125.20152, 11.11443], [125.18092, 11.19735], [125.14521, 11.28093], [125.06007, 11.27621], [125.00514, 11.26341], [124.97836, 11.27958], [124.96531, 11.3099], [124.97493, 11.34831], [124.98385, 11.37054], [124.98111, 11.39209], [124.97699, 11.42577], [124.93029, 11.43857], [124.83416, 11.45945], [124.75103, 11.58032], [124.69335, 11.71358], [124.64391, 11.8508], [124.78473, 11.8836]]]}, "properties": {"id": "man-ba14", "status": "validé", "pieces": [{"kind": "polygon", "ring": [[124.78473, 11.8836], [124.9351, 11.90511], [124.93304, 11.87418], [124.9763, 11.85065], [124.99003, 11.86611], [124.98523, 11.88158], [125.00377, 11.90848], [125.00445, 11.92797], [125.01681, 11.94478], [125.05252, 11.96696], [125.1308, 11.98021], [125.22349, 11.99567], [125.27156, 11.8908], [125.26263, 11.84372], [125.26057, 11.81211], [125.28872, 11.80135], [125.29765, 11.68227], [125.23379, 11.6116], [125.22212, 11.47224], [125.22143, 11.41432], [125.31207, 11.39074], [125.26812, 11.27621], [125.25096, 11.20746], [125.24546, 11.12589], [125.2434, 11.09218], [125.23311, 11.08476], [125.20701, 11.0969], [125.20152, 11.11443], [125.18092, 11.19735], [125.14521, 11.28093], [125.06007, 11.27621], [125.00514, 11.26341], [124.97836, 11.27958], [124.96531, 11.3099], [124.97493, 11.34831], [124.98385, 11.37054], [124.98111, 11.39209], [124.97699, 11.42577], [124.93029, 11.43857], [124.83416, 11.45945], [124.75103, 11.58032], [124.69335, 11.71358], [124.64391, 11.8508]]}]}}, {"type": "Feature", "geometry": {"type": "Polygon", "coordinates": [[[124.73259, 7.81768], [124.64195, 7.70265], [124.7731, 7.62708], [124.83009, 7.74553], [124.73259, 7.81768]]]}, "properties": {"id": "man-bc5e", "status": "validé", "pieces": [{"kind": "polygon", "ring": [[124.73259, 7.81768], [124.64195, 7.70265], [124.7731, 7.62708], [124.83009, 7.74553]]}]}}, {"type": "Feature", "geometry": {"type": "Polygon", "coordinates": [[[120.30029, 14.3468], [120.58594, 14.3255], [120.75073, 14.52774], [120.78369, 14.64475], [121.08032, 14.65538], [121.54175, 14.62348], [121.69556, 15.1864], [121.62964, 15.57944], [121.75598, 15.92323], [122.22839, 16.18201], [122.16248, 16.34028], [121.98669, 16.44572], [121.34399, 16.01833], [121.00342, 15.82163], [119.92676, 16.00131], [119.6521, 16.02244], [119.92676, 15.14373], [119.94873, 14.75083], [120.20142, 14.52751], [120.30029, 14.3468]]]}, "properties": {"id": "man-c30f", "status": "validé", "pieces": [{"kind": "polygon", "ring": [[120.30029, 14.3468], [120.58594, 14.3255], [120.75073, 14.52774], [120.78369, 14.64475], [121.08032, 14.65538], [121.54175, 14.62348], [121.69556, 15.1864], [121.62964, 15.57944], [121.75598, 15.92323], [122.22839, 16.18201], [122.16248, 16.34028], [121.98669, 16.44572], [121.34399, 16.01833], [121.00342, 15.82163], [119.92676, 16.00131], [119.6521, 16.02244], [119.92676, 15.14373], [119.94873, 14.75083], [120.20142, 14.52751]]}]}}, {"type": "Feature", "geometry": null, "properties": {"id": "man-c3af", "status": "validé", "pieces": [{"kind": "admin1", "code": "PHL-2596"}]}}, {"type": "Feature", "geometry": {"type": "Polygon", "coordinates": [[[124.6907, 8.54565], [124.3927, 8.6842], [124.08508, 8.10518], [124.29657, 7.98002], [124.57397, 8.23301], [124.80469, 8.42061], [124.6907, 8.54565]]]}, "properties": {"id": "man-c4c6", "status": "validé", "pieces": [{"kind": "polygon", "ring": [[124.6907, 8.54565], [124.3927, 8.6842], [124.08508, 8.10518], [124.29657, 7.98002], [124.57397, 8.23301], [124.80469, 8.42061]]}]}}, {"type": "Feature", "geometry": {"type": "MultiPolygon", "coordinates": [[[[118.72375, 9.66452], [118.55347, 9.74577], [118.57227, 9.83511], [118.59571, 9.85737], [118.60646, 9.87417], [118.60825, 9.88532], [118.61313, 9.90095], [118.62062, 9.9169], [118.65724, 9.96524], [118.66798, 9.97435], [118.6565, 9.99616], [118.6736, 10.01179], [118.7225, 10.03583], [118.72885, 10.0458], [118.76368, 10.12075], [118.77166, 10.13081], [118.77662, 10.09907], [118.77662, 10.08307], [118.76783, 10.07616], [118.76295, 10.06924], [118.77947, 10.0563], [118.80112, 10.04902], [118.81186, 10.05907], [118.81479, 10.06729], [118.8213, 10.07388], [118.8283, 10.07925], [118.83237, 10.08365], [118.83766, 10.09569], [118.83863, 10.09992], [118.83644, 10.10273], [118.81772, 10.1367], [118.81235, 10.15209], [118.81186, 10.17235], [118.81577, 10.18891], [118.82228, 10.19453], [118.84295, 10.19286], [118.85515, 10.19603], [118.87534, 10.21015], [118.89112, 10.21332], [118.91847, 10.20832], [118.9336, 10.20966], [118.94972, 10.22016], [118.95834, 10.23526], [118.96013, 10.25251], [118.95672, 10.26919], [118.94972, 10.28221], [118.95655, 10.28482], [118.95948, 10.28681], [118.96266, 10.28644], [118.97022, 10.28221], [118.97926, 10.2923], [118.99342, 10.30028], [119.00945, 10.3061], [119.02475, 10.30956], [119.02174, 10.32518], [119.03004, 10.33857], [119.03395, 10.34935], [119.01791, 10.35737], [119.00815, 10.3537], [118.99594, 10.3461], [118.98439, 10.34406], [118.97641, 10.35737], [118.97975, 10.36811], [118.98976, 10.38329], [119.00196, 10.39753], [119.01173, 10.40518], [119.02752, 10.40717], [119.04396, 10.4042], [119.05934, 10.39826], [119.07203, 10.39151], [119.07911, 10.40469], [119.07911, 10.41547], [119.08432, 10.4228], [119.1067, 10.4256], [119.09962, 10.43871], [119.09059, 10.44562], [119.08448, 10.45279], [119.0857, 10.46662], [119.09132, 10.47309], [119.1111, 10.48066], [119.12037, 10.48774], [119.1185, 10.47679], [119.11704, 10.4724], [119.11354, 10.46662], [119.11883, 10.45429], [119.12721, 10.39492], [119.13527, 10.38813], [119.15284, 10.39851], [119.18181, 10.4256], [119.19207, 10.44798], [119.19557, 10.45356], [119.20265, 10.45718], [119.21192, 10.4597], [119.21998, 10.46336], [119.22999, 10.48542], [119.26393, 10.49413], [119.27809, 10.50821], [119.2684, 10.51952], [119.25563, 10.53095], [119.24724, 10.54295], [119.25074, 10.55598], [119.26954, 10.54853], [119.29078, 10.55768], [119.30909, 10.57453], [119.3191, 10.59007], [119.34498, 10.72358], [119.34205, 10.73615], [119.3296, 10.75117], [119.32545, 10.75751], [119.32179, 10.76561], [119.31691, 10.77269], [119.30909, 10.7757], [119.30201, 10.77285], [119.29168, 10.76211], [119.28484, 10.76203], [119.27394, 10.77167], [119.27027, 10.7849], [119.27125, 10.81293], [119.26612, 10.82661], [119.25359, 10.83747], [119.2378, 10.8454], [119.2234, 10.85082], [119.25262, 10.88727], [119.25758, 10.8911], [119.24928, 10.90233], [119.23634, 10.90843], [119.22877, 10.91625], [119.23707, 10.93268], [119.2225, 10.94172], [119.23194, 10.95116], [119.24724, 10.94977], [119.25074, 10.92593], [119.25758, 10.92593], [119.25896, 10.93008], [119.26441, 10.9396], [119.26832, 10.93179], [119.27312, 10.92748], [119.27858, 10.92756], [119.28484, 10.93268], [119.29168, 10.93268], [119.28785, 10.92056], [119.28517, 10.91747], [119.27809, 10.91283], [119.29168, 10.88495], [119.27125, 10.88495], [119.27809, 10.87495], [119.28858, 10.87153], [119.30079, 10.87311], [119.31284, 10.87812], [119.30584, 10.85712], [119.30983, 10.84732], [119.32032, 10.83926], [119.33326, 10.82347], [119.33953, 10.82347], [119.33953, 10.83096], [119.34693, 10.83096], [119.35157, 10.81074], [119.36817, 10.80134], [119.3864, 10.79369], [119.39471, 10.7788], [119.39796, 10.76821], [119.40496, 10.76236], [119.41212, 10.76138], [119.41871, 10.76992], [119.42612, 10.76264], [119.43328, 10.75235], [119.43946, 10.74042], [119.44109, 10.73273], [119.44508, 10.72748], [119.4568, 10.72728], [119.46754, 10.73265], [119.46949, 10.74103], [119.46567, 10.75023], [119.45997, 10.75829], [119.44597, 10.78937], [119.43971, 10.79605], [119.44418, 10.81061], [119.4524, 10.82494], [119.4568, 10.83096], [119.44988, 10.8413], [119.43507, 10.85224], [119.41822, 10.86091], [119.40496, 10.86445], [119.38795, 10.86469], [119.37013, 10.86774], [119.35523, 10.87775], [119.34693, 10.89859], [119.34864, 10.90803], [119.35906, 10.92768], [119.36061, 10.93268], [119.35174, 10.93476], [119.33774, 10.93293], [119.32472, 10.9335], [119.3191, 10.94302], [119.32, 11.00088], [119.32594, 11.01529], [119.32594, 11.02277], [119.33326, 11.02277], [119.33522, 11.01154], [119.34059, 11.00405], [119.34889, 11.00043], [119.36061, 11.00096], [119.35279, 11.02359], [119.3274, 11.06444], [119.32594, 11.0904], [119.33497, 11.10293], [119.34791, 11.08918], [119.36264, 11.06757], [119.37729, 11.05622], [119.38754, 11.05402], [119.39715, 11.05028], [119.4061, 11.04955], [119.41529, 11.05622], [119.41879, 11.06786], [119.41871, 11.09561], [119.43214, 11.12222], [119.42612, 11.13394], [119.41717, 11.14033], [119.41529, 11.13882], [119.39877, 11.15925], [119.3921, 11.17137], [119.38795, 11.18659], [119.40073, 11.18537], [119.41334, 11.19668], [119.4236, 11.2132], [119.42897, 11.22752], [119.4284, 11.24982], [119.42058, 11.29755], [119.42555, 11.31354], [119.43019, 11.31843], [119.43344, 11.32266], [119.43507, 11.32738], [119.4358, 11.33397], [119.43873, 11.33796], [119.44483, 11.33784], [119.44988, 11.33491], [119.44939, 11.33063], [119.4655, 11.34683], [119.47381, 11.35786], [119.47731, 11.36848], [119.47999, 11.39619], [119.48439, 11.41055], [119.49106, 11.42089], [119.50196, 11.42333], [119.50904, 11.41307], [119.51295, 11.39777], [119.51441, 11.38544], [119.5145, 11.36766], [119.51539, 11.36176], [119.51856, 11.35078], [119.52296, 11.33991], [119.52955, 11.33055], [119.53883, 11.32372], [119.54152, 11.32807], [119.5477, 11.33267], [119.55242, 11.33739], [119.56707, 11.30142], [119.56902, 11.26166], [119.56105, 11.22028], [119.54566, 11.17915], [119.52052, 11.13841], [119.51637, 11.1175], [119.52858, 11.09414], [119.5534, 11.07221], [119.56178, 11.05903], [119.57244, 11.01533], [119.57057, 11.00751], [119.55925, 11.00096], [119.53834, 11.01276], [119.52418, 11.01732], [119.51759, 11.01187], [119.5066, 10.98359], [119.50457, 10.97089], [119.50571, 10.95865], [119.51043, 10.93732], [119.5114, 10.92593], [119.5101, 10.91633], [119.50506, 10.89647], [119.50457, 10.88495], [119.50733, 10.87495], [119.51588, 10.85928], [119.5193, 10.83771], [119.52394, 10.82762], [119.53159, 10.81981], [119.54225, 10.81664], [119.55494, 10.81867], [119.56275, 10.82319], [119.56804, 10.82807], [119.57293, 10.83096], [119.58522, 10.83344], [119.58912, 10.8347], [119.59343, 10.83714], [119.60271, 10.82441], [119.60157, 10.81086], [119.59645, 10.79755], [119.59343, 10.78559], [119.60011, 10.75458], [119.60011, 10.71735], [119.59637, 10.69709], [119.5905, 10.68244], [119.59083, 10.67243], [119.60629, 10.66584], [119.62721, 10.66812], [119.64137, 10.67585], [119.65358, 10.67512], [119.66847, 10.65217], [119.65919, 10.6551], [119.65064, 10.6562], [119.64243, 10.65526], [119.63445, 10.65217], [119.6399, 10.64395], [119.64259, 10.63789], [119.64275, 10.63207], [119.64129, 10.62491], [119.65512, 10.61229], [119.66277, 10.57099], [119.67189, 10.55256], [119.71412, 10.53266], [119.72535, 10.51862], [119.70997, 10.49453], [119.702, 10.49087], [119.67848, 10.48566], [119.66847, 10.48086], [119.64796, 10.44986], [119.63966, 10.44473], [119.59343, 10.40518], [119.57586, 10.38052], [119.56324, 10.37348], [119.54225, 10.371], [119.50082, 10.371], [119.48902, 10.37246], [119.47267, 10.37812], [119.46306, 10.37848], [119.44923, 10.37303], [119.41871, 10.35456], [119.39812, 10.35053], [119.37827, 10.34414], [119.35597, 10.32884], [119.28598, 10.26138], [119.25733, 10.22199], [119.23715, 10.17935], [119.22071, 10.08417], [119.1963, 10.05634], [119.15943, 10.04125], [119.11354, 10.029], [119.10255, 10.0244], [119.08253, 10.01252], [119.07203, 10.00796], [119.06056, 10.00666], [119.03614, 10.00902], [119.02475, 10.00796], [119.01498, 10.00373], [118.99496, 9.99201], [118.9839, 9.98745], [118.97291, 9.98452], [118.95143, 9.98102], [118.903, 9.97866], [118.87477, 9.97187], [118.84881, 9.95913], [118.81935, 9.93903], [118.79656, 9.94522], [118.77418, 9.93415], [118.75717, 9.91267], [118.7505, 9.88752], [118.75457, 9.85594], [118.77564, 9.81403], [118.78468, 9.78824], [118.77784, 9.7342], [118.7649, 9.72875], [118.74903, 9.73282], [118.73561, 9.74348], [118.72999, 9.75776], [118.7339, 9.7757], [118.72967, 9.78042], [118.7129, 9.78197], [118.70094, 9.77554], [118.70191, 9.76024], [118.70558, 9.74217], [118.702, 9.72736], [118.71314, 9.72162], [118.71974, 9.71381], [118.72096, 9.70405], [118.71632, 9.69257], [118.74293, 9.69684], [118.74742, 9.6929], [118.72375, 9.66452]]], [[[119.78992, 10.45617], [119.78858, 10.45698], [119.78093, 10.47223], [119.77809, 10.4936], [119.77833, 10.53547], [119.76612, 10.53075], [119.75709, 10.534], [119.75262, 10.53978], [119.75416, 10.54295], [119.79542, 10.57339], [119.80543, 10.58515], [119.82895, 10.62641], [119.8379, 10.63752], [119.84352, 10.64224], [119.84986, 10.64476], [119.85963, 10.6433], [119.89088, 10.62519], [119.9201, 10.61274], [119.95021, 10.60375], [119.97413, 10.59536], [120.00001, 10.58047], [120.01124, 10.56525], [119.99057, 10.55598], [119.99057, 10.54914], [119.99317, 10.53998], [119.98414, 10.53132], [119.96827, 10.52814], [119.95021, 10.53547], [119.94947, 10.5288], [119.94728, 10.52416], [119.94467, 10.52009], [119.94272, 10.51504], [119.91879, 10.54804], [119.9087, 10.55598], [119.91188, 10.53628], [119.91765, 10.51618], [119.92026, 10.49726], [119.91489, 10.48086], [119.90675, 10.47875], [119.89527, 10.48066], [119.88527, 10.47997], [119.88071, 10.47036], [119.88033, 10.46976], [119.78992, 10.45617]]], [[[120.23656, 12.21007], [120.24391, 12.20083], [120.25074, 12.18549], [120.25278, 12.16962], [120.25196, 12.14248], [120.25831, 12.13178], [120.27247, 12.13471], [120.28639, 12.13544], [120.29225, 12.11823], [120.29591, 12.12018], [120.29705, 12.1201], [120.29754, 12.121], [120.29908, 12.12568], [120.32911, 12.09748], [120.34213, 12.08076], [120.3475, 12.06733], [120.3449, 12.05329], [120.3379, 12.04849], [120.32887, 12.04536], [120.31959, 12.03632], [120.3152, 12.02318], [120.31959, 12.01789], [120.3274, 12.02009], [120.33383, 12.02949], [120.33839, 12.02928], [120.33937, 12.02814], [120.3392, 12.02582], [120.3401, 12.02204], [120.3475, 12.02949], [120.35287, 12.01618], [120.34913, 12.00703], [120.33953, 12.00056], [120.32643, 11.99531], [120.31275, 11.99201], [120.30616, 11.99396], [120.30128, 11.99848], [120.29225, 12.00283], [120.27491, 12.0034], [120.26287, 11.99775], [120.2518, 11.99087], [120.23764, 11.98794], [120.22438, 11.99307], [120.21339, 12.00226], [120.2024, 12.008], [120.18922, 12.00283], [120.18702, 12.01826], [120.17457, 12.02269], [120.15748, 12.02391], [120.1421, 12.02949], [120.13461, 12.02204], [120.14137, 12.00967], [120.14064, 11.99925], [120.13689, 11.98847], [120.13461, 11.97484], [120.12599, 11.9794], [120.12135, 11.9794], [120.11834, 11.97529], [120.11411, 11.96743], [120.10792, 11.96743], [120.09352, 11.99437], [120.08229, 12.00153], [120.03907, 11.99531], [120.0215, 11.99982], [120.00115, 12.01118], [119.98406, 12.0257], [119.97055, 12.05476], [119.94239, 12.08714], [119.93588, 12.1083], [119.9358, 12.12303], [119.93409, 12.13483], [119.92897, 12.14533], [119.91863, 12.15607], [119.91236, 12.1669], [119.91041, 12.18057], [119.9065, 12.19489], [119.89503, 12.20767], [119.88347, 12.19892], [119.87306, 12.18741], [119.865, 12.17381], [119.86036, 12.15917], [119.84767, 12.16673], [119.85035, 12.17446], [119.85963, 12.18325], [119.8672, 12.194], [119.86964, 12.20661], [119.86931, 12.2167], [119.8672, 12.23184], [119.87233, 12.25169], [119.88551, 12.25951], [119.90349, 12.26459], [119.92237, 12.27652], [119.89763, 12.27704], [119.88754, 12.27505], [119.88071, 12.26903], [119.87794, 12.30809], [119.88502, 12.3227], [119.9087, 12.32368], [119.92693, 12.31647], [119.93344, 12.30109], [119.93458, 12.28514], [119.93588, 12.27652], [119.95021, 12.27155], [119.98902, 12.26716], [120.00489, 12.26289], [120.0215, 12.25312], [120.04884, 12.23115], [120.07277, 12.20604], [120.07993, 12.20083], [120.08814, 12.19823], [120.10532, 12.19766], [120.11411, 12.194], [120.10369, 12.19147], [120.09685, 12.18602], [120.09352, 12.17772], [120.09425, 12.16665], [120.11695, 12.16645], [120.17018, 12.12543], [120.19606, 12.11201], [120.19842, 12.12279], [120.20436, 12.12836], [120.21314, 12.1291], [120.22397, 12.12568], [120.22413, 12.21918], [120.22853, 12.21877], [120.23656, 12.21007]]], [[[119.63982, 11.05777], [119.64552, 11.04409], [119.64869, 11.02961], [119.64796, 11.01529], [119.64129, 11.01529], [119.63575, 11.01952], [119.62908, 11.01887], [119.62143, 11.01464], [119.61313, 11.00845], [119.60857, 11.02456], [119.59693, 11.03473], [119.58522, 11.0412], [119.57976, 11.04597], [119.57667, 11.08405], [119.57976, 11.09785], [119.62037, 11.08124], [119.63209, 11.06989], [119.63982, 11.05777]]], [[[119.62843, 11.19017], [119.63233, 11.18163], [119.6277, 11.17304], [119.60987, 11.15672], [119.58953, 11.14179], [119.58334, 11.13882], [119.57008, 11.14435], [119.56715, 11.15705], [119.56959, 11.17072], [119.57293, 11.17915], [119.57553, 11.17837], [119.59343, 11.18659], [119.59767, 11.19082], [119.60035, 11.19514], [119.60434, 11.19863], [119.61313, 11.20026], [119.62843, 11.19017]]], [[[119.87615, 11.47964], [119.8698, 11.44062], [119.85353, 11.40473], [119.83286, 11.37836], [119.82203, 11.3874], [119.82057, 11.3996], [119.82545, 11.41315], [119.83286, 11.42617], [119.82065, 11.42642], [119.80397, 11.43163], [119.79542, 11.43301], [119.78907, 11.42036], [119.78207, 11.41132], [119.77084, 11.40632], [119.77003, 11.41063], [119.76368, 11.41983], [119.75514, 11.4289], [119.74733, 11.43301], [119.7361, 11.43741], [119.73023, 11.45645], [119.71616, 11.46035], [119.72869, 11.47801], [119.74138, 11.46906], [119.75514, 11.45083], [119.77084, 11.44042], [119.78102, 11.4477], [119.78419, 11.46479], [119.78517, 11.49445], [119.79273, 11.48481], [119.80299, 11.468], [119.81251, 11.46035], [119.81788, 11.47004], [119.82358, 11.47256], [119.82887, 11.4689], [119.83286, 11.46035], [119.8401, 11.47565], [119.84449, 11.49067], [119.84148, 11.50259], [119.82602, 11.50873], [119.83725, 11.51561], [119.8484, 11.52066], [119.85841, 11.52143], [119.8672, 11.51557], [119.87615, 11.47964]]], [[[120.05258, 11.87124], [120.07325, 11.8653], [120.08326, 11.86042], [120.07651, 11.85814], [120.05006, 11.85431], [120.0486, 11.84443], [120.05177, 11.831], [120.03907, 11.8166], [120.03907, 11.81037], [120.04298, 11.80899], [120.05258, 11.80362], [120.05258, 11.81037], [120.06218, 11.8063], [120.07, 11.80109], [120.07594, 11.79523], [120.07993, 11.78925], [120.06007, 11.76748], [120.05258, 11.76195], [120.06707, 11.74177], [120.04705, 11.70893], [120.01417, 11.68211], [119.98439, 11.68008], [119.96697, 11.66437], [119.9546, 11.68012], [119.95021, 11.70938], [119.95639, 11.73469], [119.9699, 11.72553], [119.97397, 11.72077], [119.97706, 11.71418], [119.98439, 11.71418], [119.9826, 11.72858], [119.98097, 11.7342], [119.97706, 11.74144], [119.99049, 11.75479], [120.00115, 11.76862], [120.00489, 11.78254], [119.99806, 11.79609], [119.99025, 11.79027], [119.98512, 11.78974], [119.97706, 11.79609], [119.97169, 11.77481], [119.95924, 11.76586], [119.9437, 11.76703], [119.92921, 11.77558], [119.92115, 11.78832], [119.91188, 11.81639], [119.90187, 11.82404], [119.90748, 11.82795], [119.91619, 11.83519], [119.92237, 11.83771], [119.91188, 11.85395], [119.88608, 11.87865], [119.87452, 11.89297], [119.86801, 11.90656], [119.85402, 11.95441], [119.86231, 11.9527], [119.8672, 11.94969], [119.87241, 11.94733], [119.88071, 11.94758], [119.87916, 11.94587], [119.88233, 11.94335], [119.88746, 11.94111], [119.89161, 11.94013], [119.89479, 11.94233], [119.89576, 11.94725], [119.89479, 11.95214], [119.89161, 11.95441], [119.89283, 11.96259], [119.9048, 11.97687], [119.91969, 11.98151], [119.92921, 11.96117], [119.96388, 11.94013], [119.95932, 11.93], [119.97706, 11.92617], [120.02166, 11.92646], [120.03142, 11.92446], [120.03199, 11.91991], [120.02589, 11.91547], [120.0031, 11.91006], [120.00807, 11.90274], [120.01922, 11.89557], [120.02475, 11.89297], [120.05258, 11.87124]]], [[[120.28321, 11.92699], [120.2728, 11.92536], [120.26783, 11.92333], [120.26344, 11.91616], [120.26547, 11.90973], [120.26979, 11.9042], [120.2715, 11.89912], [120.26466, 11.87202], [120.26417, 11.86156], [120.26677, 11.85155], [120.27719, 11.83177], [120.27833, 11.82404], [120.26791, 11.81623], [120.25554, 11.83625], [120.23748, 11.88544], [120.2033, 11.94758], [120.21314, 11.94953], [120.2588, 11.9676], [120.26791, 11.96809], [120.27638, 11.96491], [120.28199, 11.95799], [120.28452, 11.94904], [120.28517, 11.93016], [120.28321, 11.92699]]]]}, "properties": {"id": "man-c601", "status": "validé", "pieces": [{"kind": "polygon", "ring": [[118.55347, 9.74577], [118.72375, 9.66452], [118.927, 9.90822], [119.42139, 10.14633], [119.70703, 10.44371], [120.10254, 10.50315], [120.15747, 11.53246], [120.46509, 11.96289], [119.94873, 12.52142], [119.6521, 12.4463], [119.11377, 10.65884], [118.65234, 10.21566]]}, {"kind": "clip"}]}}, {"type": "Feature", "geometry": null, "properties": {"id": "man-c994", "status": "validé", "pieces": [{"kind": "admin1", "code": "PHL-2528"}]}}, {"type": "Feature", "geometry": {"type": "Polygon", "coordinates": [[[122.06909, 6.95228], [122.08145, 6.90813], [122.10754, 6.90175], [122.13879, 6.91232], [122.15561, 6.91437], [122.1508, 6.97097], [122.14771, 6.99551], [122.10995, 6.98801], [122.06326, 6.95903], [122.06909, 6.95228]]]}, "properties": {"id": "man-ceba", "status": "validé", "pieces": [{"kind": "polygon", "ring": [[122.06909, 6.95228], [122.08145, 6.90813], [122.10754, 6.90175], [122.13879, 6.91232], [122.15561, 6.91437], [122.1508, 6.97097], [122.14771, 6.99551], [122.10995, 6.98801], [122.06326, 6.95903]]}]}}, {"type": "Feature", "geometry": {"type": "Polygon", "coordinates": [[[123.89832, 10.33241], [123.90724, 10.29523], [123.93539, 10.24184], [123.97453, 10.23643], [124.04526, 10.29726], [124.06311, 10.35065], [124.03564, 10.71599], [123.99857, 10.70654], [123.98758, 10.51614], [123.91891, 10.39184], [123.89832, 10.33241]]]}, "properties": {"id": "man-cfd1", "status": "validé", "pieces": [{"kind": "polygon", "ring": [[123.89832, 10.33241], [123.90724, 10.29523], [123.93539, 10.24184], [123.97453, 10.23643], [124.04526, 10.29726], [124.06311, 10.35065], [124.03564, 10.71599], [123.99857, 10.70654], [123.98758, 10.51614], [123.91891, 10.39184]]}]}}, {"type": "Feature", "geometry": {"type": "Polygon", "coordinates": [[[122.72278, 13.06782], [122.60193, 13.65596], [122.37671, 14.04547], [122.21741, 14.09877], [121.92078, 14.30655], [121.76147, 14.63114], [121.53625, 15.27357], [121.06934, 14.90735], [121.16821, 14.59381], [121.13525, 14.48742], [121.28906, 14.35436], [121.21765, 14.31709], [121.0968, 14.44485], [120.88531, 14.52371], [120.70129, 14.37583], [120.52002, 14.23206], [120.56396, 13.76815], [120.70679, 13.73079], [120.80566, 13.83753], [120.89355, 13.8482], [120.82764, 13.73079], [120.92102, 13.6617], [121.11603, 13.58693], [121.51428, 13.67204], [121.57471, 13.8055], [121.75598, 13.84286], [122.13501, 13.66136], [122.3822, 13.41025], [122.50305, 13.20703], [122.55249, 13.13747], [122.72278, 13.06782]]]}, "properties": {"id": "man-d778", "status": "validé", "pieces": [{"kind": "polygon", "ring": [[122.72278, 13.06782], [122.60193, 13.65596], [122.37671, 14.04547], [122.21741, 14.09877], [121.92078, 14.30655], [121.76147, 14.63114], [121.53625, 15.27357], [121.06934, 14.90735], [121.16821, 14.59381], [121.13525, 14.48742], [121.28906, 14.35436], [121.21765, 14.31709], [121.0968, 14.44485], [120.88531, 14.52371], [120.70129, 14.37583], [120.52002, 14.23206], [120.56396, 13.76815], [120.70679, 13.73079], [120.80566, 13.83753], [120.89355, 13.8482], [120.82764, 13.73079], [120.92102, 13.6617], [121.11603, 13.58693], [121.51428, 13.67204], [121.57471, 13.8055], [121.75598, 13.84286], [122.13501, 13.66136], [122.3822, 13.41025], [122.50305, 13.20703], [122.55249, 13.13747]]}]}}, {"type": "Feature", "geometry": {"type": "Polygon", "coordinates": [[[123.89969, 10.95321], [123.93196, 10.90735], [124.04457, 10.86485], [124.05556, 11.06852], [124.00749, 11.07116], [124.02534, 11.12306], [124.06517, 11.16822], [124.08302, 11.30163], [123.98415, 11.28142], [123.94226, 11.20259], [123.93196, 11.09745], [123.90793, 11.04756], [123.89214, 11.02329], [123.89969, 10.95321]]]}, "properties": {"id": "man-d881", "status": "validé", "pieces": [{"kind": "polygon", "ring": [[123.89969, 10.95321], [123.93196, 10.90735], [124.04457, 10.86485], [124.05556, 11.06852], [124.00749, 11.07116], [124.02534, 11.12306], [124.06517, 11.16822], [124.08302, 11.30163], [123.98415, 11.28142], [123.94226, 11.20259], [123.93196, 11.09745], [123.90793, 11.04756], [123.89214, 11.02329]]}]}}, {"type": "Feature", "geometry": {"type": "Polygon", "coordinates": [[[123.34351, 7.95781], [123.33801, 7.73733], [123.49731, 7.60934], [123.83514, 7.60662], [124.14001, 7.42955], [124.08096, 7.18214], [123.95462, 7.06899], [123.93814, 6.91354], [123.97522, 6.73321], [124.15649, 6.6295], [124.38721, 6.67317], [125.17822, 6.76998], [125.12329, 7.36977], [124.38721, 8.23156], [124.15649, 8.29683], [123.75549, 8.40648], [123.56598, 8.11552], [123.4671, 8.01486], [123.34351, 7.95781]]]}, "properties": {"id": "man-dc65", "status": "validé", "pieces": [{"kind": "polygon", "ring": [[123.34351, 7.95781], [123.33801, 7.73733], [123.49731, 7.60934], [123.83514, 7.60662], [124.14001, 7.42955], [124.08096, 7.18214], [123.95462, 7.06899], [123.93814, 6.91354], [123.97522, 6.73321], [124.15649, 6.6295], [124.38721, 6.67317], [125.17822, 6.76998], [125.12329, 7.36977], [124.38721, 8.23156], [124.15649, 8.29683], [123.75549, 8.40648], [123.56598, 8.11552], [123.4671, 8.01486]]}]}}, {"type": "Feature", "geometry": {"type": "MultiPolygon", "coordinates": [[[[123.50281, 7.95555], [123.37372, 8.13239], [123.54675, 8.26022], [123.36273, 8.40975], [123.25562, 8.37984], [123.00516, 8.21448], [123.01368, 8.23241], [123.00074, 8.25039], [122.96437, 8.27436], [122.96209, 8.28083], [122.95818, 8.3024], [122.95818, 8.3085], [122.96339, 8.31395], [122.98162, 8.32469], [122.98536, 8.32587], [122.98748, 8.33063], [122.99195, 8.33576], [122.99643, 8.34272], [122.99838, 8.35318], [122.99724, 8.36465], [122.99204, 8.38548], [122.9922, 8.3972], [122.99928, 8.41494], [123.02174, 8.4444], [123.02638, 8.46271], [123.03102, 8.47456], [123.042, 8.49014], [123.05543, 8.50495], [123.06739, 8.51455], [123.08204, 8.51923], [123.16049, 8.53067], [123.19508, 8.54222], [123.21127, 8.54181], [123.2155, 8.53832], [123.2256, 8.52509], [123.23194, 8.5207], [123.24204, 8.51911], [123.30096, 8.52424], [123.31821, 8.53351], [123.33106, 8.54662], [123.34645, 8.56977], [123.34962, 8.57661], [123.36354, 8.62328], [123.37159, 8.63345], [123.38673, 8.63744], [123.39235, 8.63573], [123.39763, 8.63239], [123.40333, 8.62983], [123.41066, 8.63056], [123.41554, 8.63369], [123.42758, 8.64423], [123.43637, 8.64948], [123.43198, 8.66108], [123.40008, 8.69766], [123.39186, 8.70942], [123.39015, 8.71939], [123.39715, 8.72321], [123.41114, 8.72639], [123.42481, 8.72696], [123.431, 8.7228], [123.4367, 8.72183], [123.46192, 8.70726], [123.47779, 8.6953], [123.48846, 8.69213], [123.50025, 8.6931], [123.51295, 8.69888], [123.51417, 8.64728], [123.52182, 8.62255], [123.53972, 8.62377], [123.54591, 8.62006], [123.549, 8.61884], [123.56137, 8.61384], [123.56764, 8.61009], [123.57179, 8.60468], [123.58131, 8.58283], [123.59099, 8.59276], [123.59254, 8.60228], [123.59213, 8.61237], [123.59498, 8.62377], [123.60035, 8.63255], [123.61549, 8.65107], [123.60328, 8.66307], [123.61671, 8.67072], [123.63307, 8.66844], [123.62908, 8.65107], [123.7103, 8.63325], [123.7225, 8.62808], [123.73097, 8.61888], [123.73894, 8.60269], [123.74578, 8.60269], [123.75408, 8.6103], [123.7588, 8.60749], [123.76686, 8.58902], [123.7649, 8.5891], [123.77703, 8.55736], [123.78053, 8.55174], [123.78639, 8.53767], [123.82838, 8.48656], [123.84474, 8.45222], [123.8576, 8.40941], [123.86606, 8.36432], [123.86931, 8.24331], [123.88478, 8.18545], [123.88299, 8.1645], [123.8733, 8.15327], [123.76775, 8.05903], [123.74578, 8.04841], [123.7024, 8.0458], [123.68474, 8.03681], [123.67766, 8.01073], [123.67758, 8.01061], [123.6775, 8.0102], [123.67644, 8.00007], [123.67172, 7.98066], [123.67066, 7.96922], [123.67075, 7.96918], [123.67213, 7.96776], [123.67644, 7.96336], [123.67669, 7.96349], [123.68897, 7.96833], [123.70086, 7.97647], [123.70485, 7.98013], [123.74098, 8.00043], [123.87371, 8.10517], [123.8864, 8.1092], [123.90748, 8.11323], [123.92205, 8.12324], [123.94508, 8.15013], [123.96892, 8.16779], [124.00025, 8.18134], [124.03631, 8.18985], [124.05231, 8.1899], [124.04114, 8.04262], [123.79395, 7.90112], [123.50281, 7.95555]]], [[[122.70355, 8.01535], [122.80518, 7.82484], [122.78377, 7.75966], [122.78045, 7.75983], [122.73902, 7.75414], [122.73048, 7.76073], [122.71485, 7.78095], [122.70427, 7.78832], [122.65984, 7.78832], [122.65105, 7.78608], [122.63071, 7.77631], [122.61866, 7.77407], [122.59669, 7.76142], [122.56506, 7.73703], [122.5415, 7.74045], [122.5042, 8.06902], [122.50506, 8.06826], [122.52272, 8.07636], [122.59995, 8.09292], [122.63844, 8.10855], [122.64967, 8.11603], [122.66773, 8.14997], [122.67921, 8.16421], [122.68442, 8.15396], [122.69191, 8.13166], [122.71095, 8.11978], [122.7352, 8.11547], [122.7588, 8.11603], [122.85523, 8.13247], [122.8685, 8.14183], [122.87957, 8.14399], [122.89927, 8.14457], [122.70355, 8.01535]]]]}, "properties": {"id": "man-dd12", "status": "validé", "pieces": [{"kind": "polygon", "ring": [[124.05762, 8.25993], [124.04114, 8.04262], [123.79395, 7.90112], [123.50281, 7.95555], [123.37372, 8.13239], [123.54675, 8.26022], [123.36273, 8.40975], [123.25562, 8.37984], [122.70355, 8.01535], [122.80518, 7.82484], [122.76672, 7.70777], [122.5415, 7.74045], [122.49207, 8.17585], [123.26111, 8.714], [123.85986, 8.7656]]}, {"kind": "clip"}, {"kind": "polygon", "ring": [[123.28857, 8.70294], [123.21442, 8.52635], [123.43964, 8.52635], [123.54675, 8.78984], [123.33801, 8.77626]]}, {"kind": "polygon", "ring": [[123.37372, 8.75182], [123.21442, 8.55352], [123.35449, 8.472], [123.5083, 8.7301]]}, {"kind": "polygon", "ring": [[123.39706, 8.75197], [123.22403, 8.52241], [123.36823, 8.4504], [123.48495, 8.7832], [123.38745, 8.77912]]}, {"kind": "polygon", "ring": [[123.38745, 8.72888], [123.38608, 8.5523], [123.23776, 8.5197], [123.27896, 8.60393]]}, {"kind": "rect", "bounds": [123.32153, 8.54683, 123.39157, 8.66637]}]}}, {"type": "Feature", "geometry": {"type": "Polygon", "coordinates": [[[125.25787, 11.05812], [125.56137, 11.0716], [125.79071, 10.93269], [125.91293, 10.91381], [125.63553, 11.27108], [125.63278, 11.48793], [125.50232, 11.61311], [125.48859, 11.86734], [125.52841, 12.04476], [125.54626, 12.19789], [125.354, 12.34958], [125.32242, 12.50656], [125.01892, 12.72376], [124.86374, 12.60446], [124.58496, 12.54506], [124.50565, 12.53574], [124.46583, 12.54245], [124.42669, 12.58771], [124.39236, 12.56793], [124.34772, 12.55686], [124.3079, 12.58001], [124.27288, 12.5961], [124.24679, 12.55118], [124.2746, 12.5086], [124.28009, 12.45696], [124.31992, 12.39524], [124.33193, 12.31002], [124.39236, 12.17945], [124.50977, 12.06594], [124.5853, 12.03907], [124.64195, 12.02765], [124.6859, 11.98707], [124.70512, 11.93196], [124.74495, 11.87348], [124.83559, 11.81365], [124.88022, 11.74774], [124.96674, 11.71684], [124.91592, 11.6092], [124.85825, 11.61054], [124.7731, 11.77737], [124.68658, 11.75047], [124.80331, 11.46921], [124.90288, 11.43828], [124.97635, 11.42548], [124.98184, 11.34939], [124.97017, 11.3211], [124.97498, 11.27731], [125.12604, 11.23285], [125.18097, 11.116], [125.22217, 11.06746], [125.25787, 11.05812]]]}, "properties": {"id": "man-dfc8", "status": "validé", "pieces": [{"kind": "polygon", "ring": [[125.25787, 11.05812], [125.56137, 11.0716], [125.79071, 10.93269], [125.91293, 10.91381], [125.63553, 11.27108], [125.63278, 11.48793], [125.50232, 11.61311], [125.48859, 11.86734], [125.52841, 12.04476], [125.54626, 12.19789], [125.354, 12.34958], [125.32242, 12.50656], [125.01892, 12.72376], [124.86374, 12.60446], [124.58496, 12.54506], [124.50565, 12.53574], [124.46583, 12.54245], [124.42669, 12.58771], [124.39236, 12.56793], [124.34772, 12.55686], [124.3079, 12.58001], [124.27288, 12.5961], [124.24679, 12.55118], [124.2746, 12.5086], [124.28009, 12.45696], [124.31992, 12.39524], [124.33193, 12.31002], [124.39236, 12.17945], [124.50977, 12.06594], [124.5853, 12.03907], [124.64195, 12.02765], [124.6859, 11.98707], [124.70512, 11.93196], [124.74495, 11.87348], [124.83559, 11.81365], [124.88022, 11.74774], [124.96674, 11.71684], [124.91592, 11.6092], [124.85825, 11.61054], [124.7731, 11.77737], [124.68658, 11.75047], [124.80331, 11.46921], [124.90288, 11.43828], [124.97635, 11.42548], [124.98184, 11.34939], [124.97017, 11.3211], [124.97498, 11.27731], [125.12604, 11.23285], [125.18097, 11.116], [125.22217, 11.06746]]}]}}, {"type": "Feature", "geometry": {"type": "Polygon", "coordinates": [[[125.67055, 7.22275], [125.59364, 7.31133], [125.72754, 7.44413], [125.80032, 7.38282], [125.79758, 7.2997], [125.67055, 7.22275]]]}, "properties": {"id": "man-e833", "status": "validé", "pieces": [{"kind": "polygon", "ring": [[125.67055, 7.22275], [125.59364, 7.31133], [125.72754, 7.44413], [125.80032, 7.38282], [125.79758, 7.2997]]}]}}, {"type": "Feature", "geometry": null, "properties": {"id": "man-ec58", "status": "validé", "pieces": [{"kind": "admin1", "code": "PHL-2526"}]}}, {"type": "Feature", "geometry": {"type": "Polygon", "coordinates": [[[122.82715, 10.31938], [122.71729, 10.0814], [122.33276, 9.96235], [122.3053, 9.6591], [122.81616, 9.1766], [123.00842, 8.90524], [123.37097, 9.07893], [123.31055, 9.40438], [123.17871, 9.5995], [123.39294, 10.37885], [123.64014, 10.76241], [123.50281, 11.01065], [122.9425, 10.98907], [122.79419, 10.62741], [122.77222, 10.47614], [122.82715, 10.31938]]]}, "properties": {"id": "man-ed1f", "status": "validé", "pieces": [{"kind": "polygon", "ring": [[122.82715, 10.31938], [122.71729, 10.0814], [122.33276, 9.96235], [122.3053, 9.6591], [122.81616, 9.1766], [123.00842, 8.90524], [123.37097, 9.07893], [123.31055, 9.40438], [123.17871, 9.5995], [123.39294, 10.37885], [123.64014, 10.76241], [123.50281, 11.01065], [122.9425, 10.98907], [122.79419, 10.62741], [122.77222, 10.47614]]}]}}, {"type": "Feature", "geometry": {"type": "Polygon", "coordinates": [[[124.80881, 6.63048], [124.71405, 6.595], [124.74289, 6.46387], [124.67422, 6.36694], [124.79095, 6.25223], [124.85825, 6.24131], [124.88022, 6.26179], [124.81979, 6.42565], [124.94476, 6.28501], [125.01892, 6.2973], [125.01205, 6.48025], [124.9324, 6.55942], [124.80881, 6.63048]]]}, "properties": {"id": "man-ed9d", "status": "validé", "pieces": [{"kind": "polygon", "ring": [[124.80881, 6.63048], [124.71405, 6.595], [124.74289, 6.46387], [124.67422, 6.36694], [124.79095, 6.25223], [124.85825, 6.24131], [124.88022, 6.26179], [124.81979, 6.42565], [124.94476, 6.28501], [125.01892, 6.2973], [125.01205, 6.48025], [124.9324, 6.55942]]}]}}, {"type": "Feature", "geometry": null, "properties": {"id": "man-ee22", "status": "validé", "pieces": [{"kind": "admin1", "code": "PHL-2555"}]}}, {"type": "Feature", "geometry": {"type": "Polygon", "coordinates": [[[124.66736, 8.68934], [124.29382, 8.63501], [124.44763, 8.02602], [125.06287, 8.10219], [124.84314, 8.72737], [124.66736, 8.68934]]]}, "properties": {"id": "man-f0c5", "status": "validé", "pieces": [{"kind": "polygon", "ring": [[124.66736, 8.68934], [124.29382, 8.63501], [124.44763, 8.02602], [125.06287, 8.10219], [124.84314, 8.72737]]}]}}, {"type": "Feature", "geometry": {"type": "Polygon", "coordinates": [[[125.11917, 7.3255], [124.69894, 7.23692], [124.84863, 6.88651], [125.16174, 6.92743], [125.16312, 6.9738], [125.11917, 7.3255]]]}, "properties": {"id": "man-f196", "status": "validé", "pieces": [{"kind": "polygon", "ring": [[125.11917, 7.3255], [124.69894, 7.23692], [124.84863, 6.88651], [125.16174, 6.92743], [125.16312, 6.9738]]}]}}, {"type": "Feature", "geometry": {"type": "Polygon", "coordinates": [[[125.58163, 11.12514], [125.58849, 11.10896], [125.6472, 11.12985], [125.67501, 11.07155], [125.6757, 11.04121], [125.70797, 11.02267], [125.76805, 10.99132], [125.78522, 11.0622], [125.68909, 11.18623], [125.58163, 11.12514]]]}, "properties": {"id": "man-f286", "status": "validé", "pieces": [{"kind": "polygon", "ring": [[125.58163, 11.12514], [125.58849, 11.10896], [125.6472, 11.12985], [125.67501, 11.07155], [125.6757, 11.04121], [125.70797, 11.02267], [125.76805, 10.99132], [125.78522, 11.0622], [125.68909, 11.18623]]}]}}, {"type": "Feature", "geometry": {"type": "Polygon", "coordinates": [[[125.01274, 11.25778], [124.91112, 11.28742], [124.93378, 11.15266], [124.99969, 11.12435], [125.02304, 11.10615], [125.05394, 11.14323], [125.05531, 11.24228], [125.01274, 11.25778]]]}, "properties": {"id": "man-f72a", "status": "validé", "pieces": [{"kind": "polygon", "ring": [[125.01274, 11.25778], [124.91112, 11.28742], [124.93378, 11.15266], [124.99969, 11.12435], [125.02304, 11.10615], [125.05394, 11.14323], [125.05531, 11.24228]]}]}}, {"type": "Feature", "geometry": {"type": "MultiPolygon", "coordinates": [[[[118.63189, 9.51004], [118.59213, 9.44619], [118.5573, 9.41169], [118.55193, 9.40119], [118.54737, 9.383], [118.53647, 9.36432], [118.49789, 9.31367], [118.4922, 9.30882], [118.45509, 9.28437], [118.44565, 9.28168], [118.43084, 9.27318], [118.38054, 9.22028], [118.365, 9.19306], [118.35377, 9.18317], [118.33579, 9.17927], [118.29493, 9.17927], [118.28435, 9.17642], [118.2614, 9.16279], [118.25017, 9.15815], [118.18914, 9.15599], [118.17123, 9.14826], [118.16342, 9.14281], [118.13697, 9.13085], [118.13209, 9.12665], [118.12672, 9.09614], [118.11305, 9.0694], [118.11207, 9.06493], [118.11346, 9.05378], [118.11305, 9.04898], [118.10914, 9.04759], [118.10222, 9.0478], [118.09547, 9.04597], [118.09254, 9.0384], [118.08912, 9.01976], [118.08691, 9.0138], [117.95237, 8.85189], [117.91041, 8.82974], [117.8401, 8.77448], [117.77369, 8.70307], [117.75538, 8.69017], [117.73292, 8.68521], [117.71127, 8.68293], [117.69801, 8.67744], [117.6858, 8.67064], [117.66733, 8.66474], [117.64674, 8.66328], [117.58888, 8.67097], [117.5656, 8.66108], [117.55738, 8.63841], [117.55812, 8.59642], [117.55014, 8.57563], [117.52312, 8.5397], [117.51726, 8.51765], [117.51287, 8.50678], [117.50318, 8.50072], [117.4935, 8.49966], [117.48911, 8.50365], [117.48414, 8.51301], [117.47218, 8.51382], [117.37892, 8.48631], [117.34498, 8.47126], [117.31861, 8.45185], [117.3152, 8.44611], [117.30763, 8.42939], [117.30437, 8.42451], [117.27003, 8.41429], [117.26385, 8.39761], [117.24928, 8.38353], [117.22234, 8.36371], [117.19801, 8.33478], [117.19077, 8.33832], [117.18824, 8.36652], [117.19044, 8.37816], [117.19972, 8.39802], [117.20476, 8.41865], [117.21144, 8.42707], [117.21843, 8.43342], [117.22234, 8.43818], [117.2234, 8.44806], [117.22193, 8.46906], [117.2225, 8.48432], [117.22193, 8.49506], [117.22234, 8.50023], [117.22535, 8.50532], [117.23414, 8.5113], [117.23959, 8.53579], [117.24855, 8.55508], [117.27003, 8.58902], [117.26775, 8.59032], [117.26393, 8.61009], [117.27996, 8.60497], [117.28679, 8.62035], [117.29152, 8.64081], [117.30112, 8.65107], [117.31218, 8.6562], [117.32716, 8.66865], [117.34205, 8.68427], [117.35271, 8.69888], [117.33904, 8.69888], [117.35963, 8.73127], [117.37599, 8.74681], [117.41773, 8.7591], [117.43556, 8.77314], [117.45037, 8.79116], [117.51979, 8.89973], [117.54379, 8.92544], [117.62273, 8.99185], [117.64015, 9.02098], [117.64772, 9.04291], [117.65553, 9.05793], [117.66863, 9.06664], [117.69191, 9.0694], [117.70444, 9.07949], [117.71225, 9.08161], [117.71567, 9.0725], [117.71974, 9.06582], [117.7295, 9.06415], [117.74073, 9.0659], [117.75001, 9.0694], [117.76189, 9.07795], [117.76808, 9.08641], [117.78053, 9.12027], [117.7824, 9.12255], [117.78785, 9.12743], [117.79127, 9.13483], [117.78932, 9.14232], [117.78403, 9.15135], [117.79656, 9.16328], [117.83668, 9.18822], [117.84986, 9.19294], [117.86647, 9.2036], [117.88998, 9.25056], [117.90447, 9.26122], [117.945, 9.25609], [117.96632, 9.25727], [117.98951, 9.2674], [117.98805, 9.25593], [117.98959, 9.24624], [117.99448, 9.23859], [118.00318, 9.2333], [118.01637, 9.24323], [118.02589, 9.25381], [118.04469, 9.28168], [118.05437, 9.29145], [118.12696, 9.33784], [118.13356, 9.34317], [118.13527, 9.35187], [118.13103, 9.3732], [118.13356, 9.38471], [118.1482, 9.39672], [118.17156, 9.40786], [118.19288, 9.42182], [118.21632, 9.47797], [118.27719, 9.51972], [118.2977, 9.55488], [118.32618, 9.57905], [118.33277, 9.58641], [118.33497, 9.59162], [118.33961, 9.59658], [118.34425, 9.60322], [118.34645, 9.61376], [118.34547, 9.63618], [118.34913, 9.64574], [118.36012, 9.65843], [118.37175, 9.65436], [118.38233, 9.65778], [118.39375, 9.66687], [118.42163, 9.64338], [118.63189, 9.51004]]], [[[117.0809, 8.03828], [117.08025, 8.02949], [117.08204, 8.02416], [117.09156, 8.01154], [117.08692, 8.00422], [117.07716, 7.99917], [117.07154, 7.99315], [117.07277, 7.97752], [117.08326, 7.94147], [117.08579, 7.92113], [117.08473, 7.91592], [117.07944, 7.90717], [117.07838, 7.90375], [117.07765, 7.88447], [117.07838, 7.88329], [117.08497, 7.87629], [117.08676, 7.87214], [117.08204, 7.87027], [117.08009, 7.86872], [117.07301, 7.86152], [117.07154, 7.85936], [117.06715, 7.8487], [117.05567, 7.83564], [117.04029, 7.82494], [117.02369, 7.82184], [117.03419, 7.80463], [117.02621, 7.79841], [117.00994, 7.80028], [116.99586, 7.80756], [117.00164, 7.82368], [116.99635, 7.83926], [116.97592, 7.87027], [116.95582, 7.92109], [116.95493, 7.92601], [116.96168, 8.062], [116.97267, 8.05484], [116.97495, 8.04475], [116.97592, 8.03457], [116.98219, 8.02729], [116.99675, 8.02733], [117.00196, 8.03994], [117.00514, 8.05484], [117.01319, 8.062], [117.05844, 8.06981], [117.07586, 8.06957], [117.08497, 8.05785], [117.0809, 8.03828]]], [[[117.02052, 8.07787], [117.01539, 8.08812], [117.00904, 8.09715], [116.99586, 8.10301], [117.02711, 8.12873], [117.04542, 8.13581], [117.05787, 8.12348], [117.06837, 8.09276], [117.06813, 8.08625], [117.05942, 8.08124], [117.04965, 8.07982], [117.03981, 8.07722], [117.03053, 8.06826], [117.02052, 8.07787]]], [[[117.18971, 8.17674], [117.20485, 8.16681], [117.20574, 8.1555], [117.18483, 8.15013], [117.16179, 8.15672], [117.15235, 8.17007], [117.1548, 8.18041], [117.16773, 8.17813], [117.18971, 8.17674]]], [[[117.35532, 8.30272], [117.35532, 8.27464], [117.34889, 8.2447], [117.35955, 8.21906], [117.35133, 8.20722], [117.34254, 8.19721], [117.33188, 8.19318], [117.31861, 8.1992], [117.28972, 8.18431], [117.27882, 8.2071], [117.27564, 8.24299], [117.27003, 8.26752], [117.27654, 8.2814], [117.27963, 8.3111], [117.28443, 8.32274], [117.29282, 8.31786], [117.30152, 8.31802], [117.31007, 8.32201], [117.31861, 8.32892], [117.31813, 8.32453], [117.31959, 8.32355], [117.32228, 8.32363], [117.32545, 8.32274], [117.35532, 8.30272]]], [[[117.25343, 8.32197], [117.26075, 8.32111], [117.2645, 8.31379], [117.26393, 8.30101], [117.24334, 8.2829], [117.21461, 8.26512], [117.19012, 8.26203], [117.18141, 8.28799], [117.18946, 8.29955], [117.24285, 8.34321], [117.2409, 8.33051], [117.23959, 8.32722], [117.23601, 8.32274], [117.24285, 8.31525], [117.25343, 8.32197]]]]}, "properties": {"id": "man-fc8b", "status": "validé", "pieces": [{"kind": "polygon", "ring": [[118.42163, 9.64338], [118.65234, 9.49707], [118.37219, 9.13915], [118.14148, 9.07947], [117.76245, 8.62334], [117.43286, 8.43313], [117.37518, 8.22441], [117.12524, 7.91971], [117.00439, 7.76455], [116.78741, 8.0476], [117.49878, 8.98511], [117.89429, 9.32149], [118.07281, 9.36758], [118.36945, 9.68735]]}, {"kind": "clip"}]}}, {"type": "Feature", "geometry": null, "properties": {"id": "man-fc90", "status": "validé", "pieces": [{"kind": "admin1", "code": "PHL-2530"}]}}, {"type": "Feature", "geometry": {"type": "Polygon", "coordinates": [[[120.40054, 17.12112], [120.42801, 17.00816], [120.48981, 16.9648], [120.58319, 17.03969], [120.62988, 17.19332], [120.60104, 17.34944], [120.50079, 17.4045], [120.40054, 17.38353], [120.38818, 17.20907], [120.40054, 17.12112]]]}, "properties": {"id": "man-ff8f", "status": "validé", "pieces": [{"kind": "polygon", "ring": [[120.40054, 17.12112], [120.42801, 17.00816], [120.48981, 16.9648], [120.58319, 17.03969], [120.62988, 17.19332], [120.60104, 17.34944], [120.50079, 17.4045], [120.40054, 17.38353], [120.38818, 17.20907]]}]}}, {"type": "Feature", "geometry": null, "properties": {"id": "o4Or", "status": "rejeté", "pieces": []}}, {"type": "Feature", "geometry": {"type": "Polygon", "coordinates": [[[123.84544, 13.09434], [123.84544, 13.35893], [123.51997, 13.35893], [123.51997, 13.09434], [123.84544, 13.09434]]]}, "properties": {"id": "oQjn", "status": "validé", "pieces": [{"kind": "rect", "bounds": [123.51997, 13.09434, 123.84544, 13.35893]}]}}, {"type": "Feature", "geometry": null, "properties": {"id": "paH1", "status": "validé", "pieces": [{"kind": "country"}]}}, {"type": "Feature", "geometry": null, "properties": {"id": "qKJU", "status": "validé", "pieces": [{"kind": "country"}]}}, {"type": "Feature", "geometry": null, "properties": {"id": "qoLR", "status": "validé", "pieces": [{"kind": "admin1", "code": "PHL-2542"}, {"kind": "admin1", "code": "PHL-2546"}, {"kind": "admin1", "code": "PHL-4931"}, {"kind": "admin1", "code": "PHL-2552"}, {"kind": "admin1", "code": "PHL-2551"}, {"kind": "admin1", "code": "PHL-2559"}]}}, {"type": "Feature", "geometry": null, "properties": {"id": "uStw", "status": "validé", "pieces": [{"kind": "country"}]}}, {"type": "Feature", "geometry": {"type": "Polygon", "coordinates": [[[121.52802, 14.35798], [121.56372, 14.28882], [121.50879, 14.21431], [121.35223, 14.10783], [121.12152, 14.1238], [120.92102, 14.18769], [120.80566, 14.2489], [120.78918, 14.34734], [120.87214, 14.45341], [120.87794, 14.45889], [120.88608, 14.46239], [120.89747, 14.46312], [120.9192, 14.46198], [120.92612, 14.46467], [120.94337, 14.4831], [120.97039, 14.5019], [120.98032, 14.51545], [120.98439, 14.534], [120.98015, 14.55744], [120.96836, 14.57643], [120.96836, 14.57643], [120.95883, 14.59178], [120.95021, 14.61278], [120.94758, 14.62786], [120.97686, 14.62828], [120.96865, 14.63648], [120.97124, 14.64166], [120.97163, 14.64982], [120.94487, 14.64348], [120.94313, 14.65351], [120.9407, 14.65862], [120.94849, 14.93438], [121.0144, 14.95295], [121.0556, 14.88397], [121.0611, 14.76985], [121.06169, 14.76569], [121.10847, 14.75197], [121.11585, 14.75283], [121.12319, 14.75368], [121.12926, 14.76123], [121.15427, 14.75843], [121.14348, 14.74245], [121.13743, 14.73857], [121.13657, 14.72605], [121.14607, 14.71871], [121.13316, 14.69398], [121.24786, 14.54674], [121.38794, 14.46168], [121.52802, 14.35798]], [[120.98333, 14.65259], [120.99973, 14.65332], [121.00488, 14.65769], [120.98333, 14.65259]]]}, "properties": {"id": "vjQB", "status": "validé", "pieces": [{"kind": "admin1", "code": "PHL-5549"}, {"kind": "admin1", "code": "PHL-5545"}, {"kind": "admin1", "code": "PHL-5543"}, {"kind": "admin1", "code": "PHL-5553"}, {"kind": "admin1", "code": "PHL-5555"}, {"kind": "admin1", "code": "PHL-5558"}, {"kind": "admin1", "code": "PHL-5554"}, {"kind": "polygon", "ring": [[120.94025, 14.64239], [120.94849, 14.93438], [121.0144, 14.95295], [121.0556, 14.88397], [121.0611, 14.76985], [121.07483, 14.67426]]}, {"kind": "clip"}, {"kind": "polygon", "ring": [[120.78918, 14.34734], [120.80566, 14.2489], [120.92102, 14.18769], [121.12152, 14.1238], [121.35223, 14.10783], [121.50879, 14.21431], [121.56372, 14.28882], [121.52802, 14.35798], [121.38794, 14.46168], [121.24786, 14.54674], [121.0968, 14.74065]]}]}}, {"type": "Feature", "geometry": null, "properties": {"id": "xdvo", "status": "validé", "pieces": [{"kind": "admin1", "code": "PHL-2521"}, {"kind": "admin1", "code": "PHL-4932"}, {"kind": "admin1", "code": "PHL-2520"}]}}, {"type": "Feature", "geometry": null, "properties": {"id": "xgaV", "status": "rejeté", "pieces": []}}, {"type": "Feature", "geometry": null, "properties": {"id": "yIwj", "status": "validé", "pieces": [{"kind": "country"}]}}, {"type": "Feature", "geometry": null, "properties": {"id": "yYbQ", "status": "validé", "pieces": [{"kind": "admin1", "code": "PHL-2538"}, {"kind": "admin1", "code": "PHL-5536"}, {"kind": "admin1", "code": "PHL-2536"}, {"kind": "admin1", "code": "PHL-2541"}, {"kind": "admin1", "code": "PHL-2540"}, {"kind": "admin1", "code": "PHL-2537"}, {"kind": "admin1", "code": "PHL-2539"}]}}, {"type": "Feature", "geometry": {"type": "MultiPolygon", "coordinates": [[[[122.12371, 13.39521], [122.12892, 13.3863], [122.12029, 13.35664], [122.06202, 13.29857], [122.03956, 13.2696], [122.04908, 13.24836], [122.04029, 13.2307], [122.0088, 13.20478], [121.99317, 13.20161], [121.97674, 13.21308], [121.96258, 13.22801], [121.95387, 13.2355], [121.94288, 13.24018], [121.90919, 13.2696], [121.90073, 13.27196], [121.88347, 13.27318], [121.87501, 13.27643], [121.86492, 13.28437], [121.84767, 13.31061], [121.81723, 13.34195], [121.81373, 13.35224], [121.81788, 13.3758], [121.81723, 13.38288], [121.81414, 13.39753], [121.8143, 13.45051], [121.81723, 13.46483], [121.82439, 13.47407], [121.85076, 13.52094], [121.85385, 13.53034], [121.85564, 13.55842], [121.85865, 13.5655], [121.87306, 13.56851], [121.88754, 13.55476], [121.90919, 13.5229], [121.91375, 13.52863], [121.92506, 13.53864], [121.9297, 13.54462], [121.945, 13.529], [121.96803, 13.52375], [121.98902, 13.53046], [121.99789, 13.55077], [122.011, 13.54214], [122.02019, 13.53364], [122.02345, 13.52318], [122.01905, 13.50922], [122.03395, 13.51464], [122.04518, 13.50922], [122.04868, 13.49877], [122.03956, 13.48932], [122.04379, 13.48534], [122.0547, 13.47809], [122.05991, 13.47574], [122.07521, 13.48542], [122.09669, 13.47968], [122.11525, 13.46499], [122.12208, 13.44774], [122.11842, 13.4431], [122.11134, 13.44139], [122.10157, 13.4409], [122.10084, 13.4339], [122.10157, 13.41669], [122.10548, 13.40843], [122.12371, 13.39521]]], [[[121.43277, 18.90345], [121.44361, 18.89549], [121.45053, 18.88841], [121.45802, 18.88394], [121.46697, 18.88178], [121.47779, 18.8819], [121.45362, 18.86595], [121.43141, 18.85615], [121.40675, 18.85082], [121.31861, 18.84321], [121.29493, 18.84683], [121.27914, 18.86201], [121.27524, 18.87588], [121.28004, 18.88056], [121.29957, 18.8819], [121.35328, 18.89883], [121.38844, 18.90298], [121.41676, 18.90815], [121.4267, 18.9062], [121.43277, 18.90345]]], [[[122.18994, 18.15664], [122.18994, 18.12935], [122.18002, 18.12075], [122.17433, 18.11347], [122.16977, 18.10049], [122.16912, 18.08812], [122.17189, 18.07941], [122.17555, 18.07184], [122.17726, 18.06318], [122.17726, 18.02904], [122.18312, 17.99649], [122.18344, 17.98436], [122.14015, 17.79828], [122.1399, 17.78791], [122.14324, 17.76529], [122.14235, 17.75707], [122.13608, 17.74429], [122.13575, 17.73729], [122.13982, 17.73005], [122.15317, 17.71552], [122.15626, 17.70694], [122.15659, 17.61929], [122.16293, 17.59333], [122.18994, 17.52858], [122.18994, 17.34084], [122.18994, 16.79494], [121.83423, 16.09332], [121.82993, 16.0904], [121.79998, 16.08324], [121.78842, 16.07722], [121.77768, 16.07319], [121.76954, 16.07575], [121.76108, 16.07998], [121.75229, 16.07689], [121.68442, 16.02115], [121.67872, 16.01073], [121.64226, 15.96963], [121.59327, 15.94489], [121.58788, 15.94042], [121.39893, 15.85698], [120.90454, 15.83585], [120.36967, 16.11619], [120.3742, 16.12385], [120.37859, 16.1341], [120.39772, 16.15404], [120.40211, 16.16547], [120.40211, 16.20576], [120.39747, 16.22899], [120.38551, 16.25194], [120.35377, 16.29169], [120.35377, 16.27131], [120.34864, 16.27953], [120.34205, 16.28559], [120.33627, 16.29218], [120.31218, 16.4562], [120.29908, 16.4938], [120.30665, 16.54499], [120.29786, 16.56892], [120.28419, 16.59296], [120.27613, 16.61188], [120.28541, 16.62067], [120.28541, 16.61685], [120.28842, 16.61457], [120.29526, 16.61371], [120.30665, 16.61392], [120.30665, 16.62067], [120.30144, 16.63321], [120.3025, 16.65498], [120.30787, 16.67768], [120.32594, 16.71259], [120.32342, 16.73383], [120.31617, 16.7558], [120.31218, 16.77778], [120.31365, 16.79963], [120.31577, 16.80927], [120.31959, 16.81932], [120.32643, 16.83096], [120.33351, 16.83698], [120.34156, 16.84195], [120.3506, 16.85033], [120.42726, 16.9619], [120.43409, 16.98212], [120.43629, 17.008], [120.41635, 17.17935], [120.41424, 17.18431], [120.40431, 17.19831], [120.40211, 17.20669], [120.40309, 17.22162], [120.41236, 17.26459], [120.40821, 17.3227], [120.41139, 17.32831], [120.42945, 17.34756], [120.43751, 17.35883], [120.44174, 17.36799], [120.44337, 17.3771], [120.4437, 17.38849], [120.43523, 17.4228], [120.4017, 17.49702], [120.40211, 17.51887], [120.35792, 17.53026], [120.34083, 17.53876], [120.33383, 17.55638], [120.3532, 17.67813], [120.36354, 17.68716], [120.38478, 17.69013], [120.40235, 17.69697], [120.41245, 17.71284], [120.41668, 17.73102], [120.41635, 17.74478], [120.40821, 17.76], [120.39715, 17.77074], [120.39129, 17.78144], [120.39869, 17.79633], [120.42262, 17.82355], [120.42791, 17.83812], [120.42945, 17.86083], [120.4253, 17.90241], [120.42791, 17.91665], [120.45167, 17.94888], [120.47267, 17.9916], [120.47722, 18.00483], [120.47828, 18.0218], [120.47682, 18.04365], [120.47299, 18.06428], [120.46705, 18.07713], [120.47006, 18.09101], [120.52621, 18.20409], [120.52345, 18.20254], [120.52027, 18.20604], [120.51791, 18.2121], [120.51808, 18.21772], [120.52084, 18.21963], [120.52556, 18.22126], [120.52996, 18.22354], [120.53191, 18.22736], [120.53614, 18.23981], [120.56609, 18.29222], [120.57911, 18.32514], [120.58619, 18.36449], [120.58497, 18.40546], [120.5735, 18.44306], [120.56178, 18.46967], [120.5608, 18.48676], [120.57016, 18.50178], [120.5905, 18.52216], [120.6111, 18.53856], [120.62713, 18.54149], [120.66969, 18.53242], [120.69068, 18.53441], [120.73536, 18.5493], [120.75424, 18.55292], [120.77084, 18.56147], [120.77564, 18.58137], [120.77589, 18.60431], [120.77898, 18.62181], [120.79273, 18.63613], [120.813, 18.64452], [120.83424, 18.64594], [120.85084, 18.63886], [120.8659, 18.62031], [120.89186, 18.5799], [120.90919, 18.56721], [120.92693, 18.56623], [120.94703, 18.57201], [120.96388, 18.58137], [120.97055, 18.59077], [120.97877, 18.59829], [121.01832, 18.61709], [121.03272, 18.62181], [121.04249, 18.6223], [121.06332, 18.62067], [121.07301, 18.62181], [121.08334, 18.628], [121.09498, 18.63703], [121.10678, 18.64273], [121.11817, 18.63886], [121.12615, 18.6341], [121.13706, 18.63093], [121.15935, 18.62865], [121.17066, 18.62547], [121.17742, 18.61782], [121.18263, 18.60883], [121.19028, 18.6013], [121.23992, 18.5777], [121.26629, 18.55488], [121.36402, 18.50642], [121.37818, 18.49486], [121.39186, 18.48631], [121.42408, 18.47724], [121.4983, 18.42939], [121.50611, 18.42666], [121.51979, 18.42512], [121.52613, 18.42255], [121.53256, 18.41596], [121.53883, 18.40705], [121.54656, 18.39924], [121.59205, 18.38471], [121.61329, 18.35932], [121.62965, 18.33169], [121.64967, 18.31395], [121.64967, 18.32022], [121.63461, 18.33454], [121.63494, 18.35513], [121.64503, 18.36945], [121.65968, 18.36481], [121.67286, 18.35497], [121.85279, 18.28799], [121.89552, 18.2792], [121.91733, 18.27863], [121.97462, 18.28604], [121.98683, 18.29043], [122.03956, 18.32022], [122.07862, 18.37946], [122.09132, 18.38906], [122.11158, 18.39277], [122.11931, 18.40302], [122.12208, 18.43683], [122.12572, 18.44769], [122.18994, 18.15664]]]]}, "properties": {"id": "yzp6", "status": "validé", "pieces": [{"kind": "admin1", "code": "PHL-2569"}, {"kind": "polygon", "ring": [[119.90479, 19.01019], [119.8938, 17.25696], [120.30029, 16.15255], [120.90454, 15.83585], [121.39893, 15.85698], [121.80542, 16.03649], [122.18994, 16.79494], [122.18994, 17.34084], [122.18994, 18.15664], [122.09106, 18.60477], [121.28906, 18.96865]]}, {"kind": "clip"}]}}]}