{"type": "FeatureCollection", "features": [{"type": "Feature", "geometry": null, "properties": {"id": "1AKz", "status": "validé", "pieces": [{"kind": "admin1", "code": "ROU-128"}]}}, {"type": "Feature", "geometry": null, "properties": {"id": "6jeS", "status": "validé", "pieces": [{"kind": "country"}]}}, {"type": "Feature", "geometry": null, "properties": {"id": "7JK8", "status": "validé", "pieces": [{"kind": "country"}]}}, {"type": "Feature", "geometry": null, "properties": {"id": "7f9M", "status": "validé", "pieces": [{"kind": "country"}]}}, {"type": "Feature", "geometry": null, "properties": {"id": "8US1", "status": "validé", "pieces": [{"kind": "country"}]}}, {"type": "Feature", "geometry": {"type": "Polygon", "coordinates": [[[24.57298, 45.67357], [24.59461, 45.63087], [24.608, 45.58189], [24.60354, 45.56964], [24.62448, 45.56603], [24.64577, 45.58741], [24.62345, 45.61815], [24.59358, 45.6834], [24.57298, 45.67357]]]}, "properties": {"id": "AREv", "status": "validé", "pieces": [{"kind": "polygon", "ring": [[24.57298, 45.67357], [24.59461, 45.63087], [24.608, 45.58189], [24.60354, 45.56964], [24.62448, 45.56603], [24.64577, 45.58741], [24.62345, 45.61815], [24.59358, 45.6834]]}]}}, {"type": "Feature", "geometry": null, "properties": {"id": "Avi5", "status": "validé", "pieces": [{"kind": "country"}]}}, {"type": "Feature", "geometry": {"type": "Polygon", "coordinates": [[[25.52124, 47.74011], [25.51025, 47.45871], [25.75195, 47.01132], [26.13647, 46.24967], [26.30127, 45.7615], [26.21338, 45.19167], [25.3894, 44.85791], [24.67529, 44.7878], [23.66455, 44.68639], [23.48877, 44.31827], [23.48007, 43.88078], [23.32515, 43.88659], [23.23448, 43.8773], [23.19696, 43.86275], [23.16192, 43.85732], [23.13185, 43.84795], [23.05255, 43.84282], [22.91956, 43.83423], [22.88876, 43.83952], [22.86344, 43.85541], [22.85104, 43.87435], [22.85052, 43.89699], [22.87471, 43.97205], [22.88587, 43.99453], [22.90582, 44.00398], [22.92649, 44.00615], [22.96628, 44.01556], [22.98809, 44.01768], [23.02302, 44.03163], [23.04007, 44.06233], [23.03098, 44.09307], [23.00831, 44.10045], [22.98809, 44.10703], [22.94261, 44.11147], [22.90644, 44.12289], [22.69164, 44.22843], [22.69074, 44.22888], [22.68536, 44.24366], [22.6895, 44.29172], [22.68154, 44.30531], [22.66252, 44.31166], [22.62118, 44.3159], [22.58284, 44.32841], [22.54935, 44.34897], [22.52269, 44.37507], [22.50512, 44.40406], [22.50398, 44.41171], [22.50636, 44.42752], [22.50543, 44.43501], [22.50098, 44.44194], [22.48, 44.45579], [22.477, 44.46395], [22.47721, 44.47698], [22.47979, 44.49041], [22.48414, 44.49977], [22.49106, 44.50421], [22.50036, 44.50638], [22.5355, 44.50752], [22.54842, 44.5117], [22.55669, 44.52147], [22.55979, 44.53878], [22.56558, 44.55542], [22.58046, 44.5655], [22.6003, 44.56979], [22.62118, 44.56922], [22.64216, 44.56312], [22.67854, 44.54555], [22.70014, 44.54183], [22.71937, 44.54436], [22.74169, 44.55186], [22.75926, 44.56467], [22.76515, 44.58281], [22.71472, 44.62306], [22.70014, 44.63061], [22.62118, 44.63743], [22.58749, 44.64937], [22.55328, 44.66916], [22.48372, 44.72399], [22.46894, 44.73019], [22.45055, 44.73298], [22.42605, 44.73365], [22.41551, 44.72781], [22.38068, 44.70053], [22.36115, 44.69205], [22.3197, 44.68534], [22.30492, 44.67738], [22.29903, 44.66167], [22.18514, 44.51511], [22.17211, 44.50535], [22.14824, 44.5009], [22.12664, 44.50266], [22.10431, 44.50964], [22.08695, 44.52178], [22.07631, 44.55072], [22.06711, 44.55723], [22.05574, 44.56214], [22.0452, 44.56922], [22.03982, 44.57687], [22.03617, 44.58949], [22.03424, 44.59617], [22.03217, 44.60332], [22.00427, 44.65154], [21.99435, 44.65857], [21.96241, 44.66229], [21.87198, 44.69598], [21.85544, 44.69846], [21.83828, 44.69521], [21.8017, 44.68389], [21.75684, 44.67727], [21.70517, 44.67707], [21.65628, 44.68766], [21.61969, 44.71391], [21.61029, 44.73195], [21.60429, 44.74998], [21.59561, 44.76595], [21.57804, 44.77768], [21.55841, 44.78166], [21.49722, 44.77804], [21.41216, 44.78481], [21.39593, 44.79024], [21.37857, 44.81665], [21.36059, 44.82641], [21.3598, 44.82666], [21.34281, 44.83194], [21.34643, 44.84564], [21.35552, 44.85659], [21.36855, 44.86486], [21.39531, 44.87163], [21.4534, 44.86956], [21.48151, 44.87261], [21.52213, 44.88078], [21.53629, 44.8893], [21.53908, 44.90847], [21.53102, 44.92465], [21.51634, 44.9339], [21.48151, 44.94356], [21.4565, 44.95235], [21.40844, 44.95834], [21.38518, 44.9695], [21.38456, 44.97493], [21.38705, 44.98154], [21.38395, 44.98666], [21.36699, 44.98728], [21.35346, 44.98981], [21.35139, 44.99824], [21.35614, 45.00857], [21.36338, 45.01653], [21.3733, 45.0201], [21.39883, 45.02139], [21.40927, 45.02397], [21.42188, 45.03141], [21.42508, 45.03622], [21.4256, 45.04325], [21.42952, 45.0573], [21.43252, 45.06149], [21.441, 45.06872], [21.44379, 45.07291], [21.44441, 45.07787], [21.44441, 45.08526], [21.44379, 45.09146], [21.44244, 45.09291], [21.44999, 45.10102], [21.45857, 45.10733], [21.469, 45.11105], [21.48151, 45.11156], [21.49412, 45.11931], [21.49784, 45.13187], [21.49329, 45.1451], [21.48439, 45.1527], [21.45939, 45.17404], [21.43376, 45.18882], [21.40555, 45.19967], [21.2993, 45.22318], [21.25713, 45.22411], [21.23925, 45.22939], [21.20607, 45.24592], [21.18974, 45.25956], [21.15564, 45.29517], [21.13941, 45.3037], [21.12918, 45.30189], [21.11306, 45.28933], [21.10334, 45.28607], [21.09156, 45.28809], [21.08278, 45.29367], [21.0743, 45.30054], [21.06396, 45.30628], [21.01667, 45.32148], [20.98149, 45.33279], [20.96619, 45.34157], [20.92764, 45.37749], [20.86305, 45.41873], [20.83039, 45.45252], [20.81602, 45.46286], [20.79948, 45.46854], [20.7816, 45.47257], [20.76713, 45.47934], [20.76073, 45.49335], [20.78316, 45.50606], [20.79762, 45.5165], [20.80021, 45.5305], [20.78739, 45.55365], [20.75804, 45.58926], [20.75442, 45.60559], [20.76217, 45.6306], [20.77323, 45.64889], [20.77726, 45.65752], [20.77995, 45.67168], [20.77912, 45.72367], [20.7816, 45.73395], [20.78553, 45.74341], [20.78574, 45.75256], [20.77747, 45.76232], [20.76517, 45.76677], [20.75411, 45.76356], [20.74533, 45.75499], [20.73944, 45.74341], [20.72683, 45.73618], [20.71339, 45.73333], [20.70006, 45.7354], [20.68807, 45.7431], [20.67856, 45.75664], [20.65562, 45.77731], [20.6459, 45.78873], [20.64349, 45.79514], [20.64229, 45.79834], [20.64011, 45.8187], [20.6367, 45.82702], [20.62968, 45.83328], [20.61231, 45.84149], [20.60528, 45.84614], [20.57211, 45.88769], [20.55671, 45.89844], [20.538, 45.90371], [20.49986, 45.90666], [20.48167, 45.9127], [20.42907, 45.94671], [20.41026, 45.95559], [20.37098, 45.96779], [20.35393, 45.97668], [20.33863, 45.9928], [20.31765, 46.03859], [20.30567, 46.05357], [20.24283, 46.10809], [20.28324, 46.1438], [20.44416, 46.1469], [20.46855, 46.17413], [20.50937, 46.16767], [20.54896, 46.15615], [20.5781, 46.13755], [20.58802, 46.13284], [20.60012, 46.12964], [20.60756, 46.12949], [20.66399, 46.13775], [20.68352, 46.14468], [20.69882, 46.15646], [20.70419, 46.16633], [20.70437, 46.16853], [20.70533, 46.18064], [20.71029, 46.18809], [20.71784, 46.19], [20.72714, 46.18773], [20.73665, 46.18669], [20.74471, 46.19227], [20.74481, 46.20028], [20.73551, 46.2225], [20.73499, 46.23191], [20.73933, 46.23749], [20.7785, 46.26007], [20.78737, 46.26339], [20.79866, 46.26762], [20.81964, 46.2717], [20.83969, 46.27108], [20.84899, 46.26777], [20.86697, 46.25713], [20.87514, 46.25439], [20.88506, 46.25501], [20.89974, 46.26069], [20.90656, 46.26219], [20.92444, 46.25955], [20.96175, 46.24834], [20.98149, 46.24886], [20.99058, 46.2516], [20.99916, 46.2516], [21.00702, 46.24886], [21.01394, 46.24307], [21.03347, 46.23134], [21.05146, 46.23609], [21.09921, 46.27635], [21.10562, 46.27867], [21.13487, 46.27852], [21.14448, 46.28374], [21.15595, 46.29893], [21.16453, 46.31826], [21.16866, 46.36275], [21.17879, 46.38446], [21.19564, 46.3981], [21.21517, 46.4029], [21.25754, 46.40417], [21.2807, 46.41639], [21.27439, 46.43836], [21.24514, 46.47688], [21.24762, 46.49747], [21.26168, 46.51334], [21.27894, 46.5284], [21.29134, 46.54672], [21.29527, 46.58504], [21.30095, 46.60393], [21.31625, 46.61664], [21.33764, 46.62041], [21.37444, 46.61845], [21.39604, 46.62635], [21.41681, 46.64522], [21.42354, 46.65823], [21.42549, 46.66201], [21.43624, 46.67374], [21.46353, 46.67705], [21.48358, 46.68485], [21.50177, 46.70351], [21.50518, 46.72325], [21.4782, 46.73593], [21.47521, 46.73785], [21.47262, 46.7402], [21.47045, 46.74301], [21.47138, 46.74903], [21.47366, 46.75487], [21.47707, 46.76022], [21.48151, 46.76498], [21.5029, 46.80531], [21.51572, 46.82159], [21.5366, 46.83502], [21.57308, 46.84177], [21.58342, 46.84794], [21.59179, 46.86071], [21.59148, 46.87153], [21.58807, 46.8822], [21.58714, 46.8944], [21.58869, 46.90618], [21.58993, 46.90887], [21.59437, 46.91001], [21.64005, 46.93569], [21.64853, 46.94298], [21.66755, 46.99238], [21.67137, 46.99336], [21.67075, 46.99439], [21.66176, 47.00607], [21.65483, 47.00995], [21.64522, 47.01124], [21.63664, 47.01408], [21.63427, 47.01942], [21.63282, 47.02269], [21.67189, 47.05473], [21.69421, 47.06917], [21.74351, 47.0916], [21.76377, 47.10521], [21.77049, 47.11402], [21.77545, 47.13167], [21.77989, 47.14074], [21.7894, 47.1503], [21.81152, 47.16469], [21.81989, 47.17273], [21.82598, 47.18505], [21.82568, 47.19428], [21.8233, 47.20332], [21.82361, 47.21492], [21.82774, 47.22601], [21.83932, 47.24084], [21.84459, 47.24993], [21.85606, 47.28574], [21.86216, 47.29742], [21.90081, 47.33574], [21.919, 47.34967], [21.93699, 47.35716], [21.98153, 47.3661], [22.00158, 47.39383], [22.00024, 47.42718], [21.99145, 47.46181], [21.98887, 47.49294], [22.00789, 47.51741], [22.03745, 47.53932], [22.09956, 47.57095], [22.14855, 47.57935], [22.15418, 47.58221], [22.16209, 47.58624], [22.16736, 47.59379], [22.16761, 47.59486], [22.16912, 47.60139], [22.16984, 47.60878], [22.17284, 47.61539], [22.19764, 47.63932], [22.20074, 47.64794], [22.20415, 47.66629], [22.20787, 47.67373], [22.21521, 47.67993], [22.23216, 47.68825], [22.23981, 47.69347], [22.26172, 47.71585], [22.27309, 47.72375], [22.29159, 47.73071], [22.30937, 47.73505], [22.32208, 47.73587], [22.36828, 47.73117], [22.38264, 47.73202], [22.39587, 47.73569], [22.40734, 47.74308], [22.42367, 47.78256], [22.45437, 47.78739], [22.52848, 47.76104], [22.56299, 47.75722], [22.60123, 47.76094], [22.63772, 47.77155], [22.66697, 47.78879], [22.69167, 47.8107], [22.70386, 47.81719], [22.72423, 47.82349], [22.74583, 47.82499], [22.75182, 47.82768], [22.76029, 47.83892], [22.75833, 47.84623], [22.75327, 47.85269], [22.75285, 47.86124], [22.7636, 47.87475], [22.77962, 47.8823], [22.81972, 47.89232], [22.83605, 47.90245], [22.86117, 47.93382], [22.8776, 47.94674], [22.89786, 47.95098], [22.91584, 47.95919], [22.92421, 47.97273], [22.91574, 47.99299], [22.92411, 48.00482], [22.9393, 48.00565], [22.95708, 48.00012], [22.97248, 47.99289], [22.98819, 47.98637], [23.00442, 47.98307], [23.02033, 47.98472], [23.06312, 48.00746], [23.07655, 48.02451], [23.09898, 48.07123], [23.11862, 48.09154], [23.13908, 48.09813], [23.16172, 48.0959], [23.23138, 48.07973], [23.24864, 48.07123], [23.28977, 48.03821], [23.33752, 48.01087], [23.36005, 47.99314], [23.36729, 47.99121], [23.37473, 47.99056], [23.38217, 47.99113], [23.39013, 47.99307], [23.39157, 47.99345], [23.39302, 47.99358], [23.39447, 47.99345], [23.39602, 47.99307], [23.46082, 47.97134], [23.48159, 47.97216], [23.48548, 47.97423], [23.48852, 47.97586], [23.49431, 47.98054], [23.49937, 47.98622], [23.50371, 47.99289], [23.51446, 47.99898], [23.52562, 48.00118], [23.56324, 48.00575], [23.58174, 48.00157], [23.64613, 47.99661], [23.68727, 47.98725], [23.71052, 47.98508], [23.78008, 47.98751], [23.79651, 47.98198], [23.84839, 47.94966], [23.85522, 47.93423], [23.87661, 47.93444], [23.97727, 47.96229], [24.0088, 47.96121], [24.02523, 47.95325], [24.07494, 47.94418], [24.09479, 47.93793], [24.13117, 47.91454], [24.14874, 47.91212], [24.15018, 47.91292], [24.2093, 47.89759], [24.23101, 47.89703], [24.29788, 47.91979], [24.34718, 47.92088], [24.38624, 47.94369], [24.40919, 47.95206], [24.42851, 47.95253], [24.48556, 47.9432], [24.5421, 47.94382], [24.56163, 47.94054], [24.56981, 47.93729], [24.60845, 47.92193], [24.63367, 47.90829], [24.64927, 47.89522], [24.65599, 47.8793], [24.65692, 47.8662], [24.66147, 47.85388], [24.67914, 47.84013], [24.71284, 47.82592], [24.79366, 47.80447], [24.80823, 47.79574], [24.82074, 47.78409], [24.85443, 47.74313], [24.87779, 47.71874], [24.8966, 47.71006], [24.92886, 47.71394], [24.94238, 47.71556], [25.01742, 47.72458], [25.07995, 47.74293], [25.08005, 47.74308], [25.08026, 47.74313], [25.12191, 47.77031], [25.21896, 47.87847], [25.26174, 47.89858], [25.42087, 47.91025], [25.52124, 47.74011]]]}, "properties": {"id": "EaaX", "status": "validé", "pieces": [{"kind": "polygon", "ring": [[23.47778, 43.76569], [23.48877, 44.31827], [23.66455, 44.68639], [24.67529, 44.7878], [25.3894, 44.85791], [26.21338, 45.19167], [26.30127, 45.7615], [26.13647, 46.24967], [25.75195, 47.01132], [25.51025, 47.45871], [25.52124, 47.74011], [25.33447, 48.0567], [22.99438, 48.39324], [20.05005, 46.26486], [21.07178, 44.32612], [22.68677, 43.62276]]}, {"kind": "clip"}]}}, {"type": "Feature", "geometry": null, "properties": {"id": "G0Rh", "status": "rejeté", "pieces": []}}, {"type": "Feature", "geometry": {"type": "Polygon", "coordinates": [[[24.2173, 45.75417], [24.2173, 45.82668], [24.09954, 45.82668], [24.09954, 45.75417], [24.2173, 45.75417]]]}, "properties": {"id": "GoCj", "status": "validé", "pieces": [{"kind": "rect", "bounds": [24.09954, 45.75417, 24.2173, 45.82668]}]}}, {"type": "Feature", "geometry": {"type": "MultiPolygon", "coordinates": [[[[24.0271, 44.41985], [25.32349, 44.72495], [26.01562, 44.9119], [26.94946, 45.29173], [27.22412, 45.43832], [27.58667, 45.50763], [27.92725, 45.50763], [28.05908, 45.40749], [28.125, 45.27627], [28.21289, 44.99739], [28.15796, 44.75615], [28.125, 44.63906], [28.10303, 44.44338], [28.23486, 44.23917], [28.48755, 44.16044], [28.65617, 44.04881], [28.67123, 44.00332], [28.67172, 43.99738], [28.66912, 43.98916], [28.66, 43.9798], [28.65496, 43.96137], [28.64088, 43.9322], [28.63771, 43.91865], [28.61378, 43.88418], [28.60939, 43.8745], [28.59352, 43.81952], [28.58766, 43.81025], [28.58448, 43.80085], [28.5892, 43.79133], [28.58481, 43.78242], [28.58253, 43.77237], [28.58188, 43.7617], [28.58302, 43.75104], [28.57838, 43.74128], [28.43457, 43.73521], [28.22125, 43.76198], [28.157, 43.78316], [28.13599, 43.89197], [27.99316, 44.0816], [27.79541, 44.20769], [27.60864, 44.27849], [27.19116, 44.20769], [27.14969, 44.13733], [27.10024, 44.14449], [27.02748, 44.17705], [27.00154, 44.16511], [26.88413, 44.15653], [26.78946, 44.11597], [26.7537, 44.10811], [26.70868, 44.10811], [26.69721, 44.10609], [26.67732, 44.09705], [26.66781, 44.09509], [26.64776, 44.09338], [26.61417, 44.08485], [26.41579, 44.06379], [26.33234, 44.05493], [26.31052, 44.05261], [26.23145, 44.0275], [26.15073, 44.01241], [26.11621, 43.99887], [26.07932, 43.96905], [26.06164, 43.94977], [26.05431, 43.93432], [25.934, 43.87032], [25.9245, 43.85862], [25.91643, 43.84438], [25.8693, 43.80089], [25.83933, 43.78844], [25.80626, 43.76366], [25.8044, 43.75991], [25.78114, 43.73201], [25.7396, 43.71894], [25.73295, 43.71878], [25.67138, 43.71736], [25.6535, 43.70813], [25.6379, 43.69728], [25.6165, 43.68775], [25.59387, 43.68067], [25.57506, 43.67739], [25.55656, 43.67036], [25.53382, 43.66868], [25.48876, 43.67054], [25.48245, 43.66971], [25.46742, 43.66775], [25.42608, 43.65439], [25.40313, 43.65005], [25.35962, 43.65429], [25.32303, 43.66971], [25.28872, 43.68896], [25.28541, 43.69039], [25.25234, 43.70465], [25.21131, 43.71188], [25.0816, 43.71894], [24.96367, 43.74961], [24.75263, 43.7388], [24.7056, 43.74377], [24.66176, 43.75566], [24.50014, 43.7995], [24.46634, 43.80242], [24.4312, 43.79418], [24.37549, 43.76387], [24.35823, 43.76002], [24.3367, 43.75925], [24.15938, 43.75294], [24.14961, 43.75472], [23.79992, 43.81846], [23.74287, 43.8427], [23.72075, 43.84583], [23.63611, 43.83216], [23.62085, 43.83401], [23.5927, 43.83743], [23.48469, 43.8806], [23.32515, 43.88659], [23.23448, 43.8773], [23.19696, 43.86275], [23.16192, 43.85732], [23.13185, 43.84795], [23.05255, 43.84282], [22.91956, 43.83423], [22.88876, 43.83952], [22.86344, 43.85541], [22.85104, 43.87435], [22.85052, 43.89699], [22.87471, 43.97205], [22.88587, 43.99453], [22.90582, 44.00398], [22.92649, 44.00615], [22.96628, 44.01556], [22.98809, 44.01768], [23.02302, 44.03163], [23.04007, 44.06233], [23.03098, 44.09307], [23.00831, 44.10045], [22.98809, 44.10703], [22.94261, 44.11147], [22.90644, 44.12289], [22.69164, 44.22843], [22.69074, 44.22888], [22.68536, 44.24366], [22.68764, 44.27013], [23.35693, 44.32565], [24.0271, 44.41985]]], [[[23.17017, 47.90924], [22.97241, 47.73966], [22.2583, 47.50279], [21.86279, 46.89092], [21.96167, 46.82334], [21.86279, 46.68791], [21.56616, 46.1504], [21.43433, 45.89877], [21.52222, 45.79933], [21.78589, 45.72271], [21.96167, 45.59991], [21.63208, 45.1912], [21.48921, 45.14859], [21.48439, 45.1527], [21.45939, 45.17404], [21.43376, 45.18882], [21.40555, 45.19967], [21.2993, 45.22318], [21.25713, 45.22411], [21.23925, 45.22939], [21.20607, 45.24592], [21.18974, 45.25956], [21.15564, 45.29517], [21.13941, 45.3037], [21.12918, 45.30189], [21.11306, 45.28933], [21.10334, 45.28607], [21.09156, 45.28809], [21.08278, 45.29367], [21.0743, 45.30054], [21.06396, 45.30628], [21.01667, 45.32148], [20.9932, 45.32902], [20.9512, 45.35555], [20.92764, 45.37749], [20.86305, 45.41873], [20.83039, 45.45252], [20.81602, 45.46286], [20.79948, 45.46854], [20.7816, 45.47257], [20.76713, 45.47934], [20.76073, 45.49335], [20.78316, 45.50606], [20.79762, 45.5165], [20.80021, 45.5305], [20.78739, 45.55365], [20.75804, 45.58926], [20.75442, 45.60559], [20.76217, 45.6306], [20.77323, 45.64889], [20.77726, 45.65752], [20.77995, 45.67168], [20.77912, 45.72367], [20.7816, 45.73395], [20.78553, 45.74341], [20.78574, 45.75256], [20.77747, 45.76232], [20.76517, 45.76677], [20.75411, 45.76356], [20.74533, 45.75499], [20.73944, 45.74341], [20.72683, 45.73618], [20.71339, 45.73333], [20.70006, 45.7354], [20.68807, 45.7431], [20.67856, 45.75664], [20.65562, 45.77731], [20.6459, 45.78873], [20.64349, 45.79514], [20.64229, 45.79834], [20.64011, 45.8187], [20.6367, 45.82702], [20.62968, 45.83328], [20.61231, 45.84149], [20.60528, 45.84614], [20.57211, 45.88769], [20.55671, 45.89844], [20.538, 45.90371], [20.49986, 45.90666], [20.48167, 45.9127], [20.42907, 45.94671], [20.41026, 45.95559], [20.37098, 45.96779], [20.35393, 45.97668], [20.33863, 45.9928], [20.31765, 46.03859], [20.30567, 46.05357], [20.24283, 46.10809], [20.28324, 46.1438], [20.44416, 46.1469], [20.46855, 46.17413], [20.50937, 46.16767], [20.54896, 46.15615], [20.5781, 46.13755], [20.58802, 46.13284], [20.60012, 46.12964], [20.60756, 46.12949], [20.66399, 46.13775], [20.68352, 46.14468], [20.69882, 46.15646], [20.70419, 46.16633], [20.70437, 46.16853], [20.70533, 46.18064], [20.71029, 46.18809], [20.71784, 46.19], [20.72714, 46.18773], [20.73665, 46.18669], [20.74471, 46.19227], [20.74481, 46.20028], [20.73551, 46.2225], [20.73499, 46.23191], [20.73933, 46.23749], [20.7785, 46.26007], [20.78737, 46.26339], [20.79866, 46.26762], [20.81964, 46.2717], [20.83969, 46.27108], [20.84899, 46.26777], [20.86697, 46.25713], [20.87514, 46.25439], [20.88506, 46.25501], [20.89974, 46.26069], [20.90656, 46.26219], [20.92444, 46.25955], [20.96175, 46.24834], [20.98149, 46.24886], [20.99058, 46.2516], [20.99916, 46.2516], [21.00702, 46.24886], [21.01394, 46.24307], [21.03347, 46.23134], [21.05146, 46.23609], [21.09921, 46.27635], [21.10562, 46.27867], [21.13487, 46.27852], [21.14448, 46.28374], [21.15595, 46.29893], [21.16453, 46.31826], [21.16866, 46.36275], [21.17879, 46.38446], [21.19564, 46.3981], [21.21517, 46.4029], [21.25754, 46.40417], [21.2807, 46.41639], [21.27439, 46.43836], [21.24514, 46.47688], [21.24762, 46.49747], [21.26168, 46.51334], [21.27894, 46.5284], [21.29134, 46.54672], [21.29527, 46.58504], [21.30095, 46.60393], [21.31625, 46.61664], [21.33764, 46.62041], [21.37444, 46.61845], [21.39604, 46.62635], [21.41681, 46.64522], [21.42354, 46.65823], [21.42549, 46.66201], [21.43624, 46.67374], [21.46353, 46.67705], [21.48358, 46.68485], [21.50177, 46.70351], [21.50518, 46.72325], [21.4782, 46.73593], [21.47521, 46.73785], [21.47262, 46.7402], [21.47045, 46.74301], [21.47138, 46.74903], [21.47366, 46.75487], [21.47707, 46.76022], [21.48151, 46.76498], [21.5029, 46.80531], [21.51572, 46.82159], [21.5366, 46.83502], [21.57308, 46.84177], [21.58342, 46.84794], [21.59179, 46.86071], [21.59148, 46.87153], [21.58807, 46.8822], [21.58714, 46.8944], [21.58869, 46.90618], [21.58993, 46.90887], [21.59437, 46.91001], [21.64005, 46.93569], [21.64853, 46.94298], [21.66755, 46.99238], [21.67137, 46.99336], [21.67075, 46.99439], [21.66176, 47.00607], [21.65483, 47.00995], [21.64522, 47.01124], [21.63664, 47.01408], [21.63427, 47.01942], [21.63282, 47.02269], [21.67189, 47.05473], [21.69421, 47.06917], [21.74351, 47.0916], [21.76377, 47.10521], [21.77049, 47.11402], [21.77545, 47.13167], [21.77989, 47.14074], [21.7894, 47.1503], [21.81152, 47.16469], [21.81989, 47.17273], [21.82598, 47.18505], [21.82568, 47.19428], [21.8233, 47.20332], [21.82361, 47.21492], [21.82774, 47.22601], [21.83932, 47.24084], [21.84459, 47.24993], [21.85606, 47.28574], [21.86216, 47.29742], [21.90081, 47.33574], [21.919, 47.34967], [21.93699, 47.35716], [21.98153, 47.3661], [22.00158, 47.39383], [22.00024, 47.42718], [21.99145, 47.46181], [21.98887, 47.49294], [22.00789, 47.51741], [22.03745, 47.53932], [22.09956, 47.57095], [22.14855, 47.57935], [22.15418, 47.58221], [22.16209, 47.58624], [22.16736, 47.59379], [22.16761, 47.59486], [22.16912, 47.60139], [22.16984, 47.60878], [22.17284, 47.61539], [22.19764, 47.63932], [22.20074, 47.64794], [22.20415, 47.66629], [22.20787, 47.67373], [22.21521, 47.67993], [22.23216, 47.68825], [22.23981, 47.69347], [22.26172, 47.71585], [22.27309, 47.72375], [22.29159, 47.73071], [22.30937, 47.73505], [22.32208, 47.73587], [22.36828, 47.73117], [22.38264, 47.73202], [22.39587, 47.73569], [22.40734, 47.74308], [22.42367, 47.78256], [22.45437, 47.78739], [22.52848, 47.76104], [22.56299, 47.75722], [22.60123, 47.76094], [22.63772, 47.77155], [22.66697, 47.78879], [22.69167, 47.8107], [22.70386, 47.81719], [22.72423, 47.82349], [22.74583, 47.82499], [22.75182, 47.82768], [22.76029, 47.83892], [22.75833, 47.84623], [22.75327, 47.85269], [22.75285, 47.86124], [22.7636, 47.87475], [22.77962, 47.8823], [22.81972, 47.89232], [22.83605, 47.90245], [22.86117, 47.93382], [22.8776, 47.94674], [22.89786, 47.95098], [22.91584, 47.95919], [22.92421, 47.97273], [22.91574, 47.99299], [22.92411, 48.00482], [22.9393, 48.00565], [22.95708, 48.00012], [22.97248, 47.99289], [22.98819, 47.98637], [23.00442, 47.98307], [23.02033, 47.98472], [23.06312, 48.00746], [23.07655, 48.02451], [23.09898, 48.07123], [23.11418, 48.08695], [23.17017, 47.90924]]]]}, "properties": {"id": "KpUv", "status": "validé", "pieces": [{"kind": "polygon", "ring": [[22.59888, 44.26277], [23.35693, 44.32565], [24.0271, 44.41985], [25.32349, 44.72495], [26.01562, 44.9119], [26.94946, 45.29173], [27.22412, 45.43832], [27.58667, 45.50763], [27.92725, 45.50763], [28.05908, 45.40749], [28.125, 45.27627], [28.21289, 44.99739], [28.15796, 44.75615], [28.125, 44.63906], [28.10303, 44.44338], [28.23486, 44.23917], [28.48755, 44.16044], [28.90503, 43.88406], [28.86108, 43.43119], [28.2019, 43.55069], [28.13599, 43.89197], [27.99316, 44.0816], [27.79541, 44.20769], [27.60864, 44.27849], [27.19116, 44.20769], [27.07031, 44.00266], [24.73022, 42.99097], [22.35718, 43.56661]]}, {"kind": "clip"}, {"kind": "polygon", "ring": [[21.34644, 45.10601], [21.63208, 45.1912], [21.96167, 45.59991], [21.78589, 45.72271], [21.52222, 45.79933], [21.43433, 45.89877], [21.56616, 46.1504], [21.86279, 46.68791], [21.96167, 46.82334], [21.86279, 46.89092], [22.2583, 47.50279], [22.97241, 47.73966], [23.17017, 47.90924], [23.08228, 48.18821], [21.43433, 47.27976], [19.88525, 46.02854]]}]}}, {"type": "Feature", "geometry": {"type": "Polygon", "coordinates": [[[24.73572, 46.71043], [24.49951, 46.72173], [24.3512, 46.6803], [24.24683, 46.51807], [24.19739, 46.4311], [24.23035, 46.33641], [24.38416, 46.30228], [24.84558, 46.30607], [25.20813, 46.16935], [25.2356, 46.01703], [25.51575, 45.92162], [25.82336, 45.87194], [26.06506, 45.83752], [26.18042, 45.86812], [26.15845, 46.01703], [26.24084, 46.27951], [26.0321, 46.4311], [26.05408, 46.54452], [26.07605, 46.63131], [26.02112, 46.70667], [25.8728, 46.6803], [25.80688, 46.82327], [25.83984, 46.91336], [25.66956, 46.94336], [25.61462, 47.03326], [25.51575, 47.02577], [25.48279, 46.95835], [25.3125, 46.93586], [25.27954, 46.74807], [24.73572, 46.71043]]]}, "properties": {"id": "MZtj", "status": "validé", "pieces": [{"kind": "polygon", "ring": [[24.73572, 46.71043], [24.49951, 46.72173], [24.3512, 46.6803], [24.24683, 46.51807], [24.19739, 46.4311], [24.23035, 46.33641], [24.38416, 46.30228], [24.84558, 46.30607], [25.20813, 46.16935], [25.2356, 46.01703], [25.51575, 45.92162], [25.82336, 45.87194], [26.06506, 45.83752], [26.18042, 45.86812], [26.15845, 46.01703], [26.24084, 46.27951], [26.0321, 46.4311], [26.05408, 46.54452], [26.07605, 46.63131], [26.02112, 46.70667], [25.8728, 46.6803], [25.80688, 46.82327], [25.83984, 46.91336], [25.66956, 46.94336], [25.61462, 47.03326], [25.51575, 47.02577], [25.48279, 46.95835], [25.3125, 46.93586], [25.27954, 46.74807]]}]}}, {"type": "Feature", "geometry": null, "properties": {"id": "QZba", "status": "validé", "pieces": [{"kind": "country"}]}}, {"type": "Feature", "geometry": null, "properties": {"id": "QdP9", "status": "validé", "pieces": [{"kind": "country"}]}}, {"type": "Feature", "geometry": null, "properties": {"id": "QpwL", "status": "validé", "pieces": [{"kind": "country"}]}}, {"type": "Feature", "geometry": null, "properties": {"id": "R67M", "status": "rejeté", "pieces": []}}, {"type": "Feature", "geometry": null, "properties": {"id": "WIRI", "status": "validé", "pieces": [{"kind": "admin1", "code": "ROU-298"}]}}, {"type": "Feature", "geometry": null, "properties": {"id": "XTjC", "status": "validé", "pieces": [{"kind": "country"}]}}, {"type": "Feature", "geometry": null, "properties": {"id": "Xgv2", "status": "validé", "pieces": [{"kind": "country"}]}}, {"type": "Feature", "geometry": null, "properties": {"id": "Z6QV", "status": "validé", "pieces": [{"kind": "country"}]}}, {"type": "Feature", "geometry": {"type": "Polygon", "coordinates": [[[21.57715, 46.09781], [22.15942, 47.0789], [22.71973, 47.66643], [22.91748, 47.90255], [23.20313, 47.93199], [23.66455, 47.79938], [23.84033, 46.69613], [23.92822, 45.93766], [24.42261, 46.12827], [24.69727, 46.12827], [25.70801, 45.66972], [25.97168, 45.30788], [25.70801, 45.09896], [24.37866, 44.94371], [22.8186, 44.98256], [22.19238, 45.02139], [21.62109, 45.2847], [21.39038, 45.79237], [21.57715, 46.09781]]]}, "properties": {"id": "agriculture-and-vegetation/blackberry", "status": "validé", "pieces": [{"kind": "polygon", "ring": [[21.57715, 46.09781], [22.15942, 47.0789], [22.71973, 47.66643], [22.91748, 47.90255], [23.20313, 47.93199], [23.66455, 47.79938], [23.84033, 46.69613], [23.92822, 45.93766], [24.42261, 46.12827], [24.69727, 46.12827], [25.70801, 45.66972], [25.97168, 45.30788], [25.70801, 45.09896], [24.37866, 44.94371], [22.8186, 44.98256], [22.19238, 45.02139], [21.62109, 45.2847], [21.39038, 45.79237]]}]}}, {"type": "Feature", "geometry": {"type": "MultiPolygon", "coordinates": [[[[24.89502, 44.30972], [25.2356, 44.38041], [25.60913, 44.38041], [25.99365, 44.17598], [26.11425, 43.99728], [26.07932, 43.96905], [26.06164, 43.94977], [26.05431, 43.93432], [25.934, 43.87032], [25.9245, 43.85862], [25.91643, 43.84438], [25.8693, 43.80089], [25.83933, 43.78844], [25.80626, 43.76366], [25.8044, 43.75991], [25.78114, 43.73201], [25.7396, 43.71894], [25.73295, 43.71878], [25.67138, 43.71736], [25.6535, 43.70813], [25.6379, 43.69728], [25.6165, 43.68775], [25.59387, 43.68067], [25.57506, 43.67739], [25.55656, 43.67036], [25.53382, 43.66868], [25.48876, 43.67054], [25.48245, 43.66971], [25.46742, 43.66775], [25.42608, 43.65439], [25.40313, 43.65005], [25.35962, 43.65429], [25.32303, 43.66971], [25.28872, 43.68896], [25.28541, 43.69039], [25.25234, 43.70465], [25.21131, 43.71188], [25.0816, 43.71894], [24.96367, 43.74961], [24.75263, 43.7388], [24.7056, 43.74377], [24.66176, 43.75566], [24.50014, 43.7995], [24.46634, 43.80242], [24.4312, 43.79418], [24.37993, 43.76628], [24.43359, 44.04983], [24.89502, 44.30972]]], [[[28.2019, 44.91947], [28.61938, 44.84166], [28.81996, 44.73197], [28.80844, 44.72687], [28.79835, 44.7202], [28.78883, 44.70624], [28.78712, 44.69331], [28.79371, 44.68789], [28.80836, 44.69636], [28.80421, 44.68423], [28.78541, 44.67967], [28.78102, 44.66527], [28.78403, 44.64924], [28.79249, 44.64472], [28.84555, 44.65156], [28.86948, 44.66181], [28.89137, 44.67719], [28.90201, 44.6871], [28.91444, 44.6803], [28.91383, 44.67992], [28.90943, 44.6752], [28.90455, 44.6684], [28.88543, 44.65811], [28.85418, 44.63435], [28.83627, 44.62743], [28.78785, 44.60961], [28.77418, 44.60077], [28.79152, 44.62385], [28.79469, 44.63426], [28.7798, 44.63581], [28.76694, 44.63373], [28.75782, 44.62678], [28.75367, 44.61376], [28.76677, 44.61376], [28.76059, 44.6037], [28.76441, 44.59589], [28.77443, 44.59016], [28.78785, 44.58649], [28.74806, 44.57779], [28.73268, 44.56786], [28.73268, 44.55231], [28.73715, 44.55707], [28.74391, 44.562], [28.74692, 44.56598], [28.76108, 44.56021], [28.77418, 44.55231], [28.76564, 44.53889], [28.75343, 44.51349], [28.74562, 44.48615], [28.75025, 44.4667], [28.75847, 44.46528], [28.76637, 44.4726], [28.77198, 44.48371], [28.77833, 44.50739], [28.7881, 44.51537], [28.80836, 44.52505], [28.83815, 44.55402], [28.85564, 44.56769], [28.87355, 44.57343], [28.89243, 44.57705], [28.90626, 44.58771], [28.91489, 44.60139], [28.92498, 44.62055], [28.91847, 44.60102], [28.90968, 44.58422], [28.844, 44.49372], [28.79672, 44.46792], [28.70655, 44.38105], [28.6963, 44.35834], [28.69313, 44.34614], [28.68019, 44.35334], [28.6644, 44.34837], [28.65122, 44.34003], [28.64088, 44.32856], [28.6351, 44.31639], [28.63234, 44.30244], [28.63103, 44.26435], [28.63527, 44.25202], [28.65122, 44.23078], [28.66521, 44.19929], [28.66814, 44.18431], [28.66489, 44.1756], [28.67172, 44.16869], [28.65838, 44.17446], [28.64584, 44.17202], [28.63624, 44.16429], [28.63087, 44.15449], [28.63746, 44.13589], [28.65414, 44.05492], [28.67123, 44.00332], [28.67172, 43.99738], [28.66912, 43.98916], [28.66, 43.9798], [28.65496, 43.96137], [28.64088, 43.9322], [28.63771, 43.91865], [28.61378, 43.88418], [28.60939, 43.8745], [28.59352, 43.81952], [28.58766, 43.81025], [28.58448, 43.80085], [28.5892, 43.79133], [28.58481, 43.78242], [28.58253, 43.77237], [28.58188, 43.7617], [28.58302, 43.75104], [28.57838, 43.74128], [28.43457, 43.73521], [28.22125, 43.76198], [28.01481, 43.83004], [27.98101, 43.84934], [27.93585, 43.9644], [27.91207, 43.99323], [27.91207, 43.99334], [27.85647, 43.98863], [27.78733, 43.96042], [27.7217, 43.94874], [27.68251, 43.98726], [27.67612, 43.99354], [27.65628, 44.02388], [27.63343, 44.02977], [27.57452, 44.01628], [27.38384, 44.01509], [27.37288, 44.02072], [27.35356, 44.04527], [27.34167, 44.05307], [27.28534, 44.07245], [27.28253, 44.07477], [27.53174, 44.41964], [27.92725, 44.88058], [28.2019, 44.91947]]], [[[28.97218, 44.64872], [28.96209, 44.63939], [28.93873, 44.63426], [28.95639, 44.65111], [28.96002, 44.65538], [28.97218, 44.64872]]], [[[26.66382, 47.13034], [26.36719, 47.50259], [26.29028, 47.77637], [27.10784, 48.03408], [27.10933, 48.0335], [27.10933, 48.02609], [27.08897, 48.01981], [27.09001, 48.01562], [27.09145, 48.01185], [27.09336, 48.00844], [27.09579, 48.0056], [27.12148, 48.01319], [27.1346, 48.00046], [27.14375, 47.98684], [27.15718, 47.99195], [27.16876, 47.98307], [27.16979, 47.97379], [27.16287, 47.96501], [27.15098, 47.9578], [27.17196, 47.94643], [27.17827, 47.94413], [27.17827, 47.9421], [27.17827, 47.93793], [27.1607, 47.92173], [27.17155, 47.91263], [27.19419, 47.90405], [27.21238, 47.88951], [27.21155, 47.88501], [27.2132, 47.85413], [27.21238, 47.84793], [27.22281, 47.84266], [27.23491, 47.84021], [27.24581, 47.83659], [27.25341, 47.82809], [27.2192, 47.81377], [27.23108, 47.80708], [27.24488, 47.79259], [27.2562, 47.77755], [27.26085, 47.76908], [27.26467, 47.76455], [27.28245, 47.75569], [27.28751, 47.75233], [27.28811, 47.75068], [27.29113, 47.74241], [27.28958, 47.73169], [27.29506, 47.72443], [27.29506, 47.71817], [27.27201, 47.71497], [27.2811, 47.69301], [27.30405, 47.66655], [27.36916, 47.60831], [27.39707, 47.58909], [27.42838, 47.58102], [27.4294, 47.57813], [27.43134, 47.57264], [27.43582, 47.55994], [27.43898, 47.55371], [27.44027, 47.5501], [27.44006, 47.54103], [27.44213, 47.53663], [27.44606, 47.53488], [27.45691, 47.5339], [27.45949, 47.53322], [27.46673, 47.50635], [27.47313, 47.49178], [27.48368, 47.48542], [27.49256, 47.48454], [27.49752, 47.48243], [27.50145, 47.47995], [27.50724, 47.47798], [27.53298, 47.47741], [27.53453, 47.47798], [27.54817, 47.47426], [27.56315, 47.46834], [27.57587, 47.46041], [27.583, 47.45067], [27.57478, 47.44625], [27.56936, 47.43855], [27.56553, 47.42827], [27.56253, 47.41654], [27.58031, 47.406], [27.57235, 47.3752], [27.58641, 47.36876], [27.58872, 47.36739], [27.59995, 47.36073], [27.62403, 47.32143], [27.63695, 47.30667], [27.6447, 47.30399], [27.67173, 47.29985], [27.68232, 47.29525], [27.68987, 47.29089], [27.69782, 47.2875], [27.72283, 47.28332], [27.73327, 47.27562], [27.75363, 47.25143], [27.75239, 47.23893], [27.76304, 47.22632], [27.78831, 47.20428], [27.80005, 47.17765], [27.11426, 47.03312], [26.66382, 47.13034]]]]}, "properties": {"id": "agriculture-and-vegetation/hoary-cress", "status": "validé", "pieces": [{"kind": "polygon", "ring": [[24.36768, 43.70152], [24.43359, 44.04983], [24.89502, 44.30972], [25.2356, 44.38041], [25.60913, 44.38041], [25.99365, 44.17598], [26.37817, 43.60617], [24.92798, 43.21526]]}, {"kind": "clip"}, {"kind": "polygon", "ring": [[27.21313, 43.97875], [27.53174, 44.41964], [27.92725, 44.88058], [28.2019, 44.91947], [28.61938, 44.84166], [29.52026, 44.349], [29.13574, 43.11915], [26.63086, 43.65386]]}, {"kind": "polygon", "ring": [[27.22412, 48.07074], [26.29028, 47.77637], [26.36719, 47.50259], [26.66382, 47.13034], [27.11426, 47.03312], [28.21289, 47.26465]]}]}}, {"type": "Feature", "geometry": {"type": "Polygon", "coordinates": [[[27.54272, 45.98217], [26.80664, 46.00506], [26.66382, 46.29416], [26.521, 46.71744], [26.47705, 47.04771], [26.92749, 47.19715], [27.74576, 47.26079], [27.75363, 47.25143], [27.75239, 47.23893], [27.76304, 47.22632], [27.78831, 47.20428], [27.80035, 47.17697], [27.80211, 47.17635], [27.80479, 47.16849], [27.80769, 47.16247], [27.80588, 47.15823], [27.79466, 47.15583], [27.80655, 47.14462], [27.84986, 47.12852], [27.84986, 47.12172], [27.84376, 47.11439], [27.8482, 47.11142], [27.85771, 47.10932], [27.86701, 47.10464], [27.8976, 47.08142], [27.92592, 47.06876], [27.93843, 47.06106], [27.93874, 47.04664], [27.96313, 47.04338], [27.98659, 47.03323], [28.0083, 47.0263], [28.02804, 47.03297], [28.03703, 47.01646], [28.03815, 47.01548], [28.06907, 46.9885], [28.08271, 46.97153], [28.1023, 46.93512], [28.10499, 46.92018], [28.10545, 46.91768], [28.09687, 46.90262], [28.11356, 46.89476], [28.11434, 46.88339], [28.1131, 46.87143], [28.12426, 46.86164], [28.12426, 46.85419], [28.12261, 46.84227], [28.12152, 46.8343], [28.1378, 46.80624], [28.17816, 46.75865], [28.1781, 46.73984], [28.23412, 46.66242], [28.24425, 46.63537], [28.24508, 46.63145], [28.24735, 46.62083], [28.24714, 46.60716], [28.24053, 46.59638], [28.2305, 46.5839], [28.22544, 46.56956], [28.23412, 46.55313], [28.22477, 46.54874], [28.2211, 46.54119], [28.21903, 46.50373], [28.2211, 46.49577], [28.23412, 46.47807], [28.2381, 46.47559], [28.24234, 46.47652], [28.2458, 46.47551], [28.24714, 46.46719], [28.24725, 46.43619], [28.24606, 46.42786], [28.24022, 46.42027], [28.22606, 46.41536], [28.23329, 46.40177], [28.22864, 46.39611], [28.2268, 46.39555], [28.21955, 46.39334], [28.21293, 46.38869], [28.20715, 46.35815], [28.20239, 46.35392], [28.19035, 46.35107], [28.18792, 46.34379], [28.19195, 46.3235], [28.19288, 46.31123], [28.19133, 46.30777], [28.17779, 46.28705], [28.16575, 46.27883], [28.1563, 46.27537], [28.14493, 46.27294], [28.13521, 46.26932], [28.13108, 46.2624], [28.13449, 46.24534], [28.13211, 46.23992], [28.12085, 46.23785], [28.10896, 46.23413], [28.11098, 46.2256], [28.12932, 46.20467], [28.13563, 46.19884], [28.14152, 46.19196], [28.14472, 46.18323], [28.13325, 46.15997], [28.12736, 46.13533], [28.11051, 46.10149], [28.10782, 46.0961], [28.1008, 46.08199], [28.09284, 46.07838], [28.09015, 46.07337], [28.09046, 46.06799], [28.09656, 46.06504], [28.09687, 46.05967], [28.08861, 46.0363], [27.54272, 45.98217]]]}, "properties": {"id": "agriculture-and-vegetation/mullein", "status": "validé", "pieces": [{"kind": "polygon", "ring": [[27.98218, 47.27917], [26.92749, 47.19715], [26.47705, 47.04771], [26.521, 46.71744], [26.66382, 46.29416], [26.80664, 46.00506], [27.54272, 45.98217], [28.46558, 46.07367], [28.89404, 46.89033]]}, {"kind": "clip"}]}}, {"type": "Feature", "geometry": {"type": "Polygon", "coordinates": [[[27.13623, 45.08972], [27.00439, 46.27122], [26.2793, 47.47236], [25.89715, 47.96475], [25.90124, 47.96596], [25.91809, 47.96816], [25.96573, 47.9649], [26.02929, 47.9778], [26.10253, 47.97827], [26.12572, 47.97842], [26.17306, 47.99314], [26.18267, 48.00327], [26.20479, 48.03738], [26.21709, 48.04802], [26.24323, 48.06291], [26.25533, 48.07234], [26.27073, 48.0936], [26.28695, 48.12471], [26.2975, 48.15634], [26.29615, 48.179], [26.30349, 48.21205], [26.31176, 48.20972], [26.33026, 48.20851], [26.34731, 48.2121], [26.38049, 48.22321], [26.39744, 48.22621], [26.44467, 48.22773], [26.46131, 48.23039], [26.5874, 48.24936], [26.61789, 48.25897], [26.66574, 48.27421], [26.68853, 48.27483], [26.71148, 48.26132], [26.72238, 48.25977], [26.73313, 48.27075], [26.74403, 48.25558], [26.76372, 48.25274], [26.80491, 48.25827], [26.82191, 48.25253], [26.84475, 48.23331], [26.8555, 48.23783], [26.89766, 48.20897], [26.90397, 48.20145], [26.908, 48.18453], [26.91772, 48.18796], [26.92909, 48.19905], [26.93813, 48.20481], [26.95058, 48.19752], [26.95565, 48.186], [26.96309, 48.17538], [26.99761, 48.16657], [26.99761, 48.15794], [26.98624, 48.15042], [26.9666, 48.14959], [26.9666, 48.14337], [26.99399, 48.13241], [27.0127, 48.12812], [27.0251, 48.13505], [27.03368, 48.13239], [27.04277, 48.1273], [27.04804, 48.12223], [27.04796, 48.12141], [27.04742, 48.1165], [27.03688, 48.10735], [27.0343, 48.10177], [27.04174, 48.07727], [27.05921, 48.05805], [27.08318, 48.04366], [27.10933, 48.0335], [27.10933, 48.02609], [27.08897, 48.01981], [27.09001, 48.01562], [27.09145, 48.01185], [27.09336, 48.00844], [27.09579, 48.0056], [27.12148, 48.01319], [27.1346, 48.00046], [27.14375, 47.98684], [27.15718, 47.99195], [27.16876, 47.98307], [27.16979, 47.97379], [27.16287, 47.96501], [27.15098, 47.9578], [27.17196, 47.94643], [27.17827, 47.94413], [27.17827, 47.9421], [27.17827, 47.93793], [27.1607, 47.92173], [27.17155, 47.91263], [27.19419, 47.90405], [27.21238, 47.88951], [27.21155, 47.88501], [27.2132, 47.85413], [27.21238, 47.84793], [27.22281, 47.84266], [27.23491, 47.84021], [27.24581, 47.83659], [27.25341, 47.82809], [27.2192, 47.81377], [27.23108, 47.80708], [27.24488, 47.79259], [27.2562, 47.77755], [27.26085, 47.76908], [27.26467, 47.76455], [27.28245, 47.75569], [27.28751, 47.75233], [27.28811, 47.75068], [27.29113, 47.74241], [27.28958, 47.73169], [27.29506, 47.72443], [27.29506, 47.71817], [27.27201, 47.71497], [27.2811, 47.69301], [27.30405, 47.66655], [27.36916, 47.60831], [27.39707, 47.58909], [27.42838, 47.58102], [27.4294, 47.57813], [27.43134, 47.57264], [27.43582, 47.55994], [27.43898, 47.55371], [27.44027, 47.5501], [27.44006, 47.54103], [27.44213, 47.53663], [27.44606, 47.53488], [27.45691, 47.5339], [27.45949, 47.53322], [27.46673, 47.50635], [27.47313, 47.49178], [27.48368, 47.48542], [27.49256, 47.48454], [27.49752, 47.48243], [27.50145, 47.47995], [27.50724, 47.47798], [27.53298, 47.47741], [27.53453, 47.47798], [27.54817, 47.47426], [27.56315, 47.46834], [27.57587, 47.46041], [27.583, 47.45067], [27.57478, 47.44625], [27.56936, 47.43855], [27.56553, 47.42827], [27.56253, 47.41654], [27.58031, 47.406], [27.57235, 47.3752], [27.58641, 47.36876], [27.58872, 47.36739], [27.59995, 47.36073], [27.62403, 47.32143], [27.63695, 47.30667], [27.6447, 47.30399], [27.67173, 47.29985], [27.68232, 47.29525], [27.68987, 47.29089], [27.69782, 47.2875], [27.72283, 47.28332], [27.73327, 47.27562], [27.75363, 47.25143], [27.75239, 47.23893], [27.76304, 47.22632], [27.78831, 47.20428], [27.80035, 47.17697], [27.80211, 47.17635], [27.80479, 47.16849], [27.80769, 47.16247], [27.80588, 47.15823], [27.79466, 47.15583], [27.80655, 47.14462], [27.84986, 47.12852], [27.84986, 47.12172], [27.84376, 47.11439], [27.8482, 47.11142], [27.85771, 47.10932], [27.86701, 47.10464], [27.8976, 47.08142], [27.92592, 47.06876], [27.93843, 47.06106], [27.93874, 47.04664], [27.96313, 47.04338], [27.98659, 47.03323], [28.0083, 47.0263], [28.02804, 47.03297], [28.03703, 47.01646], [28.03815, 47.01548], [28.06907, 46.9885], [28.08271, 46.97153], [28.1023, 46.93512], [28.10499, 46.92018], [28.10545, 46.91768], [28.09687, 46.90262], [28.11356, 46.89476], [28.11434, 46.88339], [28.1131, 46.87143], [28.12426, 46.86164], [28.12426, 46.85419], [28.12261, 46.84227], [28.12152, 46.8343], [28.1378, 46.80624], [28.17816, 46.75865], [28.1781, 46.73984], [28.23412, 46.66242], [28.24425, 46.63537], [28.24508, 46.63145], [28.24735, 46.62083], [28.24714, 46.60716], [28.24053, 46.59638], [28.2305, 46.5839], [28.22544, 46.56956], [28.23412, 46.55313], [28.22477, 46.54874], [28.2211, 46.54119], [28.21903, 46.50373], [28.2211, 46.49577], [28.23412, 46.47807], [28.2381, 46.47559], [28.24234, 46.47652], [28.2458, 46.47551], [28.24714, 46.46719], [28.24725, 46.43619], [28.24606, 46.42786], [28.24022, 46.42027], [28.22606, 46.41536], [28.23329, 46.40177], [28.22864, 46.39611], [28.2268, 46.39555], [28.21955, 46.39334], [28.21293, 46.38869], [28.20715, 46.35815], [28.20239, 46.35392], [28.19035, 46.35107], [28.18792, 46.34379], [28.19195, 46.3235], [28.19288, 46.31123], [28.19133, 46.30777], [28.17779, 46.28705], [28.16575, 46.27883], [28.1563, 46.27537], [28.14493, 46.27294], [28.13521, 46.26932], [28.13108, 46.2624], [28.13449, 46.24534], [28.13211, 46.23992], [28.12085, 46.23785], [28.10896, 46.23413], [28.11098, 46.2256], [28.12932, 46.20467], [28.13563, 46.19884], [28.14152, 46.19196], [28.14472, 46.18323], [28.13325, 46.15997], [28.12736, 46.13533], [28.11051, 46.10149], [28.10782, 46.0961], [28.1008, 46.08199], [28.09284, 46.07838], [28.09015, 46.07337], [28.09046, 46.06799], [28.09656, 46.06504], [28.09687, 46.05967], [28.08447, 46.02458], [28.08271, 46.01471], [28.08612, 46.00055], [28.11051, 45.95043], [28.11237, 45.93921], [28.11485, 45.93322], [28.12085, 45.92629], [28.12498, 45.91839], [28.12281, 45.91079], [28.11878, 45.90314], [28.11744, 45.89524], [28.12023, 45.88785], [28.12911, 45.87513], [28.13108, 45.87136], [28.12818, 45.8664], [28.11495, 45.85973], [28.11051, 45.85431], [28.1133, 45.82537], [28.12891, 45.79503], [28.14648, 45.77116], [28.15495, 45.76181], [28.16374, 45.6615], [28.16177, 45.64543], [28.16797, 45.63246], [28.15371, 45.6275], [28.12085, 45.62771], [28.10772, 45.6244], [28.09118, 45.61598], [28.07475, 45.60487], [28.06214, 45.5936], [28.118, 45.57272], [28.14095, 45.56022], [28.15774, 45.53893], [28.16157, 45.53273], [28.16405, 45.53061], [28.16539, 45.52828], [28.16591, 45.49459], [28.17294, 45.48436], [28.1995, 45.46177], [28.21293, 45.4502], [28.21515, 45.45036], [28.23764, 45.45206], [28.26688, 45.44048], [28.28642, 45.42173], [28.2812, 45.40183], [28.31081, 45.34783], [28.33024, 45.32292], [28.35329, 45.31243], [28.37024, 45.30922], [28.40517, 45.29507], [28.49416, 45.27889], [28.57705, 45.24809], [28.71006, 45.22696], [28.74737, 45.23047], [28.77869, 45.23109], [28.7914, 45.23497], [28.80267, 45.24417], [28.77429, 45.25336], [28.76727, 45.25776], [28.76256, 45.26514], [28.75967, 45.27419], [28.76153, 45.28184], [28.79016, 45.29207], [28.78861, 45.30711], [28.78975, 45.32142], [28.81631, 45.32607], [28.83181, 45.3223], [28.85811, 45.30907], [28.88085, 45.30618], [28.89362, 45.29982], [28.91005, 45.28737], [28.92989, 45.2791], [28.95284, 45.28509], [28.95738, 45.29202], [28.96043, 45.31129], [28.96648, 45.31987], [28.97366, 45.3237], [28.98245, 45.3255], [29.00462, 45.32607], [29.01816, 45.33088], [29.06952, 45.3608], [29.1103, 45.36907], [29.1275, 45.37454], [29.14187, 45.38509], [29.15014, 45.38788], [29.17432, 45.38896], [29.17939, 45.39186], [29.18311, 45.39899], [29.19158, 45.40617], [29.20667, 45.41542], [29.22817, 45.42374], [29.2446, 45.42421], [29.26083, 45.42204], [29.28181, 45.42229], [29.29049, 45.42462], [29.29928, 45.42891], [29.30703, 45.43413], [29.31282, 45.43935], [29.32212, 45.44384], [29.33297, 45.44214], [29.34392, 45.43811], [29.35374, 45.43594], [29.43064, 45.43041], [29.5697, 45.39496], [29.61636, 45.36535], [29.62814, 45.3608], [29.65026, 45.34612], [29.66711, 45.31186], [29.67228, 45.27295], [29.65925, 45.24417], [29.66499, 45.23786], [29.66649, 45.23063], [29.66421, 45.22318], [29.65903, 45.21589], [29.65016, 45.21723], [29.62387, 45.2165], [29.62387, 45.21027], [29.63884, 45.19562], [29.64975, 45.1778], [29.667, 45.16421], [29.69956, 45.16181], [29.67652, 45.1446], [29.6644, 45.11693], [29.65626, 45.02896], [29.65073, 45.01211], [29.63754, 44.98371], [29.63494, 44.96955], [29.63364, 44.95336], [29.63087, 44.93867], [29.62387, 44.9291], [29.63038, 44.90766], [29.60515, 44.88003], [29.61785, 44.86148], [29.61118, 44.84931], [29.6032, 44.8454], [29.59376, 44.84431], [29.58351, 44.84028], [29.56935, 44.8249], [29.56178, 44.82026], [29.542, 44.82783], [29.5311, 44.82624], [29.52052, 44.8225], [29.511, 44.8205], [29.31593, 44.79877], [29.19207, 44.79287], [29.1561, 44.78441], [29.05584, 44.73517], [29.02638, 44.71467], [29.00074, 44.68891], [28.99391, 44.69636], [28.99488, 44.71113], [28.98129, 44.72944], [28.97495, 44.74494], [28.99733, 44.75161], [29.0215, 44.75471], [29.05828, 44.7683], [29.09815, 44.77538], [29.12062, 44.78657], [29.13868, 44.80402], [29.1447, 44.82665], [29.13884, 44.83918], [29.12599, 44.85248], [29.09636, 44.87507], [29.10182, 44.85912], [29.10336, 44.8513], [29.10377, 44.84028], [29.0879, 44.84272], [29.0735, 44.83543], [29.06031, 44.83234], [29.04859, 44.84715], [29.04412, 44.86555], [29.04176, 44.92569], [29.05209, 44.94465], [29.09881, 44.95698], [29.11061, 44.97004], [29.10174, 44.98029], [29.05828, 45.00096], [29.04518, 45.00483], [29.01441, 45.00483], [28.98325, 45.01227], [28.97283, 45.01097], [28.96925, 45.00585], [28.96608, 44.99657], [28.96022, 44.9877], [28.94923, 44.98371], [28.92701, 44.98261], [28.91684, 44.97968], [28.88006, 44.95478], [28.8694, 44.94335], [28.86354, 44.92231], [28.86508, 44.91657], [28.87436, 44.91157], [28.87664, 44.90485], [28.87468, 44.89912], [28.87013, 44.89643], [28.86549, 44.89468], [28.86354, 44.89155], [28.86647, 44.88264], [28.87355, 44.87499], [28.88152, 44.8697], [28.90406, 44.86274], [28.9524, 44.82665], [28.93971, 44.81688], [28.93409, 44.81419], [28.92498, 44.81306], [28.93442, 44.80752], [28.93873, 44.80622], [28.93873, 44.79877], [28.92628, 44.79295], [28.92547, 44.78368], [28.93295, 44.77351], [28.94614, 44.7652], [28.93637, 44.75995], [28.92384, 44.7578], [28.8794, 44.75658], [28.86883, 44.75357], [28.80844, 44.72687], [28.79835, 44.7202], [28.78883, 44.70624], [28.78712, 44.69331], [28.79371, 44.68789], [28.80836, 44.69636], [28.80421, 44.68423], [28.78541, 44.67967], [28.78102, 44.66527], [28.78403, 44.64924], [28.79249, 44.64472], [28.84555, 44.65156], [28.86948, 44.66181], [28.89137, 44.67719], [28.91196, 44.69636], [28.89772, 44.71678], [28.96746, 44.70099], [28.98341, 44.69261], [28.98756, 44.67528], [28.97934, 44.65534], [28.96209, 44.63939], [28.93873, 44.63426], [28.95639, 44.65111], [28.97267, 44.67023], [28.97535, 44.68684], [28.9524, 44.69636], [28.9524, 44.68891], [28.95997, 44.68195], [28.95777, 44.67878], [28.93873, 44.67524], [28.92416, 44.68207], [28.91822, 44.68268], [28.91383, 44.67992], [28.90943, 44.6752], [28.90455, 44.6684], [28.88543, 44.65811], [28.85418, 44.63435], [28.83627, 44.62743], [28.78785, 44.60961], [28.77418, 44.60077], [28.79152, 44.62385], [28.79469, 44.63426], [28.7798, 44.63581], [28.76694, 44.63373], [28.75782, 44.62678], [28.75367, 44.61376], [28.76677, 44.61376], [28.76059, 44.6037], [28.76441, 44.59589], [28.77443, 44.59016], [28.78785, 44.58649], [28.74806, 44.57779], [28.73268, 44.56786], [28.73268, 44.55231], [28.73715, 44.55707], [28.74391, 44.562], [28.74692, 44.56598], [28.76108, 44.56021], [28.77418, 44.55231], [28.76564, 44.53889], [28.75343, 44.51349], [28.74562, 44.48615], [28.75025, 44.4667], [28.75847, 44.46528], [28.76637, 44.4726], [28.77198, 44.48371], [28.77833, 44.50739], [28.7881, 44.51537], [28.80836, 44.52505], [28.83815, 44.55402], [28.85564, 44.56769], [28.87355, 44.57343], [28.89243, 44.57705], [28.90626, 44.58771], [28.91489, 44.60139], [28.92498, 44.62055], [28.91847, 44.60102], [28.90968, 44.58422], [28.844, 44.49372], [28.79672, 44.46792], [28.70655, 44.38105], [28.6963, 44.35834], [28.69313, 44.34614], [28.68019, 44.35334], [28.6644, 44.34837], [28.65122, 44.34003], [28.64088, 44.32856], [28.6351, 44.31639], [28.63234, 44.30244], [28.63103, 44.26435], [28.63527, 44.25202], [28.65122, 44.23078], [28.66521, 44.19929], [28.66814, 44.18431], [28.66489, 44.1756], [28.67172, 44.16869], [28.65838, 44.17446], [28.64584, 44.17202], [28.63624, 44.16429], [28.63087, 44.15449], [28.63746, 44.13589], [28.65414, 44.05492], [28.67123, 44.00332], [28.67172, 43.99738], [28.66912, 43.98916], [28.66, 43.9798], [28.65496, 43.96137], [28.64088, 43.9322], [28.63771, 43.91865], [28.61378, 43.88418], [28.60939, 43.8745], [28.59352, 43.81952], [28.58766, 43.81025], [28.58448, 43.80085], [28.5892, 43.79133], [28.58481, 43.78242], [28.58253, 43.77237], [28.58188, 43.7617], [28.58302, 43.75104], [28.57838, 43.74128], [28.43457, 43.73521], [28.22125, 43.76198], [28.01481, 43.83004], [27.98101, 43.84934], [27.93585, 43.9644], [27.91207, 43.99323], [27.91207, 43.99334], [27.85647, 43.98863], [27.78733, 43.96042], [27.7217, 43.94874], [27.68251, 43.98726], [27.67612, 43.99354], [27.65628, 44.02388], [27.63343, 44.02977], [27.57452, 44.01628], [27.38384, 44.01509], [27.37288, 44.02072], [27.35356, 44.04527], [27.34167, 44.05307], [27.28534, 44.07245], [27.26431, 44.08976], [27.26901, 44.1124], [27.25266, 44.12152], [27.25113, 44.12237], [27.22674, 44.12072], [27.20555, 44.12925], [27.10024, 44.14449], [27.03481, 44.17376], [27.13623, 45.08972]]]}, "properties": {"id": "agriculture-and-vegetation/russian-olive", "status": "validé", "pieces": [{"kind": "polygon", "ring": [[25.72998, 48.18015], [26.2793, 47.47236], [27.00439, 46.27122], [27.13623, 45.08972], [26.96045, 43.50211], [30.9375, 43.00622], [31.44287, 46.52872], [27.1582, 49.5526]]}, {"kind": "clip"}]}}, {"type": "Feature", "geometry": {"type": "Polygon", "coordinates": [[[26.90002, 45.53143], [26.93298, 45.70042], [26.98517, 45.96631], [27.02637, 46.11496], [27.08954, 46.17203], [27.18842, 46.18724], [27.27631, 46.0845], [27.17468, 45.60063], [27.06757, 45.37736], [26.88629, 45.44097], [26.90002, 45.53143]]]}, "properties": {"id": "agriculture-and-vegetation/wine-region", "status": "validé", "pieces": [{"kind": "polygon", "ring": [[26.90002, 45.53143], [26.93298, 45.70042], [26.98517, 45.96631], [27.02637, 46.11496], [27.08954, 46.17203], [27.18842, 46.18724], [27.27631, 46.0845], [27.17468, 45.60063], [27.06757, 45.37736], [26.88629, 45.44097]]}]}}, {"type": "Feature", "geometry": {"type": "MultiPolygon", "coordinates": [[[[21.53629, 44.8893], [21.53908, 44.90847], [21.53102, 44.92465], [21.51634, 44.9339], [21.48151, 44.94356], [21.4565, 44.95235], [21.40844, 44.95834], [21.38518, 44.9695], [21.38456, 44.97493], [21.38705, 44.98154], [21.38395, 44.98666], [21.36699, 44.98728], [21.35346, 44.98981], [21.35139, 44.99824], [21.35614, 45.00857], [21.36338, 45.01653], [21.3733, 45.0201], [21.39883, 45.02139], [21.40927, 45.02397], [21.42188, 45.03141], [21.42508, 45.03622], [21.4256, 45.04325], [21.42952, 45.0573], [21.43252, 45.06149], [21.441, 45.06872], [21.44379, 45.07291], [21.44441, 45.07787], [21.44441, 45.08526], [21.44379, 45.09146], [21.44244, 45.09291], [21.44999, 45.10102], [21.45857, 45.10733], [21.469, 45.11105], [21.48151, 45.11156], [21.49412, 45.11931], [21.49784, 45.13187], [21.49329, 45.1451], [21.48439, 45.1527], [21.48451, 45.15275], [21.50363, 45.16016], [21.52182, 45.17742], [21.52725, 45.1852], [21.53205, 45.19512], [21.53236, 45.20525], [21.52709, 45.23259], [21.52709, 45.24277], [21.52972, 45.25083], [21.54957, 45.2684], [21.55344, 45.27424], [21.55407, 45.28008], [21.55081, 45.29016], [21.55003, 45.29553], [21.55065, 45.30194], [21.55019, 45.30886], [21.54709, 45.31641], [21.54182, 45.32333], [21.53391, 45.32974], [21.51438, 45.34075], [21.48022, 45.3662], [21.47402, 45.37382], [21.47092, 45.3825], [21.47014, 45.39077], [21.47293, 45.39909], [21.48316, 45.41315], [21.48704, 45.42214], [21.48735, 45.43087], [21.4858, 45.44131], [21.48549, 45.44953], [21.49464, 45.4586], [21.51283, 45.46965], [21.555, 45.48616], [21.56884, 45.4965], [21.57597, 45.50647], [21.57597, 45.51608], [21.57784, 45.52753], [21.58233, 45.53841], [21.59179, 45.54872], [21.60936, 45.55722], [21.63788, 45.56404], [21.6691, 45.56404], [21.68475, 45.5611], [21.70413, 45.55298], [21.72697, 45.54841], [21.73845, 45.54477], [21.74821, 45.53991], [21.76123, 45.52831], [21.76868, 45.52384], [21.7864, 45.52368], [21.81074, 45.52813], [21.85684, 45.54285], [21.89254, 45.55877], [21.90231, 45.56009], [21.91704, 45.55686], [21.92665, 45.55148], [21.93378, 45.54353], [21.94324, 45.5272], [21.94867, 45.51962], [21.95585, 45.51252], [21.96438, 45.50761], [21.97538, 45.50399], [21.98825, 45.50234], [22.00809, 45.50453], [22.02768, 45.50968], [22.0531, 45.52229], [22.05967, 45.52844], [22.05853, 45.53226], [22.04489, 45.53288], [22.03962, 45.53386], [22.0359, 45.53642], [22.03357, 45.54125], [22.03186, 45.55303], [22.02938, 45.55929], [22.03047, 45.56476], [22.03683, 45.56838], [22.07176, 45.56823], [22.09486, 45.57091], [22.11579, 45.57593], [22.1408, 45.5875], [22.16622, 45.60368], [22.17666, 45.60667], [22.19015, 45.60486], [22.19775, 45.60063], [22.20999, 45.59065], [22.21697, 45.58812], [22.2255, 45.58696], [22.23919, 45.58792], [22.24865, 45.58724], [22.25686, 45.58575], [22.264, 45.586], [22.2702, 45.58926], [22.29815, 45.62977], [22.33505, 45.64814], [22.44538, 45.6629], [22.45365, 45.64006], [22.48341, 45.61153], [22.49675, 45.60492], [22.51101, 45.6014], [22.52284, 45.60037], [22.53741, 45.59732], [22.54238, 45.59244], [22.543, 45.58554], [22.54114, 45.57805], [22.54238, 45.57003], [22.54796, 45.56735], [22.55648, 45.5673], [22.56579, 45.56861], [22.57607, 45.56709], [22.58258, 45.56234], [22.58863, 45.55445], [22.60103, 45.54678], [22.62025, 45.53843], [22.65333, 45.52022], [22.66867, 45.50653], [22.67844, 45.49255], [22.69027, 45.46322], [22.69353, 45.45144], [22.69461, 45.44048], [22.69415, 45.42966], [22.69803, 45.41302], [22.69632, 45.40369], [22.6912, 45.39361], [22.67875, 45.38043], [22.67534, 45.37395], [22.67741, 45.36509], [22.68469, 45.35553], [22.69818, 45.34209], [22.70407, 45.3316], [22.70686, 45.32232], [22.7064, 45.31429], [22.70423, 45.3068], [22.69865, 45.29863], [22.6771, 45.27548], [22.67224, 45.2669], [22.66991, 45.25961], [22.66914, 45.24047], [22.60103, 45.19771], [22.57266, 45.17076], [22.56455, 45.15693], [22.56253, 45.14686], [22.5661, 45.13885], [22.57452, 45.1343], [22.58723, 45.13107], [22.62511, 45.12965], [22.63457, 45.12753], [22.64139, 45.12169], [22.6465, 45.11358], [22.64108, 45.09239], [22.59886, 45.06025], [22.56661, 45.02392], [22.55865, 45.00919], [22.55493, 44.99741], [22.55369, 44.98687], [22.55028, 44.97346], [22.5447, 44.95772], [22.5337, 44.93423], [22.49179, 44.8846], [22.46698, 44.83933], [22.45158, 44.79153], [22.44181, 44.76941], [22.43174, 44.75825], [22.4212, 44.7521], [22.40647, 44.75034], [22.39556, 44.75102], [22.38781, 44.75365], [22.38347, 44.75815], [22.37681, 44.76882], [22.36998, 44.77308], [22.36285, 44.77629], [22.35417, 44.77771], [22.32141, 44.77711], [22.31118, 44.77786], [22.30373, 44.78019], [22.29707, 44.78388], [22.2626, 44.80833], [22.25345, 44.81204], [22.24307, 44.81349], [22.22803, 44.81122], [22.22193, 44.80615], [22.21898, 44.79897], [22.21898, 44.79086], [22.21418, 44.77758], [22.20565, 44.7613], [22.18286, 44.73391], [22.17212, 44.71712], [22.16529, 44.70221], [22.16173, 44.6905], [22.15987, 44.67748], [22.1608, 44.66435], [22.16824, 44.64743], [22.17273, 44.63387], [22.17397, 44.62146], [22.16901, 44.60896], [22.16111, 44.60183], [22.14995, 44.59769], [22.13894, 44.59656], [22.127, 44.59702], [22.1023, 44.60203], [22.08881, 44.60325], [22.05893, 44.59937], [22.03424, 44.59617], [22.03217, 44.60332], [22.00427, 44.65154], [21.99435, 44.65857], [21.96241, 44.66229], [21.87198, 44.69598], [21.85544, 44.69846], [21.83828, 44.69521], [21.8017, 44.68389], [21.75684, 44.67727], [21.70517, 44.67707], [21.65628, 44.68766], [21.61969, 44.71391], [21.61029, 44.73195], [21.60429, 44.74998], [21.59561, 44.76595], [21.57804, 44.77768], [21.55841, 44.78166], [21.49722, 44.77804], [21.41216, 44.78481], [21.39593, 44.79024], [21.37857, 44.81665], [21.36059, 44.82641], [21.3598, 44.82666], [21.34281, 44.83194], [21.34643, 44.84564], [21.35552, 44.85659], [21.36855, 44.86486], [21.39531, 44.87163], [21.4534, 44.86956], [21.48151, 44.87261], [21.52213, 44.88078], [21.53629, 44.8893]]], [[[21.47521, 46.73785], [21.47262, 46.7402], [21.47045, 46.74301], [21.47138, 46.74903], [21.47366, 46.75487], [21.47707, 46.76022], [21.48151, 46.76498], [21.5029, 46.80531], [21.51572, 46.82159], [21.5366, 46.83502], [21.57308, 46.84177], [21.58342, 46.84794], [21.59179, 46.86071], [21.59148, 46.87153], [21.58807, 46.8822], [21.58714, 46.8944], [21.58869, 46.90618], [21.58993, 46.90887], [21.59437, 46.91001], [21.64005, 46.93569], [21.64853, 46.94298], [21.66755, 46.99238], [21.67137, 46.99336], [21.67075, 46.99439], [21.66176, 47.00607], [21.65483, 47.00995], [21.64522, 47.01124], [21.63664, 47.01408], [21.63427, 47.01942], [21.63282, 47.02269], [21.67189, 47.05473], [21.69421, 47.06917], [21.74351, 47.0916], [21.76377, 47.10521], [21.77049, 47.11402], [21.77545, 47.13167], [21.77989, 47.14074], [21.7894, 47.1503], [21.81152, 47.16469], [21.81989, 47.17273], [21.82598, 47.18505], [21.82568, 47.19428], [21.8233, 47.20332], [21.82361, 47.21492], [21.82774, 47.22601], [21.83932, 47.24084], [21.84459, 47.24993], [21.85606, 47.28574], [21.86216, 47.29742], [21.90081, 47.33574], [21.919, 47.34967], [21.93699, 47.35716], [21.98153, 47.3661], [22.00158, 47.39383], [22.00024, 47.42718], [21.99145, 47.46181], [21.98887, 47.49294], [22.00789, 47.51741], [22.03745, 47.53932], [22.09956, 47.57095], [22.14855, 47.57935], [22.15418, 47.58221], [22.16209, 47.58624], [22.16736, 47.59379], [22.16761, 47.59486], [22.16912, 47.60139], [22.16984, 47.60878], [22.17284, 47.61539], [22.19764, 47.63932], [22.20074, 47.64794], [22.20415, 47.66629], [22.20787, 47.67373], [22.21521, 47.67993], [22.23216, 47.68825], [22.23981, 47.69347], [22.26172, 47.71585], [22.27309, 47.72375], [22.29159, 47.73071], [22.30937, 47.73505], [22.32208, 47.73587], [22.36828, 47.73117], [22.38264, 47.73202], [22.39587, 47.73569], [22.40734, 47.74308], [22.42367, 47.78256], [22.45437, 47.78739], [22.52848, 47.76104], [22.56299, 47.75722], [22.60123, 47.76094], [22.63772, 47.77155], [22.66697, 47.78879], [22.69167, 47.8107], [22.70386, 47.81719], [22.72423, 47.82349], [22.74583, 47.82499], [22.75182, 47.82768], [22.76029, 47.83892], [22.75833, 47.84623], [22.75327, 47.85269], [22.75285, 47.86124], [22.7636, 47.87475], [22.77962, 47.8823], [22.81972, 47.89232], [22.83605, 47.90245], [22.86117, 47.93382], [22.8776, 47.94674], [22.89786, 47.95098], [22.91584, 47.95919], [22.92421, 47.97273], [22.91574, 47.99299], [22.92411, 48.00482], [22.9393, 48.00565], [22.95708, 48.00012], [22.97248, 47.99289], [22.98819, 47.98637], [23.00442, 47.98307], [23.02033, 47.98472], [23.06312, 48.00746], [23.07655, 48.02451], [23.09898, 48.07123], [23.11862, 48.09154], [23.13908, 48.09813], [23.16172, 48.0959], [23.23138, 48.07973], [23.24864, 48.07123], [23.28977, 48.03821], [23.33752, 48.01087], [23.36005, 47.99314], [23.36729, 47.99121], [23.37473, 47.99056], [23.38217, 47.99113], [23.39013, 47.99307], [23.39157, 47.99345], [23.39302, 47.99358], [23.39447, 47.99345], [23.39602, 47.99307], [23.46082, 47.97134], [23.48159, 47.97216], [23.48548, 47.97423], [23.50196, 47.93423], [23.54945, 47.88902], [23.55968, 47.88142], [23.57348, 47.87387], [23.60701, 47.85941], [23.62035, 47.85046], [23.62162, 47.84884], [23.65356, 47.84241], [23.89526, 47.65781], [24.23584, 47.53192], [24.46655, 47.42058], [24.47754, 47.18973], [24.3457, 47.01032], [23.99414, 46.66475], [23.69751, 46.38518], [23.49976, 46.43062], [23.25806, 46.64968], [22.87354, 46.62706], [22.80279, 46.55753], [22.80277, 46.5569], [22.80233, 46.55709], [22.68765, 46.44438], [22.6881, 46.42197], [22.70671, 46.36875], [22.66495, 46.36652], [22.61762, 46.36926], [22.56123, 46.37762], [21.90674, 46.19547], [21.67603, 46.36245], [21.43583, 46.65538], [21.42354, 46.65823], [21.42549, 46.66201], [21.43624, 46.67374], [21.46353, 46.67705], [21.48358, 46.68485], [21.50177, 46.70351], [21.50518, 46.72325], [21.4782, 46.73593], [21.47521, 46.73785]]]]}, "properties": {"id": "architecture/3d-tiles", "status": "validé", "pieces": [{"kind": "admin1", "code": "ROU-278"}, {"kind": "admin1", "code": "ROU-301"}, {"kind": "admin1", "code": "ROU-300"}, {"kind": "admin1", "code": "ROU-277"}, {"kind": "polygon", "ring": [[21.43433, 46.65722], [21.67603, 46.36245], [21.90674, 46.19547], [22.64282, 46.40033], [22.87354, 46.62706], [23.25806, 46.64968], [23.49976, 46.43062], [23.69751, 46.38518], [23.99414, 46.66475], [24.3457, 47.01032], [24.47754, 47.18973], [24.46655, 47.42058], [24.23584, 47.53192], [23.89526, 47.65781], [23.65356, 47.84241], [23.5437, 47.86452], [22.30225, 47.49483]]}, {"kind": "clip"}]}}, {"type": "Feature", "geometry": {"type": "Polygon", "coordinates": [[[22.53296, 45.06608], [22.76367, 45.27512], [23.91724, 45.43717], [25.16968, 45.43717], [25.72998, 45.36778], [26.12549, 45.44488], [26.54297, 45.51418], [26.70776, 45.54495], [26.61987, 45.96637], [26.56494, 46.28604], [26.23535, 46.45275], [26.47705, 46.64157], [26.38916, 46.93481], [26.72974, 47.10701], [27.05933, 47.39772], [27.47419, 47.49114], [27.48368, 47.48542], [27.49256, 47.48454], [27.49752, 47.48243], [27.50145, 47.47995], [27.50724, 47.47798], [27.53298, 47.47741], [27.53453, 47.47798], [27.54817, 47.47426], [27.56315, 47.46834], [27.57587, 47.46041], [27.583, 47.45067], [27.57478, 47.44625], [27.56936, 47.43855], [27.56553, 47.42827], [27.56253, 47.41654], [27.58031, 47.406], [27.57235, 47.3752], [27.58641, 47.36876], [27.58872, 47.36739], [27.59995, 47.36073], [27.62403, 47.32143], [27.63695, 47.30667], [27.6447, 47.30399], [27.67173, 47.29985], [27.68232, 47.29525], [27.68987, 47.29089], [27.69782, 47.2875], [27.72283, 47.28332], [27.73327, 47.27562], [27.75363, 47.25143], [27.75239, 47.23893], [27.76304, 47.22632], [27.78831, 47.20428], [27.80035, 47.17697], [27.80211, 47.17635], [27.80479, 47.16849], [27.80769, 47.16247], [27.80588, 47.15823], [27.79466, 47.15583], [27.80655, 47.14462], [27.84986, 47.12852], [27.84986, 47.12172], [27.84376, 47.11439], [27.8482, 47.11142], [27.85771, 47.10932], [27.86701, 47.10464], [27.8976, 47.08142], [27.92592, 47.06876], [27.93843, 47.06106], [27.93874, 47.04664], [27.96313, 47.04338], [27.98659, 47.03323], [28.0083, 47.0263], [28.02804, 47.03297], [28.03703, 47.01646], [28.03815, 47.01548], [28.06907, 46.9885], [28.08271, 46.97153], [28.1023, 46.93512], [28.10499, 46.92018], [28.10545, 46.91768], [28.09687, 46.90262], [28.11356, 46.89476], [28.11434, 46.88339], [28.1131, 46.87143], [28.12426, 46.86164], [28.12426, 46.85419], [28.12261, 46.84227], [28.12152, 46.8343], [28.1378, 46.80624], [28.17816, 46.75865], [28.1781, 46.73984], [28.23412, 46.66242], [28.24425, 46.63537], [28.24508, 46.63145], [28.24735, 46.62083], [28.24714, 46.60716], [28.24053, 46.59638], [28.2305, 46.5839], [28.22544, 46.56956], [28.23412, 46.55313], [28.22477, 46.54874], [28.2211, 46.54119], [28.21903, 46.50373], [28.2211, 46.49577], [28.23412, 46.47807], [28.2381, 46.47559], [28.24234, 46.47652], [28.2458, 46.47551], [28.24714, 46.46719], [28.24725, 46.43619], [28.24606, 46.42786], [28.24022, 46.42027], [28.22606, 46.41536], [28.23329, 46.40177], [28.22864, 46.39611], [28.2268, 46.39555], [28.21955, 46.39334], [28.21293, 46.38869], [28.20715, 46.35815], [28.20239, 46.35392], [28.19035, 46.35107], [28.18792, 46.34379], [28.19195, 46.3235], [28.19288, 46.31123], [28.19133, 46.30777], [28.17779, 46.28705], [28.16575, 46.27883], [28.1563, 46.27537], [28.14493, 46.27294], [28.13521, 46.26932], [28.13108, 46.2624], [28.13449, 46.24534], [28.13211, 46.23992], [28.12085, 46.23785], [28.10896, 46.23413], [28.11098, 46.2256], [28.12932, 46.20467], [28.13563, 46.19884], [28.14152, 46.19196], [28.14472, 46.18323], [28.13325, 46.15997], [28.12736, 46.13533], [28.11051, 46.10149], [28.10782, 46.0961], [28.1008, 46.08199], [28.09284, 46.07838], [28.09015, 46.07337], [28.09046, 46.06799], [28.09656, 46.06504], [28.09687, 46.05967], [28.08447, 46.02458], [28.08271, 46.01471], [28.08612, 46.00055], [28.11051, 45.95043], [28.11237, 45.93921], [28.11485, 45.93322], [28.12085, 45.92629], [28.12498, 45.91839], [28.12281, 45.91079], [28.11878, 45.90314], [28.11744, 45.89524], [28.12023, 45.88785], [28.12911, 45.87513], [28.13108, 45.87136], [28.12818, 45.8664], [28.11495, 45.85973], [28.11051, 45.85431], [28.1133, 45.82537], [28.12891, 45.79503], [28.14648, 45.77116], [28.15495, 45.76181], [28.16374, 45.6615], [28.16177, 45.64543], [28.16797, 45.63246], [28.15371, 45.6275], [28.12085, 45.62771], [28.10772, 45.6244], [28.09118, 45.61598], [28.07475, 45.60487], [28.06214, 45.5936], [28.118, 45.57272], [28.14095, 45.56022], [28.15774, 45.53893], [28.16157, 45.53273], [28.16405, 45.53061], [28.16539, 45.52828], [28.16591, 45.49459], [28.17294, 45.48436], [28.1995, 45.46177], [28.21293, 45.4502], [28.21515, 45.45036], [28.23764, 45.45206], [28.26688, 45.44048], [28.28642, 45.42173], [28.2812, 45.40183], [28.31081, 45.34783], [28.33024, 45.32292], [28.35329, 45.31243], [28.37024, 45.30922], [28.40517, 45.29507], [28.49416, 45.27889], [28.57705, 45.24809], [28.71006, 45.22696], [28.74737, 45.23047], [28.77869, 45.23109], [28.7914, 45.23497], [28.80267, 45.24417], [28.77429, 45.25336], [28.76727, 45.25776], [28.76256, 45.26514], [28.75967, 45.27419], [28.76153, 45.28184], [28.79016, 45.29207], [28.78861, 45.30711], [28.78975, 45.32142], [28.81631, 45.32607], [28.83181, 45.3223], [28.85811, 45.30907], [28.88085, 45.30618], [28.89362, 45.29982], [28.91005, 45.28737], [28.92989, 45.2791], [28.95284, 45.28509], [28.95738, 45.29202], [28.96043, 45.31129], [28.96648, 45.31987], [28.97366, 45.3237], [28.98245, 45.3255], [29.00462, 45.32607], [29.01816, 45.33088], [29.06952, 45.3608], [29.1103, 45.36907], [29.1275, 45.37454], [29.14187, 45.38509], [29.15014, 45.38788], [29.17432, 45.38896], [29.17939, 45.39186], [29.18311, 45.39899], [29.19158, 45.40617], [29.20667, 45.41542], [29.22817, 45.42374], [29.2446, 45.42421], [29.26083, 45.42204], [29.28181, 45.42229], [29.29049, 45.42462], [29.29928, 45.42891], [29.30703, 45.43413], [29.31282, 45.43935], [29.32212, 45.44384], [29.33297, 45.44214], [29.34392, 45.43811], [29.35374, 45.43594], [29.43064, 45.43041], [29.5697, 45.39496], [29.61636, 45.36535], [29.62814, 45.3608], [29.65026, 45.34612], [29.66711, 45.31186], [29.67228, 45.27295], [29.65925, 45.24417], [29.66499, 45.23786], [29.66649, 45.23063], [29.66421, 45.22318], [29.65903, 45.21589], [29.65016, 45.21723], [29.62387, 45.2165], [29.62387, 45.21027], [29.63884, 45.19562], [29.64975, 45.1778], [29.667, 45.16421], [29.69956, 45.16181], [29.67652, 45.1446], [29.6644, 45.11693], [29.65626, 45.02896], [29.65073, 45.01211], [29.63754, 44.98371], [29.63494, 44.96955], [29.63364, 44.95336], [29.63087, 44.93867], [29.62387, 44.9291], [29.63038, 44.90766], [29.60515, 44.88003], [29.61785, 44.86148], [29.61118, 44.84931], [29.6032, 44.8454], [29.59376, 44.84431], [29.58351, 44.84028], [29.56935, 44.8249], [29.56178, 44.82026], [29.542, 44.82783], [29.5311, 44.82624], [29.52052, 44.8225], [29.511, 44.8205], [29.31593, 44.79877], [29.19207, 44.79287], [29.1561, 44.78441], [29.05584, 44.73517], [29.02638, 44.71467], [29.00074, 44.68891], [28.99391, 44.69636], [28.99488, 44.71113], [28.98129, 44.72944], [28.97495, 44.74494], [28.99733, 44.75161], [29.0215, 44.75471], [29.05828, 44.7683], [29.09815, 44.77538], [29.12062, 44.78657], [29.13868, 44.80402], [29.1447, 44.82665], [29.13884, 44.83918], [29.12599, 44.85248], [29.09636, 44.87507], [29.10182, 44.85912], [29.10336, 44.8513], [29.10377, 44.84028], [29.0879, 44.84272], [29.0735, 44.83543], [29.06031, 44.83234], [29.04859, 44.84715], [29.04412, 44.86555], [29.04176, 44.92569], [29.05209, 44.94465], [29.09881, 44.95698], [29.11061, 44.97004], [29.10174, 44.98029], [29.05828, 45.00096], [29.04518, 45.00483], [29.01441, 45.00483], [28.98325, 45.01227], [28.97283, 45.01097], [28.96925, 45.00585], [28.96608, 44.99657], [28.96022, 44.9877], [28.94923, 44.98371], [28.92701, 44.98261], [28.91684, 44.97968], [28.88006, 44.95478], [28.8694, 44.94335], [28.86354, 44.92231], [28.86508, 44.91657], [28.87436, 44.91157], [28.87664, 44.90485], [28.87468, 44.89912], [28.87013, 44.89643], [28.86549, 44.89468], [28.86354, 44.89155], [28.86647, 44.88264], [28.87355, 44.87499], [28.88152, 44.8697], [28.90406, 44.86274], [28.9524, 44.82665], [28.93971, 44.81688], [28.93409, 44.81419], [28.92498, 44.81306], [28.93442, 44.80752], [28.93873, 44.80622], [28.93873, 44.79877], [28.92628, 44.79295], [28.92547, 44.78368], [28.93295, 44.77351], [28.94614, 44.7652], [28.93637, 44.75995], [28.92384, 44.7578], [28.8794, 44.75658], [28.86883, 44.75357], [28.80844, 44.72687], [28.79835, 44.7202], [28.78883, 44.70624], [28.78712, 44.69331], [28.79371, 44.68789], [28.80836, 44.69636], [28.80421, 44.68423], [28.78541, 44.67967], [28.78102, 44.66527], [28.78403, 44.64924], [28.79249, 44.64472], [28.84555, 44.65156], [28.86948, 44.66181], [28.89137, 44.67719], [28.91196, 44.69636], [28.89772, 44.71678], [28.96746, 44.70099], [28.98341, 44.69261], [28.98756, 44.67528], [28.97934, 44.65534], [28.96209, 44.63939], [28.93873, 44.63426], [28.95639, 44.65111], [28.97267, 44.67023], [28.97535, 44.68684], [28.9524, 44.69636], [28.9524, 44.68891], [28.95997, 44.68195], [28.95777, 44.67878], [28.93873, 44.67524], [28.92416, 44.68207], [28.91822, 44.68268], [28.91383, 44.67992], [28.90943, 44.6752], [28.90455, 44.6684], [28.88543, 44.65811], [28.85418, 44.63435], [28.83627, 44.62743], [28.78785, 44.60961], [28.77418, 44.60077], [28.79152, 44.62385], [28.79469, 44.63426], [28.7798, 44.63581], [28.76694, 44.63373], [28.75782, 44.62678], [28.75367, 44.61376], [28.76677, 44.61376], [28.76059, 44.6037], [28.76441, 44.59589], [28.77443, 44.59016], [28.78785, 44.58649], [28.74806, 44.57779], [28.73268, 44.56786], [28.73268, 44.55231], [28.73715, 44.55707], [28.74391, 44.562], [28.74692, 44.56598], [28.76108, 44.56021], [28.77418, 44.55231], [28.76564, 44.53889], [28.75343, 44.51349], [28.74562, 44.48615], [28.75025, 44.4667], [28.75847, 44.46528], [28.76637, 44.4726], [28.77198, 44.48371], [28.77833, 44.50739], [28.7881, 44.51537], [28.80836, 44.52505], [28.83815, 44.55402], [28.85564, 44.56769], [28.87355, 44.57343], [28.89243, 44.57705], [28.90626, 44.58771], [28.91489, 44.60139], [28.92498, 44.62055], [28.91847, 44.60102], [28.90968, 44.58422], [28.844, 44.49372], [28.79672, 44.46792], [28.70655, 44.38105], [28.6963, 44.35834], [28.69313, 44.34614], [28.68019, 44.35334], [28.6644, 44.34837], [28.65122, 44.34003], [28.64088, 44.32856], [28.6351, 44.31639], [28.63234, 44.30244], [28.63103, 44.26435], [28.63527, 44.25202], [28.65122, 44.23078], [28.66521, 44.19929], [28.66814, 44.18431], [28.66489, 44.1756], [28.67172, 44.16869], [28.65838, 44.17446], [28.64584, 44.17202], [28.63624, 44.16429], [28.63087, 44.15449], [28.63746, 44.13589], [28.65414, 44.05492], [28.67123, 44.00332], [28.67172, 43.99738], [28.66912, 43.98916], [28.66, 43.9798], [28.65496, 43.96137], [28.64088, 43.9322], [28.63771, 43.91865], [28.61378, 43.88418], [28.60939, 43.8745], [28.59352, 43.81952], [28.58766, 43.81025], [28.58448, 43.80085], [28.5892, 43.79133], [28.58481, 43.78242], [28.58253, 43.77237], [28.58188, 43.7617], [28.58302, 43.75104], [28.57838, 43.74128], [28.43457, 43.73521], [28.22125, 43.76198], [28.01481, 43.83004], [27.98101, 43.84934], [27.93585, 43.9644], [27.91207, 43.99323], [27.91207, 43.99334], [27.85647, 43.98863], [27.78733, 43.96042], [27.7217, 43.94874], [27.68251, 43.98726], [27.67612, 43.99354], [27.65628, 44.02388], [27.63343, 44.02977], [27.57452, 44.01628], [27.38384, 44.01509], [27.37288, 44.02072], [27.35356, 44.04527], [27.34167, 44.05307], [27.28534, 44.07245], [27.26431, 44.08976], [27.26901, 44.1124], [27.25266, 44.12152], [27.25113, 44.12237], [27.22674, 44.12072], [27.20555, 44.12925], [27.10024, 44.14449], [27.02748, 44.17705], [27.00154, 44.16511], [26.88413, 44.15653], [26.78946, 44.11597], [26.7537, 44.10811], [26.70868, 44.10811], [26.69721, 44.10609], [26.67732, 44.09705], [26.66781, 44.09509], [26.64776, 44.09338], [26.61417, 44.08485], [26.41579, 44.06379], [26.33234, 44.05493], [26.31052, 44.05261], [26.23145, 44.0275], [26.15073, 44.01241], [26.11621, 43.99887], [26.07932, 43.96905], [26.06164, 43.94977], [26.05431, 43.93432], [25.934, 43.87032], [25.9245, 43.85862], [25.91643, 43.84438], [25.8693, 43.80089], [25.83933, 43.78844], [25.80626, 43.76366], [25.8044, 43.75991], [25.78114, 43.73201], [25.7396, 43.71894], [25.73295, 43.71878], [25.67138, 43.71736], [25.6535, 43.70813], [25.6379, 43.69728], [25.6165, 43.68775], [25.59387, 43.68067], [25.57506, 43.67739], [25.55656, 43.67036], [25.53382, 43.66868], [25.48876, 43.67054], [25.48245, 43.66971], [25.46742, 43.66775], [25.42608, 43.65439], [25.40313, 43.65005], [25.35962, 43.65429], [25.32303, 43.66971], [25.28872, 43.68896], [25.28541, 43.69039], [25.25234, 43.70465], [25.21131, 43.71188], [25.0816, 43.71894], [24.96367, 43.74961], [24.75263, 43.7388], [24.7056, 43.74377], [24.66176, 43.75566], [24.50014, 43.7995], [24.46634, 43.80242], [24.4312, 43.79418], [24.37549, 43.76387], [24.35823, 43.76002], [24.3367, 43.75925], [24.15938, 43.75294], [24.14961, 43.75472], [23.79992, 43.81846], [23.74287, 43.8427], [23.72075, 43.84583], [23.63611, 43.83216], [23.62085, 43.83401], [23.5927, 43.83743], [23.48469, 43.8806], [23.32515, 43.88659], [23.23448, 43.8773], [23.19696, 43.86275], [23.16192, 43.85732], [23.13185, 43.84795], [23.05255, 43.84282], [22.91956, 43.83423], [22.88876, 43.83952], [22.86344, 43.85541], [22.85104, 43.87435], [22.85052, 43.89699], [22.87471, 43.97205], [22.88587, 43.99453], [22.90582, 44.00398], [22.92649, 44.00615], [22.96628, 44.01556], [22.98809, 44.01768], [23.02302, 44.03163], [23.04007, 44.06233], [23.03098, 44.09307], [23.00831, 44.10045], [22.98809, 44.10703], [22.94261, 44.11147], [22.90644, 44.12289], [22.69164, 44.22843], [22.69074, 44.22888], [22.68536, 44.24366], [22.6895, 44.29172], [22.68154, 44.30531], [22.66252, 44.31166], [22.62118, 44.3159], [22.58284, 44.32841], [22.54935, 44.34897], [22.52269, 44.37507], [22.50512, 44.40406], [22.50398, 44.41171], [22.50636, 44.42752], [22.50543, 44.43501], [22.50098, 44.44194], [22.48, 44.45579], [22.477, 44.46395], [22.47721, 44.47698], [22.47979, 44.49041], [22.48414, 44.49977], [22.49106, 44.50421], [22.50036, 44.50638], [22.5355, 44.50752], [22.54842, 44.5117], [22.55669, 44.52147], [22.55979, 44.53878], [22.56558, 44.55542], [22.58046, 44.5655], [22.6003, 44.56979], [22.62118, 44.56922], [22.64216, 44.56312], [22.67854, 44.54555], [22.70014, 44.54183], [22.71937, 44.54436], [22.74169, 44.55186], [22.75926, 44.56467], [22.76515, 44.58281], [22.71472, 44.62306], [22.70014, 44.63061], [22.62118, 44.63743], [22.58749, 44.64937], [22.55328, 44.66916], [22.48372, 44.72399], [22.46894, 44.73019], [22.45055, 44.73298], [22.44209, 44.73321], [22.53296, 45.06608]]]}, "properties": {"id": "architecture/arches", "status": "validé", "pieces": [{"kind": "polygon", "ring": [[22.40112, 44.58316], [22.53296, 45.06608], [22.76367, 45.27512], [23.91724, 45.43717], [25.16968, 45.43717], [25.72998, 45.36778], [26.12549, 45.44488], [26.54297, 45.51418], [26.70776, 45.54495], [26.61987, 45.96637], [26.56494, 46.28604], [26.23535, 46.45275], [26.47705, 46.64157], [26.38916, 46.93481], [26.72974, 47.10701], [27.05933, 47.39772], [27.78442, 47.561], [30.30029, 45.53726], [29.10278, 42.45731], [22.10449, 43.6052]]}, {"kind": "clip"}]}}, {"type": "Feature", "geometry": {"type": "MultiPolygon", "coordinates": [[[[20.68352, 46.14468], [20.69882, 46.15646], [20.70419, 46.16633], [20.70437, 46.16853], [20.71897, 46.16457], [20.86046, 46.09574], [20.89602, 46.07068], [20.90609, 46.05101], [20.91958, 46.03714], [20.93152, 46.0314], [20.9463, 46.02799], [21.00821, 46.01993], [21.01689, 46.02019], [21.03565, 46.02339], [21.04789, 46.02391], [21.06949, 46.01985], [21.07973, 46.01533], [21.08391, 46.01053], [21.08174, 45.9989], [21.08391, 45.99208], [21.09693, 45.98014], [21.10996, 45.97533], [21.12458, 45.97306], [21.13512, 45.97373], [21.14241, 45.97683], [21.14644, 45.98138], [21.14815, 45.98686], [21.14846, 45.99849], [21.15032, 46.00417], [21.15481, 46.00965], [21.16349, 46.01536], [21.17362, 46.01905], [21.18882, 46.02047], [21.19595, 46.01879], [21.19843, 46.01471], [21.19967, 46.00567], [21.20711, 45.99347], [21.23352, 45.97528], [21.25072, 45.96893], [21.26483, 45.96887], [21.28814, 45.98262], [21.2993, 45.98603], [21.31356, 45.98758], [21.33062, 45.98743], [21.34121, 45.98371], [21.35547, 45.9721], [21.36183, 45.97073], [21.36865, 45.9729], [21.39097, 45.98867], [21.41754, 46.00345], [21.42389, 46.00833], [21.42761, 46.01471], [21.42885, 46.0214], [21.42885, 46.0284], [21.43102, 46.03404], [21.44162, 46.03786], [21.45851, 46.0391], [21.49169, 46.03662], [21.50725, 46.03285], [21.51577, 46.02706], [21.5167, 46.02032], [21.5167, 46.01249], [21.51872, 46.00463], [21.52554, 45.99745], [21.53577, 45.99523], [21.56311, 45.99792], [21.57396, 45.99639], [21.58419, 45.99202], [21.60667, 45.97585], [21.62688, 45.96402], [21.63571, 45.95593], [21.63959, 45.94908], [21.63819, 45.9435], [21.63478, 45.93828], [21.63308, 45.93332], [21.63416, 45.92888], [21.63866, 45.92578], [21.65137, 45.91937], [21.65757, 45.9141], [21.66269, 45.9079], [21.67034, 45.90175], [21.67762, 45.90239], [21.68351, 45.90712], [21.69359, 45.92293], [21.70708, 45.93957], [21.71437, 45.94593], [21.72263, 45.94934], [21.73674, 45.94965], [21.76945, 45.93926], [21.78092, 45.93381], [21.78935, 45.928], [21.80159, 45.9142], [21.80997, 45.90691], [21.81601, 45.90495], [21.8202, 45.90627], [21.8219, 45.91131], [21.82082, 45.92521], [21.82097, 45.93335], [21.82237, 45.9405], [21.82718, 45.94645], [21.83245, 45.94614], [21.83963, 45.94273], [21.84877, 45.93689], [21.85854, 45.93466], [21.88071, 45.93459], [21.88862, 45.93549], [21.89451, 45.93882], [21.89813, 45.94409], [21.90495, 45.96647], [21.90774, 45.97259], [21.91177, 45.97766], [21.91952, 45.98066], [21.93146, 45.98221], [21.95523, 45.98215], [21.9698, 45.97905], [21.98065, 45.97358], [21.98903, 45.96634], [22.00143, 45.95859], [22.01915, 45.95513], [22.05884, 45.9526], [22.06866, 45.94913], [22.07439, 45.94366], [22.07719, 45.9366], [22.08137, 45.93177], [22.08912, 45.92784], [22.10555, 45.9226], [22.11315, 45.91826], [22.12075, 45.91188], [22.13134, 45.90516], [22.14607, 45.90268], [22.16173, 45.90257], [22.18193, 45.90449], [22.19558, 45.90247], [22.22022, 45.89306], [22.22896, 45.89276], [22.23578, 45.89642], [22.24183, 45.90133], [22.24911, 45.90619], [22.25717, 45.9089], [22.29428, 45.91513], [22.3118, 45.91616], [22.31784, 45.91839], [22.32218, 45.92211], [22.32823, 45.93658], [22.33288, 45.94069], [22.33676, 45.94335], [22.35495, 45.94986], [22.38905, 45.92466], [22.39887, 45.90821], [22.40182, 45.88976], [22.406, 45.87748], [22.41251, 45.8627], [22.42197, 45.85245], [22.44941, 45.83715], [22.45768, 45.83069], [22.46729, 45.81837], [22.48605, 45.78599], [22.49411, 45.77741], [22.50248, 45.77403], [22.51478, 45.77886], [22.52253, 45.78036], [22.52982, 45.77989], [22.54083, 45.77529], [22.54362, 45.76868], [22.54114, 45.76129], [22.53277, 45.75369], [22.49272, 45.72811], [22.48109, 45.7191], [22.47303, 45.70894], [22.46822, 45.69938], [22.46388, 45.68068], [22.46155, 45.67383], [22.45737, 45.66838], [22.45365, 45.66559], [22.44538, 45.6629], [22.33505, 45.64814], [22.29815, 45.62977], [22.2702, 45.58926], [22.264, 45.586], [22.25686, 45.58575], [22.24865, 45.58724], [22.23919, 45.58792], [22.2255, 45.58696], [22.21697, 45.58812], [22.20999, 45.59065], [22.19775, 45.60063], [22.19015, 45.60486], [22.17666, 45.60667], [22.16622, 45.60368], [22.1408, 45.5875], [22.11579, 45.57593], [22.09486, 45.57091], [22.07176, 45.56823], [22.03683, 45.56838], [22.03047, 45.56476], [22.02938, 45.55929], [22.03186, 45.55303], [22.03357, 45.54125], [22.0359, 45.53642], [22.03962, 45.53386], [22.04489, 45.53288], [22.05853, 45.53226], [22.05967, 45.52844], [22.0531, 45.52229], [22.02768, 45.50968], [22.00809, 45.50453], [21.98825, 45.50234], [21.97538, 45.50399], [21.96438, 45.50761], [21.95585, 45.51252], [21.94867, 45.51962], [21.94324, 45.5272], [21.93378, 45.54353], [21.92665, 45.55148], [21.91704, 45.55686], [21.90231, 45.56009], [21.89254, 45.55877], [21.85684, 45.54285], [21.81074, 45.52813], [21.7864, 45.52368], [21.76868, 45.52384], [21.76123, 45.52831], [21.74821, 45.53991], [21.73845, 45.54477], [21.72697, 45.54841], [21.70413, 45.55298], [21.68475, 45.5611], [21.6691, 45.56404], [21.63788, 45.56404], [21.60936, 45.55722], [21.59179, 45.54872], [21.58233, 45.53841], [21.57784, 45.52753], [21.57597, 45.51608], [21.57597, 45.50647], [21.56884, 45.4965], [21.555, 45.48616], [21.51283, 45.46965], [21.49464, 45.4586], [21.48549, 45.44953], [21.4858, 45.44131], [21.48735, 45.43087], [21.48704, 45.42214], [21.48316, 45.41315], [21.47293, 45.39909], [21.47014, 45.39077], [21.47092, 45.3825], [21.47402, 45.37382], [21.48022, 45.3662], [21.51438, 45.34075], [21.53391, 45.32974], [21.54182, 45.32333], [21.54709, 45.31641], [21.55019, 45.30886], [21.55065, 45.30194], [21.55003, 45.29553], [21.55081, 45.29016], [21.55407, 45.28008], [21.55344, 45.27424], [21.54957, 45.2684], [21.52972, 45.25083], [21.52709, 45.24277], [21.52709, 45.23259], [21.53236, 45.20525], [21.53205, 45.19512], [21.52725, 45.1852], [21.52182, 45.17742], [21.50363, 45.16016], [21.48451, 45.15275], [21.48439, 45.1527], [21.45939, 45.17404], [21.43376, 45.18882], [21.40555, 45.19967], [21.2993, 45.22318], [21.25713, 45.22411], [21.23925, 45.22939], [21.20607, 45.24592], [21.18974, 45.25956], [21.15564, 45.29517], [21.13941, 45.3037], [21.12918, 45.30189], [21.11306, 45.28933], [21.10334, 45.28607], [21.09156, 45.28809], [21.08278, 45.29367], [21.0743, 45.30054], [21.06396, 45.30628], [21.01667, 45.32148], [20.98149, 45.33279], [20.96619, 45.34157], [20.92764, 45.37749], [20.86305, 45.41873], [20.83039, 45.45252], [20.81602, 45.46286], [20.79948, 45.46854], [20.7816, 45.47257], [20.76713, 45.47934], [20.76073, 45.49335], [20.78316, 45.50606], [20.79762, 45.5165], [20.80021, 45.5305], [20.78739, 45.55365], [20.75804, 45.58926], [20.75442, 45.60559], [20.76217, 45.6306], [20.77323, 45.64889], [20.77726, 45.65752], [20.77995, 45.67168], [20.77912, 45.72367], [20.7816, 45.73395], [20.78553, 45.74341], [20.78574, 45.75256], [20.77747, 45.76232], [20.76517, 45.76677], [20.75411, 45.76356], [20.74533, 45.75499], [20.73944, 45.74341], [20.72683, 45.73618], [20.71339, 45.73333], [20.70006, 45.7354], [20.68807, 45.7431], [20.67856, 45.75664], [20.65562, 45.77731], [20.6459, 45.78873], [20.64349, 45.79514], [20.64229, 45.79834], [20.64011, 45.8187], [20.6367, 45.82702], [20.62968, 45.83328], [20.61231, 45.84149], [20.60528, 45.84614], [20.57211, 45.88769], [20.55671, 45.89844], [20.538, 45.90371], [20.49986, 45.90666], [20.48167, 45.9127], [20.42907, 45.94671], [20.41026, 45.95559], [20.37098, 45.96779], [20.35393, 45.97668], [20.33863, 45.9928], [20.31765, 46.03859], [20.30567, 46.05357], [20.24283, 46.10809], [20.28324, 46.1438], [20.44416, 46.1469], [20.46855, 46.17413], [20.50937, 46.16767], [20.54896, 46.15615], [20.5781, 46.13755], [20.58802, 46.13284], [20.60012, 46.12964], [20.60756, 46.12949], [20.66399, 46.13775], [20.68352, 46.14468]]], [[[22.44507, 47.21943], [22.71973, 46.92024], [22.55493, 46.80761], [22.37915, 46.76249], [21.84082, 46.85269], [21.81885, 47.16719], [21.81741, 47.17035], [21.81989, 47.17273], [21.82598, 47.18505], [21.82568, 47.19428], [21.8233, 47.20332], [21.82361, 47.21492], [21.82774, 47.22601], [21.83932, 47.24084], [21.84459, 47.24993], [21.85606, 47.28574], [21.86216, 47.29742], [21.90081, 47.33574], [21.919, 47.34967], [21.93699, 47.35716], [21.98153, 47.3661], [22.00158, 47.39383], [22.00024, 47.42718], [21.99145, 47.46181], [21.98887, 47.49294], [22.00789, 47.51741], [22.03745, 47.53932], [22.08604, 47.56406], [22.1814, 47.58365], [22.62085, 47.3907], [22.44507, 47.21943]]]]}, "properties": {"id": "architecture/banat-baroque", "status": "validé", "pieces": [{"kind": "admin1", "code": "ROU-280"}, {"kind": "polygon", "ring": [[22.1814, 47.58365], [22.62085, 47.3907], [22.44507, 47.21943], [22.71973, 46.92024], [22.55493, 46.80761], [22.37915, 46.76249], [21.84082, 46.85269], [21.81885, 47.16719], [21.67603, 47.47984]]}, {"kind": "clip"}]}}, {"type": "Feature", "geometry": {"type": "Polygon", "coordinates": [[[22.92847, 47.64235], [22.79663, 47.30833], [22.54395, 47.03959], [22.37915, 47.0321], [22.30225, 47.11437], [21.99463, 46.66407], [21.99463, 46.54335], [21.698, 45.95099], [21.40694, 45.19914], [21.40555, 45.19967], [21.2993, 45.22318], [21.25713, 45.22411], [21.23925, 45.22939], [21.20607, 45.24592], [21.18974, 45.25956], [21.15564, 45.29517], [21.13941, 45.3037], [21.12918, 45.30189], [21.11306, 45.28933], [21.10334, 45.28607], [21.09156, 45.28809], [21.08278, 45.29367], [21.0743, 45.30054], [21.06396, 45.30628], [21.01667, 45.32148], [20.98149, 45.33279], [20.96619, 45.34157], [20.92764, 45.37749], [20.86305, 45.41873], [20.83039, 45.45252], [20.81602, 45.46286], [20.79948, 45.46854], [20.7816, 45.47257], [20.76713, 45.47934], [20.76073, 45.49335], [20.78316, 45.50606], [20.79762, 45.5165], [20.80021, 45.5305], [20.78739, 45.55365], [20.75804, 45.58926], [20.75442, 45.60559], [20.76217, 45.6306], [20.77323, 45.64889], [20.77726, 45.65752], [20.77995, 45.67168], [20.77912, 45.72367], [20.7816, 45.73395], [20.78553, 45.74341], [20.78574, 45.75256], [20.77747, 45.76232], [20.76517, 45.76677], [20.75411, 45.76356], [20.74533, 45.75499], [20.73944, 45.74341], [20.72683, 45.73618], [20.71339, 45.73333], [20.70006, 45.7354], [20.68807, 45.7431], [20.67856, 45.75664], [20.65562, 45.77731], [20.6459, 45.78873], [20.64349, 45.79514], [20.64229, 45.79834], [20.64011, 45.8187], [20.6367, 45.82702], [20.62968, 45.83328], [20.61231, 45.84149], [20.60528, 45.84614], [20.57211, 45.88769], [20.55671, 45.89844], [20.538, 45.90371], [20.49986, 45.90666], [20.48167, 45.9127], [20.42907, 45.94671], [20.41026, 45.95559], [20.37098, 45.96779], [20.35393, 45.97668], [20.33863, 45.9928], [20.31765, 46.03859], [20.30567, 46.05357], [20.24283, 46.10809], [20.28324, 46.1438], [20.44416, 46.1469], [20.46855, 46.17413], [20.50937, 46.16767], [20.54896, 46.15615], [20.5781, 46.13755], [20.58802, 46.13284], [20.60012, 46.12964], [20.60756, 46.12949], [20.66399, 46.13775], [20.68352, 46.14468], [20.69882, 46.15646], [20.70419, 46.16633], [20.70437, 46.16853], [20.70533, 46.18064], [20.71029, 46.18809], [20.71784, 46.19], [20.72714, 46.18773], [20.73665, 46.18669], [20.74471, 46.19227], [20.74481, 46.20028], [20.73551, 46.2225], [20.73499, 46.23191], [20.73933, 46.23749], [20.7785, 46.26007], [20.78737, 46.26339], [20.79866, 46.26762], [20.81964, 46.2717], [20.83969, 46.27108], [20.84899, 46.26777], [20.86697, 46.25713], [20.87514, 46.25439], [20.88506, 46.25501], [20.89974, 46.26069], [20.90656, 46.26219], [20.92444, 46.25955], [20.96175, 46.24834], [20.98149, 46.24886], [20.99058, 46.2516], [20.99916, 46.2516], [21.00702, 46.24886], [21.01394, 46.24307], [21.03347, 46.23134], [21.05146, 46.23609], [21.09921, 46.27635], [21.10562, 46.27867], [21.13487, 46.27852], [21.14448, 46.28374], [21.15595, 46.29893], [21.16453, 46.31826], [21.16866, 46.36275], [21.17879, 46.38446], [21.19564, 46.3981], [21.21517, 46.4029], [21.25754, 46.40417], [21.2807, 46.41639], [21.27439, 46.43836], [21.24514, 46.47688], [21.24762, 46.49747], [21.26168, 46.51334], [21.27894, 46.5284], [21.29134, 46.54672], [21.29527, 46.58504], [21.30095, 46.60393], [21.31625, 46.61664], [21.33764, 46.62041], [21.37444, 46.61845], [21.39604, 46.62635], [21.41681, 46.64522], [21.42354, 46.65823], [21.42549, 46.66201], [21.43624, 46.67374], [21.46353, 46.67705], [21.48358, 46.68485], [21.50177, 46.70351], [21.50518, 46.72325], [21.4782, 46.73593], [21.47521, 46.73785], [21.47262, 46.7402], [21.47045, 46.74301], [21.47138, 46.74903], [21.47366, 46.75487], [21.47707, 46.76022], [21.48151, 46.76498], [21.5029, 46.80531], [21.51572, 46.82159], [21.5366, 46.83502], [21.57308, 46.84177], [21.58342, 46.84794], [21.59179, 46.86071], [21.59148, 46.87153], [21.58807, 46.8822], [21.58714, 46.8944], [21.58869, 46.90618], [21.58993, 46.90887], [21.59437, 46.91001], [21.64005, 46.93569], [21.64853, 46.94298], [21.66755, 46.99238], [21.67137, 46.99336], [21.67075, 46.99439], [21.66176, 47.00607], [21.65483, 47.00995], [21.64522, 47.01124], [21.63664, 47.01408], [21.63427, 47.01942], [21.63282, 47.02269], [21.67189, 47.05473], [21.69421, 47.06917], [21.74351, 47.0916], [21.76377, 47.10521], [21.77049, 47.11402], [21.77545, 47.13167], [21.77989, 47.14074], [21.7894, 47.1503], [21.81152, 47.16469], [21.81989, 47.17273], [21.82598, 47.18505], [21.82568, 47.19428], [21.8233, 47.20332], [21.82361, 47.21492], [21.82774, 47.22601], [21.83932, 47.24084], [21.84459, 47.24993], [21.85606, 47.28574], [21.86216, 47.29742], [21.90081, 47.33574], [21.919, 47.34967], [21.93699, 47.35716], [21.98153, 47.3661], [22.00158, 47.39383], [22.00024, 47.42718], [21.99145, 47.46181], [21.98887, 47.49294], [22.00789, 47.51741], [22.03745, 47.53932], [22.09956, 47.57095], [22.14855, 47.57935], [22.15418, 47.58221], [22.16209, 47.58624], [22.16736, 47.59379], [22.16761, 47.59486], [22.16912, 47.60139], [22.16984, 47.60878], [22.17284, 47.61539], [22.19764, 47.63932], [22.20074, 47.64794], [22.20415, 47.66629], [22.20787, 47.67373], [22.21521, 47.67993], [22.23216, 47.68825], [22.23981, 47.69347], [22.26172, 47.71585], [22.27309, 47.72375], [22.29159, 47.73071], [22.30937, 47.73505], [22.32208, 47.73587], [22.36828, 47.73117], [22.38264, 47.73202], [22.39587, 47.73569], [22.40734, 47.74308], [22.42367, 47.78256], [22.45437, 47.78739], [22.52848, 47.76104], [22.56299, 47.75722], [22.60123, 47.76094], [22.63772, 47.77155], [22.66697, 47.78879], [22.69167, 47.8107], [22.70386, 47.81719], [22.72423, 47.82349], [22.74583, 47.82499], [22.75182, 47.82768], [22.76029, 47.83892], [22.75833, 47.84623], [22.75327, 47.85269], [22.75285, 47.86124], [22.7636, 47.87475], [22.76571, 47.87575], [22.92847, 47.64235]]]}, "properties": {"id": "architecture/banat-houses", "status": "validé", "pieces": [{"kind": "polygon", "ring": [[21.37939, 45.12799], [21.698, 45.95099], [21.99463, 46.54335], [21.99463, 46.66407], [22.30225, 47.11437], [22.37915, 47.0321], [22.54395, 47.03959], [22.79663, 47.30833], [22.92847, 47.64235], [22.68677, 47.98895], [21.24756, 47.53125], [20.02808, 45.97389], [20.37964, 45.22862]]}, {"kind": "clip"}]}}, {"type": "Feature", "geometry": {"type": "Polygon", "coordinates": [[[23.29102, 47.66492], [23.01636, 47.51679], [22.99438, 47.45], [23.07129, 47.42028], [23.34595, 47.39799], [23.52173, 47.45], [23.63159, 47.45], [23.73047, 47.50195], [23.8623, 47.51679], [24.01611, 47.66492], [23.82935, 47.72405], [23.69751, 47.72405], [23.57666, 47.67231], [23.29102, 47.66492]]]}, "properties": {"id": "architecture/barns/maramures-barns", "status": "validé", "pieces": [{"kind": "polygon", "ring": [[23.29102, 47.66492], [23.01636, 47.51679], [22.99438, 47.45], [23.07129, 47.42028], [23.34595, 47.39799], [23.52173, 47.45], [23.63159, 47.45], [23.73047, 47.50195], [23.8623, 47.51679], [24.01611, 47.66492], [23.82935, 47.72405], [23.69751, 47.72405], [23.57666, 47.67231]]}]}}, {"type": "Feature", "geometry": {"type": "Polygon", "coordinates": [[[25.78491, 47.22625], [25.91675, 47.32311], [26.15845, 47.33055], [26.26831, 47.21133], [26.33423, 47.0245], [26.63086, 46.75432], [26.70776, 46.61872], [26.87256, 46.47522], [26.86157, 46.27823], [26.61987, 46.21747], [26.44409, 46.31616], [26.29028, 46.53568], [26.2793, 46.73174], [26.08154, 46.82951], [25.91675, 46.90459], [25.78491, 47.22625]]]}, "properties": {"id": "architecture/barns/onesti-barns", "status": "validé", "pieces": [{"kind": "polygon", "ring": [[25.78491, 47.22625], [25.91675, 47.32311], [26.15845, 47.33055], [26.26831, 47.21133], [26.33423, 47.0245], [26.63086, 46.75432], [26.70776, 46.61872], [26.87256, 46.47522], [26.86157, 46.27823], [26.61987, 46.21747], [26.44409, 46.31616], [26.29028, 46.53568], [26.2793, 46.73174], [26.08154, 46.82951], [25.91675, 46.90459]]}]}}, {"type": "Feature", "geometry": {"type": "Polygon", "coordinates": [[[26.45508, 47.69432], [26.51001, 47.48694], [26.21338, 47.39782], [25.97168, 47.54628], [25.82886, 47.7608], [25.66904, 47.92847], [25.75252, 47.9346], [25.81835, 47.95258], [25.87096, 47.95702], [25.90124, 47.96596], [25.91809, 47.96816], [25.96573, 47.9649], [26.02929, 47.9778], [26.07585, 47.9781], [26.08154, 47.92296], [26.45508, 47.69432]]]}, "properties": {"id": "architecture/barns/suceava-barns", "status": "validé", "pieces": [{"kind": "clip"}, {"kind": "polygon", "ring": [[26.08154, 47.92296], [26.45508, 47.69432], [26.51001, 47.48694], [26.21338, 47.39782], [25.97168, 47.54628], [25.82886, 47.7608], [25.57617, 48.02589], [26.05957, 48.13594]]}]}}, {"type": "Feature", "geometry": {"type": "Polygon", "coordinates": [[[23.8623, 45.08849], [24.01611, 44.85542], [24.2688, 44.87877], [24.45557, 44.85542], [24.68628, 44.6839], [24.87305, 44.42566], [25.11475, 44.48837], [25.32349, 44.91766], [25.37842, 45.15823], [24.94995, 45.33606], [24.5874, 45.37464], [24.104, 45.25881], [23.89526, 45.1892], [23.8623, 45.08849]]]}, "properties": {"id": "architecture/barns/x-barns", "status": "validé", "pieces": [{"kind": "polygon", "ring": [[23.8623, 45.08849], [24.01611, 44.85542], [24.2688, 44.87877], [24.45557, 44.85542], [24.68628, 44.6839], [24.87305, 44.42566], [25.11475, 44.48837], [25.32349, 44.91766], [25.37842, 45.15823], [24.94995, 45.33606], [24.5874, 45.37464], [24.104, 45.25881], [23.89526, 45.1892]]}]}}, {"type": "Feature", "geometry": {"type": "Polygon", "coordinates": [[[24.02161, 47.29752], [24.01062, 47.17449], [24.09851, 47.08857], [24.21936, 47.09231], [24.35669, 47.16703], [24.53247, 47.2789], [24.79614, 47.42732], [24.71924, 47.52381], [24.5105, 47.5831], [24.29077, 47.56829], [24.08203, 47.49414], [24.02161, 47.29752]]]}, "properties": {"id": "architecture/bistrita-houses", "status": "validé", "pieces": [{"kind": "polygon", "ring": [[24.02161, 47.29752], [24.01062, 47.17449], [24.09851, 47.08857], [24.21936, 47.09231], [24.35669, 47.16703], [24.53247, 47.2789], [24.79614, 47.42732], [24.71924, 47.52381], [24.5105, 47.5831], [24.29077, 47.56829], [24.08203, 47.49414]]}]}}, {"type": "Feature", "geometry": {"type": "Polygon", "coordinates": [[[26.36719, 47.77565], [26.29028, 47.5167], [26.09253, 47.4796], [25.7959, 47.48702], [25.65308, 47.48702], [25.47729, 47.64263], [25.74097, 47.73873], [25.86182, 47.81991], [25.84353, 47.95471], [25.87096, 47.95702], [25.90124, 47.96596], [25.91809, 47.96816], [25.96573, 47.9649], [26.02929, 47.9778], [26.10253, 47.97827], [26.11045, 47.97832], [26.12549, 47.95247], [26.36719, 47.77565]]]}, "properties": {"id": "architecture/black-tiles", "status": "validé", "pieces": [{"kind": "polygon", "ring": [[26.12549, 47.95247], [26.36719, 47.77565], [26.29028, 47.5167], [26.09253, 47.4796], [25.7959, 47.48702], [25.65308, 47.48702], [25.47729, 47.64263], [25.74097, 47.73873], [25.86182, 47.81991], [25.83984, 47.98188], [26.04858, 48.08469]]}, {"kind": "clip"}]}}, {"type": "Feature", "geometry": {"type": "Polygon", "coordinates": [[[23.04932, 47.61986], [22.67578, 47.32293], [22.43408, 47.00186], [22.07153, 47.03181], [22.02759, 46.95691], [22.10449, 46.84435], [22.51099, 46.76166], [22.56592, 46.3153], [22.39014, 45.9958], [22.45605, 45.75113], [22.39014, 45.10374], [21.44387, 45.09065], [21.44379, 45.09146], [21.44244, 45.09291], [21.44999, 45.10102], [21.45857, 45.10733], [21.469, 45.11105], [21.48151, 45.11156], [21.49412, 45.11931], [21.49784, 45.13187], [21.49329, 45.1451], [21.48439, 45.1527], [21.45939, 45.17404], [21.43376, 45.18882], [21.40555, 45.19967], [21.2993, 45.22318], [21.25713, 45.22411], [21.23925, 45.22939], [21.20607, 45.24592], [21.18974, 45.25956], [21.15564, 45.29517], [21.13941, 45.3037], [21.12918, 45.30189], [21.11306, 45.28933], [21.10334, 45.28607], [21.09156, 45.28809], [21.08278, 45.29367], [21.0743, 45.30054], [21.06396, 45.30628], [21.01667, 45.32148], [20.98149, 45.33279], [20.96619, 45.34157], [20.92764, 45.37749], [20.86305, 45.41873], [20.83039, 45.45252], [20.81602, 45.46286], [20.79948, 45.46854], [20.7816, 45.47257], [20.76713, 45.47934], [20.76073, 45.49335], [20.78316, 45.50606], [20.79762, 45.5165], [20.80021, 45.5305], [20.78739, 45.55365], [20.75804, 45.58926], [20.75442, 45.60559], [20.76217, 45.6306], [20.77323, 45.64889], [20.77726, 45.65752], [20.77995, 45.67168], [20.77912, 45.72367], [20.7816, 45.73395], [20.78553, 45.74341], [20.78574, 45.75256], [20.77747, 45.76232], [20.76517, 45.76677], [20.75411, 45.76356], [20.74533, 45.75499], [20.73944, 45.74341], [20.72683, 45.73618], [20.71339, 45.73333], [20.70006, 45.7354], [20.68807, 45.7431], [20.67856, 45.75664], [20.65562, 45.77731], [20.6459, 45.78873], [20.64349, 45.79514], [20.64229, 45.79834], [20.64011, 45.8187], [20.6367, 45.82702], [20.62968, 45.83328], [20.61231, 45.84149], [20.60528, 45.84614], [20.57211, 45.88769], [20.55671, 45.89844], [20.538, 45.90371], [20.49986, 45.90666], [20.48167, 45.9127], [20.42907, 45.94671], [20.41026, 45.95559], [20.37098, 45.96779], [20.35393, 45.97668], [20.33863, 45.9928], [20.31765, 46.03859], [20.30567, 46.05357], [20.24283, 46.10809], [20.28324, 46.1438], [20.44416, 46.1469], [20.46855, 46.17413], [20.50937, 46.16767], [20.54896, 46.15615], [20.5781, 46.13755], [20.58802, 46.13284], [20.60012, 46.12964], [20.60756, 46.12949], [20.66399, 46.13775], [20.68352, 46.14468], [20.69882, 46.15646], [20.70419, 46.16633], [20.70437, 46.16853], [20.70533, 46.18064], [20.71029, 46.18809], [20.71784, 46.19], [20.72714, 46.18773], [20.73665, 46.18669], [20.74471, 46.19227], [20.74481, 46.20028], [20.73551, 46.2225], [20.73499, 46.23191], [20.73933, 46.23749], [20.7785, 46.26007], [20.78737, 46.26339], [20.79866, 46.26762], [20.81964, 46.2717], [20.83969, 46.27108], [20.84899, 46.26777], [20.86697, 46.25713], [20.87514, 46.25439], [20.88506, 46.25501], [20.89974, 46.26069], [20.90656, 46.26219], [20.92444, 46.25955], [20.96175, 46.24834], [20.98149, 46.24886], [20.99058, 46.2516], [20.99916, 46.2516], [21.00702, 46.24886], [21.01394, 46.24307], [21.03347, 46.23134], [21.05146, 46.23609], [21.09921, 46.27635], [21.10562, 46.27867], [21.13487, 46.27852], [21.14448, 46.28374], [21.15595, 46.29893], [21.16453, 46.31826], [21.16866, 46.36275], [21.17879, 46.38446], [21.19564, 46.3981], [21.21517, 46.4029], [21.25754, 46.40417], [21.2807, 46.41639], [21.27439, 46.43836], [21.24514, 46.47688], [21.24762, 46.49747], [21.26168, 46.51334], [21.27894, 46.5284], [21.29134, 46.54672], [21.29527, 46.58504], [21.30095, 46.60393], [21.31625, 46.61664], [21.33764, 46.62041], [21.37444, 46.61845], [21.39604, 46.62635], [21.41681, 46.64522], [21.42354, 46.65823], [21.42549, 46.66201], [21.43624, 46.67374], [21.46353, 46.67705], [21.48358, 46.68485], [21.50177, 46.70351], [21.50518, 46.72325], [21.4782, 46.73593], [21.47521, 46.73785], [21.47262, 46.7402], [21.47045, 46.74301], [21.47138, 46.74903], [21.47366, 46.75487], [21.47707, 46.76022], [21.48151, 46.76498], [21.5029, 46.80531], [21.51572, 46.82159], [21.5366, 46.83502], [21.57308, 46.84177], [21.58342, 46.84794], [21.59179, 46.86071], [21.59148, 46.87153], [21.58807, 46.8822], [21.58714, 46.8944], [21.58869, 46.90618], [21.58993, 46.90887], [21.59437, 46.91001], [21.64005, 46.93569], [21.64853, 46.94298], [21.66755, 46.99238], [21.67137, 46.99336], [21.67075, 46.99439], [21.66176, 47.00607], [21.65483, 47.00995], [21.64522, 47.01124], [21.63664, 47.01408], [21.63427, 47.01942], [21.63282, 47.02269], [21.67189, 47.05473], [21.69421, 47.06917], [21.74351, 47.0916], [21.76377, 47.10521], [21.77049, 47.11402], [21.77545, 47.13167], [21.77989, 47.14074], [21.7894, 47.1503], [21.81152, 47.16469], [21.81989, 47.17273], [21.82598, 47.18505], [21.82568, 47.19428], [21.8233, 47.20332], [21.82361, 47.21492], [21.82774, 47.22601], [21.83932, 47.24084], [21.84459, 47.24993], [21.85606, 47.28574], [21.86216, 47.29742], [21.90081, 47.33574], [21.919, 47.34967], [21.93699, 47.35716], [21.98153, 47.3661], [22.00158, 47.39383], [22.00024, 47.42718], [21.99145, 47.46181], [21.98887, 47.49294], [22.00789, 47.51741], [22.03745, 47.53932], [22.09956, 47.57095], [22.14855, 47.57935], [22.15418, 47.58221], [22.16209, 47.58624], [22.16736, 47.59379], [22.16761, 47.59486], [22.16912, 47.60139], [22.16984, 47.60878], [22.17284, 47.61539], [22.19764, 47.63932], [22.20074, 47.64794], [22.20415, 47.66629], [22.20787, 47.67373], [22.21521, 47.67993], [22.23216, 47.68825], [22.23981, 47.69347], [22.26172, 47.71585], [22.27309, 47.72375], [22.29159, 47.73071], [22.30937, 47.73505], [22.32208, 47.73587], [22.36828, 47.73117], [22.38264, 47.73202], [22.39587, 47.73569], [22.40734, 47.74308], [22.42367, 47.78256], [22.45437, 47.78739], [22.52848, 47.76104], [22.56299, 47.75722], [22.60123, 47.76094], [22.63772, 47.77155], [22.66697, 47.78879], [22.69167, 47.8107], [22.70386, 47.81719], [22.72423, 47.82349], [22.74583, 47.82499], [22.75182, 47.82768], [22.76029, 47.83892], [22.75833, 47.84623], [22.75327, 47.85269], [22.75285, 47.86124], [22.7636, 47.87475], [22.77962, 47.8823], [22.81972, 47.89232], [22.83605, 47.90245], [22.86117, 47.93382], [22.8776, 47.94674], [22.89786, 47.95098], [22.91584, 47.95919], [22.92421, 47.97273], [22.91574, 47.99299], [22.92411, 48.00482], [22.9393, 48.00565], [22.95708, 48.00012], [22.97248, 47.99289], [22.98819, 47.98637], [23.00442, 47.98307], [23.02033, 47.98472], [23.06312, 48.00746], [23.07655, 48.02451], [23.09898, 48.07123], [23.11862, 48.09154], [23.1251, 48.09362], [23.04932, 47.61986]]]}, "properties": {"id": "architecture/brick-edge", "status": "validé", "pieces": [{"kind": "polygon", "ring": [[21.26953, 45.08823], [22.39014, 45.10374], [22.45605, 45.75113], [22.39014, 45.9958], [22.56592, 46.3153], [22.51099, 46.76166], [22.10449, 46.84435], [22.02759, 46.95691], [22.07153, 47.03181], [22.43408, 47.00186], [22.67578, 47.32293], [23.04932, 47.61986], [23.14819, 48.23795], [19.52271, 46.39178], [19.63257, 45.45217]]}, {"kind": "clip"}]}}, {"type": "Feature", "geometry": null, "properties": {"id": "architecture/bucovian-pattern", "status": "validé", "pieces": [{"kind": "admin1", "code": "ROU-311"}]}}, {"type": "Feature", "geometry": null, "properties": {"id": "architecture/caras-severin-houses", "status": "validé", "pieces": [{"kind": "admin1", "code": "ROU-278"}]}}, {"type": "Feature", "geometry": {"type": "Polygon", "coordinates": [[[24.45557, 46.2267], [24.29077, 46.08978], [24.11499, 45.82256], [24.07104, 45.73065], [24.16992, 45.63091], [24.47754, 45.67697], [24.73022, 45.72298], [25.04883, 45.71532], [25.44434, 45.69231], [25.43335, 45.5925], [25.65308, 45.55406], [25.76294, 45.63091], [25.78491, 45.95251], [25.70801, 46.23429], [25.47729, 46.25708], [25.26855, 46.23429], [25.14771, 46.18109], [24.94995, 46.29503], [24.64233, 46.29503], [24.45557, 46.2267]]]}, "properties": {"id": "architecture/churches/fortified-churches", "status": "validé", "pieces": [{"kind": "polygon", "ring": [[24.45557, 46.2267], [24.29077, 46.08978], [24.11499, 45.82256], [24.07104, 45.73065], [24.16992, 45.63091], [24.47754, 45.67697], [24.73022, 45.72298], [25.04883, 45.71532], [25.44434, 45.69231], [25.43335, 45.5925], [25.65308, 45.55406], [25.76294, 45.63091], [25.78491, 45.95251], [25.70801, 46.23429], [25.47729, 46.25708], [25.26855, 46.23429], [25.14771, 46.18109], [24.94995, 46.29503], [24.64233, 46.29503]]}]}}, {"type": "Feature", "geometry": {"type": "Polygon", "coordinates": [[[28.02612, 44.15175], [28.66775, 44.18325], [28.66489, 44.1756], [28.67172, 44.16869], [28.65838, 44.17446], [28.64584, 44.17202], [28.63624, 44.16429], [28.63087, 44.15449], [28.63746, 44.13589], [28.65414, 44.05492], [28.67123, 44.00332], [28.67172, 43.99738], [28.66912, 43.98916], [28.66, 43.9798], [28.65496, 43.96137], [28.64088, 43.9322], [28.63771, 43.91865], [28.61378, 43.88418], [28.60939, 43.8745], [28.59352, 43.81952], [28.58766, 43.81025], [28.58448, 43.80085], [28.5892, 43.79133], [28.58481, 43.78242], [28.58253, 43.77237], [28.58188, 43.7617], [28.58302, 43.75104], [28.57838, 43.74128], [28.43457, 43.73521], [28.22125, 43.76198], [28.01481, 43.83004], [27.98101, 43.84934], [27.93585, 43.9644], [27.91207, 43.99323], [27.91207, 43.99334], [27.85647, 43.98863], [27.78733, 43.96042], [27.7217, 43.94874], [27.6839, 43.98589], [28.02612, 44.15175]]]}, "properties": {"id": "architecture/churches/islam", "status": "validé", "pieces": [{"kind": "polygon", "ring": [[27.55371, 43.9228], [28.02612, 44.15175], [28.82813, 44.19113], [28.90503, 43.48616], [27.36694, 43.61351]]}, {"kind": "clip"}]}}, {"type": "Feature", "geometry": null, "properties": {"id": "architecture/churches/maramures-churches", "status": "validé", "pieces": [{"kind": "admin1", "code": "ROU-298"}]}}, {"type": "Feature", "geometry": null, "properties": {"id": "architecture/churches/moldavian-churches", "status": "validé", "pieces": [{"kind": "admin1", "code": "ROU-311"}, {"kind": "admin1", "code": "ROU-309"}, {"kind": "admin1", "code": "ROU-312"}, {"kind": "admin1", "code": "ROU-317"}, {"kind": "admin1", "code": "ROU-315"}, {"kind": "admin1", "code": "ROU-316"}, {"kind": "admin1", "code": "ROU-308"}, {"kind": "admin1", "code": "ROU-287"}]}}, {"type": "Feature", "geometry": {"type": "MultiPolygon", "coordinates": [[[[26.40323, 45.90255], [26.38912, 45.85203], [26.38044, 45.80294], [26.38927, 45.78175], [26.3947, 45.7725], [26.39734, 45.7615], [26.39501, 45.74982], [26.37682, 45.72191], [26.37248, 45.70967], [26.37108, 45.69853], [26.36674, 45.68522], [26.35822, 45.67251], [26.34271, 45.65525], [26.3362, 45.64104], [26.3286, 45.61809], [26.31941, 45.60895], [26.30173, 45.6021], [26.28468, 45.60285], [26.27352, 45.60693], [26.25502, 45.61903], [26.24494, 45.62378], [26.23455, 45.62556], [26.22448, 45.62285], [26.21564, 45.61215], [26.21146, 45.6021], [26.20753, 45.58321], [26.20102, 45.57727], [26.18892, 45.57453], [26.13957, 45.57298], [26.10045, 45.5644], [26.07906, 45.58022], [26.04821, 45.61406], [26.02893, 45.62569], [26.01002, 45.63339], [25.99049, 45.63907], [25.98036, 45.64507], [25.96501, 45.66677], [25.94951, 45.68445], [25.91953, 45.70548], [25.89473, 45.71778], [25.80176, 45.74238], [25.7844, 45.74896], [25.76859, 45.76527], [25.7628, 45.75909], [25.7473, 45.75674], [25.73288, 45.75276], [25.71893, 45.75199], [25.70451, 45.75909], [25.69671, 45.75408], [25.68911, 45.75189], [25.67097, 45.75163], [25.66901, 45.78501], [25.63769, 45.80808], [25.56731, 45.84103], [25.5579, 45.85431], [25.55403, 45.86973], [25.55258, 45.93492], [25.5546, 45.95709], [25.56111, 45.97073], [25.56111, 45.97818], [25.55837, 45.98797], [25.57098, 46.02143], [25.56731, 46.03903], [25.55475, 46.04566], [25.53392, 46.04957], [25.5145, 46.0491], [25.50587, 46.04272], [25.49274, 46.05533], [25.45977, 46.07269], [25.45124, 46.08334], [25.44814, 46.09202], [25.4545, 46.10587], [25.42721, 46.12721], [25.38282, 46.13829], [25.36758, 46.14612], [25.35099, 46.15698], [25.33022, 46.16462], [25.31332, 46.16741], [25.29652, 46.1669], [25.24159, 46.14948], [25.18805, 46.14344], [25.10956, 46.20162], [25.05649, 46.23031], [25.0399, 46.23454], [24.99334, 46.23351], [24.97375, 46.23788], [24.95561, 46.24943], [24.87665, 46.31635], [24.87045, 46.32523], [24.87185, 46.33138], [24.87882, 46.33699], [24.90084, 46.34348], [24.91045, 46.34782], [24.91774, 46.35224], [24.926, 46.35609], [24.95003, 46.36004], [24.9615, 46.36435], [24.96724, 46.3712], [24.96755, 46.38166], [24.96026, 46.38818], [24.9362, 46.40007], [24.91699, 46.40109], [24.55444, 46.42381], [24.23584, 46.51457], [24.31274, 46.69564], [24.46655, 46.70318], [24.90601, 46.65797], [25.24107, 46.63958], [25.27218, 46.65738], [25.28071, 46.66738], [25.28273, 46.67694], [25.27993, 46.70392], [25.28288, 46.72268], [25.28877, 46.74438], [25.28939, 46.75849], [25.28614, 46.76771], [25.28164, 46.77469], [25.2605, 46.81608], [25.25482, 46.83833], [25.27079, 46.90603], [25.268, 46.96669], [25.26412, 46.98246], [25.2574, 46.99434], [25.24764, 47.00349], [25.22531, 47.01909], [25.21663, 47.03002], [25.21136, 47.03832], [25.20469, 47.07643], [25.2419, 47.06633], [25.25482, 47.06571], [25.26986, 47.06643], [25.28257, 47.07036], [25.29187, 47.07677], [25.2973, 47.08478], [25.29885, 47.09307], [25.29931, 47.10242], [25.30164, 47.11165], [25.31177, 47.12296], [25.32836, 47.13051], [25.34804, 47.13661], [25.37254, 47.14033], [25.3898, 47.13973], [25.40685, 47.13485], [25.51889, 47.0824], [25.53005, 47.07444], [25.53987, 47.06522], [25.55212, 47.05594], [25.56793, 47.04881], [25.58359, 47.04731], [25.60441, 47.04935], [25.61867, 47.05258], [25.67128, 47.0579], [25.69376, 47.05418], [25.72203, 47.0456], [25.73707, 47.03899], [25.75055, 47.02778], [25.7627, 47.01248], [25.77944, 46.98318], [25.79184, 46.9661], [25.80936, 46.94974], [25.84305, 46.9323], [25.85716, 46.92298], [25.86584, 46.91285], [25.87127, 46.89641], [25.87049, 46.8884], [25.86677, 46.8837], [25.86026, 46.88329], [25.84197, 46.88567], [25.83205, 46.8853], [25.82445, 46.88251], [25.81944, 46.87781], [25.81696, 46.8698], [25.81654, 46.85918], [25.82817, 46.69361], [25.83282, 46.68116], [25.84088, 46.67018], [25.85577, 46.65769], [25.88899, 46.63478], [25.90093, 46.63007], [25.91116, 46.6293], [25.91504, 46.63555], [25.91364, 46.64465], [25.90729, 46.66576], [25.90698, 46.67483], [25.91752, 46.67974], [25.92713, 46.68185], [26.00878, 46.66795], [26.01204, 46.59359], [26.02893, 46.54853], [26.04165, 46.53204], [26.05627, 46.51711], [26.06914, 46.49861], [26.06991, 46.48719], [26.0603, 46.48016], [26.0463, 46.4767], [26.0325, 46.46827], [26.02428, 46.45489], [26.01886, 46.42683], [26.0249, 46.41267], [26.0387, 46.40329], [26.07983, 46.39531], [26.1326, 46.39066], [26.14686, 46.38471], [26.16195, 46.37309], [26.16737, 46.36167], [26.16815, 46.35004], [26.16024, 46.32624], [26.15947, 46.31255], [26.16784, 46.30622], [26.18226, 46.30573], [26.20784, 46.31149], [26.24711, 46.32655], [26.26199, 46.32826], [26.27584, 46.32668], [26.29274, 46.3197], [26.29894, 46.31113], [26.30018, 46.30203], [26.28685, 46.27619], [26.28452, 46.2672], [26.27987, 46.22651], [26.27553, 46.2164], [26.26339, 46.19873], [26.25905, 46.18806], [26.25161, 46.15028], [26.29321, 46.16008], [26.32504, 46.17935], [26.33372, 46.18046], [26.34178, 46.17759], [26.35512, 46.16586], [26.36333, 46.16083], [26.40012, 46.14452], [26.41005, 46.13625], [26.41485, 46.12799], [26.41284, 46.12127], [26.39873, 46.11036], [26.39609, 46.10339], [26.40214, 46.09434], [26.42121, 46.08742], [26.43206, 46.08158], [26.44064, 46.07478], [26.44591, 46.06572], [26.45521, 46.04458], [26.46141, 46.03538], [26.46808, 46.02737], [26.48482, 46.02125], [26.4209, 45.95045], [26.40478, 45.91751], [26.40323, 45.90255]]], [[[23.73047, 46.33287], [23.48877, 46.37077], [23.48877, 46.49187], [23.65356, 46.55232], [23.89526, 46.49187], [23.89526, 46.38592], [23.73047, 46.33287]]]]}, "properties": {"id": "architecture/churches/szekely-church", "status": "validé", "pieces": [{"kind": "admin1", "code": "ROU-307"}, {"kind": "admin1", "code": "ROU-306"}, {"kind": "polygon", "ring": [[24.91699, 46.40109], [24.55444, 46.42381], [24.23584, 46.51457], [24.31274, 46.69564], [24.46655, 46.70318], [24.90601, 46.65797], [25.45532, 46.62781], [25.34546, 46.37837]]}, {"kind": "clip"}, {"kind": "polygon", "ring": [[23.65356, 46.55232], [23.48877, 46.49187], [23.48877, 46.37077], [23.73047, 46.33287], [23.89526, 46.38592], [23.89526, 46.49187]]}]}}, {"type": "Feature", "geometry": {"type": "Polygon", "coordinates": [[[26.2793, 47.62213], [26.16943, 47.36242], [25.67505, 47.33265], [25.40039, 47.34754], [25.25757, 47.48872], [25.1248, 47.77354], [25.21896, 47.87847], [25.26174, 47.89858], [25.75252, 47.9346], [25.81835, 47.95258], [25.87096, 47.95702], [25.90124, 47.96596], [25.91809, 47.96816], [25.96573, 47.9649], [26.02929, 47.9778], [26.10253, 47.97827], [26.12572, 47.97842], [26.16248, 47.98985], [26.2793, 47.62213]]]}, "properties": {"id": "architecture/crocodile-tiles", "status": "validé", "pieces": [{"kind": "polygon", "ring": [[25.08179, 47.86582], [25.25757, 47.48872], [25.40039, 47.34754], [25.67505, 47.33265], [26.16943, 47.36242], [26.2793, 47.62213], [26.13647, 48.0717], [24.88403, 48.02765]]}, {"kind": "clip"}]}}, {"type": "Feature", "geometry": null, "properties": {"id": "architecture/currogated-roofs", "status": "validé", "pieces": [{"kind": "admin1", "code": "ROU-298"}]}}, {"type": "Feature", "geometry": {"type": "Polygon", "coordinates": [[[24.65332, 44.05889], [24.65332, 44.49919], [24.60938, 45.02939], [25.20264, 44.92063], [25.92773, 45.07594], [26.78467, 45.26176], [27.04834, 45.63157], [26.58691, 46.39424], [26.10352, 47.36999], [25.7369, 47.93345], [25.75252, 47.9346], [25.81835, 47.95258], [25.87096, 47.95702], [25.90124, 47.96596], [25.91809, 47.96816], [25.96573, 47.9649], [26.02929, 47.9778], [26.10253, 47.97827], [26.12572, 47.97842], [26.17306, 47.99314], [26.18267, 48.00327], [26.20479, 48.03738], [26.21709, 48.04802], [26.24323, 48.06291], [26.25533, 48.07234], [26.27073, 48.0936], [26.28695, 48.12471], [26.2975, 48.15634], [26.29615, 48.179], [26.30349, 48.21205], [26.31176, 48.20972], [26.33026, 48.20851], [26.34731, 48.2121], [26.38049, 48.22321], [26.39744, 48.22621], [26.44467, 48.22773], [26.46131, 48.23039], [26.5874, 48.24936], [26.61789, 48.25897], [26.66574, 48.27421], [26.68853, 48.27483], [26.71148, 48.26132], [26.72238, 48.25977], [26.73313, 48.27075], [26.74403, 48.25558], [26.76372, 48.25274], [26.80491, 48.25827], [26.82191, 48.25253], [26.84475, 48.23331], [26.8555, 48.23783], [26.89766, 48.20897], [26.90397, 48.20145], [26.908, 48.18453], [26.91772, 48.18796], [26.92909, 48.19905], [26.93813, 48.20481], [26.95058, 48.19752], [26.95565, 48.186], [26.96309, 48.17538], [26.99761, 48.16657], [26.99761, 48.15794], [26.98624, 48.15042], [26.9666, 48.14959], [26.9666, 48.14337], [26.99399, 48.13241], [27.0127, 48.12812], [27.0251, 48.13505], [27.03368, 48.13239], [27.04277, 48.1273], [27.04804, 48.12223], [27.04796, 48.12141], [27.04742, 48.1165], [27.03688, 48.10735], [27.0343, 48.10177], [27.04174, 48.07727], [27.05921, 48.05805], [27.08318, 48.04366], [27.10933, 48.0335], [27.10933, 48.02609], [27.08897, 48.01981], [27.09001, 48.01562], [27.09145, 48.01185], [27.09336, 48.00844], [27.09579, 48.0056], [27.12148, 48.01319], [27.1346, 48.00046], [27.14375, 47.98684], [27.15718, 47.99195], [27.16876, 47.98307], [27.16979, 47.97379], [27.16287, 47.96501], [27.15098, 47.9578], [27.17196, 47.94643], [27.17827, 47.94413], [27.17827, 47.9421], [27.17827, 47.93793], [27.1607, 47.92173], [27.17155, 47.91263], [27.19419, 47.90405], [27.21238, 47.88951], [27.21155, 47.88501], [27.2132, 47.85413], [27.21238, 47.84793], [27.22281, 47.84266], [27.23491, 47.84021], [27.24581, 47.83659], [27.25341, 47.82809], [27.2192, 47.81377], [27.23108, 47.80708], [27.24488, 47.79259], [27.2562, 47.77755], [27.26085, 47.76908], [27.26467, 47.76455], [27.28245, 47.75569], [27.28751, 47.75233], [27.28811, 47.75068], [27.29113, 47.74241], [27.28958, 47.73169], [27.29506, 47.72443], [27.29506, 47.71817], [27.27201, 47.71497], [27.2811, 47.69301], [27.30405, 47.66655], [27.36916, 47.60831], [27.39707, 47.58909], [27.42838, 47.58102], [27.4294, 47.57813], [27.43134, 47.57264], [27.43582, 47.55994], [27.43898, 47.55371], [27.44027, 47.5501], [27.44006, 47.54103], [27.44213, 47.53663], [27.44606, 47.53488], [27.45691, 47.5339], [27.45949, 47.53322], [27.46673, 47.50635], [27.47313, 47.49178], [27.48368, 47.48542], [27.49256, 47.48454], [27.49752, 47.48243], [27.50145, 47.47995], [27.50724, 47.47798], [27.53298, 47.47741], [27.53453, 47.47798], [27.54817, 47.47426], [27.56315, 47.46834], [27.57587, 47.46041], [27.583, 47.45067], [27.57478, 47.44625], [27.56936, 47.43855], [27.56553, 47.42827], [27.56253, 47.41654], [27.58031, 47.406], [27.57235, 47.3752], [27.58641, 47.36876], [27.58872, 47.36739], [27.59995, 47.36073], [27.62403, 47.32143], [27.63695, 47.30667], [27.6447, 47.30399], [27.67173, 47.29985], [27.68232, 47.29525], [27.68987, 47.29089], [27.69782, 47.2875], [27.72283, 47.28332], [27.73327, 47.27562], [27.75363, 47.25143], [27.75239, 47.23893], [27.76304, 47.22632], [27.78831, 47.20428], [27.80035, 47.17697], [27.80211, 47.17635], [27.80479, 47.16849], [27.80769, 47.16247], [27.80588, 47.15823], [27.79466, 47.15583], [27.80655, 47.14462], [27.84986, 47.12852], [27.84986, 47.12172], [27.84376, 47.11439], [27.8482, 47.11142], [27.85771, 47.10932], [27.86701, 47.10464], [27.8976, 47.08142], [27.92592, 47.06876], [27.93843, 47.06106], [27.93874, 47.04664], [27.96313, 47.04338], [27.98659, 47.03323], [28.0083, 47.0263], [28.02804, 47.03297], [28.03703, 47.01646], [28.03815, 47.01548], [28.06907, 46.9885], [28.08271, 46.97153], [28.1023, 46.93512], [28.10499, 46.92018], [28.10545, 46.91768], [28.09687, 46.90262], [28.11356, 46.89476], [28.11434, 46.88339], [28.1131, 46.87143], [28.12426, 46.86164], [28.12426, 46.85419], [28.12261, 46.84227], [28.12152, 46.8343], [28.1378, 46.80624], [28.17816, 46.75865], [28.1781, 46.73984], [28.23412, 46.66242], [28.24425, 46.63537], [28.24508, 46.63145], [28.24735, 46.62083], [28.24714, 46.60716], [28.24053, 46.59638], [28.2305, 46.5839], [28.22544, 46.56956], [28.23412, 46.55313], [28.22477, 46.54874], [28.2211, 46.54119], [28.21903, 46.50373], [28.2211, 46.49577], [28.23412, 46.47807], [28.2381, 46.47559], [28.24234, 46.47652], [28.2458, 46.47551], [28.24714, 46.46719], [28.24725, 46.43619], [28.24606, 46.42786], [28.24022, 46.42027], [28.22606, 46.41536], [28.23329, 46.40177], [28.22864, 46.39611], [28.2268, 46.39555], [28.21955, 46.39334], [28.21293, 46.38869], [28.20715, 46.35815], [28.20239, 46.35392], [28.19035, 46.35107], [28.18792, 46.34379], [28.19195, 46.3235], [28.19288, 46.31123], [28.19133, 46.30777], [28.17779, 46.28705], [28.16575, 46.27883], [28.1563, 46.27537], [28.14493, 46.27294], [28.13521, 46.26932], [28.13108, 46.2624], [28.13449, 46.24534], [28.13211, 46.23992], [28.12085, 46.23785], [28.10896, 46.23413], [28.11098, 46.2256], [28.12932, 46.20467], [28.13563, 46.19884], [28.14152, 46.19196], [28.14472, 46.18323], [28.13325, 46.15997], [28.12736, 46.13533], [28.11051, 46.10149], [28.10782, 46.0961], [28.1008, 46.08199], [28.09284, 46.07838], [28.09015, 46.07337], [28.09046, 46.06799], [28.09656, 46.06504], [28.09687, 46.05967], [28.08447, 46.02458], [28.08271, 46.01471], [28.08612, 46.00055], [28.11051, 45.95043], [28.11237, 45.93921], [28.11485, 45.93322], [28.12085, 45.92629], [28.12498, 45.91839], [28.12281, 45.91079], [28.11878, 45.90314], [28.11744, 45.89524], [28.12023, 45.88785], [28.12911, 45.87513], [28.13108, 45.87136], [28.12818, 45.8664], [28.11495, 45.85973], [28.11051, 45.85431], [28.1133, 45.82537], [28.12891, 45.79503], [28.14648, 45.77116], [28.15495, 45.76181], [28.16374, 45.6615], [28.16177, 45.64543], [28.16797, 45.63246], [28.15371, 45.6275], [28.12085, 45.62771], [28.10772, 45.6244], [28.09118, 45.61598], [28.07475, 45.60487], [28.06214, 45.5936], [28.118, 45.57272], [28.14095, 45.56022], [28.15774, 45.53893], [28.16157, 45.53273], [28.16405, 45.53061], [28.16539, 45.52828], [28.16591, 45.49459], [28.17294, 45.48436], [28.1995, 45.46177], [28.21293, 45.4502], [28.21515, 45.45036], [28.23764, 45.45206], [28.26688, 45.44048], [28.28642, 45.42173], [28.2812, 45.40183], [28.31081, 45.34783], [28.33024, 45.32292], [28.35329, 45.31243], [28.37024, 45.30922], [28.40517, 45.29507], [28.49416, 45.27889], [28.57705, 45.24809], [28.71006, 45.22696], [28.74737, 45.23047], [28.77869, 45.23109], [28.7914, 45.23497], [28.80267, 45.24417], [28.77429, 45.25336], [28.76727, 45.25776], [28.76256, 45.26514], [28.75967, 45.27419], [28.76153, 45.28184], [28.79016, 45.29207], [28.78861, 45.30711], [28.78975, 45.32142], [28.81631, 45.32607], [28.83181, 45.3223], [28.85811, 45.30907], [28.88085, 45.30618], [28.89362, 45.29982], [28.91005, 45.28737], [28.92989, 45.2791], [28.95284, 45.28509], [28.95738, 45.29202], [28.96043, 45.31129], [28.96648, 45.31987], [28.97366, 45.3237], [28.98245, 45.3255], [29.00462, 45.32607], [29.01816, 45.33088], [29.06952, 45.3608], [29.1103, 45.36907], [29.1275, 45.37454], [29.14187, 45.38509], [29.15014, 45.38788], [29.17432, 45.38896], [29.17939, 45.39186], [29.18311, 45.39899], [29.19158, 45.40617], [29.20667, 45.41542], [29.22817, 45.42374], [29.2446, 45.42421], [29.26083, 45.42204], [29.28181, 45.42229], [29.29049, 45.42462], [29.29928, 45.42891], [29.30703, 45.43413], [29.31282, 45.43935], [29.32212, 45.44384], [29.33297, 45.44214], [29.34392, 45.43811], [29.35374, 45.43594], [29.43064, 45.43041], [29.5697, 45.39496], [29.61636, 45.36535], [29.62814, 45.3608], [29.65026, 45.34612], [29.66711, 45.31186], [29.67228, 45.27295], [29.65925, 45.24417], [29.66499, 45.23786], [29.66649, 45.23063], [29.66421, 45.22318], [29.65903, 45.21589], [29.65016, 45.21723], [29.62387, 45.2165], [29.62387, 45.21027], [29.63884, 45.19562], [29.64975, 45.1778], [29.667, 45.16421], [29.69956, 45.16181], [29.67652, 45.1446], [29.6644, 45.11693], [29.65626, 45.02896], [29.65073, 45.01211], [29.63754, 44.98371], [29.63494, 44.96955], [29.63364, 44.95336], [29.63087, 44.93867], [29.62387, 44.9291], [29.63038, 44.90766], [29.60515, 44.88003], [29.61785, 44.86148], [29.61118, 44.84931], [29.6032, 44.8454], [29.59376, 44.84431], [29.58351, 44.84028], [29.56935, 44.8249], [29.56178, 44.82026], [29.542, 44.82783], [29.5311, 44.82624], [29.52052, 44.8225], [29.511, 44.8205], [29.31593, 44.79877], [29.19207, 44.79287], [29.1561, 44.78441], [29.05584, 44.73517], [29.02638, 44.71467], [29.00074, 44.68891], [28.99391, 44.69636], [28.99488, 44.71113], [28.98129, 44.72944], [28.97495, 44.74494], [28.99733, 44.75161], [29.0215, 44.75471], [29.05828, 44.7683], [29.09815, 44.77538], [29.12062, 44.78657], [29.13868, 44.80402], [29.1447, 44.82665], [29.13884, 44.83918], [29.12599, 44.85248], [29.09636, 44.87507], [29.10182, 44.85912], [29.10336, 44.8513], [29.10377, 44.84028], [29.0879, 44.84272], [29.0735, 44.83543], [29.06031, 44.83234], [29.04859, 44.84715], [29.04412, 44.86555], [29.04176, 44.92569], [29.05209, 44.94465], [29.09881, 44.95698], [29.11061, 44.97004], [29.10174, 44.98029], [29.05828, 45.00096], [29.04518, 45.00483], [29.01441, 45.00483], [28.98325, 45.01227], [28.97283, 45.01097], [28.96925, 45.00585], [28.96608, 44.99657], [28.96022, 44.9877], [28.94923, 44.98371], [28.92701, 44.98261], [28.91684, 44.97968], [28.88006, 44.95478], [28.8694, 44.94335], [28.86354, 44.92231], [28.86508, 44.91657], [28.87436, 44.91157], [28.87664, 44.90485], [28.87468, 44.89912], [28.87013, 44.89643], [28.86549, 44.89468], [28.86354, 44.89155], [28.86647, 44.88264], [28.87355, 44.87499], [28.88152, 44.8697], [28.90406, 44.86274], [28.9524, 44.82665], [28.93971, 44.81688], [28.93409, 44.81419], [28.92498, 44.81306], [28.93442, 44.80752], [28.93873, 44.80622], [28.93873, 44.79877], [28.92628, 44.79295], [28.92547, 44.78368], [28.93295, 44.77351], [28.94614, 44.7652], [28.93637, 44.75995], [28.92384, 44.7578], [28.8794, 44.75658], [28.86883, 44.75357], [28.80844, 44.72687], [28.79835, 44.7202], [28.78883, 44.70624], [28.78712, 44.69331], [28.79371, 44.68789], [28.80836, 44.69636], [28.80421, 44.68423], [28.78541, 44.67967], [28.78102, 44.66527], [28.78403, 44.64924], [28.79249, 44.64472], [28.84555, 44.65156], [28.86948, 44.66181], [28.89137, 44.67719], [28.91196, 44.69636], [28.89772, 44.71678], [28.96746, 44.70099], [28.98341, 44.69261], [28.98756, 44.67528], [28.97934, 44.65534], [28.96209, 44.63939], [28.93873, 44.63426], [28.95639, 44.65111], [28.97267, 44.67023], [28.97535, 44.68684], [28.9524, 44.69636], [28.9524, 44.68891], [28.95997, 44.68195], [28.95777, 44.67878], [28.93873, 44.67524], [28.92416, 44.68207], [28.91822, 44.68268], [28.91383, 44.67992], [28.90943, 44.6752], [28.90455, 44.6684], [28.88543, 44.65811], [28.85418, 44.63435], [28.83627, 44.62743], [28.78785, 44.60961], [28.77418, 44.60077], [28.79152, 44.62385], [28.79469, 44.63426], [28.7798, 44.63581], [28.76694, 44.63373], [28.75782, 44.62678], [28.75367, 44.61376], [28.76677, 44.61376], [28.76059, 44.6037], [28.76441, 44.59589], [28.77443, 44.59016], [28.78785, 44.58649], [28.74806, 44.57779], [28.73268, 44.56786], [28.73268, 44.55231], [28.73715, 44.55707], [28.74391, 44.562], [28.74692, 44.56598], [28.76108, 44.56021], [28.77418, 44.55231], [28.76564, 44.53889], [28.75343, 44.51349], [28.74562, 44.48615], [28.75025, 44.4667], [28.75847, 44.46528], [28.76637, 44.4726], [28.77198, 44.48371], [28.77833, 44.50739], [28.7881, 44.51537], [28.80836, 44.52505], [28.83815, 44.55402], [28.85564, 44.56769], [28.87355, 44.57343], [28.89243, 44.57705], [28.90626, 44.58771], [28.91489, 44.60139], [28.92498, 44.62055], [28.91847, 44.60102], [28.90968, 44.58422], [28.844, 44.49372], [28.79672, 44.46792], [28.70655, 44.38105], [28.6963, 44.35834], [28.69313, 44.34614], [28.68019, 44.35334], [28.6644, 44.34837], [28.65122, 44.34003], [28.64088, 44.32856], [28.6351, 44.31639], [28.63234, 44.30244], [28.63103, 44.26435], [28.63527, 44.25202], [28.65122, 44.23078], [28.66521, 44.19929], [28.66814, 44.18431], [28.66489, 44.1756], [28.67172, 44.16869], [28.65838, 44.17446], [28.64584, 44.17202], [28.63624, 44.16429], [28.63087, 44.15449], [28.63746, 44.13589], [28.65414, 44.05492], [28.67123, 44.00332], [28.67172, 43.99738], [28.66912, 43.98916], [28.66, 43.9798], [28.65496, 43.96137], [28.64088, 43.9322], [28.63771, 43.91865], [28.61378, 43.88418], [28.60939, 43.8745], [28.59352, 43.81952], [28.58766, 43.81025], [28.58448, 43.80085], [28.5892, 43.79133], [28.58481, 43.78242], [28.58253, 43.77237], [28.58188, 43.7617], [28.58302, 43.75104], [28.57838, 43.74128], [28.43457, 43.73521], [28.22125, 43.76198], [28.01481, 43.83004], [27.98101, 43.84934], [27.93585, 43.9644], [27.91207, 43.99323], [27.91207, 43.99334], [27.85647, 43.98863], [27.78733, 43.96042], [27.7217, 43.94874], [27.68251, 43.98726], [27.67612, 43.99354], [27.65628, 44.02388], [27.63343, 44.02977], [27.57452, 44.01628], [27.38384, 44.01509], [27.37288, 44.02072], [27.35356, 44.04527], [27.34167, 44.05307], [27.28534, 44.07245], [27.26431, 44.08976], [27.26901, 44.1124], [27.25266, 44.12152], [27.25113, 44.12237], [27.22674, 44.12072], [27.20555, 44.12925], [27.10024, 44.14449], [27.02748, 44.17705], [27.00154, 44.16511], [26.88413, 44.15653], [26.78946, 44.11597], [26.7537, 44.10811], [26.70868, 44.10811], [26.69721, 44.10609], [26.67732, 44.09705], [26.66781, 44.09509], [26.64776, 44.09338], [26.61417, 44.08485], [26.41579, 44.06379], [26.33234, 44.05493], [26.31052, 44.05261], [26.23145, 44.0275], [26.15073, 44.01241], [26.11621, 43.99887], [26.07932, 43.96905], [26.06164, 43.94977], [26.05431, 43.93432], [25.934, 43.87032], [25.9245, 43.85862], [25.91643, 43.84438], [25.8693, 43.80089], [25.83933, 43.78844], [25.80626, 43.76366], [25.8044, 43.75991], [25.78114, 43.73201], [25.7396, 43.71894], [25.73295, 43.71878], [25.67138, 43.71736], [25.6535, 43.70813], [25.6379, 43.69728], [25.6165, 43.68775], [25.59387, 43.68067], [25.57506, 43.67739], [25.55656, 43.67036], [25.53382, 43.66868], [25.48876, 43.67054], [25.48245, 43.66971], [25.46742, 43.66775], [25.42608, 43.65439], [25.40313, 43.65005], [25.35962, 43.65429], [25.32303, 43.66971], [25.28872, 43.68896], [25.28541, 43.69039], [25.25234, 43.70465], [25.21131, 43.71188], [25.0816, 43.71894], [24.96367, 43.74961], [24.75263, 43.7388], [24.7056, 43.74377], [24.66176, 43.75566], [24.57714, 43.77861], [24.65332, 44.05889]]]}, "properties": {"id": "architecture/extended-roofs", "status": "validé", "pieces": [{"kind": "polygon", "ring": [[25.64209, 48.07917], [26.10352, 47.36999], [26.58691, 46.39424], [27.04834, 45.63157], [26.78467, 45.26176], [25.92773, 45.07594], [25.20264, 44.92063], [24.60938, 45.02939], [24.65332, 44.49919], [24.65332, 44.05889], [24.36768, 43.00802], [30.65186, 43.45608], [30.2124, 46.83177], [27.11426, 48.63376]]}, {"kind": "clip"}]}}, {"type": "Feature", "geometry": {"type": "Polygon", "coordinates": [[[23.42285, 47.22801], [23.19214, 47.19071], [22.92847, 47.08612], [22.92847, 46.87634], [22.93945, 46.74105], [23.08228, 46.72599], [23.21411, 46.76362], [23.35693, 46.81625], [23.49976, 46.85382], [23.66455, 46.92886], [23.73047, 47.1235], [23.73047, 47.16085], [23.55469, 47.15338], [23.5437, 47.26528], [23.42285, 47.22801]]]}, "properties": {"id": "architecture/fence-bench", "status": "validé", "pieces": [{"kind": "polygon", "ring": [[23.42285, 47.22801], [23.19214, 47.19071], [22.92847, 47.08612], [22.92847, 46.87634], [22.93945, 46.74105], [23.08228, 46.72599], [23.21411, 46.76362], [23.35693, 46.81625], [23.49976, 46.85382], [23.66455, 46.92886], [23.73047, 47.1235], [23.73047, 47.16085], [23.55469, 47.15338], [23.5437, 47.26528]]}]}}, {"type": "Feature", "geometry": {"type": "MultiPolygon", "coordinates": [[[[27.89429, 46.24219], [27.12524, 46.2118], [26.72974, 46.06723], [26.47705, 46.37873], [26.38916, 46.5376], [26.44409, 46.78632], [26.2793, 46.97398], [26.12549, 47.13857], [25.96069, 47.20576], [25.90576, 47.29522], [26.01562, 47.34733], [26.00464, 47.5256], [25.75316, 47.93477], [25.81835, 47.95258], [25.87096, 47.95702], [25.90124, 47.96596], [25.91809, 47.96816], [25.96573, 47.9649], [26.02929, 47.9778], [26.10253, 47.97827], [26.12572, 47.97842], [26.17306, 47.99314], [26.18267, 48.00327], [26.20479, 48.03738], [26.21709, 48.04802], [26.24323, 48.06291], [26.25533, 48.07234], [26.27073, 48.0936], [26.28695, 48.12471], [26.2975, 48.15634], [26.29615, 48.179], [26.30349, 48.21205], [26.31176, 48.20972], [26.33026, 48.20851], [26.34731, 48.2121], [26.38049, 48.22321], [26.39744, 48.22621], [26.44467, 48.22773], [26.46131, 48.23039], [26.5874, 48.24936], [26.61789, 48.25897], [26.66574, 48.27421], [26.68853, 48.27483], [26.71148, 48.26132], [26.72238, 48.25977], [26.73313, 48.27075], [26.74403, 48.25558], [26.76372, 48.25274], [26.80491, 48.25827], [26.82191, 48.25253], [26.84475, 48.23331], [26.8555, 48.23783], [26.89766, 48.20897], [26.90397, 48.20145], [26.908, 48.18453], [26.91772, 48.18796], [26.92909, 48.19905], [26.93813, 48.20481], [26.95058, 48.19752], [26.95565, 48.186], [26.96309, 48.17538], [26.99761, 48.16657], [26.99761, 48.15794], [26.98624, 48.15042], [26.9666, 48.14959], [26.9666, 48.14337], [26.99399, 48.13241], [27.0127, 48.12812], [27.0251, 48.13505], [27.03368, 48.13239], [27.04277, 48.1273], [27.04804, 48.12223], [27.04796, 48.12141], [27.04742, 48.1165], [27.03688, 48.10735], [27.0343, 48.10177], [27.04174, 48.07727], [27.05921, 48.05805], [27.08318, 48.04366], [27.10933, 48.0335], [27.10933, 48.02609], [27.08897, 48.01981], [27.09001, 48.01562], [27.09145, 48.01185], [27.09336, 48.00844], [27.09579, 48.0056], [27.12148, 48.01319], [27.1346, 48.00046], [27.14375, 47.98684], [27.15718, 47.99195], [27.16876, 47.98307], [27.16979, 47.97379], [27.16287, 47.96501], [27.15098, 47.9578], [27.17196, 47.94643], [27.17827, 47.94413], [27.17827, 47.9421], [27.17827, 47.93793], [27.1607, 47.92173], [27.17155, 47.91263], [27.19419, 47.90405], [27.21238, 47.88951], [27.21155, 47.88501], [27.2132, 47.85413], [27.21238, 47.84793], [27.22281, 47.84266], [27.23491, 47.84021], [27.24581, 47.83659], [27.25341, 47.82809], [27.2192, 47.81377], [27.23108, 47.80708], [27.24488, 47.79259], [27.2562, 47.77755], [27.26085, 47.76908], [27.26467, 47.76455], [27.28245, 47.75569], [27.28751, 47.75233], [27.28811, 47.75068], [27.29113, 47.74241], [27.28958, 47.73169], [27.29506, 47.72443], [27.29506, 47.71817], [27.27201, 47.71497], [27.2811, 47.69301], [27.30405, 47.66655], [27.36916, 47.60831], [27.39707, 47.58909], [27.42838, 47.58102], [27.4294, 47.57813], [27.43134, 47.57264], [27.43582, 47.55994], [27.43898, 47.55371], [27.44027, 47.5501], [27.44006, 47.54103], [27.44213, 47.53663], [27.44606, 47.53488], [27.45691, 47.5339], [27.45949, 47.53322], [27.46673, 47.50635], [27.47313, 47.49178], [27.48368, 47.48542], [27.49256, 47.48454], [27.49752, 47.48243], [27.50145, 47.47995], [27.50724, 47.47798], [27.53298, 47.47741], [27.53453, 47.47798], [27.54817, 47.47426], [27.56315, 47.46834], [27.57587, 47.46041], [27.583, 47.45067], [27.57478, 47.44625], [27.56936, 47.43855], [27.56553, 47.42827], [27.56253, 47.41654], [27.58031, 47.406], [27.57235, 47.3752], [27.58641, 47.36876], [27.58872, 47.36739], [27.59995, 47.36073], [27.62403, 47.32143], [27.63695, 47.30667], [27.6447, 47.30399], [27.67173, 47.29985], [27.68232, 47.29525], [27.68987, 47.29089], [27.69782, 47.2875], [27.72283, 47.28332], [27.73327, 47.27562], [27.75363, 47.25143], [27.75239, 47.23893], [27.76304, 47.22632], [27.78831, 47.20428], [27.80035, 47.17697], [27.80211, 47.17635], [27.80479, 47.16849], [27.80769, 47.16247], [27.80588, 47.15823], [27.79466, 47.15583], [27.80655, 47.14462], [27.84986, 47.12852], [27.84986, 47.12172], [27.84376, 47.11439], [27.8482, 47.11142], [27.85771, 47.10932], [27.86701, 47.10464], [27.8976, 47.08142], [27.92592, 47.06876], [27.93843, 47.06106], [27.93874, 47.04664], [27.96313, 47.04338], [27.98659, 47.03323], [28.0083, 47.0263], [28.02804, 47.03297], [28.03703, 47.01646], [28.03815, 47.01548], [28.06907, 46.9885], [28.08271, 46.97153], [28.1023, 46.93512], [28.10499, 46.92018], [28.10545, 46.91768], [28.09687, 46.90262], [28.11356, 46.89476], [28.11434, 46.88339], [28.1131, 46.87143], [28.12426, 46.86164], [28.12426, 46.85419], [28.12261, 46.84227], [28.12152, 46.8343], [28.1378, 46.80624], [28.17816, 46.75865], [28.1781, 46.73984], [28.23412, 46.66242], [28.24425, 46.63537], [28.24508, 46.63145], [28.24735, 46.62083], [28.24714, 46.60716], [28.24053, 46.59638], [28.2305, 46.5839], [28.22544, 46.56956], [28.23412, 46.55313], [28.22477, 46.54874], [28.2211, 46.54119], [28.21903, 46.50373], [28.2211, 46.49577], [28.23412, 46.47807], [28.2381, 46.47559], [28.24234, 46.47652], [28.2458, 46.47551], [28.24714, 46.46719], [28.24725, 46.43619], [28.24606, 46.42786], [28.24022, 46.42027], [28.22606, 46.41536], [28.23329, 46.40177], [28.22864, 46.39611], [28.2268, 46.39555], [28.21955, 46.39334], [28.21293, 46.38869], [28.20715, 46.35815], [28.20239, 46.35392], [28.19035, 46.35107], [28.18792, 46.34379], [28.19195, 46.3235], [28.19288, 46.31123], [28.19133, 46.30777], [28.17779, 46.28705], [28.16575, 46.27883], [28.1563, 46.27537], [28.14493, 46.27294], [28.13521, 46.26932], [28.13108, 46.2624], [28.13449, 46.24534], [28.13211, 46.23992], [28.12085, 46.23785], [28.11543, 46.23616], [27.89429, 46.24219]]], [[[23.68103, 47.95723], [23.76343, 47.891], [23.71399, 47.79518], [23.53271, 47.80256], [23.38989, 47.88363], [23.42211, 47.98432], [23.46082, 47.97134], [23.48159, 47.97216], [23.48548, 47.97423], [23.48852, 47.97586], [23.49431, 47.98054], [23.49937, 47.98622], [23.50371, 47.99289], [23.51446, 47.99898], [23.52562, 48.00118], [23.55363, 48.00458], [23.68103, 47.95723]]]]}, "properties": {"id": "architecture/fence-tops", "status": "validé", "pieces": [{"kind": "polygon", "ring": [[25.64209, 48.1155], [26.00464, 47.5256], [26.01562, 47.34733], [25.90576, 47.29522], [25.96069, 47.20576], [26.12549, 47.13857], [26.2793, 46.97398], [26.44409, 46.78632], [26.38916, 46.5376], [26.47705, 46.37873], [26.72974, 46.06723], [27.12524, 46.2118], [27.89429, 46.24219], [28.72925, 46.2194], [28.09204, 48.44437], [25.89478, 48.48078]]}, {"kind": "clip"}, {"kind": "polygon", "ring": [[23.42285, 47.98664], [23.38989, 47.88363], [23.53271, 47.80256], [23.71399, 47.79518], [23.76343, 47.891], [23.68103, 47.95723], [23.53271, 48.01236]]}]}}, {"type": "Feature", "geometry": {"type": "MultiPolygon", "coordinates": [[[[21.48926, 46.17332], [21.48926, 45.99051], [21.98364, 45.87594], [22.0166, 45.83005], [22.00562, 45.74581], [22.45605, 45.46154], [22.5, 45.18357], [23.04932, 44.91979], [23.18115, 44.61571], [22.66479, 44.3179], [22.6122, 44.31883], [22.58284, 44.32841], [22.54935, 44.34897], [22.52269, 44.37507], [22.50512, 44.40406], [22.50398, 44.41171], [22.50636, 44.42752], [22.50543, 44.43501], [22.50098, 44.44194], [22.48, 44.45579], [22.477, 44.46395], [22.47721, 44.47698], [22.47979, 44.49041], [22.48414, 44.49977], [22.49106, 44.50421], [22.50036, 44.50638], [22.5355, 44.50752], [22.54842, 44.5117], [22.55669, 44.52147], [22.55979, 44.53878], [22.56558, 44.55542], [22.58046, 44.5655], [22.6003, 44.56979], [22.62118, 44.56922], [22.64216, 44.56312], [22.67854, 44.54555], [22.70014, 44.54183], [22.71937, 44.54436], [22.74169, 44.55186], [22.75926, 44.56467], [22.76515, 44.58281], [22.71472, 44.62306], [22.70014, 44.63061], [22.62118, 44.63743], [22.58749, 44.64937], [22.55328, 44.66916], [22.48372, 44.72399], [22.46894, 44.73019], [22.45055, 44.73298], [22.42605, 44.73365], [22.41551, 44.72781], [22.38068, 44.70053], [22.36115, 44.69205], [22.3197, 44.68534], [22.30492, 44.67738], [22.29903, 44.66167], [22.18514, 44.51511], [22.17211, 44.50535], [22.14824, 44.5009], [22.12664, 44.50266], [22.10431, 44.50964], [22.08695, 44.52178], [22.07631, 44.55072], [22.06711, 44.55723], [22.05574, 44.56214], [22.0452, 44.56922], [22.03982, 44.57687], [22.03617, 44.58949], [22.03424, 44.59617], [22.03217, 44.60332], [22.00427, 44.65154], [21.99435, 44.65857], [21.96241, 44.66229], [21.87198, 44.69598], [21.85544, 44.69846], [21.83828, 44.69521], [21.8017, 44.68389], [21.75684, 44.67727], [21.70517, 44.67707], [21.65628, 44.68766], [21.61969, 44.71391], [21.61029, 44.73195], [21.60429, 44.74998], [21.59561, 44.76595], [21.57804, 44.77768], [21.55841, 44.78166], [21.49722, 44.77804], [21.41216, 44.78481], [21.39593, 44.79024], [21.37857, 44.81665], [21.36059, 44.82641], [21.3598, 44.82666], [21.34281, 44.83194], [21.34643, 44.84564], [21.35552, 44.85659], [21.36855, 44.86486], [21.39531, 44.87163], [21.4534, 44.86956], [21.48151, 44.87261], [21.52213, 44.88078], [21.53629, 44.8893], [21.53908, 44.90847], [21.53102, 44.92465], [21.51634, 44.9339], [21.48151, 44.94356], [21.4565, 44.95235], [21.40844, 44.95834], [21.38518, 44.9695], [21.38456, 44.97493], [21.38705, 44.98154], [21.38395, 44.98666], [21.36699, 44.98728], [21.35346, 44.98981], [21.35139, 44.99824], [21.35614, 45.00857], [21.36338, 45.01653], [21.3733, 45.0201], [21.39883, 45.02139], [21.40927, 45.02397], [21.42188, 45.03141], [21.42508, 45.03622], [21.4256, 45.04325], [21.42952, 45.0573], [21.43252, 45.06149], [21.441, 45.06872], [21.44379, 45.07291], [21.44441, 45.07787], [21.44441, 45.08526], [21.44379, 45.09146], [21.44244, 45.09291], [21.44999, 45.10102], [21.45857, 45.10733], [21.469, 45.11105], [21.48151, 45.11156], [21.49412, 45.11931], [21.49784, 45.13187], [21.49329, 45.1451], [21.48439, 45.1527], [21.45939, 45.17404], [21.43376, 45.18882], [21.40555, 45.19967], [21.2993, 45.22318], [21.25713, 45.22411], [21.23925, 45.22939], [21.20607, 45.24592], [21.18974, 45.25956], [21.15564, 45.29517], [21.13941, 45.3037], [21.12918, 45.30189], [21.11306, 45.28933], [21.10334, 45.28607], [21.09156, 45.28809], [21.08278, 45.29367], [21.0743, 45.30054], [21.06396, 45.30628], [21.01667, 45.32148], [20.98149, 45.33279], [20.96619, 45.34157], [20.92764, 45.37749], [20.86305, 45.41873], [20.83039, 45.45252], [20.81602, 45.46286], [20.79948, 45.46854], [20.7816, 45.47257], [20.76713, 45.47934], [20.76073, 45.49335], [20.78316, 45.50606], [20.79762, 45.5165], [20.80021, 45.5305], [20.78739, 45.55365], [20.75804, 45.58926], [20.75442, 45.60559], [20.76217, 45.6306], [20.77323, 45.64889], [20.77726, 45.65752], [20.77995, 45.67168], [20.77912, 45.72367], [20.7816, 45.73395], [20.78553, 45.74341], [20.78574, 45.75256], [20.77747, 45.76232], [20.76517, 45.76677], [20.75411, 45.76356], [20.74533, 45.75499], [20.73944, 45.74341], [20.72683, 45.73618], [20.71339, 45.73333], [20.70006, 45.7354], [20.68807, 45.7431], [20.67856, 45.75664], [20.65562, 45.77731], [20.6459, 45.78873], [20.64349, 45.79514], [20.64229, 45.79834], [20.64011, 45.8187], [20.6367, 45.82702], [20.62968, 45.83328], [20.61231, 45.84149], [20.60528, 45.84614], [20.57211, 45.88769], [20.55671, 45.89844], [20.538, 45.90371], [20.49986, 45.90666], [20.48167, 45.9127], [20.42907, 45.94671], [20.41026, 45.95559], [20.37098, 45.96779], [20.35393, 45.97668], [20.33863, 45.9928], [20.31765, 46.03859], [20.30567, 46.05357], [20.24283, 46.10809], [20.28324, 46.1438], [20.44416, 46.1469], [20.46855, 46.17413], [20.50937, 46.16767], [20.54896, 46.15615], [20.5781, 46.13755], [20.58802, 46.13284], [20.60012, 46.12964], [20.60756, 46.12949], [20.66399, 46.13775], [20.68352, 46.14468], [20.69882, 46.15646], [20.70419, 46.16633], [20.70437, 46.16853], [20.70533, 46.18064], [20.71029, 46.18809], [20.71784, 46.19], [20.72714, 46.18773], [20.73665, 46.18669], [20.74471, 46.19227], [20.74481, 46.20028], [20.73551, 46.2225], [20.73499, 46.23191], [20.73933, 46.23749], [20.7785, 46.26007], [20.78737, 46.26339], [20.79866, 46.26762], [20.81964, 46.2717], [20.83969, 46.27108], [20.84899, 46.26777], [20.86697, 46.25713], [20.87514, 46.25439], [20.88506, 46.25501], [20.89974, 46.26069], [20.90656, 46.26219], [20.92444, 46.25955], [20.96175, 46.24834], [20.98149, 46.24886], [20.99058, 46.2516], [20.99916, 46.2516], [21.00702, 46.24886], [21.01394, 46.24307], [21.03347, 46.23134], [21.05146, 46.23609], [21.09921, 46.27635], [21.10562, 46.27867], [21.13487, 46.27852], [21.14448, 46.28374], [21.15595, 46.29893], [21.16453, 46.31826], [21.16866, 46.36275], [21.17879, 46.38446], [21.19564, 46.3981], [21.21517, 46.4029], [21.25754, 46.40417], [21.2807, 46.41639], [21.27439, 46.43836], [21.24514, 46.47688], [21.24762, 46.49747], [21.26168, 46.51334], [21.27894, 46.5284], [21.29134, 46.54672], [21.29527, 46.58504], [21.30095, 46.60393], [21.31625, 46.61664], [21.33764, 46.62041], [21.37444, 46.61845], [21.39604, 46.62635], [21.41681, 46.64522], [21.42354, 46.65823], [21.42549, 46.66201], [21.43624, 46.67374], [21.46353, 46.67705], [21.48358, 46.68485], [21.50177, 46.70351], [21.50518, 46.72325], [21.4782, 46.73593], [21.47521, 46.73785], [21.47262, 46.7402], [21.47045, 46.74301], [21.47138, 46.74903], [21.47366, 46.75487], [21.47707, 46.76022], [21.48151, 46.76498], [21.49488, 46.79018], [21.63208, 46.54469], [21.48926, 46.17332]]], [[[24.20288, 47.02594], [24.45557, 47.0484], [24.53247, 46.60508], [24.90601, 46.78586], [25.03784, 46.68048], [24.73022, 46.38584], [24.81812, 46.31004], [25.01587, 46.1429], [25.19165, 46.08961], [25.03784, 45.79178], [24.84009, 45.72282], [24.5874, 45.76114], [24.44458, 45.66913], [24.21387, 45.65377], [23.98315, 45.66913], [23.75244, 45.79943], [23.76343, 45.90652], [24.20288, 46.21893], [24.0271, 46.75577], [24.20288, 47.02594]]]]}, "properties": {"id": "architecture/fishscale-tiles", "status": "validé", "pieces": [{"kind": "polygon", "ring": [[21.43433, 46.89853], [21.63208, 46.54469], [21.48926, 46.17332], [21.48926, 45.99051], [21.98364, 45.87594], [22.0166, 45.83005], [22.00562, 45.74581], [22.45605, 45.46154], [22.5, 45.18357], [23.04932, 44.91979], [23.18115, 44.61571], [22.66479, 44.3179], [21.7749, 44.33361], [19.57764, 45.99051], [20.88501, 46.88352]]}, {"kind": "clip"}, {"kind": "polygon", "ring": [[24.20288, 46.21893], [23.76343, 45.90652], [23.75244, 45.79943], [23.98315, 45.66913], [24.21387, 45.65377], [24.44458, 45.66913], [24.5874, 45.76114], [24.84009, 45.72282], [25.03784, 45.79178], [25.19165, 46.08961], [25.01587, 46.1429], [24.81812, 46.31004], [24.73022, 46.38584], [25.03784, 46.68048], [24.90601, 46.78586], [24.53247, 46.60508], [24.45557, 47.0484], [24.20288, 47.02594], [24.0271, 46.75577]]}]}}, {"type": "Feature", "geometry": {"type": "Polygon", "coordinates": [[[26.19141, 46.33238], [26.20239, 46.57449], [26.40015, 46.62731], [26.53198, 46.37786], [26.61987, 45.97484], [26.64185, 45.49963], [26.31226, 45.14444], [25.69702, 44.91937], [24.62036, 44.91937], [24.25781, 45.02037], [24.14795, 45.23731], [24.67529, 45.49193], [25.22461, 45.55348], [25.60913, 45.43801], [25.98267, 45.59192], [26.1145, 46.11966], [26.19141, 46.33238]]]}, "properties": {"id": "architecture/flaky-roof", "status": "validé", "pieces": [{"kind": "polygon", "ring": [[26.19141, 46.33238], [26.20239, 46.57449], [26.40015, 46.62731], [26.53198, 46.37786], [26.61987, 45.97484], [26.64185, 45.49963], [26.31226, 45.14444], [25.69702, 44.91937], [24.62036, 44.91937], [24.25781, 45.02037], [24.14795, 45.23731], [24.67529, 45.49193], [25.22461, 45.55348], [25.60913, 45.43801], [25.98267, 45.59192], [26.1145, 46.11966]]}]}}, {"type": "Feature", "geometry": null, "properties": {"id": "architecture/gates/covasna-gate", "status": "validé", "pieces": [{"kind": "admin1", "code": "ROU-306"}]}}, {"type": "Feature", "geometry": {"type": "Polygon", "coordinates": [[[25.05981, 47.63682], [24.85107, 47.57018], [24.32373, 47.53312], [24.14795, 47.46634], [23.88428, 47.5998], [23.80737, 47.79936], [23.84047, 47.9546], [23.84839, 47.94966], [23.85522, 47.93423], [23.87661, 47.93444], [23.97727, 47.96229], [24.0088, 47.96121], [24.02523, 47.95325], [24.07494, 47.94418], [24.09479, 47.93793], [24.13117, 47.91454], [24.14874, 47.91212], [24.15018, 47.91292], [24.2093, 47.89759], [24.23101, 47.89703], [24.29788, 47.91979], [24.34718, 47.92088], [24.38624, 47.94369], [24.40919, 47.95206], [24.42851, 47.95253], [24.48556, 47.9432], [24.5421, 47.94382], [24.56163, 47.94054], [24.56981, 47.93729], [24.60845, 47.92193], [24.63367, 47.90829], [24.64927, 47.89522], [24.65599, 47.8793], [24.65692, 47.8662], [24.66147, 47.85388], [24.67914, 47.84013], [24.71284, 47.82592], [24.79366, 47.80447], [24.80823, 47.79574], [24.82074, 47.78409], [24.85443, 47.74313], [24.87779, 47.71874], [24.8966, 47.71006], [24.92886, 47.71394], [24.94238, 47.71556], [25.01742, 47.72458], [25.0416, 47.73168], [25.05981, 47.63682]]]}, "properties": {"id": "architecture/gates/maramures-gate-modern", "status": "validé", "pieces": [{"kind": "polygon", "ring": [[23.85132, 48.0055], [23.80737, 47.79936], [23.88428, 47.5998], [24.14795, 47.46634], [24.32373, 47.53312], [24.85107, 47.57018], [25.05981, 47.63682], [25.01587, 47.86571], [24.53247, 48.24008]]}, {"kind": "clip"}]}}, {"type": "Feature", "geometry": {"type": "Polygon", "coordinates": [[[24.30176, 47.74025], [24.16992, 47.58493], [23.98315, 47.51823], [23.91724, 47.52564], [23.66455, 47.59234], [23.79639, 47.71809], [23.99414, 47.93927], [24.05518, 47.94779], [24.07494, 47.94418], [24.09479, 47.93793], [24.13117, 47.91454], [24.14874, 47.91212], [24.15018, 47.91292], [24.2093, 47.89759], [24.23101, 47.89703], [24.27006, 47.91032], [24.30176, 47.74025]]]}, "properties": {"id": "architecture/gates/maramures-gates", "status": "validé", "pieces": [{"kind": "polygon", "ring": [[23.99414, 47.93927], [23.79639, 47.71809], [23.66455, 47.59234], [23.91724, 47.52564], [23.98315, 47.51823], [24.16992, 47.58493], [24.30176, 47.74025], [24.25781, 47.97604]]}, {"kind": "clip"}]}}, {"type": "Feature", "geometry": {"type": "Polygon", "coordinates": [[[25.85083, 47.28021], [25.68604, 47.131], [25.81787, 46.96638], [25.89478, 46.74108], [26.07056, 46.62807], [26.31226, 46.44677], [26.54297, 46.34073], [26.7627, 46.24209], [26.85059, 46.33315], [26.70776, 46.62807], [26.70776, 46.7486], [27.07031, 46.77869], [27.18018, 46.89138], [27.0813, 47.08615], [26.69678, 47.13847], [26.15845, 47.36954], [25.85083, 47.28021]]]}, "properties": {"id": "architecture/gates/neamt-bucau-gate", "status": "validé", "pieces": [{"kind": "polygon", "ring": [[25.85083, 47.28021], [25.68604, 47.131], [25.81787, 46.96638], [25.89478, 46.74108], [26.07056, 46.62807], [26.31226, 46.44677], [26.54297, 46.34073], [26.7627, 46.24209], [26.85059, 46.33315], [26.70776, 46.62807], [26.70776, 46.7486], [27.07031, 46.77869], [27.18018, 46.89138], [27.0813, 47.08615], [26.69678, 47.13847], [26.15845, 47.36954]]}]}}, {"type": "Feature", "geometry": null, "properties": {"id": "architecture/gates/suceava-gate", "status": "validé", "pieces": [{"kind": "admin1", "code": "ROU-311"}]}}, {"type": "Feature", "geometry": {"type": "MultiPolygon", "coordinates": [[[[26.40323, 45.90255], [26.38912, 45.85203], [26.38044, 45.80294], [26.38927, 45.78175], [26.3947, 45.7725], [26.39734, 45.7615], [26.39501, 45.74982], [26.37682, 45.72191], [26.37248, 45.70967], [26.37108, 45.69853], [26.36674, 45.68522], [26.35822, 45.67251], [26.34271, 45.65525], [26.3362, 45.64104], [26.3286, 45.61809], [26.31941, 45.60895], [26.30173, 45.6021], [26.28468, 45.60285], [26.27352, 45.60693], [26.25502, 45.61903], [26.24494, 45.62378], [26.23455, 45.62556], [26.22448, 45.62285], [26.21564, 45.61215], [26.21146, 45.6021], [26.20753, 45.58321], [26.20102, 45.57727], [26.18892, 45.57453], [26.13957, 45.57298], [26.10045, 45.5644], [26.07906, 45.58022], [26.04821, 45.61406], [26.02893, 45.62569], [26.01002, 45.63339], [25.99049, 45.63907], [25.98036, 45.64507], [25.96501, 45.66677], [25.94951, 45.68445], [25.91953, 45.70548], [25.89473, 45.71778], [25.80176, 45.74238], [25.7844, 45.74896], [25.76859, 45.76527], [25.7628, 45.75909], [25.7473, 45.75674], [25.73288, 45.75276], [25.71893, 45.75199], [25.70451, 45.75909], [25.69671, 45.75408], [25.68911, 45.75189], [25.67097, 45.75163], [25.66901, 45.78501], [25.63769, 45.80808], [25.56731, 45.84103], [25.5579, 45.85431], [25.55403, 45.86973], [25.55258, 45.93492], [25.5546, 45.95709], [25.56111, 45.97073], [25.56111, 45.97818], [25.55837, 45.98797], [25.57098, 46.02143], [25.56731, 46.03903], [25.55475, 46.04566], [25.53392, 46.04957], [25.5145, 46.0491], [25.50587, 46.04272], [25.49274, 46.05533], [25.45977, 46.07269], [25.45124, 46.08334], [25.44814, 46.09202], [25.4545, 46.10587], [25.42721, 46.12721], [25.38282, 46.13829], [25.36758, 46.14612], [25.35099, 46.15698], [25.33022, 46.16462], [25.31332, 46.16741], [25.29652, 46.1669], [25.24159, 46.14948], [25.18805, 46.14344], [25.10956, 46.20162], [25.05649, 46.23031], [25.0399, 46.23454], [24.99334, 46.23351], [24.97375, 46.23788], [24.95561, 46.24943], [24.87665, 46.31635], [24.87045, 46.32523], [24.87185, 46.33138], [24.87882, 46.33699], [24.90084, 46.34348], [24.91045, 46.34782], [24.91298, 46.34935], [24.69727, 46.40885], [24.41162, 46.51476], [24.37866, 46.628], [24.37866, 46.75606], [24.5874, 46.73348], [24.78516, 46.67323], [25.28194, 46.67323], [25.28273, 46.67694], [25.27993, 46.70392], [25.28288, 46.72268], [25.28877, 46.74438], [25.28939, 46.75849], [25.28614, 46.76771], [25.28164, 46.77469], [25.2605, 46.81608], [25.25482, 46.83833], [25.27079, 46.90603], [25.268, 46.96669], [25.26412, 46.98246], [25.2574, 46.99434], [25.24764, 47.00349], [25.22531, 47.01909], [25.21663, 47.03002], [25.21136, 47.03832], [25.20469, 47.07643], [25.2419, 47.06633], [25.25482, 47.06571], [25.26986, 47.06643], [25.28257, 47.07036], [25.29187, 47.07677], [25.2973, 47.08478], [25.29885, 47.09307], [25.29931, 47.10242], [25.30164, 47.11165], [25.31177, 47.12296], [25.32836, 47.13051], [25.34804, 47.13661], [25.37254, 47.14033], [25.3898, 47.13973], [25.40685, 47.13485], [25.51889, 47.0824], [25.53005, 47.07444], [25.53987, 47.06522], [25.55212, 47.05594], [25.56793, 47.04881], [25.58359, 47.04731], [25.60441, 47.04935], [25.61867, 47.05258], [25.67128, 47.0579], [25.69376, 47.05418], [25.72203, 47.0456], [25.73707, 47.03899], [25.75055, 47.02778], [25.7627, 47.01248], [25.77944, 46.98318], [25.79184, 46.9661], [25.80936, 46.94974], [25.84305, 46.9323], [25.85716, 46.92298], [25.86584, 46.91285], [25.87127, 46.89641], [25.87049, 46.8884], [25.86677, 46.8837], [25.86026, 46.88329], [25.84197, 46.88567], [25.83205, 46.8853], [25.82445, 46.88251], [25.81944, 46.87781], [25.81696, 46.8698], [25.81654, 46.85918], [25.82817, 46.69361], [25.83282, 46.68116], [25.84088, 46.67018], [25.85577, 46.65769], [25.88899, 46.63478], [25.90093, 46.63007], [25.91116, 46.6293], [25.91504, 46.63555], [25.91364, 46.64465], [25.90729, 46.66576], [25.90698, 46.67483], [25.91752, 46.67974], [25.92713, 46.68185], [26.00878, 46.66795], [26.01204, 46.59359], [26.02893, 46.54853], [26.04165, 46.53204], [26.05627, 46.51711], [26.06914, 46.49861], [26.06991, 46.48719], [26.0603, 46.48016], [26.0463, 46.4767], [26.0325, 46.46827], [26.02428, 46.45489], [26.01886, 46.42683], [26.0249, 46.41267], [26.0387, 46.40329], [26.07983, 46.39531], [26.1326, 46.39066], [26.14686, 46.38471], [26.16195, 46.37309], [26.16737, 46.36167], [26.16815, 46.35004], [26.16024, 46.32624], [26.15947, 46.31255], [26.16784, 46.30622], [26.18226, 46.30573], [26.20784, 46.31149], [26.24711, 46.32655], [26.26199, 46.32826], [26.27584, 46.32668], [26.29274, 46.3197], [26.29894, 46.31113], [26.30018, 46.30203], [26.28685, 46.27619], [26.28452, 46.2672], [26.27987, 46.22651], [26.27553, 46.2164], [26.26339, 46.19873], [26.25905, 46.18806], [26.25161, 46.15028], [26.29321, 46.16008], [26.32504, 46.17935], [26.33372, 46.18046], [26.34178, 46.17759], [26.35512, 46.16586], [26.36333, 46.16083], [26.40012, 46.14452], [26.41005, 46.13625], [26.41485, 46.12799], [26.41284, 46.12127], [26.39873, 46.11036], [26.39609, 46.10339], [26.40214, 46.09434], [26.42121, 46.08742], [26.43206, 46.08158], [26.44064, 46.07478], [26.44591, 46.06572], [26.45521, 46.04458], [26.46141, 46.03538], [26.46808, 46.02737], [26.48482, 46.02125], [26.4209, 45.95045], [26.40478, 45.91751], [26.40323, 45.90255]], [[24.9615, 46.36435], [24.96724, 46.3712], [24.96755, 46.38166], [24.96342, 46.38536], [24.92701, 46.35625], [24.95003, 46.36004], [24.9615, 46.36435]]], [[[23.95569, 46.40823], [23.67554, 46.37035], [23.54919, 46.37414], [23.49976, 46.46877], [23.58765, 46.52925], [23.77441, 46.56324], [23.95569, 46.49524], [23.95569, 46.40823]]]]}, "properties": {"id": "architecture/gates/szekely-gates", "status": "validé", "pieces": [{"kind": "admin1", "code": "ROU-307"}, {"kind": "admin1", "code": "ROU-306"}, {"kind": "polygon", "ring": [[24.91699, 46.34824], [24.69727, 46.40885], [24.41162, 46.51476], [24.37866, 46.628], [24.37866, 46.75606], [24.5874, 46.73348], [24.78516, 46.67323], [25.32349, 46.67323]]}, {"kind": "clip"}, {"kind": "polygon", "ring": [[23.58765, 46.52925], [23.49976, 46.46877], [23.54919, 46.37414], [23.67554, 46.37035], [23.95569, 46.40823], [23.95569, 46.49524], [23.77441, 46.56324]]}]}}, {"type": "Feature", "geometry": {"type": "Polygon", "coordinates": [[[23.46671, 45.31548], [23.52371, 45.33785], [23.58578, 45.35258], [23.61601, 45.34586], [23.66443, 45.3454], [23.67559, 45.34323], [23.69455, 45.33568], [23.71006, 45.33351], [23.72804, 45.33294], [23.78917, 45.33788], [23.79817, 45.3376], [23.80628, 45.33522], [23.82411, 45.3255], [23.83155, 45.31744], [23.83216, 45.31587], [23.85132, 45.33028], [24.14795, 45.36116], [24.21387, 45.52297], [24.45557, 45.59217], [24.47754, 45.43056], [24.30176, 45.15244], [24.33472, 44.76389], [24.21387, 44.55298], [24.03809, 44.49034], [23.85132, 44.55298], [23.5643, 44.58822], [23.4894, 44.5503], [23.47281, 44.57462], [23.46299, 44.58524], [23.40667, 44.62474], [23.34228, 44.65645], [23.31887, 44.6642], [23.14539, 44.69965], [23.12617, 44.70657], [23.10348, 44.71768], [23.02669, 44.76931], [22.93744, 44.84163], [22.93124, 44.85272], [22.92783, 44.8639], [22.92442, 44.88537], [22.92178, 44.8947], [22.91512, 44.91173], [22.91295, 44.92116], [22.91264, 44.92992], [22.91791, 44.94677], [22.92209, 44.95529], [22.92256, 44.96423], [22.91775, 44.97299], [22.90582, 44.98175], [22.88019, 44.99276], [22.86344, 45.00402], [22.85243, 45.01348], [22.84525, 45.02201], [22.83533, 45.02836], [22.82339, 45.03255], [22.80401, 45.03459], [22.75699, 45.03084], [22.74118, 45.03307], [22.72314, 45.03989], [22.6803, 45.07942], [22.64108, 45.09239], [22.6465, 45.11358], [22.64139, 45.12169], [22.63457, 45.12753], [22.62511, 45.12965], [22.58723, 45.13107], [22.57452, 45.1343], [22.5661, 45.13885], [22.56253, 45.14686], [22.56455, 45.15693], [22.57266, 45.17076], [22.60103, 45.19771], [22.66914, 45.24047], [22.88143, 45.29494], [22.89243, 45.29649], [22.9053, 45.29171], [22.91233, 45.28504], [22.92148, 45.27987], [22.93341, 45.27672], [22.9761, 45.27481], [22.9854, 45.27207], [22.99408, 45.26726], [23.00152, 45.26184], [23.01175, 45.25915], [23.027, 45.25967], [23.09077, 45.27936], [23.11604, 45.28044], [23.13066, 45.27886], [23.16105, 45.26912], [23.1736, 45.26879], [23.18947, 45.27176], [23.24409, 45.29517], [23.26006, 45.29928], [23.30414, 45.30561], [23.33871, 45.31744], [23.35752, 45.3215], [23.38279, 45.32132], [23.39845, 45.31824], [23.4123, 45.31284], [23.43044, 45.3038], [23.43943, 45.30302], [23.44919, 45.30545], [23.46671, 45.31548]]]}, "properties": {"id": "architecture/glazed-houses", "status": "validé", "pieces": [{"kind": "admin1", "code": "ROU-123"}, {"kind": "polygon", "ring": [[23.85132, 45.33028], [24.14795, 45.36116], [24.21387, 45.52297], [24.45557, 45.59217], [24.47754, 45.43056], [24.30176, 45.15244], [24.33472, 44.76389], [24.21387, 44.55298], [24.03809, 44.49034], [23.85132, 44.55298], [23.53271, 44.59209], [23.35693, 44.95849]]}, {"kind": "clip"}]}}, {"type": "Feature", "geometry": {"type": "Polygon", "coordinates": [[[21.59148, 46.87153], [21.58807, 46.8822], [21.58714, 46.8944], [21.58869, 46.90618], [21.58993, 46.90887], [21.59437, 46.91001], [21.64005, 46.93569], [21.64853, 46.94298], [21.66755, 46.99238], [21.67137, 46.99336], [21.67075, 46.99439], [21.66176, 47.00607], [21.65483, 47.00995], [21.64522, 47.01124], [21.63664, 47.01408], [21.63427, 47.01942], [21.63282, 47.02269], [21.67189, 47.05473], [21.69421, 47.06917], [21.74351, 47.0916], [21.76377, 47.10521], [21.77049, 47.11402], [21.77545, 47.13167], [21.77989, 47.14074], [21.7894, 47.1503], [21.81152, 47.16469], [21.81989, 47.17273], [21.82598, 47.18505], [21.82568, 47.19428], [21.8233, 47.20332], [21.82361, 47.21492], [21.82774, 47.22601], [21.83932, 47.24084], [21.84459, 47.24993], [21.85606, 47.28574], [21.86216, 47.29742], [21.90081, 47.33574], [21.919, 47.34967], [21.93699, 47.35716], [21.98153, 47.3661], [22.00158, 47.39383], [22.00024, 47.42718], [21.99145, 47.46181], [21.98887, 47.49294], [22.00789, 47.51741], [22.03745, 47.53932], [22.09956, 47.57095], [22.14855, 47.57935], [22.15418, 47.58221], [22.16209, 47.58624], [22.16736, 47.59379], [22.16761, 47.59486], [22.16912, 47.60139], [22.16984, 47.60878], [22.17284, 47.61539], [22.19764, 47.63932], [22.20074, 47.64794], [22.20415, 47.66629], [22.20787, 47.67373], [22.21521, 47.67993], [22.23216, 47.68825], [22.23981, 47.69347], [22.26172, 47.71585], [22.27309, 47.72375], [22.29159, 47.73071], [22.30937, 47.73505], [22.32208, 47.73587], [22.36828, 47.73117], [22.38264, 47.73202], [22.39587, 47.73569], [22.40734, 47.74308], [22.42367, 47.78256], [22.45437, 47.78739], [22.52848, 47.76104], [22.56299, 47.75722], [22.60123, 47.76094], [22.63772, 47.77155], [22.66697, 47.78879], [22.69167, 47.8107], [22.70386, 47.81719], [22.72423, 47.82349], [22.74583, 47.82499], [22.75182, 47.82768], [22.76029, 47.83892], [22.75833, 47.84623], [22.75327, 47.85269], [22.75285, 47.86124], [22.7636, 47.87475], [22.77962, 47.8823], [22.81972, 47.89232], [22.83605, 47.90245], [22.86117, 47.93382], [22.8776, 47.94674], [22.89786, 47.95098], [22.91584, 47.95919], [22.92421, 47.97273], [22.91574, 47.99299], [22.92411, 48.00482], [22.9393, 48.00565], [22.95708, 48.00012], [22.97248, 47.99289], [22.98819, 47.98637], [23.00442, 47.98307], [23.02033, 47.98472], [23.06312, 48.00746], [23.07655, 48.02451], [23.09898, 48.07123], [23.11862, 48.09154], [23.13908, 48.09813], [23.16172, 48.0959], [23.23138, 48.07973], [23.24864, 48.07123], [23.28977, 48.03821], [23.33752, 48.01087], [23.36005, 47.99314], [23.36729, 47.99121], [23.37473, 47.99056], [23.38217, 47.99113], [23.39013, 47.99307], [23.39157, 47.99345], [23.39302, 47.99358], [23.39447, 47.99345], [23.39602, 47.99307], [23.46082, 47.97134], [23.48159, 47.97216], [23.48548, 47.97423], [23.50196, 47.93423], [23.54945, 47.88902], [23.55968, 47.88142], [23.57348, 47.87387], [23.60701, 47.85941], [23.62035, 47.85046], [23.63001, 47.83809], [23.62918, 47.82695], [23.62066, 47.8162], [23.47917, 47.74303], [23.45446, 47.73507], [23.43183, 47.73197], [23.41447, 47.73259], [23.39767, 47.73574], [23.38186, 47.74091], [23.3429, 47.74892], [23.27184, 47.74923], [23.25556, 47.74453], [23.24409, 47.73616], [23.23954, 47.72225], [23.24099, 47.71368], [23.24735, 47.70675], [23.25882, 47.70195], [23.32677, 47.68918], [23.34259, 47.68334], [23.35334, 47.67575], [23.36093, 47.66784], [23.36326, 47.65451], [23.35954, 47.64257], [23.34693, 47.62335], [23.34057, 47.61079], [23.32367, 47.58526], [23.30181, 47.56751], [23.28393, 47.55002], [23.26797, 47.53808], [23.24967, 47.53077], [23.23272, 47.53077], [23.21722, 47.53534], [23.17174, 47.55539], [23.16043, 47.56283], [23.14353, 47.57699], [23.13531, 47.58074], [23.12658, 47.58071], [23.11681, 47.57648], [23.05785, 47.52614], [23.04979, 47.51643], [23.04421, 47.50568], [23.04033, 47.49516], [23.03615, 47.48671], [23.03087, 47.47953], [23.02297, 47.47274], [23.0133, 47.46682], [22.97672, 47.45023], [22.96881, 47.4445], [22.96602, 47.43793], [22.96757, 47.43049], [22.98168, 47.42269], [22.99842, 47.41625], [23.09046, 47.40429], [23.14058, 47.41695], [23.24533, 47.41643], [23.27184, 47.41315], [23.29174, 47.40848], [23.3322, 47.39406], [23.4571, 47.36517], [23.47994, 47.36264], [23.63352, 47.36744], [23.65698, 47.36458], [23.67001, 47.35923], [23.67249, 47.35153], [23.67822, 47.34357], [23.68706, 47.33556], [23.70742, 47.32928], [23.71905, 47.32445], [23.72835, 47.31871], [23.73626, 47.31256], [23.74964, 47.3067], [23.76204, 47.30486], [23.77662, 47.30533], [23.78762, 47.30763], [23.81294, 47.31652], [23.84147, 47.33324], [24.00751, 47.3246], [23.9982, 47.29598], [23.98766, 47.28445], [23.97464, 47.27412], [23.94219, 47.25572], [23.9363, 47.24572], [23.93599, 47.23381], [23.94002, 47.22316], [23.95071, 47.16774], [23.95537, 47.15557], [23.96234, 47.1456], [23.97309, 47.13743], [23.9858, 47.13237], [24.04275, 47.1217], [24.05779, 47.11547], [24.07856, 47.10175], [24.08947, 47.09694], [24.11241, 47.08963], [24.12698, 47.08232], [24.14083, 47.06788], [24.14517, 47.05573], [24.14378, 47.0431], [24.13892, 47.03064], [24.13613, 47.01791], [24.13572, 47.00307], [24.14362, 46.99643], [24.16114, 46.98778], [24.16316, 46.98158], [24.16083, 46.97434], [24.15943, 46.96654], [24.16083, 46.95496], [24.16781, 46.94654], [24.1799, 46.94011], [24.21499, 46.92685], [24.23359, 46.9128], [24.23871, 46.89926], [24.23669, 46.88334], [24.23111, 46.86903], [24.22475, 46.82789], [24.21871, 46.81559], [24.19685, 46.78453], [24.27938, 46.75684], [24.34562, 46.74536], [24.36754, 46.74451], [24.3835, 46.7466], [24.42898, 46.75942], [24.46448, 46.76283], [24.48376, 46.76727], [24.49786, 46.77358], [24.50314, 46.78156], [24.50624, 46.79187], [24.50794, 46.80231], [24.51089, 46.81311], [24.51709, 46.82166], [24.53605, 46.83781], [24.54225, 46.84505], [24.55156, 46.86365], [24.56117, 46.87585], [24.58199, 46.89453], [24.60649, 46.90791], [24.62447, 46.91362], [24.63672, 46.91481], [24.64809, 46.91336], [24.66033, 46.90969], [24.68979, 46.89688], [24.70612, 46.89197], [24.7241, 46.89014], [24.73573, 46.89404], [24.74286, 46.9021], [24.75067, 46.93026], [24.75635, 46.94414], [24.76431, 46.95667], [24.78942, 46.98251], [24.79454, 46.98974], [24.80834, 47.01465], [24.81598, 47.02178], [24.86652, 47.05212], [24.89898, 47.06695], [24.92569, 47.07315], [24.99148, 47.08193], [25.06858, 47.10296], [25.15891, 47.09144], [25.1683, 47.08836], [25.16968, 47.10107], [25.35645, 47.16084], [25.66406, 47.08612], [25.67505, 46.89885], [25.67505, 46.73352], [25.28033, 46.70647], [25.27993, 46.70392], [25.28273, 46.67694], [25.28071, 46.66738], [25.27218, 46.65738], [25.22934, 46.63286], [25.21493, 46.62155], [25.1786, 46.58367], [25.16604, 46.57411], [25.14945, 46.56646], [25.10677, 46.55419], [25.09374, 46.54822], [25.03478, 46.50595], [25.02667, 46.49647], [25.02264, 46.48548], [25.01783, 46.44794], [25.01287, 46.43967], [25.00218, 46.43301], [24.93996, 46.41526], [24.93251, 46.40872], [24.93267, 46.40182], [24.96026, 46.38818], [24.96755, 46.38166], [24.96724, 46.3712], [24.9615, 46.36435], [24.95003, 46.36004], [24.926, 46.35609], [24.91774, 46.35224], [24.91045, 46.34782], [24.90084, 46.34348], [24.87882, 46.33699], [24.87185, 46.33138], [24.87045, 46.32523], [24.87665, 46.31635], [24.95561, 46.24943], [24.97375, 46.23788], [24.99334, 46.23351], [25.0399, 46.23454], [25.05649, 46.23031], [25.10956, 46.20162], [25.18805, 46.14344], [25.13808, 46.13553], [25.04625, 46.13266], [25.03148, 46.12987], [25.01783, 46.12414], [24.99551, 46.1115], [24.98574, 46.10339], [24.97918, 46.09285], [24.97577, 46.08447], [24.98187, 46.0636], [24.93422, 46.08259], [24.92368, 46.08923], [24.90781, 46.09657], [24.89448, 46.10091], [24.87231, 46.10266], [24.85877, 46.10179], [24.84559, 46.09954], [24.83707, 46.09721], [24.82591, 46.09543], [24.79485, 46.09419], [24.78725, 46.09235], [24.7764, 46.08582], [24.76865, 46.08339], [24.74534, 46.08303], [24.73403, 46.08044], [24.72131, 46.08049], [24.70736, 46.08499], [24.68995, 46.10024], [24.67956, 46.12261], [24.67367, 46.14824], [24.66902, 46.20555], [24.6622, 46.23237], [24.66297, 46.24198], [24.66793, 46.2501], [24.67491, 46.25697], [24.67754, 46.26271], [24.67382, 46.26581], [24.66468, 46.26643], [24.64545, 46.25981], [24.63098, 46.25713], [24.61191, 46.25836], [24.58551, 46.26436], [24.57264, 46.26379], [24.56039, 46.25836], [24.5528, 46.25268], [24.54582, 46.24617], [24.53342, 46.24198], [24.51368, 46.241], [24.44371, 46.24421], [24.41249, 46.23958], [24.3956, 46.23516], [24.37622, 46.23224], [24.35761, 46.23366], [24.30263, 46.24968], [24.26589, 46.24462], [24.19184, 46.24415], [24.17587, 46.2518], [24.16889, 46.25728], [24.1613, 46.26622], [24.15323, 46.29777], [24.14331, 46.31286], [24.12249, 46.32462], [24.06724, 46.34071], [24.05732, 46.34541], [24.02647, 46.36901], [24.02161, 46.37655], [24.02678, 46.38836], [24.03484, 46.39536], [24.04725, 46.40337], [24.05484, 46.41153], [24.05903, 46.42024], [24.05748, 46.42724], [24.05329, 46.43241], [24.04151, 46.44099], [24.02678, 46.44828], [23.99541, 46.44967], [23.98782, 46.44223], [23.97107, 46.4366], [23.958, 46.43665], [23.89594, 46.45045], [23.87563, 46.4522], [23.83914, 46.44595], [23.82395, 46.44476], [23.77894, 46.44554], [23.76918, 46.44368], [23.7498, 46.43763], [23.73796, 46.4358], [23.69109, 46.43556], [23.68008, 46.43329], [23.67404, 46.42885], [23.67357, 46.42239], [23.67605, 46.41593], [23.67791, 46.40916], [23.6759, 46.40368], [23.66939, 46.40037], [23.65497, 46.40089], [23.63869, 46.40461], [23.61818, 46.4143], [23.61073, 46.42425], [23.60919, 46.43285], [23.61446, 46.44083], [23.62267, 46.4491], [23.63011, 46.45908], [23.63001, 46.46698], [23.62391, 46.47251], [23.61275, 46.4753], [23.58019, 46.47318], [23.56169, 46.47375], [23.54014, 46.47675], [23.49079, 46.49055], [23.43509, 46.51905], [23.42051, 46.52429], [23.40372, 46.52708], [23.30321, 46.51393], [23.26703, 46.49468], [23.25727, 46.48801], [23.24797, 46.48417], [23.23489, 46.48285], [23.21799, 46.48448], [23.17236, 46.49458], [23.15392, 46.49437], [23.1443, 46.49189], [23.10317, 46.47468], [23.09557, 46.46931], [23.08503, 46.45835], [23.07728, 46.4553], [23.07025, 46.45629], [23.06328, 46.46326], [23.06157, 46.46988], [23.05971, 46.48171], [23.05506, 46.48716], [23.04653, 46.49259], [23.03413, 46.49894], [23.02529, 46.50496], [23.01971, 46.51127], [23.01067, 46.52502], [22.99672, 46.53101], [22.97393, 46.53576], [22.833, 46.53819], [22.80277, 46.5569], [22.78758, 46.56336], [22.77807, 46.56558], [22.76505, 46.56698], [22.75311, 46.56698], [22.73978, 46.56543], [22.7281, 46.56067], [22.71554, 46.55039], [22.70252, 46.53215], [22.69198, 46.50646], [22.68686, 46.483], [22.6881, 46.42197], [22.70671, 46.36875], [22.66495, 46.36652], [22.61762, 46.36926], [22.54129, 46.38058], [22.45065, 46.38187], [22.43515, 46.38451], [22.42027, 46.39022], [22.4091, 46.40161], [22.40445, 46.41164], [22.40151, 46.42037], [22.39293, 46.42691], [22.318, 46.44662], [22.27051, 46.47489], [22.25438, 46.47998], [22.22906, 46.48548], [22.20937, 46.49491], [22.19434, 46.5075], [22.18224, 46.52403], [22.16286, 46.56025], [21.90674, 46.40889], [21.70898, 46.19646], [20.93994, 45.84568], [20.66941, 45.76488], [20.65562, 45.77731], [20.6459, 45.78873], [20.64349, 45.79514], [20.64229, 45.79834], [20.64011, 45.8187], [20.6367, 45.82702], [20.62968, 45.83328], [20.61231, 45.84149], [20.60528, 45.84614], [20.57211, 45.88769], [20.55671, 45.89844], [20.538, 45.90371], [20.49986, 45.90666], [20.48167, 45.9127], [20.42907, 45.94671], [20.41026, 45.95559], [20.37098, 45.96779], [20.35393, 45.97668], [20.33863, 45.9928], [20.31765, 46.03859], [20.30567, 46.05357], [20.24283, 46.10809], [20.28324, 46.1438], [20.44416, 46.1469], [20.46855, 46.17413], [20.50937, 46.16767], [20.54896, 46.15615], [20.5781, 46.13755], [20.58802, 46.13284], [20.60012, 46.12964], [20.60756, 46.12949], [20.66399, 46.13775], [20.68352, 46.14468], [20.69882, 46.15646], [20.70419, 46.16633], [20.70437, 46.16853], [20.70533, 46.18064], [20.71029, 46.18809], [20.71784, 46.19], [20.72714, 46.18773], [20.73665, 46.18669], [20.74471, 46.19227], [20.74481, 46.20028], [20.73551, 46.2225], [20.73499, 46.23191], [20.73933, 46.23749], [20.7785, 46.26007], [20.78737, 46.26339], [20.79866, 46.26762], [20.81964, 46.2717], [20.83969, 46.27108], [20.84899, 46.26777], [20.86697, 46.25713], [20.87514, 46.25439], [20.88506, 46.25501], [20.89974, 46.26069], [20.90656, 46.26219], [20.92444, 46.25955], [20.96175, 46.24834], [20.98149, 46.24886], [20.99058, 46.2516], [20.99916, 46.2516], [21.00702, 46.24886], [21.01394, 46.24307], [21.03347, 46.23134], [21.05146, 46.23609], [21.09921, 46.27635], [21.10562, 46.27867], [21.13487, 46.27852], [21.14448, 46.28374], [21.15595, 46.29893], [21.16453, 46.31826], [21.16866, 46.36275], [21.17879, 46.38446], [21.19564, 46.3981], [21.21517, 46.4029], [21.25754, 46.40417], [21.2807, 46.41639], [21.27439, 46.43836], [21.24514, 46.47688], [21.24762, 46.49747], [21.26168, 46.51334], [21.27894, 46.5284], [21.29134, 46.54672], [21.29527, 46.58504], [21.30095, 46.60393], [21.31625, 46.61664], [21.33764, 46.62041], [21.37444, 46.61845], [21.39604, 46.62635], [21.41681, 46.64522], [21.42354, 46.65823], [21.42549, 46.66201], [21.43624, 46.67374], [21.46353, 46.67705], [21.48358, 46.68485], [21.50177, 46.70351], [21.50518, 46.72325], [21.4782, 46.73593], [21.47521, 46.73785], [21.47262, 46.7402], [21.47045, 46.74301], [21.47138, 46.74903], [21.47366, 46.75487], [21.47707, 46.76022], [21.48151, 46.76498], [21.5029, 46.80531], [21.51572, 46.82159], [21.5366, 46.83502], [21.57308, 46.84177], [21.58342, 46.84794], [21.59179, 46.86071], [21.59167, 46.86482], [21.59148, 46.87153]]]}, "properties": {"id": "architecture/indented-roof", "status": "validé", "pieces": [{"kind": "admin1", "code": "ROU-277"}, {"kind": "admin1", "code": "ROU-301"}, {"kind": "admin1", "code": "ROU-296"}, {"kind": "admin1", "code": "ROU-300"}, {"kind": "admin1", "code": "ROU-299"}, {"kind": "polygon", "ring": [[20.63232, 45.75381], [20.93994, 45.84568], [21.70898, 46.19646], [21.90674, 46.40889], [22.45605, 46.73352], [20.87402, 46.97384], [19.34692, 46.06708]]}, {"kind": "clip"}, {"kind": "polygon", "ring": [[25.16968, 47.10107], [25.35645, 47.16084], [25.66406, 47.08612], [25.67505, 46.89885], [25.67505, 46.73352], [25.12573, 46.69587]]}]}}, {"type": "Feature", "geometry": {"type": "Polygon", "coordinates": [[[28.58643, 44.83714], [28.83362, 45.06253], [29.24011, 45.12068], [29.37195, 44.97715], [29.3335, 44.9033], [29.09729, 44.94218], [29.09425, 44.95578], [29.09881, 44.95698], [29.11061, 44.97004], [29.10174, 44.98029], [29.08724, 44.98719], [29.08081, 45.01597], [29.06153, 44.99941], [29.05828, 45.00096], [29.04518, 45.00483], [29.01441, 45.00483], [28.98325, 45.01227], [28.97283, 45.01097], [28.96925, 45.00585], [28.96608, 44.99657], [28.96022, 44.9877], [28.94923, 44.98371], [28.92701, 44.98261], [28.91684, 44.97968], [28.88006, 44.95478], [28.8694, 44.94335], [28.86354, 44.92231], [28.86508, 44.91657], [28.87436, 44.91157], [28.87664, 44.90485], [28.87468, 44.89912], [28.87013, 44.89643], [28.86549, 44.89468], [28.86354, 44.89155], [28.86647, 44.88264], [28.87355, 44.87499], [28.88152, 44.8697], [28.90406, 44.86274], [28.92992, 44.84343], [28.93206, 44.81394], [28.92498, 44.81306], [28.93244, 44.80868], [28.93334, 44.79625], [28.92628, 44.79295], [28.92547, 44.78368], [28.93295, 44.77351], [28.93508, 44.77217], [28.93597, 44.75989], [28.92384, 44.7578], [28.8794, 44.75658], [28.86883, 44.75357], [28.80844, 44.72687], [28.79835, 44.7202], [28.78883, 44.70624], [28.78712, 44.69331], [28.79371, 44.68789], [28.80836, 44.69636], [28.80421, 44.68423], [28.78541, 44.67967], [28.7843, 44.67604], [28.70178, 44.64604], [28.58643, 44.83714]]]}, "properties": {"id": "architecture/lipovan-houses", "status": "validé", "pieces": [{"kind": "polygon", "ring": [[28.70178, 44.64604], [28.58643, 44.83714], [28.83362, 45.06253], [29.24011, 45.12068], [29.37195, 44.97715], [29.3335, 44.9033], [29.09729, 44.94218], [29.08081, 45.01597], [28.927, 44.88385], [28.93799, 44.73192]]}, {"kind": "clip"}]}}, {"type": "Feature", "geometry": {"type": "Polygon", "coordinates": [[[24.25781, 47.79985], [24.0271, 47.54102], [23.55469, 47.48466], [23.302, 47.45497], [22.97241, 47.47353], [22.97791, 47.50321], [23.19763, 47.63288], [23.39539, 47.78437], [23.59314, 47.98322], [23.61417, 47.99907], [23.64613, 47.99661], [23.68727, 47.98725], [23.71052, 47.98508], [23.78008, 47.98751], [23.79651, 47.98198], [23.84839, 47.94966], [23.85522, 47.93423], [23.87661, 47.93444], [23.97727, 47.96229], [24.0088, 47.96121], [24.02523, 47.95325], [24.07494, 47.94418], [24.09479, 47.93793], [24.13117, 47.91454], [24.14874, 47.91212], [24.15018, 47.91292], [24.2093, 47.89759], [24.23101, 47.89703], [24.27831, 47.91313], [24.25781, 47.79985]]]}, "properties": {"id": "architecture/maramures-gable", "status": "validé", "pieces": [{"kind": "polygon", "ring": [[23.59314, 47.98322], [23.39539, 47.78437], [23.19763, 47.63288], [22.97791, 47.50321], [22.97241, 47.47353], [23.302, 47.45497], [23.55469, 47.48466], [24.0271, 47.54102], [24.25781, 47.79985], [24.30176, 48.04271], [23.73047, 48.08674]]}, {"kind": "clip"}]}}, {"type": "Feature", "geometry": {"type": "Polygon", "coordinates": [[[25.02686, 47.64466], [24.79614, 47.60765], [24.37866, 47.66685], [24.03809, 47.52615], [23.80737, 47.45194], [23.59863, 47.47421], [23.53271, 47.60025], [23.69751, 47.66685], [23.85681, 47.85069], [23.78644, 47.98537], [23.79651, 47.98198], [23.84839, 47.94966], [23.85522, 47.93423], [23.87661, 47.93444], [23.97727, 47.96229], [24.0088, 47.96121], [24.02523, 47.95325], [24.07494, 47.94418], [24.09479, 47.93793], [24.13117, 47.91454], [24.14874, 47.91212], [24.15018, 47.91292], [24.2093, 47.89759], [24.23101, 47.89703], [24.29788, 47.91979], [24.34718, 47.92088], [24.38624, 47.94369], [24.40919, 47.95206], [24.42851, 47.95253], [24.48556, 47.9432], [24.5421, 47.94382], [24.56163, 47.94054], [24.56981, 47.93729], [24.60845, 47.92193], [24.63367, 47.90829], [24.64927, 47.89522], [24.65599, 47.8793], [24.65692, 47.8662], [24.66147, 47.85388], [24.67914, 47.84013], [24.71284, 47.82592], [24.79366, 47.80447], [24.80823, 47.79574], [24.82074, 47.78409], [24.85443, 47.74313], [24.87779, 47.71874], [24.8966, 47.71006], [24.92886, 47.71394], [24.94238, 47.71556], [24.98971, 47.72125], [25.02686, 47.64466]]]}, "properties": {"id": "architecture/maramures-wood-houses", "status": "validé", "pieces": [{"kind": "polygon", "ring": [[23.77991, 47.99788], [23.85681, 47.85069], [23.69751, 47.66685], [23.53271, 47.60025], [23.59863, 47.47421], [23.80737, 47.45194], [24.03809, 47.52615], [24.37866, 47.66685], [24.79614, 47.60765], [25.02686, 47.64466], [24.87305, 47.96184], [24.14795, 48.16733]]}, {"kind": "clip"}]}}, {"type": "Feature", "geometry": {"type": "Polygon", "coordinates": [[[27.42188, 45.43307], [26.80664, 45.58699], [26.93848, 46.10716], [26.82861, 46.44115], [26.32324, 46.93832], [26.0376, 47.56447], [25.60602, 47.92384], [25.75252, 47.9346], [25.81835, 47.95258], [25.87096, 47.95702], [25.90124, 47.96596], [25.91809, 47.96816], [25.96573, 47.9649], [26.02929, 47.9778], [26.10253, 47.97827], [26.12572, 47.97842], [26.17306, 47.99314], [26.18267, 48.00327], [26.20479, 48.03738], [26.21709, 48.04802], [26.24323, 48.06291], [26.25533, 48.07234], [26.27073, 48.0936], [26.28695, 48.12471], [26.2975, 48.15634], [26.29615, 48.179], [26.30349, 48.21205], [26.31176, 48.20972], [26.33026, 48.20851], [26.34731, 48.2121], [26.38049, 48.22321], [26.39744, 48.22621], [26.44467, 48.22773], [26.46131, 48.23039], [26.5874, 48.24936], [26.61789, 48.25897], [26.66574, 48.27421], [26.68853, 48.27483], [26.71148, 48.26132], [26.72238, 48.25977], [26.73313, 48.27075], [26.74403, 48.25558], [26.76372, 48.25274], [26.80491, 48.25827], [26.82191, 48.25253], [26.84475, 48.23331], [26.8555, 48.23783], [26.89766, 48.20897], [26.90397, 48.20145], [26.908, 48.18453], [26.91772, 48.18796], [26.92909, 48.19905], [26.93813, 48.20481], [26.95058, 48.19752], [26.95565, 48.186], [26.96309, 48.17538], [26.99761, 48.16657], [26.99761, 48.15794], [26.98624, 48.15042], [26.9666, 48.14959], [26.9666, 48.14337], [26.99399, 48.13241], [27.0127, 48.12812], [27.0251, 48.13505], [27.03368, 48.13239], [27.04277, 48.1273], [27.04804, 48.12223], [27.04796, 48.12141], [27.04742, 48.1165], [27.03688, 48.10735], [27.0343, 48.10177], [27.04174, 48.07727], [27.05921, 48.05805], [27.08318, 48.04366], [27.10933, 48.0335], [27.10933, 48.02609], [27.08897, 48.01981], [27.09001, 48.01562], [27.09145, 48.01185], [27.09336, 48.00844], [27.09579, 48.0056], [27.12148, 48.01319], [27.1346, 48.00046], [27.14375, 47.98684], [27.15718, 47.99195], [27.16876, 47.98307], [27.16979, 47.97379], [27.16287, 47.96501], [27.15098, 47.9578], [27.17196, 47.94643], [27.17827, 47.94413], [27.17827, 47.9421], [27.17827, 47.93793], [27.1607, 47.92173], [27.17155, 47.91263], [27.19419, 47.90405], [27.21238, 47.88951], [27.21155, 47.88501], [27.2132, 47.85413], [27.21238, 47.84793], [27.22281, 47.84266], [27.23491, 47.84021], [27.24581, 47.83659], [27.25341, 47.82809], [27.2192, 47.81377], [27.23108, 47.80708], [27.24488, 47.79259], [27.2562, 47.77755], [27.26085, 47.76908], [27.26467, 47.76455], [27.28245, 47.75569], [27.28751, 47.75233], [27.28811, 47.75068], [27.29113, 47.74241], [27.28958, 47.73169], [27.29506, 47.72443], [27.29506, 47.71817], [27.27201, 47.71497], [27.2811, 47.69301], [27.30405, 47.66655], [27.36916, 47.60831], [27.39707, 47.58909], [27.42838, 47.58102], [27.4294, 47.57813], [27.43134, 47.57264], [27.43582, 47.55994], [27.43898, 47.55371], [27.44027, 47.5501], [27.44006, 47.54103], [27.44213, 47.53663], [27.44606, 47.53488], [27.45691, 47.5339], [27.45949, 47.53322], [27.46673, 47.50635], [27.47313, 47.49178], [27.48368, 47.48542], [27.49256, 47.48454], [27.49752, 47.48243], [27.50145, 47.47995], [27.50724, 47.47798], [27.53298, 47.47741], [27.53453, 47.47798], [27.54817, 47.47426], [27.56315, 47.46834], [27.57587, 47.46041], [27.583, 47.45067], [27.57478, 47.44625], [27.56936, 47.43855], [27.56553, 47.42827], [27.56253, 47.41654], [27.58031, 47.406], [27.57235, 47.3752], [27.58641, 47.36876], [27.58872, 47.36739], [27.59995, 47.36073], [27.62403, 47.32143], [27.63695, 47.30667], [27.6447, 47.30399], [27.67173, 47.29985], [27.68232, 47.29525], [27.68987, 47.29089], [27.69782, 47.2875], [27.72283, 47.28332], [27.73327, 47.27562], [27.75363, 47.25143], [27.75239, 47.23893], [27.76304, 47.22632], [27.78831, 47.20428], [27.80035, 47.17697], [27.80211, 47.17635], [27.80479, 47.16849], [27.80769, 47.16247], [27.80588, 47.15823], [27.79466, 47.15583], [27.80655, 47.14462], [27.84986, 47.12852], [27.84986, 47.12172], [27.84376, 47.11439], [27.8482, 47.11142], [27.85771, 47.10932], [27.86701, 47.10464], [27.8976, 47.08142], [27.92592, 47.06876], [27.93843, 47.06106], [27.93874, 47.04664], [27.96313, 47.04338], [27.98659, 47.03323], [28.0083, 47.0263], [28.02804, 47.03297], [28.03703, 47.01646], [28.03815, 47.01548], [28.06907, 46.9885], [28.08271, 46.97153], [28.1023, 46.93512], [28.10499, 46.92018], [28.10545, 46.91768], [28.09687, 46.90262], [28.11356, 46.89476], [28.11434, 46.88339], [28.1131, 46.87143], [28.12426, 46.86164], [28.12426, 46.85419], [28.12261, 46.84227], [28.12152, 46.8343], [28.1378, 46.80624], [28.17816, 46.75865], [28.1781, 46.73984], [28.23412, 46.66242], [28.24425, 46.63537], [28.24508, 46.63145], [28.24735, 46.62083], [28.24714, 46.60716], [28.24053, 46.59638], [28.2305, 46.5839], [28.22544, 46.56956], [28.23412, 46.55313], [28.22477, 46.54874], [28.2211, 46.54119], [28.21903, 46.50373], [28.2211, 46.49577], [28.23412, 46.47807], [28.2381, 46.47559], [28.24234, 46.47652], [28.2458, 46.47551], [28.24714, 46.46719], [28.24725, 46.43619], [28.24606, 46.42786], [28.24022, 46.42027], [28.22606, 46.41536], [28.23329, 46.40177], [28.22864, 46.39611], [28.2268, 46.39555], [28.21955, 46.39334], [28.21293, 46.38869], [28.20715, 46.35815], [28.20239, 46.35392], [28.19035, 46.35107], [28.18792, 46.34379], [28.19195, 46.3235], [28.19288, 46.31123], [28.19133, 46.30777], [28.17779, 46.28705], [28.16575, 46.27883], [28.1563, 46.27537], [28.14493, 46.27294], [28.13521, 46.26932], [28.13108, 46.2624], [28.13449, 46.24534], [28.13211, 46.23992], [28.12085, 46.23785], [28.10896, 46.23413], [28.11098, 46.2256], [28.12932, 46.20467], [28.13563, 46.19884], [28.14152, 46.19196], [28.14472, 46.18323], [28.13325, 46.15997], [28.12736, 46.13533], [28.11051, 46.10149], [28.10782, 46.0961], [28.1008, 46.08199], [28.09284, 46.07838], [28.09015, 46.07337], [28.09046, 46.06799], [28.09656, 46.06504], [28.09687, 46.05967], [28.08447, 46.02458], [28.08271, 46.01471], [28.08612, 46.00055], [28.11051, 45.95043], [28.11237, 45.93921], [28.11485, 45.93322], [28.12085, 45.92629], [28.12498, 45.91839], [28.12281, 45.91079], [28.11878, 45.90314], [28.11744, 45.89524], [28.12023, 45.88785], [28.12911, 45.87513], [28.13108, 45.87136], [28.12818, 45.8664], [28.11495, 45.85973], [28.11051, 45.85431], [28.1133, 45.82537], [28.12891, 45.79503], [28.14648, 45.77116], [28.15495, 45.76181], [28.16374, 45.6615], [28.16177, 45.64543], [28.16797, 45.63246], [28.15371, 45.6275], [28.12085, 45.62771], [28.10772, 45.6244], [28.09118, 45.61598], [28.07475, 45.60487], [28.06214, 45.5936], [28.118, 45.57272], [28.14095, 45.56022], [28.15774, 45.53893], [28.16157, 45.53273], [28.16405, 45.53061], [28.16539, 45.52828], [28.16591, 45.49459], [28.17294, 45.48436], [28.1995, 45.46177], [28.21293, 45.4502], [28.21515, 45.45036], [28.23764, 45.45206], [28.26688, 45.44048], [28.28642, 45.42173], [28.2812, 45.40183], [28.28787, 45.38966], [27.42188, 45.43307]]]}, "properties": {"id": "architecture/metal-ornamentation", "status": "validé", "pieces": [{"kind": "polygon", "ring": [[25.48828, 48.02188], [26.0376, 47.56447], [26.32324, 46.93832], [26.82861, 46.44115], [26.93848, 46.10716], [26.80664, 45.58699], [27.42188, 45.43307], [28.34473, 45.38681], [29.17969, 47.6829], [26.74072, 48.80906]]}, {"kind": "clip"}]}}, {"type": "Feature", "geometry": {"type": "Polygon", "coordinates": [[[26.18591, 47.2686], [26.43311, 46.92165], [26.61987, 46.92165], [26.66382, 46.92165], [26.54297, 47.16113], [26.33423, 47.35492], [26.18591, 47.2686]]]}, "properties": {"id": "architecture/neamt-hat-roof", "status": "validé", "pieces": [{"kind": "polygon", "ring": [[26.18591, 47.2686], [26.43311, 46.92165], [26.61987, 46.92165], [26.66382, 46.92165], [26.54297, 47.16113], [26.33423, 47.35492]]}]}}, {"type": "Feature", "geometry": {"type": "Polygon", "coordinates": [[[25.51025, 46.0974], [25.35645, 46.21151], [25.21362, 46.31021], [25.26855, 46.46171], [25.37842, 46.46171], [25.65308, 46.32538], [26.05957, 46.13546], [26.12549, 46.02882], [25.94971, 45.73832], [25.60913, 45.51561], [25.32349, 45.46171], [25.04883, 45.60019], [24.96094, 45.69232], [25.51025, 46.0974]]]}, "properties": {"id": "architecture/pointy-tiles", "status": "validé", "pieces": [{"kind": "polygon", "ring": [[25.51025, 46.0974], [25.35645, 46.21151], [25.21362, 46.31021], [25.26855, 46.46171], [25.37842, 46.46171], [25.65308, 46.32538], [26.05957, 46.13546], [26.12549, 46.02882], [25.94971, 45.73832], [25.60913, 45.51561], [25.32349, 45.46171], [25.04883, 45.60019], [24.96094, 45.69232]]}]}}, {"type": "Feature", "geometry": null, "properties": {"id": "architecture/roma-kastello", "status": "rejeté", "pieces": []}}, {"type": "Feature", "geometry": {"type": "MultiPolygon", "coordinates": [[[[21.42334, 45.54713], [21.2915, 45.40853], [21.15355, 45.29627], [21.13941, 45.3037], [21.12918, 45.30189], [21.11306, 45.28933], [21.10334, 45.28607], [21.09156, 45.28809], [21.08278, 45.29367], [21.0743, 45.30054], [21.06396, 45.30628], [21.01667, 45.32148], [20.98149, 45.33279], [20.96619, 45.34157], [20.92764, 45.37749], [20.86305, 45.41873], [20.83039, 45.45252], [20.81602, 45.46286], [20.79948, 45.46854], [20.7816, 45.47257], [20.76713, 45.47934], [20.76073, 45.49335], [20.78316, 45.50606], [20.79762, 45.5165], [20.80021, 45.5305], [20.78739, 45.55365], [20.75804, 45.58926], [20.75442, 45.60559], [20.76217, 45.6306], [20.77323, 45.64889], [20.77726, 45.65752], [20.77995, 45.67168], [20.77957, 45.69581], [21.18164, 45.80801], [21.18164, 45.70074], [21.42334, 45.54713]]], [[[23.45581, 46.1286], [23.44482, 46.50783], [23.74146, 46.46246], [23.9502, 46.43219], [24.0271, 46.50027], [24.18091, 46.50783], [24.33472, 46.38676], [24.2688, 46.26542], [24.03809, 46.03719], [23.81836, 45.97617], [23.67554, 45.85392], [23.34595, 45.84627], [23.29102, 45.9838], [23.51074, 46.06006], [23.45581, 46.1286]]], [[[23.29102, 46.7341], [22.99438, 46.77924], [23.03833, 46.87692], [23.26904, 46.92944], [23.32397, 46.83186], [23.29102, 46.7341]]], [[[22.64282, 47.63716], [22.36816, 47.48153], [22.19238, 47.62235], [22.19238, 47.63424], [22.19764, 47.63932], [22.20074, 47.64794], [22.20415, 47.66629], [22.20787, 47.67373], [22.21521, 47.67993], [22.23216, 47.68825], [22.23981, 47.69347], [22.26172, 47.71585], [22.27309, 47.72375], [22.29159, 47.73071], [22.30937, 47.73505], [22.32208, 47.73587], [22.36828, 47.73117], [22.38264, 47.73202], [22.39587, 47.73569], [22.40734, 47.74308], [22.42367, 47.78256], [22.45437, 47.78739], [22.52848, 47.76104], [22.56299, 47.75722], [22.60123, 47.76094], [22.63772, 47.77155], [22.65065, 47.77917], [22.64282, 47.63716]]]]}, "properties": {"id": "architecture/roof-shoulders", "status": "validé", "pieces": [{"kind": "polygon", "ring": [[22.19238, 47.62235], [22.36816, 47.48153], [22.64282, 47.63716], [22.65381, 47.83657], [22.19238, 47.92495]]}, {"kind": "clip"}, {"kind": "polygon", "ring": [[23.03833, 46.87692], [22.99438, 46.77924], [23.29102, 46.7341], [23.32397, 46.83186], [23.26904, 46.92944]]}, {"kind": "polygon", "ring": [[23.34595, 45.84627], [23.67554, 45.85392], [23.81836, 45.97617], [24.03809, 46.03719], [24.2688, 46.26542], [24.33472, 46.38676], [24.18091, 46.50783], [24.0271, 46.50027], [23.9502, 46.43219], [23.74146, 46.46246], [23.44482, 46.50783], [23.45581, 46.1286], [23.51074, 46.06006], [23.29102, 45.9838]]}, {"kind": "polygon", "ring": [[20.68726, 45.67005], [21.18164, 45.80801], [21.18164, 45.70074], [21.42334, 45.54713], [21.2915, 45.40853], [21.08276, 45.23866], [20.51147, 45.39311]]}]}}, {"type": "Feature", "geometry": {"type": "Polygon", "coordinates": [[[24.42261, 46.51557], [24.48853, 46.78695], [24.68628, 46.91462], [24.80713, 47.00457], [24.84009, 46.93712], [24.79614, 46.78695], [24.80713, 46.68157], [24.7522, 46.55334], [24.67529, 46.41723], [24.42261, 46.51557]]]}, "properties": {"id": "architecture/rounded-corners", "status": "validé", "pieces": [{"kind": "polygon", "ring": [[24.42261, 46.51557], [24.48853, 46.78695], [24.68628, 46.91462], [24.80713, 47.00457], [24.84009, 46.93712], [24.79614, 46.78695], [24.80713, 46.68157], [24.7522, 46.55334], [24.67529, 46.41723]]}]}}, {"type": "Feature", "geometry": {"type": "MultiPolygon", "coordinates": [[[[23.12622, 45.19167], [23.59863, 45.19941], [23.88428, 45.10647], [24.36768, 44.90459], [24.65332, 44.59262], [24.86206, 44.2711], [24.99114, 43.74246], [24.96367, 43.74961], [24.75263, 43.7388], [24.7056, 43.74377], [24.66176, 43.75566], [24.50014, 43.7995], [24.46634, 43.80242], [24.4312, 43.79418], [24.37549, 43.76387], [24.35823, 43.76002], [24.3367, 43.75925], [24.15938, 43.75294], [24.14961, 43.75472], [23.79992, 43.81846], [23.74287, 43.8427], [23.72075, 43.84583], [23.63611, 43.83216], [23.62085, 43.83401], [23.5927, 43.83743], [23.48469, 43.8806], [23.32515, 43.88659], [23.23448, 43.8773], [23.19696, 43.86275], [23.16192, 43.85732], [23.13185, 43.84795], [23.05255, 43.84282], [22.91956, 43.83423], [22.88876, 43.83952], [22.86344, 43.85541], [22.85104, 43.87435], [22.85052, 43.89699], [22.87471, 43.97205], [22.88587, 43.99453], [22.90582, 44.00398], [22.92649, 44.00615], [22.96628, 44.01556], [22.98809, 44.01768], [23.02302, 44.03163], [23.04007, 44.06233], [23.03098, 44.09307], [23.00831, 44.10045], [22.98809, 44.10703], [22.94261, 44.11147], [22.90644, 44.12289], [22.69164, 44.22843], [22.69074, 44.22888], [22.68536, 44.24366], [22.6895, 44.29172], [22.68154, 44.30531], [22.66252, 44.31166], [22.62118, 44.3159], [22.58284, 44.32841], [22.54935, 44.34897], [22.52269, 44.37507], [22.50512, 44.40406], [22.50398, 44.41171], [22.50636, 44.42752], [22.50543, 44.43501], [22.50098, 44.44194], [22.48, 44.45579], [22.477, 44.46395], [22.47721, 44.47698], [22.47979, 44.49041], [22.48414, 44.49977], [22.49106, 44.50421], [22.50036, 44.50638], [22.5355, 44.50752], [22.54842, 44.5117], [22.55669, 44.52147], [22.55979, 44.53878], [22.56558, 44.55542], [22.58046, 44.5655], [22.6003, 44.56979], [22.62118, 44.56922], [22.64216, 44.56312], [22.67854, 44.54555], [22.70014, 44.54183], [22.71937, 44.54436], [22.74169, 44.55186], [22.75926, 44.56467], [22.76515, 44.58281], [22.71472, 44.62306], [22.70014, 44.63061], [22.62118, 44.63743], [22.5878, 44.64926], [22.89551, 45.09872], [23.12622, 45.19167]]], [[[26.07056, 44.75662], [26.66382, 44.95124], [27.01538, 45.1607], [26.98242, 45.90687], [26.80664, 46.18128], [26.42212, 46.86135], [26.34521, 47.09362], [26.02661, 47.19073], [26.02661, 47.33233], [26.2793, 47.57737], [26.40015, 47.82128], [26.26025, 48.07914], [26.27073, 48.0936], [26.28695, 48.12471], [26.2975, 48.15634], [26.29615, 48.179], [26.30349, 48.21205], [26.31176, 48.20972], [26.33026, 48.20851], [26.34731, 48.2121], [26.38049, 48.22321], [26.39744, 48.22621], [26.44467, 48.22773], [26.46131, 48.23039], [26.5874, 48.24936], [26.61789, 48.25897], [26.66574, 48.27421], [26.68853, 48.27483], [26.71148, 48.26132], [26.72238, 48.25977], [26.73313, 48.27075], [26.74403, 48.25558], [26.76372, 48.25274], [26.80491, 48.25827], [26.82191, 48.25253], [26.84475, 48.23331], [26.8555, 48.23783], [26.89766, 48.20897], [26.90397, 48.20145], [26.908, 48.18453], [26.91772, 48.18796], [26.92909, 48.19905], [26.93813, 48.20481], [26.95058, 48.19752], [26.95565, 48.186], [26.96309, 48.17538], [26.99761, 48.16657], [26.99761, 48.15794], [26.98624, 48.15042], [26.9666, 48.14959], [26.9666, 48.14337], [26.99399, 48.13241], [27.0127, 48.12812], [27.0251, 48.13505], [27.03368, 48.13239], [27.04277, 48.1273], [27.04804, 48.12223], [27.04796, 48.12141], [27.04742, 48.1165], [27.03688, 48.10735], [27.0343, 48.10177], [27.04174, 48.07727], [27.05921, 48.05805], [27.08318, 48.04366], [27.10933, 48.0335], [27.10933, 48.02609], [27.08897, 48.01981], [27.09001, 48.01562], [27.09145, 48.01185], [27.09336, 48.00844], [27.09579, 48.0056], [27.12148, 48.01319], [27.1346, 48.00046], [27.14375, 47.98684], [27.15718, 47.99195], [27.16876, 47.98307], [27.16979, 47.97379], [27.16287, 47.96501], [27.15098, 47.9578], [27.17196, 47.94643], [27.17827, 47.94413], [27.17827, 47.9421], [27.17827, 47.93793], [27.1607, 47.92173], [27.17155, 47.91263], [27.19419, 47.90405], [27.21238, 47.88951], [27.21155, 47.88501], [27.2132, 47.85413], [27.21238, 47.84793], [27.22281, 47.84266], [27.23491, 47.84021], [27.24581, 47.83659], [27.25341, 47.82809], [27.2192, 47.81377], [27.23108, 47.80708], [27.24488, 47.79259], [27.2562, 47.77755], [27.26085, 47.76908], [27.26467, 47.76455], [27.28245, 47.75569], [27.28751, 47.75233], [27.28811, 47.75068], [27.29113, 47.74241], [27.28958, 47.73169], [27.29506, 47.72443], [27.29506, 47.71817], [27.27201, 47.71497], [27.2811, 47.69301], [27.30405, 47.66655], [27.36916, 47.60831], [27.39707, 47.58909], [27.42838, 47.58102], [27.4294, 47.57813], [27.43134, 47.57264], [27.43582, 47.55994], [27.43898, 47.55371], [27.44027, 47.5501], [27.44006, 47.54103], [27.44213, 47.53663], [27.44606, 47.53488], [27.45691, 47.5339], [27.45949, 47.53322], [27.46673, 47.50635], [27.47313, 47.49178], [27.48368, 47.48542], [27.49256, 47.48454], [27.49752, 47.48243], [27.50145, 47.47995], [27.50724, 47.47798], [27.53298, 47.47741], [27.53453, 47.47798], [27.54817, 47.47426], [27.56315, 47.46834], [27.57587, 47.46041], [27.583, 47.45067], [27.57478, 47.44625], [27.56936, 47.43855], [27.56553, 47.42827], [27.56253, 47.41654], [27.58031, 47.406], [27.57235, 47.3752], [27.58641, 47.36876], [27.58872, 47.36739], [27.59995, 47.36073], [27.62403, 47.32143], [27.63695, 47.30667], [27.6447, 47.30399], [27.67173, 47.29985], [27.68232, 47.29525], [27.68987, 47.29089], [27.69782, 47.2875], [27.72283, 47.28332], [27.73327, 47.27562], [27.75363, 47.25143], [27.75239, 47.23893], [27.76304, 47.22632], [27.78831, 47.20428], [27.80035, 47.17697], [27.80211, 47.17635], [27.80479, 47.16849], [27.80769, 47.16247], [27.80588, 47.15823], [27.79466, 47.15583], [27.80655, 47.14462], [27.84986, 47.12852], [27.84986, 47.12172], [27.84376, 47.11439], [27.8482, 47.11142], [27.85771, 47.10932], [27.86701, 47.10464], [27.8976, 47.08142], [27.92592, 47.06876], [27.93843, 47.06106], [27.93874, 47.04664], [27.96313, 47.04338], [27.98659, 47.03323], [28.0083, 47.0263], [28.02804, 47.03297], [28.03703, 47.01646], [28.03815, 47.01548], [28.06907, 46.9885], [28.08271, 46.97153], [28.1023, 46.93512], [28.10499, 46.92018], [28.10545, 46.91768], [28.09687, 46.90262], [28.11356, 46.89476], [28.11434, 46.88339], [28.1131, 46.87143], [28.12426, 46.86164], [28.12426, 46.85419], [28.12261, 46.84227], [28.12152, 46.8343], [28.1378, 46.80624], [28.17816, 46.75865], [28.1781, 46.73984], [28.23412, 46.66242], [28.24425, 46.63537], [28.24508, 46.63145], [28.24735, 46.62083], [28.24714, 46.60716], [28.24053, 46.59638], [28.2305, 46.5839], [28.22544, 46.56956], [28.23412, 46.55313], [28.22477, 46.54874], [28.2211, 46.54119], [28.21903, 46.50373], [28.2211, 46.49577], [28.23412, 46.47807], [28.2381, 46.47559], [28.24234, 46.47652], [28.2458, 46.47551], [28.24714, 46.46719], [28.24725, 46.43619], [28.24606, 46.42786], [28.24022, 46.42027], [28.22606, 46.41536], [28.23329, 46.40177], [28.22864, 46.39611], [28.2268, 46.39555], [28.21955, 46.39334], [28.21293, 46.38869], [28.20715, 46.35815], [28.20239, 46.35392], [28.19035, 46.35107], [28.18792, 46.34379], [28.19195, 46.3235], [28.19288, 46.31123], [28.19133, 46.30777], [28.17779, 46.28705], [28.16575, 46.27883], [28.1563, 46.27537], [28.14493, 46.27294], [28.13521, 46.26932], [28.13108, 46.2624], [28.13449, 46.24534], [28.13211, 46.23992], [28.12085, 46.23785], [28.10896, 46.23413], [28.11098, 46.2256], [28.12932, 46.20467], [28.13563, 46.19884], [28.14152, 46.19196], [28.14472, 46.18323], [28.13325, 46.15997], [28.12736, 46.13533], [28.11051, 46.10149], [28.10782, 46.0961], [28.1008, 46.08199], [28.09284, 46.07838], [28.09015, 46.07337], [28.09046, 46.06799], [28.09656, 46.06504], [28.09687, 46.05967], [28.08447, 46.02458], [28.08271, 46.01471], [28.08612, 46.00055], [28.11051, 45.95043], [28.11237, 45.93921], [28.11485, 45.93322], [28.12085, 45.92629], [28.12498, 45.91839], [28.12281, 45.91079], [28.11878, 45.90314], [28.11744, 45.89524], [28.12023, 45.88785], [28.12911, 45.87513], [28.13108, 45.87136], [28.12818, 45.8664], [28.11495, 45.85973], [28.11051, 45.85431], [28.1133, 45.82537], [28.12891, 45.79503], [28.14648, 45.77116], [28.15495, 45.76181], [28.16374, 45.6615], [28.16177, 45.64543], [28.16797, 45.63246], [28.15371, 45.6275], [28.12085, 45.62771], [28.10772, 45.6244], [28.09118, 45.61598], [28.07475, 45.60487], [28.06214, 45.5936], [28.118, 45.57272], [28.14095, 45.56022], [28.15774, 45.53893], [28.16157, 45.53273], [28.16405, 45.53061], [28.16539, 45.52828], [28.16591, 45.49459], [28.17294, 45.48436], [28.1995, 45.46177], [28.21293, 45.4502], [28.21515, 45.45036], [28.23764, 45.45206], [28.26688, 45.44048], [28.28642, 45.42173], [28.2812, 45.40183], [28.31081, 45.34783], [28.33024, 45.32292], [28.35329, 45.31243], [28.37024, 45.30922], [28.40517, 45.29507], [28.49416, 45.27889], [28.57705, 45.24809], [28.71006, 45.22696], [28.74737, 45.23047], [28.77869, 45.23109], [28.7914, 45.23497], [28.80267, 45.24417], [28.77429, 45.25336], [28.76727, 45.25776], [28.76256, 45.26514], [28.75967, 45.27419], [28.76153, 45.28184], [28.79016, 45.29207], [28.78861, 45.30711], [28.78975, 45.32142], [28.81631, 45.32607], [28.83181, 45.3223], [28.85811, 45.30907], [28.88085, 45.30618], [28.89362, 45.29982], [28.91005, 45.28737], [28.92989, 45.2791], [28.95284, 45.28509], [28.95738, 45.29202], [28.96043, 45.31129], [28.96648, 45.31987], [28.97366, 45.3237], [28.98245, 45.3255], [29.00462, 45.32607], [29.01816, 45.33088], [29.06952, 45.3608], [29.1103, 45.36907], [29.1275, 45.37454], [29.14187, 45.38509], [29.15014, 45.38788], [29.17432, 45.38896], [29.17939, 45.39186], [29.18311, 45.39899], [29.19158, 45.40617], [29.20667, 45.41542], [29.22817, 45.42374], [29.2446, 45.42421], [29.26083, 45.42204], [29.28181, 45.42229], [29.29049, 45.42462], [29.29928, 45.42891], [29.30703, 45.43413], [29.31282, 45.43935], [29.32212, 45.44384], [29.33297, 45.44214], [29.34392, 45.43811], [29.35374, 45.43594], [29.43064, 45.43041], [29.5697, 45.39496], [29.61636, 45.36535], [29.62814, 45.3608], [29.65026, 45.34612], [29.66711, 45.31186], [29.67228, 45.27295], [29.65925, 45.24417], [29.66499, 45.23786], [29.66649, 45.23063], [29.66421, 45.22318], [29.65903, 45.21589], [29.65016, 45.21723], [29.62387, 45.2165], [29.62387, 45.21027], [29.63884, 45.19562], [29.64975, 45.1778], [29.667, 45.16421], [29.69956, 45.16181], [29.67652, 45.1446], [29.6644, 45.11693], [29.65626, 45.02896], [29.65073, 45.01211], [29.63754, 44.98371], [29.63494, 44.96955], [29.63364, 44.95336], [29.63087, 44.93867], [29.62387, 44.9291], [29.63038, 44.90766], [29.60515, 44.88003], [29.61785, 44.86148], [29.61118, 44.84931], [29.6032, 44.8454], [29.59376, 44.84431], [29.58351, 44.84028], [29.56935, 44.8249], [29.56178, 44.82026], [29.542, 44.82783], [29.5311, 44.82624], [29.52052, 44.8225], [29.511, 44.8205], [29.31593, 44.79877], [29.19207, 44.79287], [29.1561, 44.78441], [29.05584, 44.73517], [29.02638, 44.71467], [29.00074, 44.68891], [28.99391, 44.69636], [28.99488, 44.71113], [28.98129, 44.72944], [28.97495, 44.74494], [28.99733, 44.75161], [29.0215, 44.75471], [29.05828, 44.7683], [29.09815, 44.77538], [29.12062, 44.78657], [29.13868, 44.80402], [29.1447, 44.82665], [29.13884, 44.83918], [29.12599, 44.85248], [29.09636, 44.87507], [29.10182, 44.85912], [29.10336, 44.8513], [29.10377, 44.84028], [29.0879, 44.84272], [29.0735, 44.83543], [29.06031, 44.83234], [29.04859, 44.84715], [29.04412, 44.86555], [29.04176, 44.92569], [29.05209, 44.94465], [29.09881, 44.95698], [29.11061, 44.97004], [29.10174, 44.98029], [29.05828, 45.00096], [29.04518, 45.00483], [29.01441, 45.00483], [28.98325, 45.01227], [28.97283, 45.01097], [28.96925, 45.00585], [28.96608, 44.99657], [28.96022, 44.9877], [28.94923, 44.98371], [28.92701, 44.98261], [28.91684, 44.97968], [28.88006, 44.95478], [28.8694, 44.94335], [28.86354, 44.92231], [28.86508, 44.91657], [28.87436, 44.91157], [28.87664, 44.90485], [28.87468, 44.89912], [28.87013, 44.89643], [28.86549, 44.89468], [28.86354, 44.89155], [28.86647, 44.88264], [28.87355, 44.87499], [28.88152, 44.8697], [28.90406, 44.86274], [28.9524, 44.82665], [28.93971, 44.81688], [28.93409, 44.81419], [28.92498, 44.81306], [28.93442, 44.80752], [28.93873, 44.80622], [28.93873, 44.79877], [28.92628, 44.79295], [28.92547, 44.78368], [28.93295, 44.77351], [28.94614, 44.7652], [28.93637, 44.75995], [28.92384, 44.7578], [28.8794, 44.75658], [28.86883, 44.75357], [28.80844, 44.72687], [28.79835, 44.7202], [28.78883, 44.70624], [28.78712, 44.69331], [28.79371, 44.68789], [28.80836, 44.69636], [28.80421, 44.68423], [28.78541, 44.67967], [28.78102, 44.66527], [28.78403, 44.64924], [28.79249, 44.64472], [28.84555, 44.65156], [28.86948, 44.66181], [28.89137, 44.67719], [28.91196, 44.69636], [28.89772, 44.71678], [28.96746, 44.70099], [28.98341, 44.69261], [28.98756, 44.67528], [28.97934, 44.65534], [28.96209, 44.63939], [28.93873, 44.63426], [28.95639, 44.65111], [28.97267, 44.67023], [28.97535, 44.68684], [28.9524, 44.69636], [28.9524, 44.68891], [28.95997, 44.68195], [28.95777, 44.67878], [28.93873, 44.67524], [28.92416, 44.68207], [28.91822, 44.68268], [28.91383, 44.67992], [28.90943, 44.6752], [28.90455, 44.6684], [28.88543, 44.65811], [28.85418, 44.63435], [28.83627, 44.62743], [28.78785, 44.60961], [28.77418, 44.60077], [28.79152, 44.62385], [28.79469, 44.63426], [28.7798, 44.63581], [28.76694, 44.63373], [28.75782, 44.62678], [28.75367, 44.61376], [28.76677, 44.61376], [28.76059, 44.6037], [28.76441, 44.59589], [28.77443, 44.59016], [28.78785, 44.58649], [28.74806, 44.57779], [28.73268, 44.56786], [28.73268, 44.55231], [28.73715, 44.55707], [28.74391, 44.562], [28.74692, 44.56598], [28.76108, 44.56021], [28.77418, 44.55231], [28.76564, 44.53889], [28.75343, 44.51349], [28.74562, 44.48615], [28.75025, 44.4667], [28.75847, 44.46528], [28.76637, 44.4726], [28.77198, 44.48371], [28.77833, 44.50739], [28.7881, 44.51537], [28.80836, 44.52505], [28.83815, 44.55402], [28.85564, 44.56769], [28.87355, 44.57343], [28.89243, 44.57705], [28.90626, 44.58771], [28.91489, 44.60139], [28.92498, 44.62055], [28.91847, 44.60102], [28.90968, 44.58422], [28.844, 44.49372], [28.79672, 44.46792], [28.70655, 44.38105], [28.6963, 44.35834], [28.69313, 44.34614], [28.68019, 44.35334], [28.6644, 44.34837], [28.65122, 44.34003], [28.64088, 44.32856], [28.6351, 44.31639], [28.63234, 44.30244], [28.63103, 44.26435], [28.63527, 44.25202], [28.65122, 44.23078], [28.66521, 44.19929], [28.66814, 44.18431], [28.66489, 44.1756], [28.67172, 44.16869], [28.65838, 44.17446], [28.64584, 44.17202], [28.63624, 44.16429], [28.63087, 44.15449], [28.63746, 44.13589], [28.65414, 44.05492], [28.67123, 44.00332], [28.67172, 43.99738], [28.66912, 43.98916], [28.66, 43.9798], [28.65496, 43.96137], [28.64088, 43.9322], [28.63771, 43.91865], [28.61378, 43.88418], [28.60939, 43.8745], [28.59352, 43.81952], [28.58766, 43.81025], [28.58448, 43.80085], [28.5892, 43.79133], [28.58481, 43.78242], [28.58253, 43.77237], [28.58188, 43.7617], [28.58302, 43.75104], [28.57838, 43.74128], [28.43457, 43.73521], [28.22125, 43.76198], [28.01481, 43.83004], [27.98101, 43.84934], [27.93585, 43.9644], [27.91207, 43.99323], [27.91207, 43.99334], [27.85647, 43.98863], [27.78733, 43.96042], [27.7217, 43.94874], [27.68251, 43.98726], [27.67612, 43.99354], [27.65628, 44.02388], [27.63343, 44.02977], [27.57452, 44.01628], [27.38384, 44.01509], [27.37288, 44.02072], [27.35356, 44.04527], [27.34167, 44.05307], [27.28534, 44.07245], [27.26431, 44.08976], [27.26901, 44.1124], [27.25266, 44.12152], [27.25113, 44.12237], [27.22674, 44.12072], [27.20555, 44.12925], [27.10024, 44.14449], [27.02748, 44.17705], [27.00154, 44.16511], [26.88413, 44.15653], [26.78946, 44.11597], [26.7537, 44.10811], [26.70868, 44.10811], [26.69721, 44.10609], [26.67732, 44.09705], [26.66781, 44.09509], [26.64776, 44.09338], [26.61417, 44.08485], [26.60227, 44.08359], [26.16943, 44.31041], [26.08154, 44.56916], [26.07056, 44.75662]]], [[[24.45557, 47.19884], [24.47754, 46.87702], [24.38965, 46.61364], [24.00513, 46.63627], [23.67554, 46.68902], [23.32397, 46.81693], [22.99438, 46.92204], [22.56592, 46.91454], [22.51099, 47.0868], [22.78564, 47.35531], [23.12622, 47.37018], [23.71948, 47.28831], [24.45557, 47.19884]]]]}, "properties": {"id": "architecture/sheet-metal-fence", "status": "validé", "pieces": [{"kind": "polygon", "ring": [[22.53296, 44.56916], [22.89551, 45.09872], [23.12622, 45.19167], [23.59863, 45.19941], [23.88428, 45.10647], [24.36768, 44.90459], [24.65332, 44.59262], [24.86206, 44.2711], [25.03784, 43.55117], [21.80786, 43.57504]]}, {"kind": "clip"}, {"kind": "polygon", "ring": [[26.74072, 44.01104], [26.16943, 44.31041], [26.08154, 44.56916], [26.07056, 44.75662], [26.66382, 44.95124], [27.01538, 45.1607], [26.98242, 45.90687], [26.80664, 46.18128], [26.42212, 46.86135], [26.34521, 47.09362], [26.02661, 47.19073], [26.02661, 47.33233], [26.2793, 47.57737], [26.40015, 47.82128], [26.02661, 48.50978], [28.78418, 48.53887], [30.77271, 44.34969], [30.67383, 43.28795], [29.39941, 42.83059]]}, {"kind": "polygon", "ring": [[22.78564, 47.35531], [22.51099, 47.0868], [22.56592, 46.91454], [22.99438, 46.92204], [23.32397, 46.81693], [23.67554, 46.68902], [24.00513, 46.63627], [24.38965, 46.61364], [24.47754, 46.87702], [24.45557, 47.19884], [23.71948, 47.28831], [23.12622, 47.37018]]}]}}, {"type": "Feature", "geometry": {"type": "Polygon", "coordinates": [[[26.12549, 47.97692], [26.44409, 47.68202], [26.42212, 47.43746], [26.0376, 47.32593], [25.57617, 47.22161], [25.40039, 47.19923], [25.25757, 47.44489], [24.86206, 47.55618], [24.32373, 47.54135], [23.7085, 47.48201], [23.32397, 47.65983], [23.51074, 47.80756], [23.71928, 47.98539], [23.78008, 47.98751], [23.79651, 47.98198], [23.84839, 47.94966], [23.85522, 47.93423], [23.87661, 47.93444], [23.97727, 47.96229], [24.0088, 47.96121], [24.02523, 47.95325], [24.07494, 47.94418], [24.09479, 47.93793], [24.13117, 47.91454], [24.14874, 47.91212], [24.15018, 47.91292], [24.2093, 47.89759], [24.23101, 47.89703], [24.29788, 47.91979], [24.34718, 47.92088], [24.38624, 47.94369], [24.40919, 47.95206], [24.42851, 47.95253], [24.48556, 47.9432], [24.5421, 47.94382], [24.56163, 47.94054], [24.56981, 47.93729], [24.60845, 47.92193], [24.63367, 47.90829], [24.64927, 47.89522], [24.65599, 47.8793], [24.65692, 47.8662], [24.66147, 47.85388], [24.67914, 47.84013], [24.71284, 47.82592], [24.79366, 47.80447], [24.80823, 47.79574], [24.82074, 47.78409], [24.85443, 47.74313], [24.87779, 47.71874], [24.8966, 47.71006], [24.92886, 47.71394], [24.94238, 47.71556], [25.01742, 47.72458], [25.07995, 47.74293], [25.08005, 47.74308], [25.08026, 47.74313], [25.12191, 47.77031], [25.21896, 47.87847], [25.26174, 47.89858], [25.75252, 47.9346], [25.81835, 47.95258], [25.87096, 47.95702], [25.90124, 47.96596], [25.91809, 47.96816], [25.96573, 47.9649], [26.02929, 47.9778], [26.10253, 47.97827], [26.12212, 47.97839], [26.12549, 47.97692]]]}, "properties": {"id": "architecture/shingles", "status": "validé", "pieces": [{"kind": "polygon", "ring": [[23.75244, 48.01366], [23.51074, 47.80756], [23.32397, 47.65983], [23.7085, 47.48201], [24.32373, 47.54135], [24.86206, 47.55618], [25.25757, 47.44489], [25.40039, 47.19923], [25.57617, 47.22161], [26.0376, 47.32593], [26.42212, 47.43746], [26.44409, 47.68202], [26.12549, 47.97692], [25.42236, 48.28476], [24.59839, 48.13107]]}, {"kind": "clip"}]}}, {"type": "Feature", "geometry": {"type": "Polygon", "coordinates": [[[22.06055, 46.80196], [22.06055, 46.62879], [22.35718, 46.62879], [22.65381, 46.65141], [23.31299, 46.59861], [23.35693, 46.44749], [23.55469, 46.43235], [23.62061, 46.28836], [23.71948, 46.28836], [24.0271, 46.58352], [24.42261, 46.92961], [24.64233, 47.18398], [25.03784, 47.35537], [25.04883, 47.54103], [24.64233, 47.51879], [24.38965, 47.55586], [24.19189, 47.49653], [23.82935, 47.36281], [23.48877, 47.39999], [23.14819, 47.43714], [22.90649, 47.37768], [22.51099, 47.37025], [22.39014, 47.20637], [22.55493, 47.04198], [22.55493, 46.9446], [22.22534, 46.86958], [22.06055, 46.80196]]]}, "properties": {"id": "architecture/shrines/cluj-jesus", "status": "validé", "pieces": [{"kind": "polygon", "ring": [[22.06055, 46.80196], [22.06055, 46.62879], [22.35718, 46.62879], [22.65381, 46.65141], [23.31299, 46.59861], [23.35693, 46.44749], [23.55469, 46.43235], [23.62061, 46.28836], [23.71948, 46.28836], [24.0271, 46.58352], [24.42261, 46.92961], [24.64233, 47.18398], [25.03784, 47.35537], [25.04883, 47.54103], [24.64233, 47.51879], [24.38965, 47.55586], [24.19189, 47.49653], [23.82935, 47.36281], [23.48877, 47.39999], [23.14819, 47.43714], [22.90649, 47.37768], [22.51099, 47.37025], [22.39014, 47.20637], [22.55493, 47.04198], [22.55493, 46.9446], [22.22534, 46.86958]]}]}}, {"type": "Feature", "geometry": {"type": "Polygon", "coordinates": [[[23.59863, 44.73991], [23.703, 44.81397], [23.77991, 44.94237], [23.75793, 45.04333], [23.63708, 45.09762], [23.62061, 45.0666], [23.67554, 44.99675], [23.67554, 44.92293], [23.51074, 44.84123], [23.44482, 44.7126], [23.59863, 44.73991]]]}, "properties": {"id": "architecture/shrines/gorj-crosses", "status": "validé", "pieces": [{"kind": "polygon", "ring": [[23.59863, 44.73991], [23.703, 44.81397], [23.77991, 44.94237], [23.75793, 45.04333], [23.63708, 45.09762], [23.62061, 45.0666], [23.67554, 44.99675], [23.67554, 44.92293], [23.51074, 44.84123], [23.44482, 44.7126]]}]}}, {"type": "Feature", "geometry": {"type": "Polygon", "coordinates": [[[23.12622, 47.77747], [22.63184, 47.62226], [22.35718, 47.57042], [22.23897, 47.6929], [22.23981, 47.69347], [22.26172, 47.71585], [22.27309, 47.72375], [22.29159, 47.73071], [22.30937, 47.73505], [22.32208, 47.73587], [22.36828, 47.73117], [22.38264, 47.73202], [22.39587, 47.73569], [22.40734, 47.74308], [22.42367, 47.78256], [22.45437, 47.78739], [22.52848, 47.76104], [22.56299, 47.75722], [22.60123, 47.76094], [22.63772, 47.77155], [22.66697, 47.78879], [22.69167, 47.8107], [22.70386, 47.81719], [22.72423, 47.82349], [22.74583, 47.82499], [22.75182, 47.82768], [22.76029, 47.83892], [22.75833, 47.84623], [22.75327, 47.85269], [22.75285, 47.86124], [22.7636, 47.87475], [22.77962, 47.8823], [22.81972, 47.89232], [22.83605, 47.90245], [22.86117, 47.93382], [22.8776, 47.94674], [22.89786, 47.95098], [22.91584, 47.95919], [22.92421, 47.97273], [22.91574, 47.99299], [22.92411, 48.00482], [22.9393, 48.00565], [22.95708, 48.00012], [22.97248, 47.99289], [22.98819, 47.98637], [23.00442, 47.98307], [23.02033, 47.98472], [23.06312, 48.00746], [23.07655, 48.02451], [23.09898, 48.07123], [23.11862, 48.09154], [23.13908, 48.09813], [23.16172, 48.0959], [23.23138, 48.07973], [23.24864, 48.07123], [23.28977, 48.03821], [23.33752, 48.01087], [23.36005, 47.99314], [23.36729, 47.99121], [23.37473, 47.99056], [23.38217, 47.99113], [23.39013, 47.99307], [23.39157, 47.99345], [23.39302, 47.99358], [23.39447, 47.99345], [23.39602, 47.99307], [23.46082, 47.97134], [23.48159, 47.97216], [23.48548, 47.97423], [23.48852, 47.97586], [23.49431, 47.98054], [23.49937, 47.98622], [23.50371, 47.99289], [23.51446, 47.99898], [23.52562, 48.00118], [23.54058, 48.003], [23.12622, 47.77747]]]}, "properties": {"id": "architecture/shrines/stone-crosses", "status": "validé", "pieces": [{"kind": "polygon", "ring": [[22.21436, 47.7184], [22.35718, 47.57042], [22.63184, 47.62226], [23.12622, 47.77747], [23.65356, 48.06449], [23.03833, 48.21107]]}, {"kind": "clip"}]}}, {"type": "Feature", "geometry": {"type": "Polygon", "coordinates": [[[22.65381, 47.6739], [23.19214, 47.58509], [23.81836, 47.36984], [23.99414, 47.1985], [24.20288, 46.98166], [24.57642, 46.90669], [24.85107, 46.81658], [24.87305, 46.50757], [24.8291, 46.40923], [24.2688, 46.3562], [23.92822, 46.10551], [23.7854, 45.94538], [23.71948, 45.83837], [23.34595, 45.8001], [23.15918, 45.96065], [22.67578, 46.00643], [22.59888, 45.86896], [22.51099, 45.85367], [22.44507, 45.89954], [22.40112, 46.05218], [21.97266, 46.5831], [21.50371, 46.71474], [21.50518, 46.72325], [21.4782, 46.73593], [21.47521, 46.73785], [21.47262, 46.7402], [21.47045, 46.74301], [21.47138, 46.74903], [21.47366, 46.75487], [21.47707, 46.76022], [21.48151, 46.76498], [21.5029, 46.80531], [21.51572, 46.82159], [21.5366, 46.83502], [21.57308, 46.84177], [21.58342, 46.84794], [21.59179, 46.86071], [21.59148, 46.87153], [21.58807, 46.8822], [21.58714, 46.8944], [21.58869, 46.90618], [21.58993, 46.90887], [21.59437, 46.91001], [21.64005, 46.93569], [21.64853, 46.94298], [21.66755, 46.99238], [21.67137, 46.99336], [21.67075, 46.99439], [21.66176, 47.00607], [21.65483, 47.00995], [21.64522, 47.01124], [21.63664, 47.01408], [21.63427, 47.01942], [21.63282, 47.02269], [21.67189, 47.05473], [21.69421, 47.06917], [21.74351, 47.0916], [21.76377, 47.10521], [21.77049, 47.11402], [21.77545, 47.13167], [21.77989, 47.14074], [21.7894, 47.1503], [21.81152, 47.16469], [21.81989, 47.17273], [21.82598, 47.18505], [21.82568, 47.19428], [21.8233, 47.20332], [21.82361, 47.21492], [21.82774, 47.22601], [21.83932, 47.24084], [21.84459, 47.24993], [21.85606, 47.28574], [21.86216, 47.29742], [21.90081, 47.33574], [21.919, 47.34967], [21.93699, 47.35716], [21.98153, 47.3661], [22.00158, 47.39383], [22.00024, 47.42718], [21.99145, 47.46181], [21.98887, 47.49294], [22.00789, 47.51741], [22.03745, 47.53932], [22.09956, 47.57095], [22.14855, 47.57935], [22.15418, 47.58221], [22.16209, 47.58624], [22.16736, 47.59379], [22.16761, 47.59486], [22.16912, 47.60139], [22.16984, 47.60878], [22.17284, 47.61539], [22.19764, 47.63932], [22.20074, 47.64794], [22.20415, 47.66629], [22.20787, 47.67373], [22.21521, 47.67993], [22.23216, 47.68825], [22.23981, 47.69347], [22.24806, 47.7019], [22.65381, 47.6739]]]}, "properties": {"id": "architecture/small-bricks", "status": "validé", "pieces": [{"kind": "polygon", "ring": [[22.22534, 47.70347], [22.65381, 47.6739], [23.19214, 47.58509], [23.81836, 47.36984], [23.99414, 47.1985], [24.20288, 46.98166], [24.57642, 46.90669], [24.85107, 46.81658], [24.87305, 46.50757], [24.8291, 46.40923], [24.2688, 46.3562], [23.92822, 46.10551], [23.7854, 45.94538], [23.71948, 45.83837], [23.34595, 45.8001], [23.15918, 45.96065], [22.67578, 46.00643], [22.59888, 45.86896], [22.51099, 45.85367], [22.44507, 45.89954], [22.40112, 46.05218], [21.97266, 46.5831], [21.48926, 46.7188], [20.32471, 47.33264]]}, {"kind": "clip"}]}}, {"type": "Feature", "geometry": {"type": "Polygon", "coordinates": [[[25.09277, 44.42764], [25.62012, 44.5295], [25.70801, 44.63119], [25.56519, 44.80287], [25.56519, 44.97404], [25.67505, 45.05943], [25.83984, 45.31485], [25.66406, 45.49989], [25.3894, 45.45368], [25.10376, 45.37659], [24.70825, 45.46139], [24.71924, 45.05167], [25.09277, 44.42764]]]}, "properties": {"id": "architecture/spike-finial", "status": "validé", "pieces": [{"kind": "polygon", "ring": [[25.09277, 44.42764], [25.62012, 44.5295], [25.70801, 44.63119], [25.56519, 44.80287], [25.56519, 44.97404], [25.67505, 45.05943], [25.83984, 45.31485], [25.66406, 45.49989], [25.3894, 45.45368], [25.10376, 45.37659], [24.70825, 45.46139], [24.71924, 45.05167]]}]}}, {"type": "Feature", "geometry": {"type": "Polygon", "coordinates": [[[22.76367, 46.83824], [23.0658, 46.80443], [23.27454, 46.77059], [23.52173, 46.80819], [23.63159, 46.91707], [23.90076, 47.08184], [24.1095, 47.14163], [24.01062, 47.18643], [23.93372, 47.18643], [23.71399, 47.15657], [23.51624, 47.03321], [23.3075, 46.95456], [22.92297, 46.89831], [22.74719, 46.89831], [22.76367, 46.83824]]]}, "properties": {"id": "architecture/stonewalls/cluj-stone-walls", "status": "validé", "pieces": [{"kind": "polygon", "ring": [[22.76367, 46.83824], [23.0658, 46.80443], [23.27454, 46.77059], [23.52173, 46.80819], [23.63159, 46.91707], [23.90076, 47.08184], [24.1095, 47.14163], [24.01062, 47.18643], [23.93372, 47.18643], [23.71399, 47.15657], [23.51624, 47.03321], [23.3075, 46.95456], [22.92297, 46.89831], [22.74719, 46.89831]]}]}}, {"type": "Feature", "geometry": {"type": "Polygon", "coordinates": [[[27.77344, 44.23863], [28.05908, 44.53685], [28.42163, 44.81797], [28.75122, 44.99686], [28.96836, 45.00325], [28.96608, 44.99657], [28.96022, 44.9877], [28.94923, 44.98371], [28.92701, 44.98261], [28.91684, 44.97968], [28.88006, 44.95478], [28.8694, 44.94335], [28.86354, 44.92231], [28.86508, 44.91657], [28.87436, 44.91157], [28.87664, 44.90485], [28.87468, 44.89912], [28.87013, 44.89643], [28.86549, 44.89468], [28.86354, 44.89155], [28.86647, 44.88264], [28.87355, 44.87499], [28.88152, 44.8697], [28.90406, 44.86274], [28.9524, 44.82665], [28.93971, 44.81688], [28.93409, 44.81419], [28.92498, 44.81306], [28.93442, 44.80752], [28.93873, 44.80622], [28.93873, 44.79877], [28.92628, 44.79295], [28.92547, 44.78368], [28.93295, 44.77351], [28.93309, 44.77342], [28.91425, 44.75754], [28.8794, 44.75658], [28.86883, 44.75357], [28.80844, 44.72687], [28.79835, 44.7202], [28.78883, 44.70624], [28.78712, 44.69331], [28.79371, 44.68789], [28.80836, 44.69636], [28.80421, 44.68423], [28.78541, 44.67967], [28.78102, 44.66527], [28.78403, 44.64924], [28.78507, 44.64868], [28.76743, 44.63381], [28.76694, 44.63373], [28.75782, 44.62678], [28.75736, 44.62533], [28.53149, 44.435], [28.10303, 44.26223], [28.125, 44.17565], [28.22388, 44.00212], [28.48755, 43.85976], [28.48755, 43.73745], [28.43457, 43.73521], [28.22125, 43.76198], [28.01481, 43.83004], [27.98101, 43.84934], [27.93585, 43.9644], [27.91207, 43.99323], [27.91207, 43.99334], [27.85647, 43.98863], [27.78733, 43.96042], [27.7217, 43.94874], [27.68251, 43.98726], [27.67612, 43.99354], [27.65628, 44.02388], [27.63343, 44.02977], [27.57452, 44.01628], [27.38384, 44.01509], [27.37288, 44.02072], [27.35356, 44.04527], [27.34167, 44.05307], [27.28534, 44.07245], [27.26682, 44.0877], [27.26748, 44.10502], [27.26901, 44.1124], [27.26778, 44.11308], [27.26807, 44.12049], [27.77344, 44.23863]]]}, "properties": {"id": "architecture/stonewalls/constanta-stone-wall", "status": "validé", "pieces": [{"kind": "polygon", "ring": [[27.26807, 44.12049], [27.77344, 44.23863], [28.05908, 44.53685], [28.42163, 44.81797], [28.75122, 44.99686], [29.01489, 45.00462], [28.94897, 44.7868], [28.53149, 44.435], [28.10303, 44.26223], [28.125, 44.17565], [28.22388, 44.00212], [28.48755, 43.85976], [28.48755, 43.71706], [27.24609, 43.54219]]}, {"kind": "clip"}]}}, {"type": "Feature", "geometry": {"type": "Polygon", "coordinates": [[[22.84058, 45.33741], [22.68127, 45.59542], [22.5769, 45.96305], [22.63733, 46.03552], [22.95593, 46.03934], [23.08228, 45.98595], [23.31299, 45.58774], [23.32397, 45.44923], [23.12622, 45.37599], [22.84058, 45.33741]]]}, "properties": {"id": "architecture/stonewalls/hunedoara-stone-walls", "status": "validé", "pieces": [{"kind": "polygon", "ring": [[22.84058, 45.33741], [22.68127, 45.59542], [22.5769, 45.96305], [22.63733, 46.03552], [22.95593, 46.03934], [23.08228, 45.98595], [23.31299, 45.58774], [23.32397, 45.44923], [23.12622, 45.37599]]}]}}, {"type": "Feature", "geometry": {"type": "Polygon", "coordinates": [[[25.90027, 46.98095], [25.79041, 47.12685], [25.72998, 47.17166], [25.76294, 47.22017], [25.8783, 47.26863], [25.96619, 47.2239], [25.97717, 47.19406], [26.0321, 47.10817], [26.04858, 47.03712], [25.90027, 46.98095]]]}, "properties": {"id": "architecture/stonewalls/neamt-walls", "status": "validé", "pieces": [{"kind": "polygon", "ring": [[25.90027, 46.98095], [25.79041, 47.12685], [25.72998, 47.17166], [25.76294, 47.22017], [25.8783, 47.26863], [25.96619, 47.2239], [25.97717, 47.19406], [26.0321, 47.10817], [26.04858, 47.03712]]}]}}, {"type": "Feature", "geometry": {"type": "Polygon", "coordinates": [[[26.43311, 47.72585], [26.29028, 47.63713], [26.10352, 47.42952], [25.85083, 47.43695], [25.64209, 47.43695], [25.51025, 47.45923], [25.3125, 47.5779], [25.48828, 47.68151], [25.5542, 47.77754], [25.46601, 47.91357], [25.75252, 47.9346], [25.81835, 47.95258], [25.87096, 47.95702], [25.90124, 47.96596], [25.91809, 47.96816], [25.96573, 47.9649], [26.02929, 47.9778], [26.10253, 47.97827], [26.12572, 47.97842], [26.15794, 47.98844], [26.43311, 47.72585]]]}, "properties": {"id": "architecture/suceava-colours-stripes", "status": "validé", "pieces": [{"kind": "polygon", "ring": [[25.44434, 47.947], [25.5542, 47.77754], [25.48828, 47.68151], [25.3125, 47.5779], [25.51025, 47.45923], [25.64209, 47.43695], [25.85083, 47.43695], [26.10352, 47.42952], [26.29028, 47.63713], [26.43311, 47.72585], [25.99365, 48.14522]]}, {"kind": "clip"}]}}, {"type": "Feature", "geometry": {"type": "Polygon", "coordinates": [[[26.41113, 47.73315], [26.43311, 47.62224], [26.26831, 47.44429], [25.89478, 47.44429], [25.58716, 47.45914], [25.42236, 47.54075], [25.46631, 47.65184], [25.66406, 47.71099], [25.70801, 47.83645], [25.69902, 47.93067], [25.75252, 47.9346], [25.81835, 47.95258], [25.87096, 47.95702], [25.90124, 47.96596], [25.91809, 47.96816], [25.96573, 47.9649], [26.02929, 47.9778], [26.10253, 47.97827], [26.12572, 47.97842], [26.13647, 47.98176], [26.13647, 47.96897], [26.41113, 47.73315]]]}, "properties": {"id": "architecture/suceava-stripes", "status": "validé", "pieces": [{"kind": "polygon", "ring": [[26.13647, 47.96897], [26.41113, 47.73315], [26.43311, 47.62224], [26.26831, 47.44429], [25.89478, 47.44429], [25.58716, 47.45914], [25.42236, 47.54075], [25.46631, 47.65184], [25.66406, 47.71099], [25.70801, 47.83645], [25.67505, 48.18176], [26.13647, 48.15979]]}, {"kind": "clip"}]}}, {"type": "Feature", "geometry": {"type": "Polygon", "coordinates": [[[24.01611, 45.83052], [24.0271, 46.00623], [24.11499, 46.15097], [24.30176, 46.28015], [24.5105, 46.34084], [24.59839, 46.38631], [24.78516, 46.33326], [24.97192, 46.1966], [25.21362, 46.17379], [25.12573, 45.99098], [24.84009, 45.86876], [24.46655, 45.83817], [24.21387, 45.73095], [23.97217, 45.73095], [24.01611, 45.83052]]]}, "properties": {"id": "architecture/transylvania-saxon-house", "status": "validé", "pieces": [{"kind": "polygon", "ring": [[24.01611, 45.83052], [24.0271, 46.00623], [24.11499, 46.15097], [24.30176, 46.28015], [24.5105, 46.34084], [24.59839, 46.38631], [24.78516, 46.33326], [24.97192, 46.1966], [25.21362, 46.17379], [25.12573, 45.99098], [24.84009, 45.86876], [24.46655, 45.83817], [24.21387, 45.73095], [23.97217, 45.73095]]}]}}, {"type": "Feature", "geometry": {"type": "Polygon", "coordinates": [[[27.77344, 46.19665], [27.36694, 46.12058], [26.99341, 46.12819], [27.20215, 46.31814], [27.24609, 46.7337], [27.03735, 46.98901], [26.2793, 47.09378], [25.7959, 47.03394], [25.75195, 47.25055], [25.64209, 47.35481], [26.05957, 47.32505], [26.521, 47.37713], [26.70776, 47.58494], [26.43311, 47.76241], [26.2644, 48.08486], [26.27073, 48.0936], [26.28695, 48.12471], [26.2975, 48.15634], [26.29615, 48.179], [26.30349, 48.21205], [26.31176, 48.20972], [26.33026, 48.20851], [26.34731, 48.2121], [26.38049, 48.22321], [26.39744, 48.22621], [26.44467, 48.22773], [26.46131, 48.23039], [26.5874, 48.24936], [26.61789, 48.25897], [26.66574, 48.27421], [26.68853, 48.27483], [26.71148, 48.26132], [26.72238, 48.25977], [26.73313, 48.27075], [26.74403, 48.25558], [26.76372, 48.25274], [26.80491, 48.25827], [26.82191, 48.25253], [26.84475, 48.23331], [26.8555, 48.23783], [26.89766, 48.20897], [26.90397, 48.20145], [26.908, 48.18453], [26.91772, 48.18796], [26.92909, 48.19905], [26.93813, 48.20481], [26.95058, 48.19752], [26.95565, 48.186], [26.96309, 48.17538], [26.99761, 48.16657], [26.99761, 48.15794], [26.98624, 48.15042], [26.9666, 48.14959], [26.9666, 48.14337], [26.99399, 48.13241], [27.0127, 48.12812], [27.0251, 48.13505], [27.03368, 48.13239], [27.04277, 48.1273], [27.04804, 48.12223], [27.04796, 48.12141], [27.04742, 48.1165], [27.03688, 48.10735], [27.0343, 48.10177], [27.04174, 48.07727], [27.05921, 48.05805], [27.08318, 48.04366], [27.10933, 48.0335], [27.10933, 48.02609], [27.08897, 48.01981], [27.09001, 48.01562], [27.09145, 48.01185], [27.09336, 48.00844], [27.09579, 48.0056], [27.12148, 48.01319], [27.1346, 48.00046], [27.14375, 47.98684], [27.15718, 47.99195], [27.16876, 47.98307], [27.16979, 47.97379], [27.16287, 47.96501], [27.15098, 47.9578], [27.17196, 47.94643], [27.17827, 47.94413], [27.17827, 47.9421], [27.17827, 47.93793], [27.1607, 47.92173], [27.17155, 47.91263], [27.19419, 47.90405], [27.21238, 47.88951], [27.21155, 47.88501], [27.2132, 47.85413], [27.21238, 47.84793], [27.22281, 47.84266], [27.23491, 47.84021], [27.24581, 47.83659], [27.25341, 47.82809], [27.2192, 47.81377], [27.23108, 47.80708], [27.24488, 47.79259], [27.2562, 47.77755], [27.26085, 47.76908], [27.26467, 47.76455], [27.28245, 47.75569], [27.28751, 47.75233], [27.28811, 47.75068], [27.29113, 47.74241], [27.28958, 47.73169], [27.29506, 47.72443], [27.29506, 47.71817], [27.27201, 47.71497], [27.2811, 47.69301], [27.30405, 47.66655], [27.36916, 47.60831], [27.39707, 47.58909], [27.42838, 47.58102], [27.4294, 47.57813], [27.43134, 47.57264], [27.43582, 47.55994], [27.43898, 47.55371], [27.44027, 47.5501], [27.44006, 47.54103], [27.44213, 47.53663], [27.44606, 47.53488], [27.45691, 47.5339], [27.45949, 47.53322], [27.46673, 47.50635], [27.47313, 47.49178], [27.48368, 47.48542], [27.49256, 47.48454], [27.49752, 47.48243], [27.50145, 47.47995], [27.50724, 47.47798], [27.53298, 47.47741], [27.53453, 47.47798], [27.54817, 47.47426], [27.56315, 47.46834], [27.57587, 47.46041], [27.583, 47.45067], [27.57478, 47.44625], [27.56936, 47.43855], [27.56553, 47.42827], [27.56253, 47.41654], [27.58031, 47.406], [27.57235, 47.3752], [27.58641, 47.36876], [27.58872, 47.36739], [27.59995, 47.36073], [27.62403, 47.32143], [27.63695, 47.30667], [27.6447, 47.30399], [27.67173, 47.29985], [27.68232, 47.29525], [27.68987, 47.29089], [27.69782, 47.2875], [27.72283, 47.28332], [27.73327, 47.27562], [27.75363, 47.25143], [27.75239, 47.23893], [27.76304, 47.22632], [27.78831, 47.20428], [27.80035, 47.17697], [27.80211, 47.17635], [27.80479, 47.16849], [27.80769, 47.16247], [27.80588, 47.15823], [27.79466, 47.15583], [27.80655, 47.14462], [27.84986, 47.12852], [27.84986, 47.12172], [27.84376, 47.11439], [27.8482, 47.11142], [27.85771, 47.10932], [27.86701, 47.10464], [27.8976, 47.08142], [27.92592, 47.06876], [27.93843, 47.06106], [27.93874, 47.04664], [27.96313, 47.04338], [27.98659, 47.03323], [28.0083, 47.0263], [28.02804, 47.03297], [28.03703, 47.01646], [28.03815, 47.01548], [28.06907, 46.9885], [28.08271, 46.97153], [28.1023, 46.93512], [28.10499, 46.92018], [28.10545, 46.91768], [28.09687, 46.90262], [28.11356, 46.89476], [28.11434, 46.88339], [28.1131, 46.87143], [28.12426, 46.86164], [28.12426, 46.85419], [28.12261, 46.84227], [28.12152, 46.8343], [28.1378, 46.80624], [28.17816, 46.75865], [28.1781, 46.73984], [28.23412, 46.66242], [28.24425, 46.63537], [28.24508, 46.63145], [28.24735, 46.62083], [28.24714, 46.60716], [28.24053, 46.59638], [28.2305, 46.5839], [28.22544, 46.56956], [28.23412, 46.55313], [28.22477, 46.54874], [28.2211, 46.54119], [28.21903, 46.50373], [28.2211, 46.49577], [28.23412, 46.47807], [28.2381, 46.47559], [28.24234, 46.47652], [28.2458, 46.47551], [28.24714, 46.46719], [28.24725, 46.43619], [28.24606, 46.42786], [28.24022, 46.42027], [28.22606, 46.41536], [28.23329, 46.40177], [28.22864, 46.39611], [28.2268, 46.39555], [28.21955, 46.39334], [28.21293, 46.38869], [28.20715, 46.35815], [28.20239, 46.35392], [28.19035, 46.35107], [28.18792, 46.34379], [28.19195, 46.3235], [28.19288, 46.31123], [28.19133, 46.30777], [28.17779, 46.28705], [28.16575, 46.27883], [28.1563, 46.27537], [28.14493, 46.27294], [28.13521, 46.26932], [28.13108, 46.2624], [28.13449, 46.24534], [28.13211, 46.23992], [28.12085, 46.23785], [28.10896, 46.23413], [28.11098, 46.2256], [28.11645, 46.21936], [27.77344, 46.19665]]]}, "properties": {"id": "architecture/triangle-veranda", "status": "validé", "pieces": [{"kind": "polygon", "ring": [[26.21338, 48.18238], [26.43311, 47.76241], [26.70776, 47.58494], [26.521, 47.37713], [26.05957, 47.32505], [25.64209, 47.35481], [25.75195, 47.25055], [25.7959, 47.03394], [26.2793, 47.09378], [27.03735, 46.98901], [27.24609, 46.7337], [27.20215, 46.31814], [26.99341, 46.12819], [27.36694, 46.12058], [27.77344, 46.19665], [28.80615, 46.26502], [27.72949, 48.51721], [26.69678, 48.42256]]}, {"kind": "clip"}]}}, {"type": "Feature", "geometry": null, "properties": {"id": "architecture/wells/botosani-wells", "status": "validé", "pieces": [{"kind": "admin1", "code": "ROU-287"}]}}, {"type": "Feature", "geometry": {"type": "Polygon", "coordinates": [[[23.40088, 47.61487], [23.12622, 47.54079], [23.12622, 47.4666], [23.58765, 47.42947], [24.20288, 47.45175], [24.48853, 47.65187], [24.60938, 47.86596], [24.23584, 47.85859], [23.93921, 47.72579], [23.67554, 47.64447], [23.40088, 47.61487]]]}, "properties": {"id": "architecture/wells/maramures-wells", "status": "validé", "pieces": [{"kind": "polygon", "ring": [[23.40088, 47.61487], [23.12622, 47.54079], [23.12622, 47.4666], [23.58765, 47.42947], [24.20288, 47.45175], [24.48853, 47.65187], [24.60938, 47.86596], [24.23584, 47.85859], [23.93921, 47.72579], [23.67554, 47.64447]]}]}}, {"type": "Feature", "geometry": null, "properties": {"id": "architecture/wells/suceava-wells", "status": "validé", "pieces": [{"kind": "admin1", "code": "ROU-311"}]}}, {"type": "Feature", "geometry": {"type": "Polygon", "coordinates": [[[23.0603, 47.22817], [23.49976, 47.23563], [23.77441, 47.2058], [23.98315, 47.14608], [24.104, 46.92903], [23.92822, 46.73369], [23.96118, 46.53008], [23.96118, 46.46204], [23.57666, 46.47717], [23.45581, 46.52253], [23.13721, 46.65837], [23.00537, 46.5603], [22.86255, 46.54519], [22.70874, 46.71863], [22.90649, 47.00398], [23.0603, 47.22817]]]}, "properties": {"id": "architecture/wood-gable-decor", "status": "validé", "pieces": [{"kind": "polygon", "ring": [[23.0603, 47.22817], [23.49976, 47.23563], [23.77441, 47.2058], [23.98315, 47.14608], [24.104, 46.92903], [23.92822, 46.73369], [23.96118, 46.53008], [23.96118, 46.46204], [23.57666, 46.47717], [23.45581, 46.52253], [23.13721, 46.65837], [23.00537, 46.5603], [22.86255, 46.54519], [22.70874, 46.71863], [22.90649, 47.00398]]}]}}, {"type": "Feature", "geometry": {"type": "Polygon", "coordinates": [[[22.52197, 44.88988], [23.31299, 45.50893], [24.14795, 45.83124], [24.65332, 46.80206], [24.74121, 47.54854], [24.78487, 47.8068], [24.79366, 47.80447], [24.80823, 47.79574], [24.82074, 47.78409], [24.85443, 47.74313], [24.87779, 47.71874], [24.8966, 47.71006], [24.92886, 47.71394], [24.94238, 47.71556], [25.01742, 47.72458], [25.07995, 47.74293], [25.08005, 47.74308], [25.08026, 47.74313], [25.12191, 47.77031], [25.21896, 47.87847], [25.26174, 47.89858], [25.75252, 47.9346], [25.81835, 47.95258], [25.87096, 47.95702], [25.90124, 47.96596], [25.91809, 47.96816], [25.96573, 47.9649], [26.02929, 47.9778], [26.10253, 47.97827], [26.12572, 47.97842], [26.17306, 47.99314], [26.18267, 48.00327], [26.20479, 48.03738], [26.21709, 48.04802], [26.24323, 48.06291], [26.25533, 48.07234], [26.27073, 48.0936], [26.28695, 48.12471], [26.2975, 48.15634], [26.29615, 48.179], [26.30349, 48.21205], [26.31176, 48.20972], [26.33026, 48.20851], [26.34731, 48.2121], [26.38049, 48.22321], [26.39744, 48.22621], [26.44467, 48.22773], [26.46131, 48.23039], [26.5874, 48.24936], [26.61789, 48.25897], [26.66574, 48.27421], [26.68853, 48.27483], [26.71148, 48.26132], [26.72238, 48.25977], [26.73313, 48.27075], [26.74403, 48.25558], [26.76372, 48.25274], [26.80491, 48.25827], [26.82191, 48.25253], [26.84475, 48.23331], [26.8555, 48.23783], [26.89766, 48.20897], [26.90397, 48.20145], [26.908, 48.18453], [26.91772, 48.18796], [26.92909, 48.19905], [26.93813, 48.20481], [26.95058, 48.19752], [26.95565, 48.186], [26.96309, 48.17538], [26.99761, 48.16657], [26.99761, 48.15794], [26.98624, 48.15042], [26.9666, 48.14959], [26.9666, 48.14337], [26.99399, 48.13241], [27.0127, 48.12812], [27.0251, 48.13505], [27.03368, 48.13239], [27.04277, 48.1273], [27.04804, 48.12223], [27.04796, 48.12141], [27.04742, 48.1165], [27.03688, 48.10735], [27.0343, 48.10177], [27.04174, 48.07727], [27.05921, 48.05805], [27.08318, 48.04366], [27.10933, 48.0335], [27.10933, 48.02609], [27.08897, 48.01981], [27.09001, 48.01562], [27.09145, 48.01185], [27.09336, 48.00844], [27.09579, 48.0056], [27.12148, 48.01319], [27.1346, 48.00046], [27.14375, 47.98684], [27.15718, 47.99195], [27.16876, 47.98307], [27.16979, 47.97379], [27.16287, 47.96501], [27.15098, 47.9578], [27.17196, 47.94643], [27.17827, 47.94413], [27.17827, 47.9421], [27.17827, 47.93793], [27.1607, 47.92173], [27.17155, 47.91263], [27.19419, 47.90405], [27.21238, 47.88951], [27.21155, 47.88501], [27.2132, 47.85413], [27.21238, 47.84793], [27.22281, 47.84266], [27.23491, 47.84021], [27.24581, 47.83659], [27.25341, 47.82809], [27.2192, 47.81377], [27.23108, 47.80708], [27.24488, 47.79259], [27.2562, 47.77755], [27.26085, 47.76908], [27.26467, 47.76455], [27.28245, 47.75569], [27.28751, 47.75233], [27.28811, 47.75068], [27.29113, 47.74241], [27.28958, 47.73169], [27.29506, 47.72443], [27.29506, 47.71817], [27.27201, 47.71497], [27.2811, 47.69301], [27.30405, 47.66655], [27.36916, 47.60831], [27.39707, 47.58909], [27.42838, 47.58102], [27.4294, 47.57813], [27.43134, 47.57264], [27.43582, 47.55994], [27.43898, 47.55371], [27.44027, 47.5501], [27.44006, 47.54103], [27.44213, 47.53663], [27.44606, 47.53488], [27.45691, 47.5339], [27.45949, 47.53322], [27.46673, 47.50635], [27.47313, 47.49178], [27.48368, 47.48542], [27.49256, 47.48454], [27.49752, 47.48243], [27.50145, 47.47995], [27.50724, 47.47798], [27.53298, 47.47741], [27.53453, 47.47798], [27.54817, 47.47426], [27.56315, 47.46834], [27.57587, 47.46041], [27.583, 47.45067], [27.57478, 47.44625], [27.56936, 47.43855], [27.56553, 47.42827], [27.56253, 47.41654], [27.58031, 47.406], [27.57235, 47.3752], [27.58641, 47.36876], [27.58872, 47.36739], [27.59995, 47.36073], [27.62403, 47.32143], [27.63695, 47.30667], [27.6447, 47.30399], [27.67173, 47.29985], [27.68232, 47.29525], [27.68987, 47.29089], [27.69782, 47.2875], [27.72283, 47.28332], [27.73327, 47.27562], [27.75363, 47.25143], [27.75239, 47.23893], [27.76304, 47.22632], [27.78831, 47.20428], [27.80035, 47.17697], [27.80211, 47.17635], [27.80479, 47.16849], [27.80769, 47.16247], [27.80588, 47.15823], [27.79466, 47.15583], [27.80655, 47.14462], [27.84986, 47.12852], [27.84986, 47.12172], [27.84376, 47.11439], [27.8482, 47.11142], [27.85771, 47.10932], [27.86701, 47.10464], [27.8976, 47.08142], [27.92592, 47.06876], [27.93843, 47.06106], [27.93874, 47.04664], [27.96313, 47.04338], [27.98659, 47.03323], [28.0083, 47.0263], [28.02804, 47.03297], [28.03703, 47.01646], [28.03815, 47.01548], [28.06907, 46.9885], [28.08271, 46.97153], [28.1023, 46.93512], [28.10499, 46.92018], [28.10545, 46.91768], [28.09687, 46.90262], [28.11356, 46.89476], [28.11434, 46.88339], [28.1131, 46.87143], [28.12426, 46.86164], [28.12426, 46.85419], [28.12261, 46.84227], [28.12152, 46.8343], [28.1378, 46.80624], [28.17816, 46.75865], [28.1781, 46.73984], [28.23412, 46.66242], [28.24425, 46.63537], [28.24508, 46.63145], [28.24735, 46.62083], [28.24714, 46.60716], [28.24053, 46.59638], [28.2305, 46.5839], [28.22544, 46.56956], [28.23412, 46.55313], [28.22477, 46.54874], [28.2211, 46.54119], [28.21903, 46.50373], [28.2211, 46.49577], [28.23412, 46.47807], [28.2381, 46.47559], [28.24234, 46.47652], [28.2458, 46.47551], [28.24714, 46.46719], [28.24725, 46.43619], [28.24606, 46.42786], [28.24022, 46.42027], [28.22606, 46.41536], [28.23329, 46.40177], [28.22864, 46.39611], [28.2268, 46.39555], [28.21955, 46.39334], [28.21293, 46.38869], [28.20715, 46.35815], [28.20239, 46.35392], [28.19035, 46.35107], [28.18792, 46.34379], [28.19195, 46.3235], [28.19288, 46.31123], [28.19133, 46.30777], [28.17779, 46.28705], [28.16575, 46.27883], [28.1563, 46.27537], [28.14493, 46.27294], [28.13521, 46.26932], [28.13108, 46.2624], [28.13449, 46.24534], [28.13211, 46.23992], [28.12085, 46.23785], [28.10896, 46.23413], [28.11098, 46.2256], [28.12932, 46.20467], [28.13563, 46.19884], [28.14152, 46.19196], [28.14472, 46.18323], [28.13325, 46.15997], [28.12736, 46.13533], [28.11051, 46.10149], [28.10782, 46.0961], [28.1008, 46.08199], [28.09284, 46.07838], [28.09015, 46.07337], [28.09046, 46.06799], [28.09656, 46.06504], [28.09687, 46.05967], [28.08447, 46.02458], [28.08271, 46.01471], [28.08612, 46.00055], [28.11051, 45.95043], [28.11237, 45.93921], [28.11485, 45.93322], [28.12085, 45.92629], [28.12498, 45.91839], [28.12281, 45.91079], [28.11878, 45.90314], [28.11744, 45.89524], [28.12023, 45.88785], [28.12911, 45.87513], [28.13108, 45.87136], [28.12818, 45.8664], [28.11495, 45.85973], [28.11051, 45.85431], [28.1133, 45.82537], [28.12891, 45.79503], [28.14648, 45.77116], [28.15495, 45.76181], [28.16374, 45.6615], [28.16177, 45.64543], [28.16797, 45.63246], [28.15371, 45.6275], [28.12085, 45.62771], [28.10772, 45.6244], [28.09118, 45.61598], [28.07475, 45.60487], [28.06214, 45.5936], [28.118, 45.57272], [28.14095, 45.56022], [28.15774, 45.53893], [28.16157, 45.53273], [28.16405, 45.53061], [28.16539, 45.52828], [28.16591, 45.49459], [28.17294, 45.48436], [28.1995, 45.46177], [28.21293, 45.4502], [28.21515, 45.45036], [28.23764, 45.45206], [28.26688, 45.44048], [28.28642, 45.42173], [28.2812, 45.40183], [28.31081, 45.34783], [28.33024, 45.32292], [28.35329, 45.31243], [28.37024, 45.30922], [28.40517, 45.29507], [28.49416, 45.27889], [28.57705, 45.24809], [28.71006, 45.22696], [28.74737, 45.23047], [28.77869, 45.23109], [28.7914, 45.23497], [28.80267, 45.24417], [28.77429, 45.25336], [28.76727, 45.25776], [28.76256, 45.26514], [28.75967, 45.27419], [28.76153, 45.28184], [28.79016, 45.29207], [28.78861, 45.30711], [28.78975, 45.32142], [28.81631, 45.32607], [28.83181, 45.3223], [28.85811, 45.30907], [28.88085, 45.30618], [28.89362, 45.29982], [28.91005, 45.28737], [28.92989, 45.2791], [28.95284, 45.28509], [28.95738, 45.29202], [28.96043, 45.31129], [28.96648, 45.31987], [28.97366, 45.3237], [28.98245, 45.3255], [29.00462, 45.32607], [29.01816, 45.33088], [29.06952, 45.3608], [29.1103, 45.36907], [29.1275, 45.37454], [29.14187, 45.38509], [29.15014, 45.38788], [29.17432, 45.38896], [29.17939, 45.39186], [29.18311, 45.39899], [29.19158, 45.40617], [29.20667, 45.41542], [29.22817, 45.42374], [29.2446, 45.42421], [29.26083, 45.42204], [29.28181, 45.42229], [29.29049, 45.42462], [29.29928, 45.42891], [29.30703, 45.43413], [29.31282, 45.43935], [29.32212, 45.44384], [29.33297, 45.44214], [29.34392, 45.43811], [29.35374, 45.43594], [29.43064, 45.43041], [29.5697, 45.39496], [29.61636, 45.36535], [29.62814, 45.3608], [29.65026, 45.34612], [29.66711, 45.31186], [29.67228, 45.27295], [29.65925, 45.24417], [29.66499, 45.23786], [29.66649, 45.23063], [29.66421, 45.22318], [29.65903, 45.21589], [29.65016, 45.21723], [29.62387, 45.2165], [29.62387, 45.21027], [29.63884, 45.19562], [29.64975, 45.1778], [29.667, 45.16421], [29.69956, 45.16181], [29.67652, 45.1446], [29.6644, 45.11693], [29.65626, 45.02896], [29.65073, 45.01211], [29.63754, 44.98371], [29.63494, 44.96955], [29.63364, 44.95336], [29.63087, 44.93867], [29.62387, 44.9291], [29.63038, 44.90766], [29.60515, 44.88003], [29.61785, 44.86148], [29.61118, 44.84931], [29.6032, 44.8454], [29.59376, 44.84431], [29.58351, 44.84028], [29.56935, 44.8249], [29.56178, 44.82026], [29.542, 44.82783], [29.5311, 44.82624], [29.52052, 44.8225], [29.511, 44.8205], [29.31593, 44.79877], [29.19207, 44.79287], [29.1561, 44.78441], [29.05584, 44.73517], [29.02638, 44.71467], [29.00074, 44.68891], [28.99391, 44.69636], [28.99488, 44.71113], [28.98129, 44.72944], [28.97495, 44.74494], [28.99733, 44.75161], [29.0215, 44.75471], [29.05828, 44.7683], [29.09815, 44.77538], [29.12062, 44.78657], [29.13868, 44.80402], [29.1447, 44.82665], [29.13884, 44.83918], [29.12599, 44.85248], [29.09636, 44.87507], [29.10182, 44.85912], [29.10336, 44.8513], [29.10377, 44.84028], [29.0879, 44.84272], [29.0735, 44.83543], [29.06031, 44.83234], [29.04859, 44.84715], [29.04412, 44.86555], [29.04176, 44.92569], [29.05209, 44.94465], [29.09881, 44.95698], [29.11061, 44.97004], [29.10174, 44.98029], [29.05828, 45.00096], [29.04518, 45.00483], [29.01441, 45.00483], [28.98325, 45.01227], [28.97283, 45.01097], [28.96925, 45.00585], [28.96608, 44.99657], [28.96022, 44.9877], [28.94923, 44.98371], [28.92701, 44.98261], [28.91684, 44.97968], [28.88006, 44.95478], [28.8694, 44.94335], [28.86354, 44.92231], [28.86508, 44.91657], [28.87436, 44.91157], [28.87664, 44.90485], [28.87468, 44.89912], [28.87013, 44.89643], [28.86549, 44.89468], [28.86354, 44.89155], [28.86647, 44.88264], [28.87355, 44.87499], [28.88152, 44.8697], [28.90406, 44.86274], [28.9524, 44.82665], [28.93971, 44.81688], [28.93409, 44.81419], [28.92498, 44.81306], [28.93442, 44.80752], [28.93873, 44.80622], [28.93873, 44.79877], [28.92628, 44.79295], [28.92547, 44.78368], [28.93295, 44.77351], [28.94614, 44.7652], [28.93637, 44.75995], [28.92384, 44.7578], [28.8794, 44.75658], [28.86883, 44.75357], [28.80844, 44.72687], [28.79835, 44.7202], [28.78883, 44.70624], [28.78712, 44.69331], [28.79371, 44.68789], [28.80836, 44.69636], [28.80421, 44.68423], [28.78541, 44.67967], [28.78102, 44.66527], [28.78403, 44.64924], [28.79249, 44.64472], [28.84555, 44.65156], [28.86948, 44.66181], [28.89137, 44.67719], [28.91196, 44.69636], [28.89772, 44.71678], [28.96746, 44.70099], [28.98341, 44.69261], [28.98756, 44.67528], [28.97934, 44.65534], [28.96209, 44.63939], [28.93873, 44.63426], [28.95639, 44.65111], [28.97267, 44.67023], [28.97535, 44.68684], [28.9524, 44.69636], [28.9524, 44.68891], [28.95997, 44.68195], [28.95777, 44.67878], [28.93873, 44.67524], [28.92416, 44.68207], [28.91822, 44.68268], [28.91383, 44.67992], [28.90943, 44.6752], [28.90455, 44.6684], [28.88543, 44.65811], [28.85418, 44.63435], [28.83627, 44.62743], [28.78785, 44.60961], [28.77418, 44.60077], [28.79152, 44.62385], [28.79469, 44.63426], [28.7798, 44.63581], [28.76694, 44.63373], [28.75782, 44.62678], [28.75367, 44.61376], [28.76677, 44.61376], [28.76059, 44.6037], [28.76441, 44.59589], [28.77443, 44.59016], [28.78785, 44.58649], [28.74806, 44.57779], [28.73268, 44.56786], [28.73268, 44.55231], [28.73715, 44.55707], [28.74391, 44.562], [28.74692, 44.56598], [28.76108, 44.56021], [28.77418, 44.55231], [28.76564, 44.53889], [28.75343, 44.51349], [28.74562, 44.48615], [28.75025, 44.4667], [28.75847, 44.46528], [28.76637, 44.4726], [28.77198, 44.48371], [28.77833, 44.50739], [28.7881, 44.51537], [28.80836, 44.52505], [28.83815, 44.55402], [28.85564, 44.56769], [28.87355, 44.57343], [28.89243, 44.57705], [28.90626, 44.58771], [28.91489, 44.60139], [28.92498, 44.62055], [28.91847, 44.60102], [28.90968, 44.58422], [28.844, 44.49372], [28.79672, 44.46792], [28.70655, 44.38105], [28.6963, 44.35834], [28.69313, 44.34614], [28.68019, 44.35334], [28.6644, 44.34837], [28.65122, 44.34003], [28.64088, 44.32856], [28.6351, 44.31639], [28.63234, 44.30244], [28.63103, 44.26435], [28.63527, 44.25202], [28.65122, 44.23078], [28.66521, 44.19929], [28.66814, 44.18431], [28.66489, 44.1756], [28.67172, 44.16869], [28.65838, 44.17446], [28.64584, 44.17202], [28.63624, 44.16429], [28.63087, 44.15449], [28.63746, 44.13589], [28.65414, 44.05492], [28.67123, 44.00332], [28.67172, 43.99738], [28.66912, 43.98916], [28.66, 43.9798], [28.65496, 43.96137], [28.64088, 43.9322], [28.63771, 43.91865], [28.61378, 43.88418], [28.60939, 43.8745], [28.59352, 43.81952], [28.58766, 43.81025], [28.58448, 43.80085], [28.5892, 43.79133], [28.58481, 43.78242], [28.58253, 43.77237], [28.58188, 43.7617], [28.58302, 43.75104], [28.57838, 43.74128], [28.43457, 43.73521], [28.22125, 43.76198], [28.01481, 43.83004], [27.98101, 43.84934], [27.93585, 43.9644], [27.91207, 43.99323], [27.91207, 43.99334], [27.85647, 43.98863], [27.78733, 43.96042], [27.7217, 43.94874], [27.68251, 43.98726], [27.67612, 43.99354], [27.65628, 44.02388], [27.63343, 44.02977], [27.57452, 44.01628], [27.38384, 44.01509], [27.37288, 44.02072], [27.35356, 44.04527], [27.34167, 44.05307], [27.28534, 44.07245], [27.26431, 44.08976], [27.26901, 44.1124], [27.25266, 44.12152], [27.25113, 44.12237], [27.22674, 44.12072], [27.20555, 44.12925], [27.10024, 44.14449], [27.02748, 44.17705], [27.00154, 44.16511], [26.88413, 44.15653], [26.78946, 44.11597], [26.7537, 44.10811], [26.70868, 44.10811], [26.69721, 44.10609], [26.67732, 44.09705], [26.66781, 44.09509], [26.64776, 44.09338], [26.61417, 44.08485], [26.41579, 44.06379], [26.33234, 44.05493], [26.31052, 44.05261], [26.23145, 44.0275], [26.15073, 44.01241], [26.11621, 43.99887], [26.07932, 43.96905], [26.06164, 43.94977], [26.05431, 43.93432], [25.934, 43.87032], [25.9245, 43.85862], [25.91643, 43.84438], [25.8693, 43.80089], [25.83933, 43.78844], [25.80626, 43.76366], [25.8044, 43.75991], [25.78114, 43.73201], [25.7396, 43.71894], [25.73295, 43.71878], [25.67138, 43.71736], [25.6535, 43.70813], [25.6379, 43.69728], [25.6165, 43.68775], [25.59387, 43.68067], [25.57506, 43.67739], [25.55656, 43.67036], [25.53382, 43.66868], [25.48876, 43.67054], [25.48245, 43.66971], [25.46742, 43.66775], [25.42608, 43.65439], [25.40313, 43.65005], [25.35962, 43.65429], [25.32303, 43.66971], [25.28872, 43.68896], [25.28541, 43.69039], [25.25234, 43.70465], [25.21131, 43.71188], [25.0816, 43.71894], [24.96367, 43.74961], [24.75263, 43.7388], [24.7056, 43.74377], [24.66176, 43.75566], [24.50014, 43.7995], [24.46634, 43.80242], [24.4312, 43.79418], [24.37549, 43.76387], [24.35823, 43.76002], [24.3367, 43.75925], [24.15938, 43.75294], [24.14961, 43.75472], [23.79992, 43.81846], [23.74287, 43.8427], [23.72075, 43.84583], [23.63611, 43.83216], [23.62085, 43.83401], [23.5927, 43.83743], [23.48469, 43.8806], [23.32515, 43.88659], [23.23448, 43.8773], [23.19696, 43.86275], [23.16192, 43.85732], [23.13185, 43.84795], [23.05255, 43.84282], [22.91956, 43.83423], [22.88876, 43.83952], [22.86344, 43.85541], [22.85104, 43.87435], [22.85052, 43.89699], [22.87471, 43.97205], [22.88587, 43.99453], [22.90582, 44.00398], [22.92649, 44.00615], [22.96628, 44.01556], [22.98809, 44.01768], [23.02302, 44.03163], [23.04007, 44.06233], [23.03098, 44.09307], [23.00831, 44.10045], [22.98809, 44.10703], [22.94261, 44.11147], [22.90644, 44.12289], [22.69164, 44.22843], [22.69074, 44.22888], [22.68536, 44.24366], [22.6895, 44.29172], [22.68154, 44.30531], [22.66252, 44.31166], [22.62118, 44.3159], [22.58284, 44.32841], [22.54935, 44.34897], [22.52269, 44.37507], [22.50512, 44.40406], [22.50398, 44.41171], [22.50636, 44.42752], [22.50543, 44.43501], [22.50098, 44.44194], [22.48, 44.45579], [22.477, 44.46395], [22.47721, 44.47698], [22.47979, 44.49041], [22.48414, 44.49977], [22.49106, 44.50421], [22.50036, 44.50638], [22.5355, 44.50752], [22.54842, 44.5117], [22.55669, 44.52147], [22.55979, 44.53878], [22.56558, 44.55542], [22.58046, 44.5655], [22.6003, 44.56979], [22.62118, 44.56922], [22.64216, 44.56312], [22.67854, 44.54555], [22.70014, 44.54183], [22.71937, 44.54436], [22.74169, 44.55186], [22.75926, 44.56467], [22.76515, 44.58281], [22.71472, 44.62306], [22.70014, 44.63061], [22.62118, 44.63743], [22.58749, 44.64937], [22.55328, 44.66916], [22.48372, 44.72399], [22.46894, 44.73019], [22.45055, 44.73298], [22.44247, 44.7332], [22.52197, 44.88988]]]}, "properties": {"id": "bBQ3", "status": "validé", "pieces": [{"kind": "polygon", "ring": [[22.23633, 44.32698], [22.52197, 44.88988], [23.31299, 45.50893], [24.14795, 45.83124], [24.65332, 46.80206], [24.74121, 47.54854], [24.87305, 48.32836], [28.08105, 48.38674], [30.4541, 44.49955], [28.03711, 42.55704], [22.52197, 43.80619]]}, {"kind": "clip"}]}}, {"type": "Feature", "geometry": {"type": "Polygon", "coordinates": [[[21.8882, 45.18306], [21.8882, 45.21837], [21.8446, 45.21837], [21.8446, 45.18306], [21.8882, 45.18306]]]}, "properties": {"id": "culture-and-language/carasova-croatian", "status": "validé", "pieces": [{"kind": "rect", "bounds": [21.8446, 45.18306, 21.8882, 45.21837]}]}}, {"type": "Feature", "geometry": {"type": "Polygon", "coordinates": [[[20.77515, 45.94208], [20.65438, 45.77876], [20.6459, 45.78873], [20.64349, 45.79514], [20.64229, 45.79834], [20.64011, 45.8187], [20.6367, 45.82702], [20.62968, 45.83328], [20.61231, 45.84149], [20.60528, 45.84614], [20.57211, 45.88769], [20.55671, 45.89844], [20.538, 45.90371], [20.49986, 45.90666], [20.48167, 45.9127], [20.42907, 45.94671], [20.41026, 45.95559], [20.37098, 45.96779], [20.35393, 45.97668], [20.33863, 45.9928], [20.31765, 46.03859], [20.30567, 46.05357], [20.24283, 46.10809], [20.28324, 46.1438], [20.44416, 46.1469], [20.46855, 46.17413], [20.50937, 46.16767], [20.54896, 46.15615], [20.5781, 46.13755], [20.58802, 46.13284], [20.60012, 46.12964], [20.60756, 46.12949], [20.66399, 46.13775], [20.68352, 46.14468], [20.69882, 46.15646], [20.70419, 46.16633], [20.70437, 46.16853], [20.70446, 46.16974], [20.77515, 45.94208]]]}, "properties": {"id": "culture-and-language/dudestii-vechi-bulgarian", "status": "validé", "pieces": [{"kind": "polygon", "ring": [[20.69, 46.21632], [20.77515, 45.94208], [20.58838, 45.6895], [20.0061, 46.14218], [20.62408, 46.29225]]}, {"kind": "clip"}]}}, {"type": "Feature", "geometry": {"type": "Polygon", "coordinates": [[[22.20165, 44.52569], [22.20165, 44.56214], [22.11548, 44.56214], [22.11548, 44.52569], [22.20165, 44.52569]]]}, "properties": {"id": "culture-and-language/eibenthal-czech", "status": "validé", "pieces": [{"kind": "rect", "bounds": [22.11548, 44.52569, 22.20165, 44.56214]}]}}, {"type": "Feature", "geometry": {"type": "MultiPolygon", "coordinates": [[[[22.0578, 45.2793], [22.26654, 45.2793], [22.26654, 45.1594], [22.0578, 45.1594], [22.0578, 45.2793]]], [[[21.57715, 45.53428], [21.19812, 45.59963], [20.77964, 45.69114], [20.77912, 45.72367], [20.7816, 45.73395], [20.78553, 45.74341], [20.78574, 45.75256], [20.77747, 45.76232], [20.76517, 45.76677], [20.75411, 45.76356], [20.74533, 45.75499], [20.73944, 45.74341], [20.72683, 45.73618], [20.71339, 45.73333], [20.70006, 45.7354], [20.68807, 45.7431], [20.67856, 45.75664], [20.65562, 45.77731], [20.6459, 45.78873], [20.64349, 45.79514], [20.64229, 45.79834], [20.64011, 45.8187], [20.6367, 45.82702], [20.62968, 45.83328], [20.61231, 45.84149], [20.60528, 45.84614], [20.57211, 45.88769], [20.55671, 45.89844], [20.538, 45.90371], [20.49986, 45.90666], [20.48167, 45.9127], [20.42907, 45.94671], [20.41026, 45.95559], [20.37098, 45.96779], [20.35393, 45.97668], [20.33863, 45.9928], [20.31765, 46.03859], [20.30567, 46.05357], [20.24283, 46.10809], [20.28324, 46.1438], [20.44416, 46.1469], [20.44471, 46.14752], [20.85205, 45.92142], [21.65405, 45.59195], [21.57715, 45.53428]]], [[[22.54944, 47.65439], [22.62085, 47.58777], [22.56042, 47.54331], [22.36267, 47.56555], [22.19238, 47.62109], [22.19042, 47.63234], [22.19764, 47.63932], [22.20074, 47.64794], [22.20415, 47.66629], [22.20787, 47.67373], [22.21521, 47.67993], [22.23216, 47.68825], [22.23981, 47.69347], [22.26172, 47.71585], [22.27309, 47.72375], [22.28106, 47.72675], [22.31323, 47.72093], [22.54944, 47.65439]]]]}, "properties": {"id": "culture-and-language/german", "status": "validé", "pieces": [{"kind": "polygon", "ring": [[22.19238, 47.62109], [22.36267, 47.56555], [22.56042, 47.54331], [22.62085, 47.58777], [22.54944, 47.65439], [22.31323, 47.72093], [22.17041, 47.74678]]}, {"kind": "clip"}, {"kind": "polygon", "ring": [[20.4126, 46.16534], [20.85205, 45.92142], [21.65405, 45.59195], [21.57715, 45.53428], [21.19812, 45.59963], [20.56641, 45.73777], [20.28076, 46.00157], [20.18738, 46.21856]]}, {"kind": "rect", "bounds": [22.0578, 45.1594, 22.26654, 45.2793]}]}}, {"type": "Feature", "geometry": {"type": "MultiPolygon", "coordinates": [[[[21.07178, 46.20425], [20.84106, 46.15863], [21.00586, 45.71567], [20.75665, 45.59555], [20.75442, 45.60559], [20.76217, 45.6306], [20.77323, 45.64889], [20.77726, 45.65752], [20.77995, 45.67168], [20.77912, 45.72367], [20.7816, 45.73395], [20.78553, 45.74341], [20.78574, 45.75256], [20.77747, 45.76232], [20.76517, 45.76677], [20.75411, 45.76356], [20.74533, 45.75499], [20.73944, 45.74341], [20.72683, 45.73618], [20.71339, 45.73333], [20.70006, 45.7354], [20.68807, 45.7431], [20.67856, 45.75664], [20.65562, 45.77731], [20.6459, 45.78873], [20.64349, 45.79514], [20.64229, 45.79834], [20.64011, 45.8187], [20.6367, 45.82702], [20.62968, 45.83328], [20.61231, 45.84149], [20.60528, 45.84614], [20.57211, 45.88769], [20.55671, 45.89844], [20.538, 45.90371], [20.49986, 45.90666], [20.48167, 45.9127], [20.42907, 45.94671], [20.41026, 45.95559], [20.37098, 45.96779], [20.35393, 45.97668], [20.33863, 45.9928], [20.31765, 46.03859], [20.30567, 46.05357], [20.24283, 46.10809], [20.28324, 46.1438], [20.44416, 46.1469], [20.46855, 46.17413], [20.50937, 46.16767], [20.54896, 46.15615], [20.5781, 46.13755], [20.58802, 46.13284], [20.60012, 46.12964], [20.60756, 46.12949], [20.66399, 46.13775], [20.68352, 46.14468], [20.69882, 46.15646], [20.70419, 46.16633], [20.70437, 46.16853], [20.70533, 46.18064], [20.71029, 46.18809], [20.71784, 46.19], [20.72714, 46.18773], [20.73665, 46.18669], [20.74471, 46.19227], [20.74481, 46.20028], [20.73551, 46.2225], [20.73499, 46.23191], [20.73933, 46.23749], [20.7785, 46.26007], [20.78737, 46.26339], [20.79866, 46.26762], [20.81964, 46.2717], [20.83969, 46.27108], [20.84899, 46.26777], [20.86697, 46.25713], [20.87514, 46.25439], [20.88506, 46.25501], [20.89974, 46.26069], [20.90656, 46.26219], [20.92444, 46.25955], [20.96175, 46.24834], [20.98149, 46.24886], [20.99058, 46.2516], [20.99916, 46.2516], [21.00702, 46.24886], [21.01394, 46.24307], [21.03347, 46.23134], [21.05146, 46.23609], [21.09921, 46.27635], [21.10562, 46.27867], [21.11129, 46.27864], [21.07178, 46.20425]]], [[[21.24599, 46.48393], [21.24762, 46.49747], [21.26168, 46.51334], [21.27894, 46.5284], [21.29134, 46.54672], [21.29527, 46.58504], [21.30095, 46.60393], [21.31625, 46.61664], [21.33764, 46.62041], [21.37444, 46.61845], [21.38917, 46.62384], [21.24599, 46.48393]]], [[[23.15918, 47.95399], [23.03833, 47.79193], [22.60986, 47.59975], [22.47803, 47.48113], [22.65381, 47.39943], [22.79663, 47.41429], [22.87354, 47.17596], [23.09326, 47.05638], [23.45581, 46.89904], [23.71948, 46.90654], [23.92822, 47.05638], [23.98315, 47.23564], [24.16992, 46.96653], [24.35669, 46.87652], [24.60938, 46.89153], [24.98291, 46.72617], [25.3125, 46.79388], [25.3125, 46.90654], [25.30151, 47.12368], [25.40039, 47.13862], [25.67505, 47.07134], [25.86182, 46.71864], [26.00464, 46.7337], [26.18042, 46.69605], [26.2793, 46.59805], [26.02661, 46.53765], [26.23535, 46.25742], [26.38916, 45.95286], [26.24634, 45.62358], [26.12549, 45.55441], [25.74097, 45.79229], [24.56543, 46.05965], [24.16992, 46.15102], [23.65356, 46.40907], [23.57666, 46.71864], [22.84058, 46.90654], [22.45605, 47.13862], [22.26929, 47.07882], [22.09351, 46.85399], [22.21436, 46.61314], [22.07153, 46.59805], [21.95068, 46.72617], [21.73096, 46.62068], [21.46729, 46.4923], [21.40285, 46.63254], [21.41681, 46.64522], [21.42354, 46.65823], [21.42549, 46.66201], [21.43624, 46.67374], [21.46353, 46.67705], [21.48358, 46.68485], [21.50177, 46.70351], [21.50518, 46.72325], [21.4782, 46.73593], [21.47521, 46.73785], [21.47262, 46.7402], [21.47045, 46.74301], [21.47138, 46.74903], [21.47366, 46.75487], [21.47707, 46.76022], [21.48151, 46.76498], [21.5029, 46.80531], [21.51572, 46.82159], [21.5366, 46.83502], [21.57308, 46.84177], [21.58342, 46.84794], [21.59179, 46.86071], [21.59148, 46.87153], [21.58807, 46.8822], [21.58714, 46.8944], [21.58869, 46.90618], [21.58993, 46.90887], [21.59437, 46.91001], [21.64005, 46.93569], [21.64853, 46.94298], [21.66755, 46.99238], [21.67137, 46.99336], [21.67075, 46.99439], [21.66176, 47.00607], [21.65483, 47.00995], [21.64522, 47.01124], [21.63664, 47.01408], [21.63427, 47.01942], [21.63282, 47.02269], [21.67189, 47.05473], [21.69421, 47.06917], [21.74351, 47.0916], [21.76377, 47.10521], [21.77049, 47.11402], [21.77545, 47.13167], [21.77989, 47.14074], [21.7894, 47.1503], [21.81152, 47.16469], [21.81989, 47.17273], [21.82598, 47.18505], [21.82568, 47.19428], [21.8233, 47.20332], [21.82361, 47.21492], [21.82774, 47.22601], [21.83932, 47.24084], [21.84459, 47.24993], [21.85606, 47.28574], [21.86216, 47.29742], [21.90081, 47.33574], [21.919, 47.34967], [21.93699, 47.35716], [21.98153, 47.3661], [22.00158, 47.39383], [22.00024, 47.42718], [21.99145, 47.46181], [21.98887, 47.49294], [22.00789, 47.51741], [22.03745, 47.53932], [22.09956, 47.57095], [22.14855, 47.57935], [22.15418, 47.58221], [22.16209, 47.58624], [22.16736, 47.59379], [22.16761, 47.59486], [22.16912, 47.60139], [22.16984, 47.60878], [22.17284, 47.61539], [22.19764, 47.63932], [22.20074, 47.64794], [22.20415, 47.66629], [22.20787, 47.67373], [22.21521, 47.67993], [22.23216, 47.68825], [22.23981, 47.69347], [22.26172, 47.71585], [22.27309, 47.72375], [22.29159, 47.73071], [22.30937, 47.73505], [22.32208, 47.73587], [22.36828, 47.73117], [22.38264, 47.73202], [22.39587, 47.73569], [22.40734, 47.74308], [22.42367, 47.78256], [22.45437, 47.78739], [22.52848, 47.76104], [22.56299, 47.75722], [22.60123, 47.76094], [22.63772, 47.77155], [22.66697, 47.78879], [22.69167, 47.8107], [22.70386, 47.81719], [22.72423, 47.82349], [22.74583, 47.82499], [22.75182, 47.82768], [22.76029, 47.83892], [22.75833, 47.84623], [22.75327, 47.85269], [22.75285, 47.86124], [22.7636, 47.87475], [22.77962, 47.8823], [22.81972, 47.89232], [22.83605, 47.90245], [22.86117, 47.93382], [22.8776, 47.94674], [22.89786, 47.95098], [22.91584, 47.95919], [22.92421, 47.97273], [22.91574, 47.99299], [22.92411, 48.00482], [22.9393, 48.00565], [22.95708, 48.00012], [22.97248, 47.99289], [22.98819, 47.98637], [23.00442, 47.98307], [23.02033, 47.98472], [23.06312, 48.00746], [23.06867, 48.0145], [23.15918, 47.95399]]]]}, "properties": {"id": "culture-and-language/hungarian", "status": "validé", "pieces": [{"kind": "polygon", "ring": [[20.68726, 45.5621], [21.00586, 45.71567], [20.84106, 46.15863], [21.07178, 46.20425], [21.19263, 46.43179], [21.40137, 46.63576], [21.46729, 46.4923], [21.73096, 46.62068], [21.95068, 46.72617], [22.07153, 46.59805], [22.21436, 46.61314], [22.09351, 46.85399], [22.26929, 47.07882], [22.45605, 47.13862], [22.84058, 46.90654], [23.57666, 46.71864], [23.65356, 46.40907], [24.16992, 46.15102], [24.56543, 46.05965], [25.74097, 45.79229], [26.12549, 45.55441], [26.24634, 45.62358], [26.38916, 45.95286], [26.23535, 46.25742], [26.02661, 46.53765], [26.2793, 46.59805], [26.18042, 46.69605], [26.00464, 46.7337], [25.86182, 46.71864], [25.67505, 47.07134], [25.40039, 47.13862], [25.30151, 47.12368], [25.3125, 46.90654], [25.3125, 46.79388], [24.98291, 46.72617], [24.60938, 46.89153], [24.35669, 46.87652], [24.16992, 46.96653], [23.98315, 47.23564], [23.92822, 47.05638], [23.71948, 46.90654], [23.45581, 46.89904], [23.09326, 47.05638], [22.87354, 47.17596], [22.79663, 47.41429], [22.65381, 47.39943], [22.47803, 47.48113], [22.60986, 47.59975], [23.03833, 47.79193], [23.15918, 47.95399], [22.96143, 48.0862], [20.10498, 47.16102], [20.01709, 46.24224], [20.42358, 45.38498]]}, {"kind": "clip"}]}}, {"type": "Feature", "geometry": {"type": "Polygon", "coordinates": [[[22.5436, 47.1181], [22.5436, 47.15008], [22.50584, 47.15008], [22.50584, 47.1181], [22.5436, 47.1181]]]}, "properties": {"id": "culture-and-language/sinteu-nadlac-slovak", "status": "validé", "pieces": [{"kind": "rect", "bounds": [22.50584, 47.1181, 22.5436, 47.15008]}]}}, {"type": "Feature", "geometry": {"type": "Polygon", "coordinates": [[[28.81851, 44.7431], [28.81851, 45.03971], [28.35571, 45.03971], [28.35571, 44.7431], [28.81851, 44.7431]]]}, "properties": {"id": "culture-and-language/slava-cercheza-lipovan", "status": "validé", "pieces": [{"kind": "rect", "bounds": [28.35571, 44.7431, 28.81851, 45.03971]}]}}, {"type": "Feature", "geometry": {"type": "Polygon", "coordinates": [[[25.94147, 47.62616], [25.94147, 47.70844], [25.80345, 47.70844], [25.80345, 47.62616], [25.94147, 47.62616]]]}, "properties": {"id": "culture-and-language/solonetu-nou-polish", "status": "validé", "pieces": [{"kind": "rect", "bounds": [25.80345, 47.62616, 25.94147, 47.70844]}]}}, {"type": "Feature", "geometry": {"type": "MultiPolygon", "coordinates": [[[[21.93043, 45.58548], [22.01248, 45.58548], [22.01248, 45.53238], [21.93043, 45.53238], [21.93043, 45.58548]]], [[[23.91174, 47.94416], [23.97727, 47.96229], [24.0088, 47.96121], [24.02523, 47.95325], [24.07494, 47.94418], [24.09479, 47.93793], [24.13117, 47.91454], [24.14874, 47.91212], [24.15018, 47.91292], [24.2093, 47.89759], [24.23101, 47.89703], [24.29788, 47.91979], [24.34718, 47.92088], [24.38624, 47.94369], [24.40613, 47.95094], [24.40613, 47.86781], [23.91174, 47.86781], [23.91174, 47.94416]]]]}, "properties": {"id": "culture-and-language/stiuca-bistra-ukranian", "status": "validé", "pieces": [{"kind": "rect", "bounds": [21.93043, 45.53238, 22.01248, 45.58548]}, {"kind": "rect", "bounds": [23.91174, 47.86781, 24.40613, 48.00025]}, {"kind": "clip"}]}}, {"type": "Feature", "geometry": {"type": "Polygon", "coordinates": [[[22.12303, 44.49041], [22.12303, 44.50669], [22.09024, 44.50669], [22.09024, 44.49041], [22.12303, 44.49041]]]}, "properties": {"id": "culture-and-language/svinita-serbian", "status": "validé", "pieces": [{"kind": "rect", "bounds": [22.09024, 44.49041, 22.12303, 44.50669]}]}}, {"type": "Feature", "geometry": {"type": "MultiPolygon", "coordinates": [[[[26.40323, 45.90255], [26.38912, 45.85203], [26.38044, 45.80294], [26.38927, 45.78175], [26.3947, 45.7725], [26.39734, 45.7615], [26.39501, 45.74982], [26.37682, 45.72191], [26.37248, 45.70967], [26.37108, 45.69853], [26.36674, 45.68522], [26.35822, 45.67251], [26.34271, 45.65525], [26.3362, 45.64104], [26.3286, 45.61809], [26.31941, 45.60895], [26.30173, 45.6021], [26.28468, 45.60285], [26.27352, 45.60693], [26.25502, 45.61903], [26.24494, 45.62378], [26.23455, 45.62556], [26.22448, 45.62285], [26.21564, 45.61215], [26.21146, 45.6021], [26.20753, 45.58321], [26.20102, 45.57727], [26.18892, 45.57453], [26.13957, 45.57298], [26.10045, 45.5644], [26.07906, 45.58022], [26.04821, 45.61406], [26.02893, 45.62569], [26.01002, 45.63339], [25.99049, 45.63907], [25.98036, 45.64507], [25.96501, 45.66677], [25.94951, 45.68445], [25.91953, 45.70548], [25.89473, 45.71778], [25.80176, 45.74238], [25.7844, 45.74896], [25.76859, 45.76527], [25.7628, 45.75909], [25.7473, 45.75674], [25.73288, 45.75276], [25.71893, 45.75199], [25.70451, 45.75909], [25.69671, 45.75408], [25.68911, 45.75189], [25.67097, 45.75163], [25.66901, 45.78501], [25.63769, 45.80808], [25.56731, 45.84103], [25.5579, 45.85431], [25.55403, 45.86973], [25.55258, 45.93492], [25.5546, 45.95709], [25.56111, 45.97073], [25.56111, 45.97818], [25.55837, 45.98797], [25.57098, 46.02143], [25.56731, 46.03903], [25.55475, 46.04566], [25.53392, 46.04957], [25.5145, 46.0491], [25.50587, 46.04272], [25.49274, 46.05533], [25.45977, 46.07269], [25.45124, 46.08334], [25.44814, 46.09202], [25.4545, 46.10587], [25.42721, 46.12721], [25.38282, 46.13829], [25.36758, 46.14612], [25.35099, 46.15698], [25.33022, 46.16462], [25.31332, 46.16741], [25.29652, 46.1669], [25.24159, 46.14948], [25.18805, 46.14344], [25.10956, 46.20162], [25.05649, 46.23031], [25.0399, 46.23454], [24.99334, 46.23351], [24.97375, 46.23788], [24.95561, 46.24943], [24.87665, 46.31635], [24.87045, 46.32523], [24.87185, 46.33138], [24.87882, 46.33699], [24.90084, 46.34348], [24.91045, 46.34782], [24.91774, 46.35224], [24.92323, 46.35479], [24.41162, 46.42396], [24.22485, 46.62043], [24.3457, 46.6958], [24.44458, 46.61288], [24.66431, 46.64305], [25.15869, 46.64305], [25.22344, 46.62823], [25.22934, 46.63286], [25.27218, 46.65738], [25.28071, 46.66738], [25.28273, 46.67694], [25.27993, 46.70392], [25.28288, 46.72268], [25.28877, 46.74438], [25.28939, 46.75849], [25.28614, 46.76771], [25.28164, 46.77469], [25.2605, 46.81608], [25.25482, 46.83833], [25.27079, 46.90603], [25.268, 46.96669], [25.26412, 46.98246], [25.2574, 46.99434], [25.24764, 47.00349], [25.22531, 47.01909], [25.21663, 47.03002], [25.21136, 47.03832], [25.20469, 47.07643], [25.2419, 47.06633], [25.25482, 47.06571], [25.26986, 47.06643], [25.28257, 47.07036], [25.29187, 47.07677], [25.2973, 47.08478], [25.29885, 47.09307], [25.29931, 47.10242], [25.30164, 47.11165], [25.31177, 47.12296], [25.32836, 47.13051], [25.34804, 47.13661], [25.37254, 47.14033], [25.3898, 47.13973], [25.40685, 47.13485], [25.51889, 47.0824], [25.53005, 47.07444], [25.53987, 47.06522], [25.55212, 47.05594], [25.56793, 47.04881], [25.58359, 47.04731], [25.60441, 47.04935], [25.61867, 47.05258], [25.67128, 47.0579], [25.69376, 47.05418], [25.72203, 47.0456], [25.73707, 47.03899], [25.75055, 47.02778], [25.7627, 47.01248], [25.77944, 46.98318], [25.79184, 46.9661], [25.80936, 46.94974], [25.84305, 46.9323], [25.85716, 46.92298], [25.86584, 46.91285], [25.87127, 46.89641], [25.87049, 46.8884], [25.86677, 46.8837], [25.86026, 46.88329], [25.84197, 46.88567], [25.83205, 46.8853], [25.82445, 46.88251], [25.81944, 46.87781], [25.81696, 46.8698], [25.81654, 46.85918], [25.82817, 46.69361], [25.83282, 46.68116], [25.84088, 46.67018], [25.85577, 46.65769], [25.88899, 46.63478], [25.90093, 46.63007], [25.91116, 46.6293], [25.91504, 46.63555], [25.91364, 46.64465], [25.90729, 46.66576], [25.90698, 46.67483], [25.91752, 46.67974], [25.92713, 46.68185], [26.00878, 46.66795], [26.01204, 46.59359], [26.02893, 46.54853], [26.04165, 46.53204], [26.05627, 46.51711], [26.06914, 46.49861], [26.06991, 46.48719], [26.0603, 46.48016], [26.0463, 46.4767], [26.0325, 46.46827], [26.02428, 46.45489], [26.01886, 46.42683], [26.0249, 46.41267], [26.0387, 46.40329], [26.07983, 46.39531], [26.1326, 46.39066], [26.14686, 46.38471], [26.16195, 46.37309], [26.16737, 46.36167], [26.16815, 46.35004], [26.16024, 46.32624], [26.15947, 46.31255], [26.16784, 46.30622], [26.18226, 46.30573], [26.20784, 46.31149], [26.24711, 46.32655], [26.26199, 46.32826], [26.27584, 46.32668], [26.29274, 46.3197], [26.29894, 46.31113], [26.30018, 46.30203], [26.28685, 46.27619], [26.28452, 46.2672], [26.27987, 46.22651], [26.27553, 46.2164], [26.26339, 46.19873], [26.25905, 46.18806], [26.25161, 46.15028], [26.29321, 46.16008], [26.32504, 46.17935], [26.33372, 46.18046], [26.34178, 46.17759], [26.35512, 46.16586], [26.36333, 46.16083], [26.40012, 46.14452], [26.41005, 46.13625], [26.41485, 46.12799], [26.41284, 46.12127], [26.39873, 46.11036], [26.39609, 46.10339], [26.40214, 46.09434], [26.42121, 46.08742], [26.43206, 46.08158], [26.44064, 46.07478], [26.44591, 46.06572], [26.45521, 46.04458], [26.46141, 46.03538], [26.46808, 46.02737], [26.48482, 46.02125], [26.4209, 45.95045], [26.40478, 45.91751], [26.40323, 45.90255]]], [[[23.74695, 46.59719], [23.95569, 46.567], [24.0271, 46.44228], [23.75793, 46.46119], [23.61511, 46.55567], [23.74695, 46.59719]]]]}, "properties": {"id": "culture-and-language/szekelys", "status": "validé", "pieces": [{"kind": "admin1", "code": "ROU-307"}, {"kind": "admin1", "code": "ROU-306"}, {"kind": "polygon", "ring": [[24.97192, 46.34821], [24.41162, 46.42396], [24.22485, 46.62043], [24.3457, 46.6958], [24.44458, 46.61288], [24.66431, 46.64305], [25.15869, 46.64305], [25.29053, 46.61288]]}, {"kind": "clip"}, {"kind": "polygon", "ring": [[24.0271, 46.44228], [23.75793, 46.46119], [23.61511, 46.55567], [23.74695, 46.59719], [23.95569, 46.567]]}]}}, {"type": "Feature", "geometry": {"type": "Polygon", "coordinates": [[[23.10425, 47.96088], [23.04932, 47.71763], [22.86255, 47.41383], [22.53296, 47.011], [22.11548, 46.70311], [21.99463, 46.3783], [22.17041, 45.83008], [22.37915, 45.36135], [22.26929, 44.74069], [22.10996, 44.50787], [22.10431, 44.50964], [22.08695, 44.52178], [22.07631, 44.55072], [22.06711, 44.55723], [22.05574, 44.56214], [22.0452, 44.56922], [22.03982, 44.57687], [22.03617, 44.58949], [22.03424, 44.59617], [22.03217, 44.60332], [22.00427, 44.65154], [21.99435, 44.65857], [21.96241, 44.66229], [21.87198, 44.69598], [21.85544, 44.69846], [21.83828, 44.69521], [21.8017, 44.68389], [21.75684, 44.67727], [21.70517, 44.67707], [21.65628, 44.68766], [21.61969, 44.71391], [21.61029, 44.73195], [21.60429, 44.74998], [21.59561, 44.76595], [21.57804, 44.77768], [21.55841, 44.78166], [21.49722, 44.77804], [21.41216, 44.78481], [21.39593, 44.79024], [21.37857, 44.81665], [21.36059, 44.82641], [21.3598, 44.82666], [21.34281, 44.83194], [21.34643, 44.84564], [21.35552, 44.85659], [21.36855, 44.86486], [21.39531, 44.87163], [21.4534, 44.86956], [21.48151, 44.87261], [21.52213, 44.88078], [21.53629, 44.8893], [21.53908, 44.90847], [21.53102, 44.92465], [21.51634, 44.9339], [21.48151, 44.94356], [21.4565, 44.95235], [21.40844, 44.95834], [21.38518, 44.9695], [21.38456, 44.97493], [21.38705, 44.98154], [21.38395, 44.98666], [21.36699, 44.98728], [21.35346, 44.98981], [21.35139, 44.99824], [21.35614, 45.00857], [21.36338, 45.01653], [21.3733, 45.0201], [21.39883, 45.02139], [21.40927, 45.02397], [21.42188, 45.03141], [21.42508, 45.03622], [21.4256, 45.04325], [21.42952, 45.0573], [21.43252, 45.06149], [21.441, 45.06872], [21.44379, 45.07291], [21.44441, 45.07787], [21.44441, 45.08526], [21.44379, 45.09146], [21.44244, 45.09291], [21.44999, 45.10102], [21.45857, 45.10733], [21.469, 45.11105], [21.48151, 45.11156], [21.49412, 45.11931], [21.49784, 45.13187], [21.49329, 45.1451], [21.48439, 45.1527], [21.45939, 45.17404], [21.43376, 45.18882], [21.40555, 45.19967], [21.2993, 45.22318], [21.25713, 45.22411], [21.23925, 45.22939], [21.20607, 45.24592], [21.18974, 45.25956], [21.15564, 45.29517], [21.13941, 45.3037], [21.12918, 45.30189], [21.11306, 45.28933], [21.10334, 45.28607], [21.09156, 45.28809], [21.08278, 45.29367], [21.0743, 45.30054], [21.06396, 45.30628], [21.01667, 45.32148], [20.98149, 45.33279], [20.96619, 45.34157], [20.92764, 45.37749], [20.86305, 45.41873], [20.83039, 45.45252], [20.81602, 45.46286], [20.79948, 45.46854], [20.7816, 45.47257], [20.76713, 45.47934], [20.76073, 45.49335], [20.78316, 45.50606], [20.79762, 45.5165], [20.80021, 45.5305], [20.78739, 45.55365], [20.75804, 45.58926], [20.75442, 45.60559], [20.76217, 45.6306], [20.77323, 45.64889], [20.77726, 45.65752], [20.77995, 45.67168], [20.77912, 45.72367], [20.7816, 45.73395], [20.78553, 45.74341], [20.78574, 45.75256], [20.77747, 45.76232], [20.76517, 45.76677], [20.75411, 45.76356], [20.74533, 45.75499], [20.73944, 45.74341], [20.72683, 45.73618], [20.71339, 45.73333], [20.70006, 45.7354], [20.68807, 45.7431], [20.67856, 45.75664], [20.65562, 45.77731], [20.6459, 45.78873], [20.64349, 45.79514], [20.64229, 45.79834], [20.64011, 45.8187], [20.6367, 45.82702], [20.62968, 45.83328], [20.61231, 45.84149], [20.60528, 45.84614], [20.57211, 45.88769], [20.55671, 45.89844], [20.538, 45.90371], [20.49986, 45.90666], [20.48167, 45.9127], [20.42907, 45.94671], [20.41026, 45.95559], [20.37098, 45.96779], [20.35393, 45.97668], [20.33863, 45.9928], [20.31765, 46.03859], [20.30567, 46.05357], [20.24283, 46.10809], [20.28324, 46.1438], [20.44416, 46.1469], [20.46855, 46.17413], [20.50937, 46.16767], [20.54896, 46.15615], [20.5781, 46.13755], [20.58802, 46.13284], [20.60012, 46.12964], [20.60756, 46.12949], [20.66399, 46.13775], [20.68352, 46.14468], [20.69882, 46.15646], [20.70419, 46.16633], [20.70437, 46.16853], [20.70533, 46.18064], [20.71029, 46.18809], [20.71784, 46.19], [20.72714, 46.18773], [20.73665, 46.18669], [20.74471, 46.19227], [20.74481, 46.20028], [20.73551, 46.2225], [20.73499, 46.23191], [20.73933, 46.23749], [20.7785, 46.26007], [20.78737, 46.26339], [20.79866, 46.26762], [20.81964, 46.2717], [20.83969, 46.27108], [20.84899, 46.26777], [20.86697, 46.25713], [20.87514, 46.25439], [20.88506, 46.25501], [20.89974, 46.26069], [20.90656, 46.26219], [20.92444, 46.25955], [20.96175, 46.24834], [20.98149, 46.24886], [20.99058, 46.2516], [20.99916, 46.2516], [21.00702, 46.24886], [21.01394, 46.24307], [21.03347, 46.23134], [21.05146, 46.23609], [21.09921, 46.27635], [21.10562, 46.27867], [21.13487, 46.27852], [21.14448, 46.28374], [21.15595, 46.29893], [21.16453, 46.31826], [21.16866, 46.36275], [21.17879, 46.38446], [21.19564, 46.3981], [21.21517, 46.4029], [21.25754, 46.40417], [21.2807, 46.41639], [21.27439, 46.43836], [21.24514, 46.47688], [21.24762, 46.49747], [21.26168, 46.51334], [21.27894, 46.5284], [21.29134, 46.54672], [21.29527, 46.58504], [21.30095, 46.60393], [21.31625, 46.61664], [21.33764, 46.62041], [21.37444, 46.61845], [21.39604, 46.62635], [21.41681, 46.64522], [21.42354, 46.65823], [21.42549, 46.66201], [21.43624, 46.67374], [21.46353, 46.67705], [21.48358, 46.68485], [21.50177, 46.70351], [21.50518, 46.72325], [21.4782, 46.73593], [21.47521, 46.73785], [21.47262, 46.7402], [21.47045, 46.74301], [21.47138, 46.74903], [21.47366, 46.75487], [21.47707, 46.76022], [21.48151, 46.76498], [21.5029, 46.80531], [21.51572, 46.82159], [21.5366, 46.83502], [21.57308, 46.84177], [21.58342, 46.84794], [21.59179, 46.86071], [21.59148, 46.87153], [21.58807, 46.8822], [21.58714, 46.8944], [21.58869, 46.90618], [21.58993, 46.90887], [21.59437, 46.91001], [21.64005, 46.93569], [21.64853, 46.94298], [21.66755, 46.99238], [21.67137, 46.99336], [21.67075, 46.99439], [21.66176, 47.00607], [21.65483, 47.00995], [21.64522, 47.01124], [21.63664, 47.01408], [21.63427, 47.01942], [21.63282, 47.02269], [21.67189, 47.05473], [21.69421, 47.06917], [21.74351, 47.0916], [21.76377, 47.10521], [21.77049, 47.11402], [21.77545, 47.13167], [21.77989, 47.14074], [21.7894, 47.1503], [21.81152, 47.16469], [21.81989, 47.17273], [21.82598, 47.18505], [21.82568, 47.19428], [21.8233, 47.20332], [21.82361, 47.21492], [21.82774, 47.22601], [21.83932, 47.24084], [21.84459, 47.24993], [21.85606, 47.28574], [21.86216, 47.29742], [21.90081, 47.33574], [21.919, 47.34967], [21.93699, 47.35716], [21.98153, 47.3661], [22.00158, 47.39383], [22.00024, 47.42718], [21.99145, 47.46181], [21.98887, 47.49294], [22.00789, 47.51741], [22.03745, 47.53932], [22.09956, 47.57095], [22.14855, 47.57935], [22.15418, 47.58221], [22.16209, 47.58624], [22.16736, 47.59379], [22.16761, 47.59486], [22.16912, 47.60139], [22.16984, 47.60878], [22.17284, 47.61539], [22.19764, 47.63932], [22.20074, 47.64794], [22.20415, 47.66629], [22.20787, 47.67373], [22.21521, 47.67993], [22.23216, 47.68825], [22.23981, 47.69347], [22.26172, 47.71585], [22.27309, 47.72375], [22.29159, 47.73071], [22.30937, 47.73505], [22.32208, 47.73587], [22.36828, 47.73117], [22.38264, 47.73202], [22.39587, 47.73569], [22.40734, 47.74308], [22.42367, 47.78256], [22.45437, 47.78739], [22.52848, 47.76104], [22.56299, 47.75722], [22.60123, 47.76094], [22.63772, 47.77155], [22.66697, 47.78879], [22.69167, 47.8107], [22.70386, 47.81719], [22.72423, 47.82349], [22.74583, 47.82499], [22.75182, 47.82768], [22.76029, 47.83892], [22.75833, 47.84623], [22.75327, 47.85269], [22.75285, 47.86124], [22.7636, 47.87475], [22.77962, 47.8823], [22.81972, 47.89232], [22.83605, 47.90245], [22.86117, 47.93382], [22.8776, 47.94674], [22.89786, 47.95098], [22.91584, 47.95919], [22.92421, 47.97273], [22.91574, 47.99299], [22.92411, 48.00482], [22.9393, 48.00565], [22.95708, 48.00012], [22.97248, 47.99289], [22.98819, 47.98637], [23.00442, 47.98307], [23.02033, 47.98472], [23.06312, 48.00746], [23.07655, 48.02451], [23.07813, 48.02779], [23.10425, 47.96088]]]}, "properties": {"id": "dE1L", "status": "validé", "pieces": [{"kind": "polygon", "ring": [[22.06055, 44.43568], [22.26929, 44.74069], [22.37915, 45.36135], [22.17041, 45.83008], [21.99463, 46.3783], [22.11548, 46.70311], [22.53296, 47.011], [22.86255, 47.41383], [23.04932, 47.71763], [23.10425, 47.96088], [23.03833, 48.12974], [20.39063, 46.81596], [19.83032, 45.63846], [20.59937, 44.87315]]}, {"kind": "clip"}]}}, {"type": "Feature", "geometry": {"type": "MultiPolygon", "coordinates": [[[[21.42334, 46.02099], [21.42334, 45.53079], [21.27756, 45.22366], [21.25713, 45.22411], [21.23925, 45.22939], [21.20607, 45.24592], [21.18974, 45.25956], [21.15564, 45.29517], [21.13941, 45.3037], [21.12918, 45.30189], [21.11306, 45.28933], [21.10334, 45.28607], [21.09156, 45.28809], [21.08278, 45.29367], [21.0743, 45.30054], [21.06396, 45.30628], [21.01667, 45.32148], [20.98149, 45.33279], [20.96619, 45.34157], [20.92764, 45.37749], [20.86305, 45.41873], [20.83039, 45.45252], [20.81602, 45.46286], [20.79948, 45.46854], [20.7816, 45.47257], [20.76713, 45.47934], [20.76073, 45.49335], [20.78316, 45.50606], [20.79762, 45.5165], [20.80021, 45.5305], [20.78739, 45.55365], [20.75804, 45.58926], [20.75442, 45.60559], [20.76217, 45.6306], [20.77323, 45.64889], [20.77726, 45.65752], [20.77995, 45.67168], [20.77912, 45.72367], [20.7816, 45.73395], [20.78553, 45.74341], [20.78574, 45.75256], [20.77747, 45.76232], [20.76517, 45.76677], [20.75411, 45.76356], [20.74533, 45.75499], [20.73944, 45.74341], [20.72683, 45.73618], [20.71339, 45.73333], [20.70006, 45.7354], [20.68807, 45.7431], [20.67856, 45.75664], [20.65562, 45.77731], [20.6459, 45.78873], [20.64349, 45.79514], [20.64229, 45.79834], [20.64011, 45.8187], [20.6367, 45.82702], [20.62968, 45.83328], [20.61231, 45.84149], [20.60528, 45.84614], [20.57211, 45.88769], [20.55671, 45.89844], [20.538, 45.90371], [20.49986, 45.90666], [20.48167, 45.9127], [20.42907, 45.94671], [20.41026, 45.95559], [20.37098, 45.96779], [20.35393, 45.97668], [20.33863, 45.9928], [20.31765, 46.03859], [20.30567, 46.05357], [20.24283, 46.10809], [20.28324, 46.1438], [20.44416, 46.1469], [20.46855, 46.17413], [20.50937, 46.16767], [20.54896, 46.15615], [20.5781, 46.13755], [20.58802, 46.13284], [20.60012, 46.12964], [20.60756, 46.12949], [20.66399, 46.13775], [20.68352, 46.14468], [20.69882, 46.15646], [20.70419, 46.16633], [20.70437, 46.16853], [20.70533, 46.18064], [20.71029, 46.18809], [20.71784, 46.19], [20.72714, 46.18773], [20.73665, 46.18669], [20.74471, 46.19227], [20.74481, 46.20028], [20.73551, 46.2225], [20.73499, 46.23191], [20.73933, 46.23749], [20.7785, 46.26007], [20.78737, 46.26339], [20.79866, 46.26762], [20.81964, 46.2717], [20.83969, 46.27108], [20.84899, 46.26777], [20.86697, 46.25713], [20.87514, 46.25439], [20.88506, 46.25501], [20.89974, 46.26069], [20.90656, 46.26219], [20.92444, 46.25955], [20.96175, 46.24834], [20.98149, 46.24886], [20.99058, 46.2516], [20.99916, 46.2516], [21.00702, 46.24886], [21.01394, 46.24307], [21.03347, 46.23134], [21.05146, 46.23609], [21.09921, 46.27635], [21.10562, 46.27867], [21.13487, 46.27852], [21.14448, 46.28374], [21.15595, 46.29893], [21.16453, 46.31826], [21.16813, 46.35706], [21.33545, 46.2265], [21.42334, 46.02099]]], [[[29.13574, 45.12933], [29.31152, 45.06731], [29.30054, 45.00523], [29.21265, 44.95085], [29.09908, 44.95728], [29.11061, 44.97004], [29.10174, 44.98029], [29.05828, 45.00096], [29.04518, 45.00483], [29.01441, 45.00483], [28.98325, 45.01227], [28.97283, 45.01097], [28.96925, 45.00585], [28.96608, 44.99657], [28.96022, 44.9877], [28.94923, 44.98371], [28.92701, 44.98261], [28.91684, 44.97968], [28.88006, 44.95478], [28.8694, 44.94335], [28.86354, 44.92231], [28.86508, 44.91657], [28.87436, 44.91157], [28.87664, 44.90485], [28.87468, 44.89912], [28.87013, 44.89643], [28.86549, 44.89468], [28.86354, 44.89155], [28.86647, 44.88264], [28.87355, 44.87499], [28.88152, 44.8697], [28.90406, 44.86274], [28.90644, 44.86097], [28.87481, 44.75527], [28.86883, 44.75357], [28.80844, 44.72687], [28.79835, 44.7202], [28.78883, 44.70624], [28.78712, 44.69331], [28.79371, 44.68789], [28.80836, 44.69636], [28.80421, 44.68423], [28.78541, 44.67967], [28.78102, 44.66527], [28.78403, 44.64924], [28.79249, 44.64472], [28.84555, 44.65156], [28.85282, 44.65467], [28.84948, 44.63253], [28.83627, 44.62743], [28.78785, 44.60961], [28.77418, 44.60077], [28.79152, 44.62385], [28.79469, 44.63426], [28.7798, 44.63581], [28.76694, 44.63373], [28.75782, 44.62678], [28.75367, 44.61376], [28.76677, 44.61376], [28.76059, 44.6037], [28.76441, 44.59589], [28.77443, 44.59016], [28.78785, 44.58649], [28.74806, 44.57779], [28.73268, 44.56786], [28.73268, 44.55231], [28.73715, 44.55707], [28.74391, 44.562], [28.74692, 44.56598], [28.76108, 44.56021], [28.77418, 44.55231], [28.76564, 44.53889], [28.75343, 44.51349], [28.74562, 44.48615], [28.75025, 44.4667], [28.75847, 44.46528], [28.76637, 44.4726], [28.77198, 44.48371], [28.77833, 44.50739], [28.7881, 44.51537], [28.80836, 44.52505], [28.83754, 44.55344], [28.82714, 44.48452], [28.79672, 44.46792], [28.70655, 44.38105], [28.6963, 44.35834], [28.69313, 44.34614], [28.68019, 44.35334], [28.6644, 44.34837], [28.65122, 44.34003], [28.64088, 44.32856], [28.6351, 44.31639], [28.63234, 44.30244], [28.63103, 44.26435], [28.63527, 44.25202], [28.65122, 44.23078], [28.6589, 44.21349], [28.42163, 44.23924], [28.21289, 44.27071], [28.09204, 44.38854], [28.14697, 44.51397], [28.17993, 44.80299], [28.16895, 45.09058], [27.83936, 45.34585], [27.67456, 45.76877], [27.75146, 46.1809], [27.74048, 46.4842], [27.70752, 46.69551], [27.49878, 46.8985], [27.21313, 47.16049], [26.93848, 47.35428], [26.74072, 47.72496], [26.78467, 48.06367], [26.94958, 48.19811], [26.95058, 48.19752], [26.95565, 48.186], [26.96309, 48.17538], [26.99761, 48.16657], [26.99761, 48.15794], [26.98624, 48.15042], [26.9666, 48.14959], [26.9666, 48.14337], [26.99399, 48.13241], [27.0127, 48.12812], [27.0251, 48.13505], [27.03368, 48.13239], [27.04277, 48.1273], [27.04804, 48.12223], [27.04796, 48.12141], [27.04742, 48.1165], [27.03688, 48.10735], [27.0343, 48.10177], [27.04174, 48.07727], [27.05921, 48.05805], [27.08318, 48.04366], [27.10933, 48.0335], [27.10933, 48.02609], [27.08897, 48.01981], [27.09001, 48.01562], [27.09145, 48.01185], [27.09336, 48.00844], [27.09579, 48.0056], [27.12148, 48.01319], [27.1346, 48.00046], [27.14375, 47.98684], [27.15718, 47.99195], [27.16876, 47.98307], [27.16979, 47.97379], [27.16287, 47.96501], [27.15098, 47.9578], [27.17196, 47.94643], [27.17827, 47.94413], [27.17827, 47.9421], [27.17827, 47.93793], [27.1607, 47.92173], [27.17155, 47.91263], [27.19419, 47.90405], [27.21238, 47.88951], [27.21155, 47.88501], [27.2132, 47.85413], [27.21238, 47.84793], [27.22281, 47.84266], [27.23491, 47.84021], [27.24581, 47.83659], [27.25341, 47.82809], [27.2192, 47.81377], [27.23108, 47.80708], [27.24488, 47.79259], [27.2562, 47.77755], [27.26085, 47.76908], [27.26467, 47.76455], [27.28245, 47.75569], [27.28751, 47.75233], [27.28811, 47.75068], [27.29113, 47.74241], [27.28958, 47.73169], [27.29506, 47.72443], [27.29506, 47.71817], [27.27201, 47.71497], [27.2811, 47.69301], [27.30405, 47.66655], [27.36916, 47.60831], [27.39707, 47.58909], [27.42838, 47.58102], [27.4294, 47.57813], [27.43134, 47.57264], [27.43582, 47.55994], [27.43898, 47.55371], [27.44027, 47.5501], [27.44006, 47.54103], [27.44213, 47.53663], [27.44606, 47.53488], [27.45691, 47.5339], [27.45949, 47.53322], [27.46673, 47.50635], [27.47313, 47.49178], [27.48368, 47.48542], [27.49256, 47.48454], [27.49752, 47.48243], [27.50145, 47.47995], [27.50724, 47.47798], [27.53298, 47.47741], [27.53453, 47.47798], [27.54817, 47.47426], [27.56315, 47.46834], [27.57587, 47.46041], [27.583, 47.45067], [27.57478, 47.44625], [27.56936, 47.43855], [27.56553, 47.42827], [27.56253, 47.41654], [27.58031, 47.406], [27.57235, 47.3752], [27.58641, 47.36876], [27.58872, 47.36739], [27.59995, 47.36073], [27.62403, 47.32143], [27.63695, 47.30667], [27.6447, 47.30399], [27.67173, 47.29985], [27.68232, 47.29525], [27.68987, 47.29089], [27.69782, 47.2875], [27.72283, 47.28332], [27.73327, 47.27562], [27.75363, 47.25143], [27.75239, 47.23893], [27.76304, 47.22632], [27.78831, 47.20428], [27.80035, 47.17697], [27.80211, 47.17635], [27.80479, 47.16849], [27.80769, 47.16247], [27.80588, 47.15823], [27.79466, 47.15583], [27.80655, 47.14462], [27.84986, 47.12852], [27.84986, 47.12172], [27.84376, 47.11439], [27.8482, 47.11142], [27.85771, 47.10932], [27.86701, 47.10464], [27.8976, 47.08142], [27.92592, 47.06876], [27.93843, 47.06106], [27.93874, 47.04664], [27.96313, 47.04338], [27.98659, 47.03323], [28.0083, 47.0263], [28.02804, 47.03297], [28.03703, 47.01646], [28.03815, 47.01548], [28.06907, 46.9885], [28.08271, 46.97153], [28.1023, 46.93512], [28.10499, 46.92018], [28.10545, 46.91768], [28.09687, 46.90262], [28.11356, 46.89476], [28.11434, 46.88339], [28.1131, 46.87143], [28.12426, 46.86164], [28.12426, 46.85419], [28.12261, 46.84227], [28.12152, 46.8343], [28.1378, 46.80624], [28.17816, 46.75865], [28.1781, 46.73984], [28.23412, 46.66242], [28.24425, 46.63537], [28.24508, 46.63145], [28.24735, 46.62083], [28.24714, 46.60716], [28.24053, 46.59638], [28.2305, 46.5839], [28.22544, 46.56956], [28.23412, 46.55313], [28.22477, 46.54874], [28.2211, 46.54119], [28.21903, 46.50373], [28.2211, 46.49577], [28.23412, 46.47807], [28.2381, 46.47559], [28.24234, 46.47652], [28.2458, 46.47551], [28.24714, 46.46719], [28.24725, 46.43619], [28.24606, 46.42786], [28.24022, 46.42027], [28.22606, 46.41536], [28.23329, 46.40177], [28.22864, 46.39611], [28.2268, 46.39555], [28.21955, 46.39334], [28.21293, 46.38869], [28.20715, 46.35815], [28.20239, 46.35392], [28.19035, 46.35107], [28.18792, 46.34379], [28.19195, 46.3235], [28.19288, 46.31123], [28.19133, 46.30777], [28.17779, 46.28705], [28.16575, 46.27883], [28.1563, 46.27537], [28.14493, 46.27294], [28.13521, 46.26932], [28.13108, 46.2624], [28.13449, 46.24534], [28.13211, 46.23992], [28.12085, 46.23785], [28.10896, 46.23413], [28.11098, 46.2256], [28.12932, 46.20467], [28.13563, 46.19884], [28.14152, 46.19196], [28.14472, 46.18323], [28.13325, 46.15997], [28.12736, 46.13533], [28.11051, 46.10149], [28.10782, 46.0961], [28.1008, 46.08199], [28.09284, 46.07838], [28.09015, 46.07337], [28.09046, 46.06799], [28.09656, 46.06504], [28.09687, 46.05967], [28.08447, 46.02458], [28.08271, 46.01471], [28.08612, 46.00055], [28.11051, 45.95043], [28.11237, 45.93921], [28.11485, 45.93322], [28.12085, 45.92629], [28.12498, 45.91839], [28.12281, 45.91079], [28.11878, 45.90314], [28.11744, 45.89524], [28.12023, 45.88785], [28.12911, 45.87513], [28.13108, 45.87136], [28.12818, 45.8664], [28.11495, 45.85973], [28.11051, 45.85431], [28.1133, 45.82537], [28.12891, 45.79503], [28.14648, 45.77116], [28.15495, 45.76181], [28.16374, 45.6615], [28.16177, 45.64543], [28.16797, 45.63246], [28.15371, 45.6275], [28.12085, 45.62771], [28.10772, 45.6244], [28.09118, 45.61598], [28.07475, 45.60487], [28.06214, 45.5936], [28.118, 45.57272], [28.14095, 45.56022], [28.15774, 45.53893], [28.16157, 45.53273], [28.16405, 45.53061], [28.16539, 45.52828], [28.16591, 45.49459], [28.17294, 45.48436], [28.1995, 45.46177], [28.21293, 45.4502], [28.21515, 45.45036], [28.23764, 45.45206], [28.26688, 45.44048], [28.28642, 45.42173], [28.2812, 45.40183], [28.31081, 45.34783], [28.33024, 45.32292], [28.35329, 45.31243], [28.37024, 45.30922], [28.40517, 45.29507], [28.49416, 45.27889], [28.57705, 45.24809], [28.71006, 45.22696], [28.74737, 45.23047], [28.77869, 45.23109], [28.7914, 45.23497], [28.80267, 45.24417], [28.77429, 45.25336], [28.76727, 45.25776], [28.76256, 45.26514], [28.75967, 45.27419], [28.76153, 45.28184], [28.79016, 45.29207], [28.79003, 45.29328], [29.13574, 45.12933]]]]}, "properties": {"id": "eDOq", "status": "validé", "pieces": [{"kind": "polygon", "ring": [[21.08276, 46.42368], [21.33545, 46.2265], [21.42334, 46.02099], [21.42334, 45.53079], [21.26953, 45.20675], [20.45654, 45.19128], [19.70947, 46.2341]]}, {"kind": "clip"}, {"kind": "polygon", "ring": [[26.98242, 48.22488], [26.78467, 48.06367], [26.74072, 47.72496], [26.93848, 47.35428], [27.21313, 47.16049], [27.49878, 46.8985], [27.70752, 46.69551], [27.74048, 46.4842], [27.75146, 46.1809], [27.67456, 45.76877], [27.83936, 45.34585], [28.16895, 45.09058], [28.17993, 44.80299], [28.14697, 44.51397], [28.09204, 44.38854], [28.21289, 44.27071], [28.42163, 44.23924], [28.78418, 44.19989], [28.86108, 44.70941], [28.93799, 44.96639], [29.21265, 44.95085], [29.30054, 45.00523], [29.31152, 45.06731], [29.13574, 45.12933], [28.63037, 45.369], [27.94922, 47.81353], [27.45483, 48.20292]]}]}}, {"type": "Feature", "geometry": null, "properties": {"id": "eXuS", "status": "validé", "pieces": [{"kind": "country"}]}}, {"type": "Feature", "geometry": null, "properties": {"id": "infrastructure/annabelle", "status": "validé", "pieces": [{"kind": "admin1", "code": "ROU-304"}, {"kind": "admin1", "code": "ROU-302"}]}}, {"type": "Feature", "geometry": {"type": "Polygon", "coordinates": [[[23.62061, 47.63264], [23.62061, 47.67656], [23.52104, 47.67656], [23.52104, 47.63264], [23.62061, 47.63264]]]}, "properties": {"id": "infrastructure/baia-mare", "status": "validé", "pieces": [{"kind": "rect", "bounds": [23.52104, 47.63264, 23.62061, 47.67656]}]}}, {"type": "Feature", "geometry": {"type": "Polygon", "coordinates": [[[25.72449, 45.57868], [25.72449, 45.72645], [25.47455, 45.72645], [25.47455, 45.57868], [25.72449, 45.57868]]]}, "properties": {"id": "infrastructure/brasov-lamps", "status": "validé", "pieces": [{"kind": "rect", "bounds": [25.47455, 45.57868, 25.72449, 45.72645]}]}}, {"type": "Feature", "geometry": {"type": "Polygon", "coordinates": [[[28.77869, 43.96838], [28.77869, 44.34557], [28.49167, 44.34557], [28.49167, 43.96838], [28.77869, 43.96838]]]}, "properties": {"id": "infrastructure/constanta", "status": "validé", "pieces": [{"kind": "rect", "bounds": [28.49167, 43.96838, 28.77869, 44.34557]}]}}, {"type": "Feature", "geometry": null, "properties": {"id": "infrastructure/delgaz", "status": "validé", "pieces": [{"kind": "admin1", "code": "ROU-287"}, {"kind": "admin1", "code": "ROU-308"}, {"kind": "admin1", "code": "ROU-311"}, {"kind": "admin1", "code": "ROU-309"}, {"kind": "admin1", "code": "ROU-312"}, {"kind": "admin1", "code": "ROU-316"}]}}, {"type": "Feature", "geometry": null, "properties": {"id": "infrastructure/distributie-oltenia", "status": "validé", "pieces": [{"kind": "admin1", "code": "ROU-126"}, {"kind": "admin1", "code": "ROU-122"}, {"kind": "admin1", "code": "ROU-124"}, {"kind": "admin1", "code": "ROU-123"}, {"kind": "admin1", "code": "ROU-304"}, {"kind": "admin1", "code": "ROU-302"}, {"kind": "admin1", "code": "ROU-127"}]}}, {"type": "Feature", "geometry": {"type": "Polygon", "coordinates": [[[22.97241, 44.92428], [23.13721, 45.00004], [23.26355, 44.934], [23.35144, 44.79389], [23.51074, 44.58896], [23.48328, 44.55375], [23.38989, 44.66125], [23.20862, 44.86788], [23.09875, 44.90289], [22.97241, 44.92428]]]}, "properties": {"id": "infrastructure/industry", "status": "validé", "pieces": [{"kind": "polygon", "ring": [[22.97241, 44.92428], [23.13721, 45.00004], [23.26355, 44.934], [23.35144, 44.79389], [23.51074, 44.58896], [23.48328, 44.55375], [23.38989, 44.66125], [23.20862, 44.86788], [23.09875, 44.90289]]}]}}, {"type": "Feature", "geometry": null, "properties": {"id": "infrastructure/maramures-stickers", "status": "validé", "pieces": [{"kind": "admin1", "code": "ROU-298"}]}}, {"type": "Feature", "geometry": {"type": "MultiPolygon", "coordinates": [[[[25.86182, 44.25414], [25.86182, 44.54445], [26.33423, 44.54445], [26.33423, 44.25414], [25.86182, 44.25414]]], [[[27.94647, 45.4951], [28.13324, 45.4951], [28.13324, 45.35444], [27.94647, 45.35444], [27.94647, 45.4951]]], [[[27.46033, 47.2455], [27.69653, 47.2455], [27.69653, 47.02886], [27.46033, 47.02886], [27.46033, 47.2455]]]]}, "properties": {"id": "infrastructure/orange-tags", "status": "validé", "pieces": [{"kind": "rect", "bounds": [27.94647, 45.35444, 28.13324, 45.4951]}, {"kind": "rect", "bounds": [25.86182, 44.25414, 26.33423, 44.54445]}, {"kind": "rect", "bounds": [27.46033, 47.02886, 27.69653, 47.2455]}]}}, {"type": "Feature", "geometry": {"type": "Polygon", "coordinates": [[[26.33972, 44.28918], [26.33972, 44.56368], [25.88928, 44.56368], [25.88928, 44.28918], [26.33972, 44.28918]]]}, "properties": {"id": "infrastructure/public-transport/bucharest", "status": "validé", "pieces": [{"kind": "rect", "bounds": [25.88928, 44.28918, 26.33972, 44.56368]}]}}, {"type": "Feature", "geometry": {"type": "Polygon", "coordinates": [[[23.72086, 46.69112], [23.72086, 46.82278], [23.49564, 46.82278], [23.49564, 46.69112], [23.72086, 46.69112]]]}, "properties": {"id": "infrastructure/public-transport/cluj-napoca", "status": "validé", "pieces": [{"kind": "rect", "bounds": [23.49564, 46.69112, 23.72086, 46.82278]}]}}, {"type": "Feature", "geometry": {"type": "Polygon", "coordinates": [[[23.91449, 44.24557], [23.91449, 44.36738], [23.72498, 44.36738], [23.72498, 44.24557], [23.91449, 44.24557]]]}, "properties": {"id": "infrastructure/public-transport/craiova", "status": "validé", "pieces": [{"kind": "rect", "bounds": [23.72498, 44.24557, 23.91449, 44.36738]}]}}, {"type": "Feature", "geometry": {"type": "Polygon", "coordinates": [[[27.68967, 47.07405], [27.68967, 47.21037], [27.47269, 47.21037], [27.47269, 47.07405], [27.68967, 47.07405]]]}, "properties": {"id": "infrastructure/public-transport/iasi", "status": "validé", "pieces": [{"kind": "rect", "bounds": [27.47269, 47.07405, 27.68967, 47.21037]}]}}, {"type": "Feature", "geometry": {"type": "Polygon", "coordinates": [[[24.44939, 45.06052], [24.44939, 45.15402], [24.29489, 45.15402], [24.29489, 45.06052], [24.44939, 45.06052]]]}, "properties": {"id": "infrastructure/public-transport/ramnicu-valcea", "status": "validé", "pieces": [{"kind": "rect", "bounds": [24.29489, 45.06052, 24.44939, 45.15402]}]}}, {"type": "Feature", "geometry": {"type": "Polygon", "coordinates": [[[21.34918, 45.67776], [21.34918, 45.82718], [21.11572, 45.82718], [21.11572, 45.67776], [21.34918, 45.67776]]]}, "properties": {"id": "infrastructure/public-transport/timisoara", "status": "validé", "pieces": [{"kind": "rect", "bounds": [21.11572, 45.67776, 21.34918, 45.82718]}]}}, {"type": "Feature", "geometry": null, "properties": {"id": "infrastructure/roadnetwork", "status": "rejeté", "pieces": []}}, {"type": "Feature", "geometry": {"type": "Polygon", "coordinates": [[[27.93823, 44.12902], [28.16895, 44.34932], [28.19092, 44.69383], [28.30078, 44.91201], [28.38867, 45.12936], [28.79517, 45.12936], [29.28955, 45.04407], [29.19067, 44.98196], [28.94897, 44.97419], [28.76221, 44.84197], [28.59741, 44.4905], [28.34473, 44.26287], [28.46558, 44.06593], [28.35571, 43.94745], [28.2019, 43.97116], [28.14697, 44.10537], [27.93823, 44.12902]]]}, "properties": {"id": "infrastructure/wind-farms", "status": "validé", "pieces": [{"kind": "polygon", "ring": [[27.93823, 44.12902], [28.16895, 44.34932], [28.19092, 44.69383], [28.30078, 44.91201], [28.38867, 45.12936], [28.79517, 45.12936], [29.28955, 45.04407], [29.19067, 44.98196], [28.94897, 44.97419], [28.76221, 44.84197], [28.59741, 44.4905], [28.34473, 44.26287], [28.46558, 44.06593], [28.35571, 43.94745], [28.2019, 43.97116], [28.14697, 44.10537]]}]}}, {"type": "Feature", "geometry": {"type": "MultiPolygon", "coordinates": [[[[28.55132, 44.27887], [28.74358, 44.27887], [28.74358, 44.03068], [28.55132, 44.03068], [28.55132, 44.27887]]], [[[25.93657, 44.54559], [26.27989, 44.54559], [26.27989, 44.3221], [25.93657, 44.3221], [25.93657, 44.54559]]], [[[26.78123, 45.1869], [26.87256, 45.1869], [26.87256, 45.10266], [26.78123, 45.10266], [26.78123, 45.1869]]], [[[27.91901, 45.48703], [28.18542, 45.48703], [28.18542, 45.34056], [27.91901, 45.34056], [27.91901, 45.48703]]]]}, "properties": {"id": "kGpN", "status": "validé", "pieces": [{"kind": "rect", "bounds": [26.78123, 45.10266, 26.87256, 45.1869]}, {"kind": "rect", "bounds": [27.91901, 45.34056, 28.18542, 45.48703]}, {"kind": "rect", "bounds": [28.55132, 44.03068, 28.74358, 44.27887]}, {"kind": "rect", "bounds": [25.93657, 44.3221, 26.27989, 44.54559]}]}}, {"type": "Feature", "geometry": null, "properties": {"id": "khtk", "status": "validé", "pieces": [{"kind": "country"}]}}, {"type": "Feature", "geometry": {"type": "Polygon", "coordinates": [[[23.19214, 46.49959], [23.42285, 46.34819], [23.43384, 46.18117], [23.0603, 46.08223], [22.77466, 46.08985], [22.52197, 46.37093], [22.52197, 46.53738], [22.48901, 46.75601], [22.76367, 46.69578], [23.19214, 46.49959]]]}, "properties": {"id": "landscape/apuseni-mountains", "status": "validé", "pieces": [{"kind": "polygon", "ring": [[23.19214, 46.49959], [23.42285, 46.34819], [23.43384, 46.18117], [23.0603, 46.08223], [22.77466, 46.08985], [22.52197, 46.37093], [22.52197, 46.53738], [22.48901, 46.75601], [22.76367, 46.69578]]}]}}, {"type": "Feature", "geometry": {"type": "Polygon", "coordinates": [[[25.29116, 45.55011], [25.41962, 45.66614], [25.54047, 45.82516], [25.56519, 45.89399], [25.80139, 45.79646], [25.87006, 45.74475], [25.82886, 45.64695], [25.74921, 45.61624], [25.53497, 45.60663], [25.3949, 45.47588], [25.29116, 45.55011]]]}, "properties": {"id": "landscape/brasov-area", "status": "validé", "pieces": [{"kind": "polygon", "ring": [[25.28778, 45.54706], [25.41962, 45.66614], [25.54047, 45.82516], [25.56519, 45.89399], [25.80139, 45.79646], [25.87006, 45.74475], [25.82886, 45.64695], [25.74921, 45.61624], [25.53497, 45.60663], [25.3949, 45.47588], [25.26855, 45.56629]]}]}}, {"type": "Feature", "geometry": {"type": "Polygon", "coordinates": [[[25.73959, 45.20163], [25.73959, 45.5103], [25.33447, 45.5103], [25.33447, 45.20163], [25.73959, 45.20163]]]}, "properties": {"id": "landscape/bucegi-national-park", "status": "validé", "pieces": [{"kind": "rect", "bounds": [25.33447, 45.20163, 25.73959, 45.5103]}]}}, {"type": "Feature", "geometry": {"type": "Polygon", "coordinates": [[[26.07056, 45.3605], [25.99365, 45.20596], [26.30127, 45.17113], [26.49353, 45.2137], [26.73523, 45.39521], [26.84509, 45.60304], [26.81763, 45.64144], [26.72974, 45.57614], [26.61987, 45.57614], [26.42212, 45.45302], [26.19141, 45.36821], [26.07056, 45.3605]]]}, "properties": {"id": "landscape/buzau-hills", "status": "validé", "pieces": [{"kind": "polygon", "ring": [[26.07056, 45.3605], [25.99365, 45.20596], [26.30127, 45.17113], [26.49353, 45.2137], [26.73523, 45.39521], [26.84509, 45.60304], [26.81763, 45.64144], [26.72974, 45.57614], [26.61987, 45.57614], [26.42212, 45.45302], [26.19141, 45.36821]]}]}}, {"type": "Feature", "geometry": {"type": "Polygon", "coordinates": [[[23.8623, 47.03327], [24.20288, 47.07816], [24.64233, 47.07124], [24.93896, 47.03383], [24.74121, 46.75617], [24.35669, 46.46951], [24.31274, 46.12808], [24.23584, 45.99855], [24.06006, 46.0138], [23.9502, 46.12808], [23.63159, 46.20414], [23.63159, 46.44682], [23.76343, 46.76369], [23.65356, 47.07872], [23.8623, 47.03327]]]}, "properties": {"id": "landscape/central-hills", "status": "validé", "pieces": [{"kind": "polygon", "ring": [[23.8623, 47.03327], [24.20288, 47.07816], [24.64233, 47.07124], [24.93896, 47.03383], [24.74121, 46.75617], [24.35669, 46.46951], [24.31274, 46.12808], [24.23584, 45.99855], [24.06006, 46.0138], [23.9502, 46.12808], [23.63159, 46.20414], [23.63159, 46.44682], [23.76343, 46.76369], [23.65356, 47.07872]]}]}}, {"type": "Feature", "geometry": {"type": "MultiPolygon", "coordinates": [[[[26.3562, 46.0395], [26.25732, 46.00519], [26.14746, 45.75672], [25.83435, 45.74906], [25.74097, 45.86007], [26.04309, 46.10045], [26.3562, 46.0395]]], [[[25.74097, 46.33221], [25.7135, 46.58564], [25.75745, 46.65353], [25.81787, 46.60451], [25.97717, 46.32842], [25.91125, 46.21075], [25.74097, 46.33221]]], [[[25.35645, 46.7138], [25.28503, 46.97669], [25.37292, 47.00291], [25.68054, 46.64222], [25.53772, 46.63091], [25.35645, 46.7138]]]]}, "properties": {"id": "landscape/covasna-harghita", "status": "validé", "pieces": [{"kind": "polygon", "ring": [[26.04309, 46.10045], [25.74097, 45.86007], [25.83435, 45.74906], [26.14746, 45.75672], [26.25732, 46.00519], [26.3562, 46.0395]]}, {"kind": "polygon", "ring": [[25.97717, 46.32842], [25.91125, 46.21075], [25.74097, 46.33221], [25.7135, 46.58564], [25.75745, 46.65353], [25.81787, 46.60451]]}, {"kind": "polygon", "ring": [[25.68054, 46.64222], [25.53772, 46.63091], [25.35645, 46.7138], [25.28503, 46.97669], [25.37292, 47.00291]]}]}}, {"type": "Feature", "geometry": {"type": "Polygon", "coordinates": [[[24.27979, 45.65313], [24.46106, 45.76816], [24.9115, 45.81793], [25.08728, 45.86383], [25.2356, 45.86766], [25.24109, 45.76433], [25.09277, 45.6915], [24.87305, 45.68767], [24.55994, 45.68767], [24.27979, 45.65313]]]}, "properties": {"id": "landscape/fagaras", "status": "validé", "pieces": [{"kind": "polygon", "ring": [[24.27979, 45.65313], [24.46106, 45.76816], [24.9115, 45.81793], [25.08728, 45.86383], [25.2356, 45.86766], [25.24109, 45.76433], [25.09277, 45.6915], [24.87305, 45.68767], [24.55994, 45.68767]]}]}}, {"type": "Feature", "geometry": null, "properties": {"id": "landscape/tulcea-hills", "status": "validé", "pieces": [{"kind": "admin1", "code": "ROU-4847"}]}}, {"type": "Feature", "geometry": null, "properties": {"id": "n0lg", "status": "validé", "pieces": [{"kind": "country"}]}}, {"type": "Feature", "geometry": null, "properties": {"id": "piI6", "status": "validé", "pieces": [{"kind": "country"}]}}, {"type": "Feature", "geometry": null, "properties": {"id": "qXOq", "status": "validé", "pieces": [{"kind": "country"}]}}, {"type": "Feature", "geometry": null, "properties": {"id": "r5OO", "status": "validé", "pieces": [{"kind": "country"}]}}, {"type": "Feature", "geometry": {"type": "Polygon", "coordinates": [[[27.96021, 45.631], [27.79541, 45.62332], [27.63062, 45.75373], [27.55371, 45.91441], [27.54272, 46.03652], [27.43286, 46.07463], [27.16919, 46.12793], [27.11426, 46.34063], [27.11426, 46.49205], [27.13623, 46.64305], [27.50977, 46.74097], [27.79541, 46.75602], [28.01514, 46.75602], [28.12971, 46.82018], [28.1378, 46.80624], [28.17816, 46.75865], [28.1781, 46.73984], [28.23412, 46.66242], [28.24425, 46.63537], [28.24508, 46.63145], [28.24735, 46.62083], [28.24714, 46.60716], [28.24053, 46.59638], [28.2305, 46.5839], [28.22544, 46.56956], [28.23412, 46.55313], [28.22477, 46.54874], [28.2211, 46.54119], [28.21903, 46.50373], [28.2211, 46.49577], [28.23412, 46.47807], [28.2381, 46.47559], [28.24234, 46.47652], [28.2458, 46.47551], [28.24714, 46.46719], [28.24725, 46.43619], [28.24606, 46.42786], [28.24022, 46.42027], [28.22606, 46.41536], [28.23329, 46.40177], [28.22864, 46.39611], [28.2268, 46.39555], [28.21955, 46.39334], [28.21293, 46.38869], [28.20715, 46.35815], [28.20239, 46.35392], [28.19035, 46.35107], [28.18792, 46.34379], [28.19195, 46.3235], [28.19288, 46.31123], [28.19133, 46.30777], [28.17779, 46.28705], [28.16575, 46.27883], [28.1563, 46.27537], [28.14493, 46.27294], [28.13521, 46.26932], [28.13108, 46.2624], [28.13449, 46.24534], [28.13211, 46.23992], [28.12085, 46.23785], [28.10896, 46.23413], [28.11098, 46.2256], [28.12932, 46.20467], [28.13563, 46.19884], [28.14152, 46.19196], [28.14472, 46.18323], [28.13325, 46.15997], [28.12736, 46.13533], [28.11051, 46.10149], [28.10782, 46.0961], [28.1008, 46.08199], [28.09284, 46.07838], [28.09015, 46.07337], [28.09046, 46.06799], [28.09656, 46.06504], [28.09687, 46.05967], [28.08447, 46.02458], [28.08271, 46.01471], [28.08612, 46.00055], [28.11051, 45.95043], [28.11237, 45.93921], [28.11485, 45.93322], [28.12085, 45.92629], [28.12498, 45.91839], [28.12281, 45.91079], [28.11878, 45.90314], [28.11744, 45.89524], [28.12023, 45.88785], [28.12911, 45.87513], [28.13108, 45.87136], [28.12818, 45.8664], [28.11495, 45.85973], [28.11051, 45.85431], [28.1133, 45.82537], [28.12891, 45.79503], [28.14648, 45.77116], [28.15495, 45.76181], [28.16123, 45.69013], [27.96021, 45.631]]]}, "properties": {"id": "szyO", "status": "validé", "pieces": [{"kind": "polygon", "ring": [[28.13599, 46.82369], [28.01514, 46.75602], [27.79541, 46.75602], [27.50977, 46.74097], [27.13623, 46.64305], [27.11426, 46.49205], [27.11426, 46.34063], [27.16919, 46.12793], [27.43286, 46.07463], [27.54272, 46.03652], [27.55371, 45.91441], [27.63062, 45.75373], [27.79541, 45.62332], [27.96021, 45.631], [28.16895, 45.6924], [28.43262, 46.33304], [28.39966, 46.87626]]}, {"kind": "clip"}]}}, {"type": "Feature", "geometry": {"type": "Polygon", "coordinates": [[[23.62043, 45.42479], [23.62095, 45.42786], [23.6346, 45.4119], [23.64172, 45.39799], [23.66369, 45.37812], [23.67502, 45.35124], [23.69356, 45.31469], [23.69305, 45.30527], [23.67262, 45.30551], [23.6764, 45.32168], [23.65545, 45.34098], [23.64687, 45.35558], [23.64464, 45.37282], [23.61717, 45.40427], [23.61717, 45.41981], [23.62043, 45.42479]]]}, "properties": {"id": "t7FZ", "status": "validé", "pieces": [{"kind": "polygon", "ring": [[23.62043, 45.42479], [23.62095, 45.42786], [23.6346, 45.4119], [23.64172, 45.39799], [23.66369, 45.37812], [23.67502, 45.35124], [23.69356, 45.31469], [23.69305, 45.30527], [23.67262, 45.30551], [23.6764, 45.32168], [23.65545, 45.34098], [23.64687, 45.35558], [23.64464, 45.37282], [23.61717, 45.40427], [23.61717, 45.41981]]}]}}, {"type": "Feature", "geometry": null, "properties": {"id": "tag-90a970", "status": "proposé", "pieces": [{"kind": "polygon", "ring": [[26.31417, 48.18922], [26.2882, 48.20169], [26.29819, 48.22204], [26.50917, 48.24275], [26.52841, 48.23794], [26.53678, 48.22719], [26.53168, 48.21385], [26.51664, 48.20713], [26.41546, 48.19022]]}]}}, {"type": "Feature", "geometry": null, "properties": {"id": "tag-a079d8", "status": "proposé", "pieces": [{"kind": "polygon", "ring": [[24.10666, 47.90219], [24.07906, 47.92031], [24.07297, 47.93178], [24.07906, 47.94325], [24.09716, 47.94978], [24.11874, 47.94457], [24.15048, 47.91617], [24.14439, 47.9047], [24.12629, 47.89817]]}]}}, {"type": "Feature", "geometry": null, "properties": {"id": "tag-c53a11", "status": "proposé", "pieces": [{"kind": "polygon", "ring": [[24.1066, 47.90219], [24.07899, 47.92031], [24.07301, 47.93355], [24.09715, 47.94978], [24.11881, 47.94457], [24.15057, 47.91617], [24.14446, 47.9047], [24.1263, 47.89817]]}, {"kind": "polygon", "ring": [[26.41852, 48.19061], [26.29515, 48.19429], [26.28693, 48.20689], [26.30774, 48.22493], [26.50918, 48.24275], [26.52837, 48.23794], [26.53672, 48.22719], [26.52155, 48.20832]]}]}}, {"type": "Feature", "geometry": null, "properties": {"id": "toponymy/hungarian", "status": "rejeté", "pieces": []}}, {"type": "Feature", "geometry": {"type": "Polygon", "coordinates": [[[23.11523, 46.22767], [23.77441, 45.29299], [24.19189, 44.29551], [24.14503, 43.75555], [23.79992, 43.81846], [23.74287, 43.8427], [23.72075, 43.84583], [23.63611, 43.83216], [23.62085, 43.83401], [23.5927, 43.83743], [23.48469, 43.8806], [23.32515, 43.88659], [23.23448, 43.8773], [23.19696, 43.86275], [23.16192, 43.85732], [23.13185, 43.84795], [23.05255, 43.84282], [22.91956, 43.83423], [22.88876, 43.83952], [22.86344, 43.85541], [22.85104, 43.87435], [22.85052, 43.89699], [22.87471, 43.97205], [22.88587, 43.99453], [22.90582, 44.00398], [22.92649, 44.00615], [22.96628, 44.01556], [22.98809, 44.01768], [23.02302, 44.03163], [23.04007, 44.06233], [23.03098, 44.09307], [23.00831, 44.10045], [22.98809, 44.10703], [22.94261, 44.11147], [22.90644, 44.12289], [22.69164, 44.22843], [22.69074, 44.22888], [22.68536, 44.24366], [22.6895, 44.29172], [22.68154, 44.30531], [22.66252, 44.31166], [22.62118, 44.3159], [22.58284, 44.32841], [22.54935, 44.34897], [22.52269, 44.37507], [22.50512, 44.40406], [22.50398, 44.41171], [22.50636, 44.42752], [22.50543, 44.43501], [22.50098, 44.44194], [22.48, 44.45579], [22.477, 44.46395], [22.47721, 44.47698], [22.47979, 44.49041], [22.48414, 44.49977], [22.49106, 44.50421], [22.50036, 44.50638], [22.5355, 44.50752], [22.54842, 44.5117], [22.55669, 44.52147], [22.55979, 44.53878], [22.56558, 44.55542], [22.58046, 44.5655], [22.6003, 44.56979], [22.62118, 44.56922], [22.64216, 44.56312], [22.67854, 44.54555], [22.70014, 44.54183], [22.71937, 44.54436], [22.74169, 44.55186], [22.75926, 44.56467], [22.76515, 44.58281], [22.71472, 44.62306], [22.70014, 44.63061], [22.62118, 44.63743], [22.58749, 44.64937], [22.55328, 44.66916], [22.48372, 44.72399], [22.46894, 44.73019], [22.45055, 44.73298], [22.42605, 44.73365], [22.41551, 44.72781], [22.38068, 44.70053], [22.36115, 44.69205], [22.3197, 44.68534], [22.30492, 44.67738], [22.29903, 44.66167], [22.18514, 44.51511], [22.17211, 44.50535], [22.14824, 44.5009], [22.12664, 44.50266], [22.10431, 44.50964], [22.08695, 44.52178], [22.07631, 44.55072], [22.06711, 44.55723], [22.05574, 44.56214], [22.0452, 44.56922], [22.03982, 44.57687], [22.03617, 44.58949], [22.03424, 44.59617], [22.03217, 44.60332], [22.00427, 44.65154], [21.99435, 44.65857], [21.96241, 44.66229], [21.87198, 44.69598], [21.85544, 44.69846], [21.83828, 44.69521], [21.8017, 44.68389], [21.75684, 44.67727], [21.70517, 44.67707], [21.65628, 44.68766], [21.61969, 44.71391], [21.61029, 44.73195], [21.60429, 44.74998], [21.59561, 44.76595], [21.57804, 44.77768], [21.55841, 44.78166], [21.49722, 44.77804], [21.41216, 44.78481], [21.39593, 44.79024], [21.37857, 44.81665], [21.36059, 44.82641], [21.3598, 44.82666], [21.34281, 44.83194], [21.34643, 44.84564], [21.35552, 44.85659], [21.36855, 44.86486], [21.39531, 44.87163], [21.4534, 44.86956], [21.48151, 44.87261], [21.52213, 44.88078], [21.53629, 44.8893], [21.53908, 44.90847], [21.53102, 44.92465], [21.51634, 44.9339], [21.48151, 44.94356], [21.4565, 44.95235], [21.40844, 44.95834], [21.38518, 44.9695], [21.38456, 44.97493], [21.38705, 44.98154], [21.38395, 44.98666], [21.36699, 44.98728], [21.35346, 44.98981], [21.35139, 44.99824], [21.35614, 45.00857], [21.36338, 45.01653], [21.3733, 45.0201], [21.39883, 45.02139], [21.40927, 45.02397], [21.42188, 45.03141], [21.42508, 45.03622], [21.4256, 45.04325], [21.42952, 45.0573], [21.43252, 45.06149], [21.441, 45.06872], [21.44379, 45.07291], [21.44441, 45.07787], [21.44441, 45.08526], [21.44379, 45.09146], [21.44244, 45.09291], [21.44999, 45.10102], [21.45857, 45.10733], [21.469, 45.11105], [21.48151, 45.11156], [21.49412, 45.11931], [21.49784, 45.13187], [21.49329, 45.1451], [21.48439, 45.1527], [21.45939, 45.17404], [21.43376, 45.18882], [21.40555, 45.19967], [21.2993, 45.22318], [21.25713, 45.22411], [21.23925, 45.22939], [21.20607, 45.24592], [21.18974, 45.25956], [21.15564, 45.29517], [21.13941, 45.3037], [21.12918, 45.30189], [21.11306, 45.28933], [21.10334, 45.28607], [21.09156, 45.28809], [21.08278, 45.29367], [21.0743, 45.30054], [21.06396, 45.30628], [21.01667, 45.32148], [20.98149, 45.33279], [20.96619, 45.34157], [20.92764, 45.37749], [20.86305, 45.41873], [20.83039, 45.45252], [20.81602, 45.46286], [20.79948, 45.46854], [20.7816, 45.47257], [20.76713, 45.47934], [20.76073, 45.49335], [20.78316, 45.50606], [20.79762, 45.5165], [20.80021, 45.5305], [20.78739, 45.55365], [20.75804, 45.58926], [20.75442, 45.60559], [20.76217, 45.6306], [20.77323, 45.64889], [20.77726, 45.65752], [20.77995, 45.67168], [20.77912, 45.72367], [20.7816, 45.73395], [20.78553, 45.74341], [20.78574, 45.75256], [20.77747, 45.76232], [20.76517, 45.76677], [20.75411, 45.76356], [20.74533, 45.75499], [20.73944, 45.74341], [20.72683, 45.73618], [20.71339, 45.73333], [20.70006, 45.7354], [20.68807, 45.7431], [20.67856, 45.75664], [20.65562, 45.77731], [20.6459, 45.78873], [20.64349, 45.79514], [20.64229, 45.79834], [20.64011, 45.8187], [20.6367, 45.82702], [20.62968, 45.83328], [20.61231, 45.84149], [20.60528, 45.84614], [20.57211, 45.88769], [20.55671, 45.89844], [20.538, 45.90371], [20.49986, 45.90666], [20.48167, 45.9127], [20.42907, 45.94671], [20.41026, 45.95559], [20.37098, 45.96779], [20.35393, 45.97668], [20.33863, 45.9928], [20.31765, 46.03859], [20.30567, 46.05357], [20.24283, 46.10809], [20.28324, 46.1438], [20.44416, 46.1469], [20.46855, 46.17413], [20.50937, 46.16767], [20.54896, 46.15615], [20.5781, 46.13755], [20.58802, 46.13284], [20.60012, 46.12964], [20.60756, 46.12949], [20.66399, 46.13775], [20.68352, 46.14468], [20.69882, 46.15646], [20.70419, 46.16633], [20.70437, 46.16853], [20.70533, 46.18064], [20.71029, 46.18809], [20.71784, 46.19], [20.72714, 46.18773], [20.73665, 46.18669], [20.74471, 46.19227], [20.74481, 46.20028], [20.73551, 46.2225], [20.73499, 46.23191], [20.73933, 46.23749], [20.7785, 46.26007], [20.78737, 46.26339], [20.79866, 46.26762], [20.81964, 46.2717], [20.83969, 46.27108], [20.84899, 46.26777], [20.86697, 46.25713], [20.87514, 46.25439], [20.88506, 46.25501], [20.89974, 46.26069], [20.90656, 46.26219], [20.92444, 46.25955], [20.96175, 46.24834], [20.98149, 46.24886], [20.99058, 46.2516], [20.99916, 46.2516], [21.00702, 46.24886], [21.01394, 46.24307], [21.03347, 46.23134], [21.05146, 46.23609], [21.09921, 46.27635], [21.10562, 46.27867], [21.13487, 46.27852], [21.14448, 46.28374], [21.15595, 46.29893], [21.16453, 46.31826], [21.16866, 46.36275], [21.17879, 46.38446], [21.19564, 46.3981], [21.21517, 46.4029], [21.25754, 46.40417], [21.2807, 46.41639], [21.27439, 46.43836], [21.24514, 46.47688], [21.24762, 46.49747], [21.26168, 46.51334], [21.27894, 46.5284], [21.29134, 46.54672], [21.29527, 46.58504], [21.30095, 46.60393], [21.31625, 46.61664], [21.33764, 46.62041], [21.37444, 46.61845], [21.39604, 46.62635], [21.40106, 46.63091], [21.5332, 46.60622], [23.11523, 46.22767]]]}, "properties": {"id": "toponymy/ova", "status": "validé", "pieces": [{"kind": "polygon", "ring": [[21.5332, 46.60622], [23.11523, 46.22767], [23.77441, 45.29299], [24.19189, 44.29551], [24.12598, 43.53608], [19.40186, 44.43682], [19.48975, 45.99929], [20.32471, 46.83208]]}, {"kind": "clip"}]}}, {"type": "Feature", "geometry": {"type": "Polygon", "coordinates": [[[28.62883, 43.841], [28.62883, 43.89815], [28.56874, 43.89815], [28.56874, 43.841], [28.62883, 43.841]]]}, "properties": {"id": "toponymy/planets", "status": "validé", "pieces": [{"kind": "rect", "bounds": [28.56874, 43.841, 28.62883, 43.89815]}]}}, {"type": "Feature", "geometry": null, "properties": {"id": "toponymy/romanian", "status": "rejeté", "pieces": []}}, {"type": "Feature", "geometry": null, "properties": {"id": "toponymy/turkish", "status": "validé", "pieces": [{"kind": "admin1", "code": "ROU-133"}, {"kind": "admin1", "code": "ROU-4847"}]}}, {"type": "Feature", "geometry": null, "properties": {"id": "tyiy", "status": "validé", "pieces": [{"kind": "country"}]}}, {"type": "Feature", "geometry": null, "properties": {"id": "un8E", "status": "validé", "pieces": [{"kind": "country"}]}}, {"type": "Feature", "geometry": null, "properties": {"id": "xdQ8", "status": "validé", "pieces": [{"kind": "country"}]}}, {"type": "Feature", "geometry": {"type": "Polygon", "coordinates": [[[25.88379, 45.56252], [25.88379, 45.80228], [25.40588, 45.80228], [25.40588, 45.56252], [25.88379, 45.56252]]]}, "properties": {"id": "zM4T", "status": "validé", "pieces": [{"kind": "rect", "bounds": [25.40588, 45.56252, 25.88379, 45.80228]}]}}]}