{
  "type": "FeatureCollection",
  "features": [
    {
      "type": "Feature",
      "geometry": {
        "type": "Polygon",
        "coordinates": [
          [
            [
              31.353263854980472,
              -26.49970073799951
            ],
            [
              31.345710754394535,
              -26.491715183041922
            ],
            [
              31.29936218261719,
              -26.492943766069317
            ],
            [
              31.29112243652344,
              -26.484036241657297
            ],
            [
              31.259880065917972,
              -26.481886046172605
            ],
            [
              31.256790161132816,
              -26.472977665215108
            ],
            [
              31.207695007324222,
              -26.42994129969861
            ],
            [
              31.16855621337891,
              -26.389061524542587
            ],
            [
              31.14830017089844,
              -26.37184465569033
            ],
            [
              31.14761352539063,
              -26.34908985870511
            ],
            [
              31.14006042480469,
              -26.339248559781534
            ],
            [
              31.11808776855469,
              -26.32725334514632
            ],
            [
              31.11362457275391,
              -26.315256887748774
            ],
            [
              31.117057800292972,
              -26.30295153832624
            ],
            [
              31.082038879394535,
              -26.272490181208827
            ],
            [
              31.07345581054688,
              -26.274952002082266
            ],
            [
              31.069335937500004,
              -26.269105092249514
            ],
            [
              31.061782836914066,
              -26.2494080715732
            ],
            [
              31.037063598632816,
              -26.23648008662641
            ],
            [
              31.03500366210938,
              -26.22724493133851
            ],
            [
              30.987625122070316,
              -26.21554601516207
            ],
            [
              30.99174499511719,
              -26.207848718237145
            ],
            [
              31.009941101074222,
              -26.215853896449527
            ],
            [
              31.03946685791016,
              -26.223242802942
            ],
            [
              31.04770660400391,
              -26.23340178303045
            ],
            [
              31.059036254882812,
              -26.242944258858216
            ],
            [
              31.072769165039066,
              -26.2580259291705
            ],
            [
              31.073799133300785,
              -26.266335400587447
            ],
            [
              31.085815429687504,
              -26.26725863848338
            ],
            [
              31.10813140869141,
              -26.28633724430651
            ],
            [
              31.11534118652344,
              -26.29526003147111
            ],
            [
              31.124267578125004,
              -26.30110562321984
            ],
            [
              31.12186431884766,
              -26.32263947012113
            ],
            [
              31.14109039306641,
              -26.333712461324367
            ],
            [
              31.148986816406254,
              -26.341708962984708
            ],
            [
              31.155509948730472,
              -26.350627486044658
            ],
            [
              31.160659790039066,
              -26.37430436547433
            ],
            [
              31.184692382812504,
              -26.396439397014483
            ],
            [
              31.198425292968754,
              -26.404124179462283
            ],
            [
              31.24820709228516,
              -26.46097565866525
            ],
            [
              31.26091003417969,
              -26.465288014693616
            ],
            [
              31.26640319824219,
              -26.474811377796893
            ],
            [
              31.295585632324222,
              -26.478190446200156
            ],
            [
              31.301765441894535,
              -26.48679126329899
            ],
            [
              31.338500976562504,
              -26.48648410233602
            ],
            [
              31.354637145996097,
              -26.489555675041146
            ],
            [
              31.353263854980472,
              -26.49970073799951
            ]
          ]
        ]
      },
      "properties": {
        "id": "Ak5Y",
        "status": "validé",
        "pieces": [
          {
            "kind": "polygon",
            "ring": [
              [
                31.353263854980472,
                -26.49970073799951
              ],
              [
                31.345710754394535,
                -26.491715183041922
              ],
              [
                31.29936218261719,
                -26.492943766069317
              ],
              [
                31.29112243652344,
                -26.484036241657297
              ],
              [
                31.259880065917972,
                -26.481886046172605
              ],
              [
                31.256790161132816,
                -26.472977665215108
              ],
              [
                31.207695007324222,
                -26.42994129969861
              ],
              [
                31.16855621337891,
                -26.389061524542587
              ],
              [
                31.14830017089844,
                -26.37184465569033
              ],
              [
                31.14761352539063,
                -26.34908985870511
              ],
              [
                31.14006042480469,
                -26.339248559781534
              ],
              [
                31.11808776855469,
                -26.32725334514632
              ],
              [
                31.11362457275391,
                -26.315256887748774
              ],
              [
                31.117057800292972,
                -26.30295153832624
              ],
              [
                31.082038879394535,
                -26.272490181208827
              ],
              [
                31.07345581054688,
                -26.274952002082266
              ],
              [
                31.069335937500004,
                -26.269105092249514
              ],
              [
                31.061782836914066,
                -26.2494080715732
              ],
              [
                31.037063598632816,
                -26.23648008662641
              ],
              [
                31.03500366210938,
                -26.22724493133851
              ],
              [
                30.987625122070316,
                -26.21554601516207
              ],
              [
                30.99174499511719,
                -26.207848718237145
              ],
              [
                31.009941101074222,
                -26.215853896449527
              ],
              [
                31.03946685791016,
                -26.223242802942
              ],
              [
                31.04770660400391,
                -26.23340178303045
              ],
              [
                31.059036254882812,
                -26.242944258858216
              ],
              [
                31.072769165039066,
                -26.2580259291705
              ],
              [
                31.073799133300785,
                -26.266335400587447
              ],
              [
                31.085815429687504,
                -26.26725863848338
              ],
              [
                31.10813140869141,
                -26.28633724430651
              ],
              [
                31.11534118652344,
                -26.29526003147111
              ],
              [
                31.124267578125004,
                -26.30110562321984
              ],
              [
                31.12186431884766,
                -26.32263947012113
              ],
              [
                31.14109039306641,
                -26.333712461324367
              ],
              [
                31.148986816406254,
                -26.341708962984708
              ],
              [
                31.155509948730472,
                -26.350627486044658
              ],
              [
                31.160659790039066,
                -26.37430436547433
              ],
              [
                31.184692382812504,
                -26.396439397014483
              ],
              [
                31.198425292968754,
                -26.404124179462283
              ],
              [
                31.24820709228516,
                -26.46097565866525
              ],
              [
                31.26091003417969,
                -26.465288014693616
              ],
              [
                31.26640319824219,
                -26.474811377796893
              ],
              [
                31.295585632324222,
                -26.478190446200156
              ],
              [
                31.301765441894535,
                -26.48679126329899
              ],
              [
                31.338500976562504,
                -26.48648410233602
              ],
              [
                31.354637145996097,
                -26.489555675041146
              ]
            ]
          }
        ]
      }
    },
    {
      "type": "Feature",
      "geometry": {
        "type": "MultiPolygon",
        "coordinates": [
          [
            [
              [
                31.105041503906254,
                -26.31038088851569
              ],
              [
                31.061096191406254,
                -26.342370026643007
              ],
              [
                31.041870117187504,
                -26.364511174456798
              ],
              [
                31.116027832031254,
                -26.401403664278654
              ],
              [
                31.116027832031254,
                -26.450575310283035
              ],
              [
                31.105041503906254,
                -26.460407122097706
              ],
              [
                31.107788085937504,
                -26.531662633798227
              ],
              [
                31.105041503906254,
                -26.60041910431987
              ],
              [
                31.011657714843754,
                -26.617601772709097
              ],
              [
                30.975952148437504,
                -26.649505591459228
              ],
              [
                30.975952148437504,
                -26.674040926020215
              ],
              [
                30.929260253906254,
                -26.6936653942749
              ],
              [
                30.942993164062504,
                -26.742711777574552
              ],
              [
                31.116027832031254,
                -26.970499250888555
              ],
              [
                31.212158203125004,
                -26.92155142408499
              ],
              [
                31.242370605468754,
                -26.919103474881197
              ],
              [
                31.253356933593754,
                -26.99985773904447
              ],
              [
                31.316528320312504,
                -27.021871576678752
              ],
              [
                31.247863769531254,
                -27.227125767392394
              ],
              [
                31.135253906250004,
                -27.1953848884955
              ],
              [
                30.948486328125004,
                -26.994965189678652
              ],
              [
                30.986938476562504,
                -26.911759308649653
              ],
              [
                30.904541015625004,
                -26.857887494107846
              ],
              [
                30.890808105468754,
                -26.789286255431136
              ],
              [
                30.822143554687504,
                -26.85298878335
              ],
              [
                30.786437988281254,
                -26.772129459080357
              ],
              [
                30.789184570312504,
                -26.534118932246443
              ],
              [
                30.84686279296875,
                -26.38418863540219
              ],
              [
                30.915527343750004,
                -26.300536299291085
              ],
              [
                30.967712402343754,
                -26.26607365429231
              ],
              [
                31.105041503906254,
                -26.31038088851569
              ]
            ]
          ],
          [
            [
              [
                31.135253906250004,
                -25.91347796885255
              ],
              [
                31.214904785156254,
                -25.8492557552565
              ],
              [
                31.258850097656254,
                -25.915947356291266
              ],
              [
                31.354980468750004,
                -25.8714904735216
              ],
              [
                31.401672363281254,
                -25.878901116684425
              ],
              [
                31.404418945312504,
                -25.945575970848118
              ],
              [
                31.346740722656254,
                -25.945575970848118
              ],
              [
                31.346740722656254,
                -26.022082048202005
              ],
              [
                31.187438964843754,
                -26.019614887631146
              ],
              [
                31.159973144531254,
                -25.987537082133542
              ],
              [
                31.116027832031254,
                -25.98506919582682
              ],
              [
                31.135253906250004,
                -25.91347796885255
              ]
            ]
          ]
        ]
      },
      "properties": {
        "id": "NeZB",
        "status": "validé",
        "pieces": [
          {
            "kind": "polygon",
            "ring": [
              [
                30.967712402343754,
                -26.26607365429231
              ],
              [
                31.105041503906254,
                -26.31038088851569
              ],
              [
                31.061096191406254,
                -26.342370026643007
              ],
              [
                31.041870117187504,
                -26.364511174456798
              ],
              [
                31.116027832031254,
                -26.401403664278654
              ],
              [
                31.116027832031254,
                -26.450575310283035
              ],
              [
                31.105041503906254,
                -26.460407122097706
              ],
              [
                31.107788085937504,
                -26.531662633798227
              ],
              [
                31.105041503906254,
                -26.60041910431987
              ],
              [
                31.011657714843754,
                -26.617601772709097
              ],
              [
                30.975952148437504,
                -26.649505591459228
              ],
              [
                30.975952148437504,
                -26.674040926020215
              ],
              [
                30.929260253906254,
                -26.6936653942749
              ],
              [
                30.942993164062504,
                -26.742711777574552
              ],
              [
                31.116027832031254,
                -26.970499250888555
              ],
              [
                31.212158203125004,
                -26.92155142408499
              ],
              [
                31.242370605468754,
                -26.919103474881197
              ],
              [
                31.253356933593754,
                -26.99985773904447
              ],
              [
                31.316528320312504,
                -27.021871576678752
              ],
              [
                31.247863769531254,
                -27.227125767392394
              ],
              [
                31.135253906250004,
                -27.1953848884955
              ],
              [
                30.948486328125004,
                -26.994965189678652
              ],
              [
                30.986938476562504,
                -26.911759308649653
              ],
              [
                30.904541015625004,
                -26.857887494107846
              ],
              [
                30.890808105468754,
                -26.789286255431136
              ],
              [
                30.822143554687504,
                -26.85298878335
              ],
              [
                30.786437988281254,
                -26.772129459080357
              ],
              [
                30.789184570312504,
                -26.534118932246443
              ],
              [
                30.84686279296875,
                -26.38418863540219
              ],
              [
                30.915527343750004,
                -26.300536299291085
              ]
            ]
          },
          {
            "kind": "polygon",
            "ring": [
              [
                31.116027832031254,
                -25.98506919582682
              ],
              [
                31.159973144531254,
                -25.987537082133542
              ],
              [
                31.187438964843754,
                -26.019614887631146
              ],
              [
                31.346740722656254,
                -26.022082048202005
              ],
              [
                31.346740722656254,
                -25.945575970848118
              ],
              [
                31.404418945312504,
                -25.945575970848118
              ],
              [
                31.401672363281254,
                -25.878901116684425
              ],
              [
                31.354980468750004,
                -25.8714904735216
              ],
              [
                31.258850097656254,
                -25.915947356291266
              ],
              [
                31.214904785156254,
                -25.8492557552565
              ],
              [
                31.135253906250004,
                -25.91347796885255
              ]
            ]
          }
        ]
      }
    },
    {
      "type": "Feature",
      "geometry": {
        "type": "Polygon",
        "coordinates": [
          [
            [
              31.949243,
              -25.958104
            ],
            [
              31.975288,
              -25.980429
            ],
            [
              32.00402,
              -25.994381
            ],
            [
              32.070579,
              -26.009781
            ],
            [
              32.057454,
              -26.0412
            ],
            [
              32.062725,
              -26.077167
            ],
            [
              32.074559,
              -26.114167
            ],
            [
              32.081432,
              -26.14879
            ],
            [
              32.077814,
              -26.175455
            ],
            [
              32.044741,
              -26.25452
            ],
            [
              32.039884,
              -26.283666
            ],
            [
              32.052338,
              -26.386812
            ],
            [
              32.059831,
              -26.414821
            ],
            [
              32.107063,
              -26.500293
            ],
            [
              32.117398,
              -26.582252
            ],
            [
              32.113884,
              -26.840014
            ],
            [
              32.097761,
              -26.833503
            ],
            [
              32.073163,
              -26.811386
            ],
            [
              32.057144,
              -26.808595
            ],
            [
              31.990068,
              -26.808285
            ],
            [
              31.992238,
              -26.838257
            ],
            [
              31.975288,
              -26.926624
            ],
            [
              31.959682,
              -27.00879
            ],
            [
              31.942112,
              -27.10067
            ],
            [
              31.944204,
              -27.162338
            ],
            [
              31.944851,
              -27.181389
            ],
            [
              31.947383,
              -27.255493
            ],
            [
              31.952964,
              -27.270169
            ],
            [
              31.959785,
              -27.281021
            ],
            [
              31.964849,
              -27.291666
            ],
            [
              31.967743,
              -27.303035
            ],
            [
              31.96826,
              -27.316264
            ],
            [
              31.878602,
              -27.315231
            ],
            [
              31.782535,
              -27.313991
            ],
            [
              31.636911,
              -27.312234
            ],
            [
              31.52653,
              -27.31089
            ],
            [
              31.459454,
              -27.298694
            ],
            [
              31.35667,
              -27.267068
            ],
            [
              31.280137,
              -27.243504
            ],
            [
              31.244707,
              -27.232586
            ],
            [
              31.157043,
              -27.205573
            ],
            [
              31.141954,
              -27.196478
            ],
            [
              31.126503,
              -27.182629
            ],
            [
              31.078754,
              -27.11824
            ],
            [
              30.976073,
              -27.035041
            ],
            [
              30.953645,
              -27.000315
            ],
            [
              30.949408,
              -26.975407
            ],
            [
              30.959743,
              -26.936133
            ],
            [
              30.960983,
              -26.911224
            ],
            [
              30.955092,
              -26.891381
            ],
            [
              30.944447,
              -26.876601
            ],
            [
              30.915818,
              -26.849419
            ],
            [
              30.902589,
              -26.831333
            ],
            [
              30.885294,
              -26.785641
            ],
            [
              30.880213,
              -26.772215
            ],
            [
              30.868741,
              -26.784927
            ],
            [
              30.853393,
              -26.796606
            ],
            [
              30.836443,
              -26.805081
            ],
            [
              30.819803,
              -26.807975
            ],
            [
              30.80244,
              -26.808905
            ],
            [
              30.79567,
              -26.785547
            ],
            [
              30.785697,
              -26.716921
            ],
            [
              30.784146,
              -26.578842
            ],
            [
              30.782906,
              -26.472388
            ],
            [
              30.804559,
              -26.397457
            ],
            [
              30.897318,
              -26.291727
            ],
            [
              30.969871,
              -26.209148
            ],
            [
              31.037774,
              -26.100111
            ],
            [
              31.091621,
              -25.983633
            ],
            [
              31.106866,
              -25.930923
            ],
            [
              31.119836,
              -25.910045
            ],
            [
              31.20841,
              -25.838628
            ],
            [
              31.309282,
              -25.757393
            ],
            [
              31.337394,
              -25.744681
            ],
            [
              31.372017,
              -25.736412
            ],
            [
              31.401473,
              -25.735999
            ],
            [
              31.426898,
              -25.743647
            ],
            [
              31.532835,
              -25.805556
            ],
            [
              31.638771,
              -25.867464
            ],
            [
              31.7306,
              -25.921207
            ],
            [
              31.746966,
              -25.93079
            ],
            [
              31.834573,
              -25.982082
            ],
            [
              31.863357,
              -25.989937
            ],
            [
              31.891882,
              -25.983839
            ],
            [
              31.949243,
              -25.958104
            ]
          ]
        ]
      },
      "properties": {
        "id": "Os75",
        "status": "validé",
        "pieces": [
          {
            "kind": "country"
          }
        ]
      }
    },
    {
      "type": "Feature",
      "geometry": {
        "type": "Polygon",
        "coordinates": [
          [
            [
              31.949243,
              -25.958104
            ],
            [
              31.975288,
              -25.980429
            ],
            [
              32.00402,
              -25.994381
            ],
            [
              32.070579,
              -26.009781
            ],
            [
              32.057454,
              -26.0412
            ],
            [
              32.062725,
              -26.077167
            ],
            [
              32.074559,
              -26.114167
            ],
            [
              32.081432,
              -26.14879
            ],
            [
              32.077814,
              -26.175455
            ],
            [
              32.044741,
              -26.25452
            ],
            [
              32.039884,
              -26.283666
            ],
            [
              32.052338,
              -26.386812
            ],
            [
              32.059831,
              -26.414821
            ],
            [
              32.107063,
              -26.500293
            ],
            [
              32.117398,
              -26.582252
            ],
            [
              32.113884,
              -26.840014
            ],
            [
              32.097761,
              -26.833503
            ],
            [
              32.073163,
              -26.811386
            ],
            [
              32.057144,
              -26.808595
            ],
            [
              31.990068,
              -26.808285
            ],
            [
              31.992238,
              -26.838257
            ],
            [
              31.975288,
              -26.926624
            ],
            [
              31.959682,
              -27.00879
            ],
            [
              31.942112,
              -27.10067
            ],
            [
              31.944204,
              -27.162338
            ],
            [
              31.944851,
              -27.181389
            ],
            [
              31.947383,
              -27.255493
            ],
            [
              31.952964,
              -27.270169
            ],
            [
              31.959785,
              -27.281021
            ],
            [
              31.964849,
              -27.291666
            ],
            [
              31.967743,
              -27.303035
            ],
            [
              31.96826,
              -27.316264
            ],
            [
              31.878602,
              -27.315231
            ],
            [
              31.782535,
              -27.313991
            ],
            [
              31.636911,
              -27.312234
            ],
            [
              31.52653,
              -27.31089
            ],
            [
              31.459454,
              -27.298694
            ],
            [
              31.35667,
              -27.267068
            ],
            [
              31.280137,
              -27.243504
            ],
            [
              31.244707,
              -27.232586
            ],
            [
              31.157043,
              -27.205573
            ],
            [
              31.141954,
              -27.196478
            ],
            [
              31.126503,
              -27.182629
            ],
            [
              31.078754,
              -27.11824
            ],
            [
              30.976073,
              -27.035041
            ],
            [
              30.953645,
              -27.000315
            ],
            [
              30.949408,
              -26.975407
            ],
            [
              30.959743,
              -26.936133
            ],
            [
              30.960983,
              -26.911224
            ],
            [
              30.955092,
              -26.891381
            ],
            [
              30.944447,
              -26.876601
            ],
            [
              30.915818,
              -26.849419
            ],
            [
              30.902589,
              -26.831333
            ],
            [
              30.885294,
              -26.785641
            ],
            [
              30.880213,
              -26.772215
            ],
            [
              30.868741,
              -26.784927
            ],
            [
              30.853393,
              -26.796606
            ],
            [
              30.836443,
              -26.805081
            ],
            [
              30.819803,
              -26.807975
            ],
            [
              30.80244,
              -26.808905
            ],
            [
              30.79567,
              -26.785547
            ],
            [
              30.785697,
              -26.716921
            ],
            [
              30.784146,
              -26.578842
            ],
            [
              30.782906,
              -26.472388
            ],
            [
              30.804559,
              -26.397457
            ],
            [
              30.897318,
              -26.291727
            ],
            [
              30.969871,
              -26.209148
            ],
            [
              31.037774,
              -26.100111
            ],
            [
              31.091621,
              -25.983633
            ],
            [
              31.106866,
              -25.930923
            ],
            [
              31.119836,
              -25.910045
            ],
            [
              31.20841,
              -25.838628
            ],
            [
              31.309282,
              -25.757393
            ],
            [
              31.337394,
              -25.744681
            ],
            [
              31.372017,
              -25.736412
            ],
            [
              31.401473,
              -25.735999
            ],
            [
              31.426898,
              -25.743647
            ],
            [
              31.532835,
              -25.805556
            ],
            [
              31.638771,
              -25.867464
            ],
            [
              31.7306,
              -25.921207
            ],
            [
              31.746966,
              -25.93079
            ],
            [
              31.834573,
              -25.982082
            ],
            [
              31.863357,
              -25.989937
            ],
            [
              31.891882,
              -25.983839
            ],
            [
              31.949243,
              -25.958104
            ]
          ]
        ]
      },
      "properties": {
        "id": "P8gV",
        "status": "validé",
        "pieces": [
          {
            "kind": "country"
          }
        ]
      }
    },
    {
      "type": "Feature",
      "geometry": {
        "type": "MultiPolygon",
        "coordinates": [
          [
            [
              [
                31.931762695312504,
                -27.102339382660833
              ],
              [
                31.879577636718754,
                -27.058338955343757
              ],
              [
                31.854858398437504,
                -26.99964486228348
              ],
              [
                31.920776367187504,
                -26.958051331775877
              ],
              [
                31.986694335937504,
                -26.95315696492401
              ],
              [
                31.981201171875004,
                -27.08523015839725
              ],
              [
                31.931762695312504,
                -27.102339382660833
              ]
            ]
          ],
          [
            [
              [
                31.91802978515625,
                -26.83807819703145
              ],
              [
                31.816406250000004,
                -26.823378856967096
              ],
              [
                31.788940429687504,
                -26.781720372451066
              ],
              [
                31.808166503906254,
                -26.747401901094417
              ],
              [
                31.874084472656254,
                -26.717977820125842
              ],
              [
                31.909790039062504,
                -26.668920781878594
              ],
              [
                31.940002441406254,
                -26.632114151020165
              ],
              [
                31.986694335937504,
                -26.612479097476907
              ],
              [
                32.03613281250001,
                -26.619842637801703
              ],
              [
                32.04711914062501,
                -26.664013916789248
              ],
              [
                32.04986572265626,
                -26.713073066829846
              ],
              [
                32.05810546875001,
                -26.72778669270975
              ],
              [
                32.06085205078126,
                -26.767013725672097
              ],
              [
                32.02239990234376,
                -26.789072981481574
              ],
              [
                32.01416015625001,
                -26.81357823736818
              ],
              [
                32.00317382812501,
                -26.87726710802814
              ],
              [
                31.934509277343754,
                -26.87726710802814
              ],
              [
                31.91802978515625,
                -26.83807819703145
              ]
            ]
          ],
          [
            [
              [
                31.893310546875004,
                -25.992257948483825
              ],
              [
                31.934509277343754,
                -26.044069502981255
              ],
              [
                31.972961425781254,
                -26.066267450903045
              ],
              [
                31.975708007812504,
                -26.100789230975042
              ],
              [
                32.03338623046876,
                -26.132836048139165
              ],
              [
                32.02514648437501,
                -26.20183009237151
              ],
              [
                31.997680664062504,
                -26.263397392212486
              ],
              [
                31.940002441406254,
                -26.25847320819004
              ],
              [
                31.893310546875004,
                -26.18212167436828
              ],
              [
                31.879577636718754,
                -26.265859405920423
              ],
              [
                31.863098144531254,
                -26.265859405920423
              ],
              [
                31.808166503906254,
                -26.20675667576895
              ],
              [
                31.824645996093754,
                -26.15008838566664
              ],
              [
                31.813659667968754,
                -26.12790634060974
              ],
              [
                31.832885742187504,
                -26.07859782691874
              ],
              [
                31.832885742187504,
                -26.049002743654707
              ],
              [
                31.802673339843754,
                -26.01693296949893
              ],
              [
                31.728515625000004,
                -25.962641083033148
              ],
              [
                31.769714355468754,
                -25.945361134405474
              ],
              [
                31.863098144531254,
                -25.99966099908098
              ],
              [
                31.893310546875004,
                -25.992257948483825
              ]
            ]
          ]
        ]
      },
      "properties": {
        "id": "PD9f",
        "status": "validé",
        "pieces": [
          {
            "kind": "polygon",
            "ring": [
              [
                31.981201171875004,
                -27.08523015839725
              ],
              [
                31.931762695312504,
                -27.102339382660833
              ],
              [
                31.879577636718754,
                -27.058338955343757
              ],
              [
                31.854858398437504,
                -26.99964486228348
              ],
              [
                31.920776367187504,
                -26.958051331775877
              ],
              [
                31.986694335937504,
                -26.95315696492401
              ]
            ]
          },
          {
            "kind": "polygon",
            "ring": [
              [
                32.00317382812501,
                -26.87726710802814
              ],
              [
                31.934509277343754,
                -26.87726710802814
              ],
              [
                31.91802978515625,
                -26.83807819703145
              ],
              [
                31.816406250000004,
                -26.823378856967096
              ],
              [
                31.788940429687504,
                -26.781720372451066
              ],
              [
                31.808166503906254,
                -26.747401901094417
              ],
              [
                31.874084472656254,
                -26.717977820125842
              ],
              [
                31.909790039062504,
                -26.668920781878594
              ],
              [
                31.940002441406254,
                -26.632114151020165
              ],
              [
                31.986694335937504,
                -26.612479097476907
              ],
              [
                32.03613281250001,
                -26.619842637801703
              ],
              [
                32.04711914062501,
                -26.664013916789248
              ],
              [
                32.04986572265626,
                -26.713073066829846
              ],
              [
                32.05810546875001,
                -26.72778669270975
              ],
              [
                32.06085205078126,
                -26.767013725672097
              ],
              [
                32.02239990234376,
                -26.789072981481574
              ],
              [
                32.01416015625001,
                -26.81357823736818
              ]
            ]
          },
          {
            "kind": "polygon",
            "ring": [
              [
                31.769714355468754,
                -25.945361134405474
              ],
              [
                31.728515625000004,
                -25.962641083033148
              ],
              [
                31.802673339843754,
                -26.01693296949893
              ],
              [
                31.832885742187504,
                -26.049002743654707
              ],
              [
                31.832885742187504,
                -26.07859782691874
              ],
              [
                31.813659667968754,
                -26.12790634060974
              ],
              [
                31.824645996093754,
                -26.15008838566664
              ],
              [
                31.808166503906254,
                -26.20675667576895
              ],
              [
                31.863098144531254,
                -26.265859405920423
              ],
              [
                31.879577636718754,
                -26.265859405920423
              ],
              [
                31.893310546875004,
                -26.18212167436828
              ],
              [
                31.940002441406254,
                -26.25847320819004
              ],
              [
                31.997680664062504,
                -26.263397392212486
              ],
              [
                32.02514648437501,
                -26.20183009237151
              ],
              [
                32.03338623046876,
                -26.132836048139165
              ],
              [
                31.975708007812504,
                -26.100789230975042
              ],
              [
                31.972961425781254,
                -26.066267450903045
              ],
              [
                31.934509277343754,
                -26.044069502981255
              ],
              [
                31.893310546875004,
                -25.992257948483825
              ],
              [
                31.863098144531254,
                -25.99966099908098
              ]
            ]
          }
        ]
      }
    },
    {
      "type": "Feature",
      "geometry": {
        "type": "Polygon",
        "coordinates": [
          [
            [
              31.949243,
              -25.958104
            ],
            [
              31.975288,
              -25.980429
            ],
            [
              32.00402,
              -25.994381
            ],
            [
              32.070579,
              -26.009781
            ],
            [
              32.057454,
              -26.0412
            ],
            [
              32.062725,
              -26.077167
            ],
            [
              32.074559,
              -26.114167
            ],
            [
              32.081432,
              -26.14879
            ],
            [
              32.077814,
              -26.175455
            ],
            [
              32.044741,
              -26.25452
            ],
            [
              32.039884,
              -26.283666
            ],
            [
              32.052338,
              -26.386812
            ],
            [
              32.059831,
              -26.414821
            ],
            [
              32.107063,
              -26.500293
            ],
            [
              32.117398,
              -26.582252
            ],
            [
              32.113884,
              -26.840014
            ],
            [
              32.097761,
              -26.833503
            ],
            [
              32.073163,
              -26.811386
            ],
            [
              32.057144,
              -26.808595
            ],
            [
              31.990068,
              -26.808285
            ],
            [
              31.992238,
              -26.838257
            ],
            [
              31.975288,
              -26.926624
            ],
            [
              31.959682,
              -27.00879
            ],
            [
              31.942112,
              -27.10067
            ],
            [
              31.944204,
              -27.162338
            ],
            [
              31.944851,
              -27.181389
            ],
            [
              31.947383,
              -27.255493
            ],
            [
              31.952964,
              -27.270169
            ],
            [
              31.959785,
              -27.281021
            ],
            [
              31.964849,
              -27.291666
            ],
            [
              31.967743,
              -27.303035
            ],
            [
              31.96826,
              -27.316264
            ],
            [
              31.878602,
              -27.315231
            ],
            [
              31.782535,
              -27.313991
            ],
            [
              31.636911,
              -27.312234
            ],
            [
              31.52653,
              -27.31089
            ],
            [
              31.459454,
              -27.298694
            ],
            [
              31.35667,
              -27.267068
            ],
            [
              31.280137,
              -27.243504
            ],
            [
              31.244707,
              -27.232586
            ],
            [
              31.157043,
              -27.205573
            ],
            [
              31.141954,
              -27.196478
            ],
            [
              31.126503,
              -27.182629
            ],
            [
              31.078754,
              -27.11824
            ],
            [
              30.976073,
              -27.035041
            ],
            [
              30.953645,
              -27.000315
            ],
            [
              30.949408,
              -26.975407
            ],
            [
              30.959743,
              -26.936133
            ],
            [
              30.960983,
              -26.911224
            ],
            [
              30.955092,
              -26.891381
            ],
            [
              30.944447,
              -26.876601
            ],
            [
              30.915818,
              -26.849419
            ],
            [
              30.902589,
              -26.831333
            ],
            [
              30.885294,
              -26.785641
            ],
            [
              30.880213,
              -26.772215
            ],
            [
              30.868741,
              -26.784927
            ],
            [
              30.853393,
              -26.796606
            ],
            [
              30.836443,
              -26.805081
            ],
            [
              30.819803,
              -26.807975
            ],
            [
              30.80244,
              -26.808905
            ],
            [
              30.79567,
              -26.785547
            ],
            [
              30.785697,
              -26.716921
            ],
            [
              30.784146,
              -26.578842
            ],
            [
              30.782906,
              -26.472388
            ],
            [
              30.804559,
              -26.397457
            ],
            [
              30.897318,
              -26.291727
            ],
            [
              30.969871,
              -26.209148
            ],
            [
              31.037774,
              -26.100111
            ],
            [
              31.091621,
              -25.983633
            ],
            [
              31.106866,
              -25.930923
            ],
            [
              31.119836,
              -25.910045
            ],
            [
              31.20841,
              -25.838628
            ],
            [
              31.309282,
              -25.757393
            ],
            [
              31.337394,
              -25.744681
            ],
            [
              31.372017,
              -25.736412
            ],
            [
              31.401473,
              -25.735999
            ],
            [
              31.426898,
              -25.743647
            ],
            [
              31.532835,
              -25.805556
            ],
            [
              31.638771,
              -25.867464
            ],
            [
              31.7306,
              -25.921207
            ],
            [
              31.746966,
              -25.93079
            ],
            [
              31.834573,
              -25.982082
            ],
            [
              31.863357,
              -25.989937
            ],
            [
              31.891882,
              -25.983839
            ],
            [
              31.949243,
              -25.958104
            ]
          ]
        ]
      },
      "properties": {
        "id": "PQbM",
        "status": "validé",
        "pieces": [
          {
            "kind": "country"
          }
        ]
      }
    },
    {
      "type": "Feature",
      "geometry": {
        "type": "Polygon",
        "coordinates": [
          [
            [
              31.949243,
              -25.958104
            ],
            [
              31.975288,
              -25.980429
            ],
            [
              32.00402,
              -25.994381
            ],
            [
              32.070579,
              -26.009781
            ],
            [
              32.057454,
              -26.0412
            ],
            [
              32.062725,
              -26.077167
            ],
            [
              32.074559,
              -26.114167
            ],
            [
              32.081432,
              -26.14879
            ],
            [
              32.077814,
              -26.175455
            ],
            [
              32.044741,
              -26.25452
            ],
            [
              32.039884,
              -26.283666
            ],
            [
              32.052338,
              -26.386812
            ],
            [
              32.059831,
              -26.414821
            ],
            [
              32.107063,
              -26.500293
            ],
            [
              32.117398,
              -26.582252
            ],
            [
              32.113884,
              -26.840014
            ],
            [
              32.097761,
              -26.833503
            ],
            [
              32.073163,
              -26.811386
            ],
            [
              32.057144,
              -26.808595
            ],
            [
              31.990068,
              -26.808285
            ],
            [
              31.992238,
              -26.838257
            ],
            [
              31.975288,
              -26.926624
            ],
            [
              31.959682,
              -27.00879
            ],
            [
              31.942112,
              -27.10067
            ],
            [
              31.944204,
              -27.162338
            ],
            [
              31.944851,
              -27.181389
            ],
            [
              31.947383,
              -27.255493
            ],
            [
              31.952964,
              -27.270169
            ],
            [
              31.959785,
              -27.281021
            ],
            [
              31.964849,
              -27.291666
            ],
            [
              31.967743,
              -27.303035
            ],
            [
              31.96826,
              -27.316264
            ],
            [
              31.878602,
              -27.315231
            ],
            [
              31.782535,
              -27.313991
            ],
            [
              31.636911,
              -27.312234
            ],
            [
              31.52653,
              -27.31089
            ],
            [
              31.459454,
              -27.298694
            ],
            [
              31.35667,
              -27.267068
            ],
            [
              31.280137,
              -27.243504
            ],
            [
              31.244707,
              -27.232586
            ],
            [
              31.157043,
              -27.205573
            ],
            [
              31.141954,
              -27.196478
            ],
            [
              31.126503,
              -27.182629
            ],
            [
              31.078754,
              -27.11824
            ],
            [
              30.976073,
              -27.035041
            ],
            [
              30.953645,
              -27.000315
            ],
            [
              30.949408,
              -26.975407
            ],
            [
              30.959743,
              -26.936133
            ],
            [
              30.960983,
              -26.911224
            ],
            [
              30.955092,
              -26.891381
            ],
            [
              30.944447,
              -26.876601
            ],
            [
              30.915818,
              -26.849419
            ],
            [
              30.902589,
              -26.831333
            ],
            [
              30.885294,
              -26.785641
            ],
            [
              30.880213,
              -26.772215
            ],
            [
              30.868741,
              -26.784927
            ],
            [
              30.853393,
              -26.796606
            ],
            [
              30.836443,
              -26.805081
            ],
            [
              30.819803,
              -26.807975
            ],
            [
              30.80244,
              -26.808905
            ],
            [
              30.79567,
              -26.785547
            ],
            [
              30.785697,
              -26.716921
            ],
            [
              30.784146,
              -26.578842
            ],
            [
              30.782906,
              -26.472388
            ],
            [
              30.804559,
              -26.397457
            ],
            [
              30.897318,
              -26.291727
            ],
            [
              30.969871,
              -26.209148
            ],
            [
              31.037774,
              -26.100111
            ],
            [
              31.091621,
              -25.983633
            ],
            [
              31.106866,
              -25.930923
            ],
            [
              31.119836,
              -25.910045
            ],
            [
              31.20841,
              -25.838628
            ],
            [
              31.309282,
              -25.757393
            ],
            [
              31.337394,
              -25.744681
            ],
            [
              31.372017,
              -25.736412
            ],
            [
              31.401473,
              -25.735999
            ],
            [
              31.426898,
              -25.743647
            ],
            [
              31.532835,
              -25.805556
            ],
            [
              31.638771,
              -25.867464
            ],
            [
              31.7306,
              -25.921207
            ],
            [
              31.746966,
              -25.93079
            ],
            [
              31.834573,
              -25.982082
            ],
            [
              31.863357,
              -25.989937
            ],
            [
              31.891882,
              -25.983839
            ],
            [
              31.949243,
              -25.958104
            ]
          ]
        ]
      },
      "properties": {
        "id": "XXIL",
        "status": "validé",
        "pieces": [
          {
            "kind": "country"
          }
        ]
      }
    },
    {
      "type": "Feature",
      "geometry": {
        "type": "Polygon",
        "coordinates": [
          [
            [
              31.949243,
              -25.958104
            ],
            [
              31.975288,
              -25.980429
            ],
            [
              32.00402,
              -25.994381
            ],
            [
              32.070579,
              -26.009781
            ],
            [
              32.057454,
              -26.0412
            ],
            [
              32.062725,
              -26.077167
            ],
            [
              32.074559,
              -26.114167
            ],
            [
              32.081432,
              -26.14879
            ],
            [
              32.077814,
              -26.175455
            ],
            [
              32.044741,
              -26.25452
            ],
            [
              32.039884,
              -26.283666
            ],
            [
              32.052338,
              -26.386812
            ],
            [
              32.059831,
              -26.414821
            ],
            [
              32.107063,
              -26.500293
            ],
            [
              32.117398,
              -26.582252
            ],
            [
              32.113884,
              -26.840014
            ],
            [
              32.097761,
              -26.833503
            ],
            [
              32.073163,
              -26.811386
            ],
            [
              32.057144,
              -26.808595
            ],
            [
              31.990068,
              -26.808285
            ],
            [
              31.992238,
              -26.838257
            ],
            [
              31.975288,
              -26.926624
            ],
            [
              31.959682,
              -27.00879
            ],
            [
              31.942112,
              -27.10067
            ],
            [
              31.944204,
              -27.162338
            ],
            [
              31.944851,
              -27.181389
            ],
            [
              31.947383,
              -27.255493
            ],
            [
              31.952964,
              -27.270169
            ],
            [
              31.959785,
              -27.281021
            ],
            [
              31.964849,
              -27.291666
            ],
            [
              31.967743,
              -27.303035
            ],
            [
              31.96826,
              -27.316264
            ],
            [
              31.878602,
              -27.315231
            ],
            [
              31.782535,
              -27.313991
            ],
            [
              31.636911,
              -27.312234
            ],
            [
              31.52653,
              -27.31089
            ],
            [
              31.459454,
              -27.298694
            ],
            [
              31.35667,
              -27.267068
            ],
            [
              31.280137,
              -27.243504
            ],
            [
              31.244707,
              -27.232586
            ],
            [
              31.157043,
              -27.205573
            ],
            [
              31.141954,
              -27.196478
            ],
            [
              31.126503,
              -27.182629
            ],
            [
              31.078754,
              -27.11824
            ],
            [
              30.976073,
              -27.035041
            ],
            [
              30.953645,
              -27.000315
            ],
            [
              30.949408,
              -26.975407
            ],
            [
              30.959743,
              -26.936133
            ],
            [
              30.960983,
              -26.911224
            ],
            [
              30.955092,
              -26.891381
            ],
            [
              30.944447,
              -26.876601
            ],
            [
              30.915818,
              -26.849419
            ],
            [
              30.902589,
              -26.831333
            ],
            [
              30.885294,
              -26.785641
            ],
            [
              30.880213,
              -26.772215
            ],
            [
              30.868741,
              -26.784927
            ],
            [
              30.853393,
              -26.796606
            ],
            [
              30.836443,
              -26.805081
            ],
            [
              30.819803,
              -26.807975
            ],
            [
              30.80244,
              -26.808905
            ],
            [
              30.79567,
              -26.785547
            ],
            [
              30.785697,
              -26.716921
            ],
            [
              30.784146,
              -26.578842
            ],
            [
              30.782906,
              -26.472388
            ],
            [
              30.804559,
              -26.397457
            ],
            [
              30.897318,
              -26.291727
            ],
            [
              30.969871,
              -26.209148
            ],
            [
              31.037774,
              -26.100111
            ],
            [
              31.091621,
              -25.983633
            ],
            [
              31.106866,
              -25.930923
            ],
            [
              31.119836,
              -25.910045
            ],
            [
              31.20841,
              -25.838628
            ],
            [
              31.309282,
              -25.757393
            ],
            [
              31.337394,
              -25.744681
            ],
            [
              31.372017,
              -25.736412
            ],
            [
              31.401473,
              -25.735999
            ],
            [
              31.426898,
              -25.743647
            ],
            [
              31.532835,
              -25.805556
            ],
            [
              31.638771,
              -25.867464
            ],
            [
              31.7306,
              -25.921207
            ],
            [
              31.746966,
              -25.93079
            ],
            [
              31.834573,
              -25.982082
            ],
            [
              31.863357,
              -25.989937
            ],
            [
              31.891882,
              -25.983839
            ],
            [
              31.949243,
              -25.958104
            ]
          ]
        ]
      },
      "properties": {
        "id": "Y6BK",
        "status": "validé",
        "pieces": [
          {
            "kind": "country"
          }
        ]
      }
    },
    {
      "type": "Feature",
      "geometry": {
        "type": "Polygon",
        "coordinates": [
          [
            [
              31.959228515625004,
              -27.173389097893562
            ],
            [
              31.901550292968754,
              -27.163618929226832
            ],
            [
              31.871337890625004,
              -27.148962073245052
            ],
            [
              31.846618652343754,
              -27.104979970431238
            ],
            [
              31.871337890625004,
              -27.024301229799306
            ],
            [
              31.701049804687504,
              -27.05120059216236
            ],
            [
              31.632385253906254,
              -27.021855513668545
            ],
            [
              31.585693359375004,
              -26.977823521713464
            ],
            [
              31.582946777343754,
              -26.89215644788834
            ],
            [
              31.61041259765625,
              -26.79662227919245
            ],
            [
              31.684570312500004,
              -26.747599151264637
            ],
            [
              31.698303222656254,
              -26.661757803994668
            ],
            [
              31.698303222656254,
              -26.529190149916698
            ],
            [
              31.701049804687504,
              -26.462848801694516
            ],
            [
              31.687316894531254,
              -26.408764598182817
            ],
            [
              31.687316894531254,
              -26.381712982514575
            ],
            [
              31.739501953125004,
              -26.369414698573518
            ],
            [
              31.854858398437504,
              -26.362035099968338
            ],
            [
              31.964721679687504,
              -26.406305622355298
            ],
            [
              31.978454589843754,
              -26.639673863486145
            ],
            [
              32.00317382812501,
              -26.821125903956954
            ],
            [
              32.00317382812501,
              -26.901950263565244
            ],
            [
              31.959228515625004,
              -27.173389097893562
            ]
          ]
        ]
      },
      "properties": {
        "id": "Yn7m",
        "status": "validé",
        "pieces": [
          {
            "kind": "polygon",
            "ring": [
              [
                31.959228515625004,
                -27.173389097893562
              ],
              [
                31.901550292968754,
                -27.163618929226832
              ],
              [
                31.871337890625004,
                -27.148962073245052
              ],
              [
                31.846618652343754,
                -27.104979970431238
              ],
              [
                31.871337890625004,
                -27.024301229799306
              ],
              [
                31.701049804687504,
                -27.05120059216236
              ],
              [
                31.632385253906254,
                -27.021855513668545
              ],
              [
                31.585693359375004,
                -26.977823521713464
              ],
              [
                31.582946777343754,
                -26.89215644788834
              ],
              [
                31.61041259765625,
                -26.79662227919245
              ],
              [
                31.684570312500004,
                -26.747599151264637
              ],
              [
                31.698303222656254,
                -26.661757803994668
              ],
              [
                31.698303222656254,
                -26.529190149916698
              ],
              [
                31.701049804687504,
                -26.462848801694516
              ],
              [
                31.687316894531254,
                -26.408764598182817
              ],
              [
                31.687316894531254,
                -26.381712982514575
              ],
              [
                31.739501953125004,
                -26.369414698573518
              ],
              [
                31.854858398437504,
                -26.362035099968338
              ],
              [
                31.964721679687504,
                -26.406305622355298
              ],
              [
                31.978454589843754,
                -26.639673863486145
              ],
              [
                32.00317382812501,
                -26.821125903956954
              ],
              [
                32.00317382812501,
                -26.901950263565244
              ]
            ]
          }
        ]
      }
    },
    {
      "type": "Feature",
      "geometry": {
        "type": "Polygon",
        "coordinates": [
          [
            [
              32.00729370117188,
              -26.002381548296633
            ],
            [
              32.00729370117188,
              -25.982022508280657
            ],
            [
              31.983947753906254,
              -25.982022508280657
            ],
            [
              31.983947753906254,
              -26.002381548296633
            ],
            [
              32.00729370117188,
              -26.002381548296633
            ]
          ]
        ]
      },
      "properties": {
        "id": "e0dy",
        "status": "validé",
        "pieces": [
          {
            "kind": "rect",
            "bounds": [
              31.983947753906254,
              -26.002381548296633,
              32.00729370117188,
              -25.982022508280657
            ]
          }
        ]
      }
    },
    {
      "type": "Feature",
      "geometry": {
        "type": "Polygon",
        "coordinates": [
          [
            [
              31.949243,
              -25.958104
            ],
            [
              31.975288,
              -25.980429
            ],
            [
              32.00402,
              -25.994381
            ],
            [
              32.070579,
              -26.009781
            ],
            [
              32.057454,
              -26.0412
            ],
            [
              32.062725,
              -26.077167
            ],
            [
              32.074559,
              -26.114167
            ],
            [
              32.081432,
              -26.14879
            ],
            [
              32.077814,
              -26.175455
            ],
            [
              32.044741,
              -26.25452
            ],
            [
              32.039884,
              -26.283666
            ],
            [
              32.052338,
              -26.386812
            ],
            [
              32.059831,
              -26.414821
            ],
            [
              32.107063,
              -26.500293
            ],
            [
              32.117398,
              -26.582252
            ],
            [
              32.113884,
              -26.840014
            ],
            [
              32.097761,
              -26.833503
            ],
            [
              32.073163,
              -26.811386
            ],
            [
              32.057144,
              -26.808595
            ],
            [
              31.990068,
              -26.808285
            ],
            [
              31.992238,
              -26.838257
            ],
            [
              31.975288,
              -26.926624
            ],
            [
              31.959682,
              -27.00879
            ],
            [
              31.942112,
              -27.10067
            ],
            [
              31.944204,
              -27.162338
            ],
            [
              31.944851,
              -27.181389
            ],
            [
              31.947383,
              -27.255493
            ],
            [
              31.952964,
              -27.270169
            ],
            [
              31.959785,
              -27.281021
            ],
            [
              31.964849,
              -27.291666
            ],
            [
              31.967743,
              -27.303035
            ],
            [
              31.96826,
              -27.316264
            ],
            [
              31.878602,
              -27.315231
            ],
            [
              31.782535,
              -27.313991
            ],
            [
              31.636911,
              -27.312234
            ],
            [
              31.52653,
              -27.31089
            ],
            [
              31.459454,
              -27.298694
            ],
            [
              31.35667,
              -27.267068
            ],
            [
              31.280137,
              -27.243504
            ],
            [
              31.244707,
              -27.232586
            ],
            [
              31.157043,
              -27.205573
            ],
            [
              31.141954,
              -27.196478
            ],
            [
              31.126503,
              -27.182629
            ],
            [
              31.078754,
              -27.11824
            ],
            [
              30.976073,
              -27.035041
            ],
            [
              30.953645,
              -27.000315
            ],
            [
              30.949408,
              -26.975407
            ],
            [
              30.959743,
              -26.936133
            ],
            [
              30.960983,
              -26.911224
            ],
            [
              30.955092,
              -26.891381
            ],
            [
              30.944447,
              -26.876601
            ],
            [
              30.915818,
              -26.849419
            ],
            [
              30.902589,
              -26.831333
            ],
            [
              30.885294,
              -26.785641
            ],
            [
              30.880213,
              -26.772215
            ],
            [
              30.868741,
              -26.784927
            ],
            [
              30.853393,
              -26.796606
            ],
            [
              30.836443,
              -26.805081
            ],
            [
              30.819803,
              -26.807975
            ],
            [
              30.80244,
              -26.808905
            ],
            [
              30.79567,
              -26.785547
            ],
            [
              30.785697,
              -26.716921
            ],
            [
              30.784146,
              -26.578842
            ],
            [
              30.782906,
              -26.472388
            ],
            [
              30.804559,
              -26.397457
            ],
            [
              30.897318,
              -26.291727
            ],
            [
              30.969871,
              -26.209148
            ],
            [
              31.037774,
              -26.100111
            ],
            [
              31.091621,
              -25.983633
            ],
            [
              31.106866,
              -25.930923
            ],
            [
              31.119836,
              -25.910045
            ],
            [
              31.20841,
              -25.838628
            ],
            [
              31.309282,
              -25.757393
            ],
            [
              31.337394,
              -25.744681
            ],
            [
              31.372017,
              -25.736412
            ],
            [
              31.401473,
              -25.735999
            ],
            [
              31.426898,
              -25.743647
            ],
            [
              31.532835,
              -25.805556
            ],
            [
              31.638771,
              -25.867464
            ],
            [
              31.7306,
              -25.921207
            ],
            [
              31.746966,
              -25.93079
            ],
            [
              31.834573,
              -25.982082
            ],
            [
              31.863357,
              -25.989937
            ],
            [
              31.891882,
              -25.983839
            ],
            [
              31.949243,
              -25.958104
            ]
          ]
        ]
      },
      "properties": {
        "id": "eMUU",
        "status": "validé",
        "pieces": [
          {
            "kind": "country"
          }
        ]
      }
    },
    {
      "type": "Feature",
      "geometry": {
        "type": "Polygon",
        "coordinates": [
          [
            [
              31.85073852539063,
              -26.396548438185043
            ],
            [
              31.87271118164063,
              -26.399007621913274
            ],
            [
              31.893310546875004,
              -26.258750636977943
            ],
            [
              31.983947753906254,
              -26.158991264850226
            ],
            [
              31.997680664062504,
              -26.141740243319
            ],
            [
              31.978454589843754,
              -26.134346167813558
            ],
            [
              31.901550292968754,
              -26.210729019894337
            ],
            [
              31.86996459960938,
              -26.267367801397622
            ],
            [
              31.85073852539063,
              -26.396548438185043
            ]
          ]
        ]
      },
      "properties": {
        "id": "f8Wu",
        "status": "validé",
        "pieces": [
          {
            "kind": "polygon",
            "ring": [
              [
                31.85073852539063,
                -26.396548438185043
              ],
              [
                31.87271118164063,
                -26.399007621913274
              ],
              [
                31.893310546875004,
                -26.258750636977943
              ],
              [
                31.983947753906254,
                -26.158991264850226
              ],
              [
                31.997680664062504,
                -26.141740243319
              ],
              [
                31.978454589843754,
                -26.134346167813558
              ],
              [
                31.901550292968754,
                -26.210729019894337
              ],
              [
                31.86996459960938,
                -26.267367801397622
              ]
            ]
          }
        ]
      }
    },
    {
      "type": "Feature",
      "geometry": {
        "type": "Polygon",
        "coordinates": [
          [
            [
              31.983947753906254,
              -26.82279949415443
            ],
            [
              31.975708007812504,
              -26.86811656278947
            ],
            [
              31.96334838867188,
              -26.88036130416864
            ],
            [
              31.94412231445313,
              -27.01007393869468
            ],
            [
              31.950988769531254,
              -27.05287077094728
            ],
            [
              31.93038940429688,
              -27.091985023030098
            ],
            [
              31.909790039062504,
              -27.176278646689962
            ],
            [
              31.90841674804688,
              -27.237321235586577
            ],
            [
              31.887817382812504,
              -27.265389594233802
            ],
            [
              31.89743041992188,
              -27.312967573190413
            ],
            [
              31.871337890625004,
              -27.315406920002257
            ],
            [
              31.871337890625004,
              -27.26416937809838
            ],
            [
              31.896057128906254,
              -27.237321235586577
            ],
            [
              31.890563964843754,
              -27.175057453986497
            ],
            [
              31.915283203125004,
              -27.118868151335874
            ],
            [
              31.91940307617188,
              -27.073651916720735
            ],
            [
              31.93862915039063,
              -27.046757936473256
            ],
            [
              31.92764282226563,
              -27.007627912891294
            ],
            [
              31.94412231445313,
              -26.91341547972017
            ],
            [
              31.942749023437504,
              -26.859544454882855
            ],
            [
              31.961975097656254,
              -26.850971697422928
            ],
            [
              31.959228515625004,
              -26.815449071329464
            ],
            [
              31.983947753906254,
              -26.82279949415443
            ]
          ]
        ]
      },
      "properties": {
        "id": "oFsa",
        "status": "validé",
        "pieces": [
          {
            "kind": "polygon",
            "ring": [
              [
                31.983947753906254,
                -26.82279949415443
              ],
              [
                31.975708007812504,
                -26.86811656278947
              ],
              [
                31.96334838867188,
                -26.88036130416864
              ],
              [
                31.94412231445313,
                -27.01007393869468
              ],
              [
                31.950988769531254,
                -27.05287077094728
              ],
              [
                31.93038940429688,
                -27.091985023030098
              ],
              [
                31.909790039062504,
                -27.176278646689962
              ],
              [
                31.90841674804688,
                -27.237321235586577
              ],
              [
                31.887817382812504,
                -27.265389594233802
              ],
              [
                31.89743041992188,
                -27.312967573190413
              ],
              [
                31.871337890625004,
                -27.315406920002257
              ],
              [
                31.871337890625004,
                -27.26416937809838
              ],
              [
                31.896057128906254,
                -27.237321235586577
              ],
              [
                31.890563964843754,
                -27.175057453986497
              ],
              [
                31.915283203125004,
                -27.118868151335874
              ],
              [
                31.91940307617188,
                -27.073651916720735
              ],
              [
                31.93862915039063,
                -27.046757936473256
              ],
              [
                31.92764282226563,
                -27.007627912891294
              ],
              [
                31.94412231445313,
                -26.91341547972017
              ],
              [
                31.942749023437504,
                -26.859544454882855
              ],
              [
                31.961975097656254,
                -26.850971697422928
              ],
              [
                31.959228515625004,
                -26.815449071329464
              ]
            ]
          }
        ]
      }
    },
    {
      "type": "Feature",
      "geometry": {
        "type": "Polygon",
        "coordinates": [
          [
            [
              31.256103515625004,
              -27.244076999533856
            ],
            [
              31.322021484375004,
              -26.98993585319454
            ],
            [
              31.448364257812504,
              -26.970362652848703
            ],
            [
              31.486816406250004,
              -26.847953114293215
            ],
            [
              31.343994140625004,
              -26.828355279238675
            ],
            [
              31.195678710937504,
              -26.80385321720931
            ],
            [
              31.234130859375004,
              -26.66163694757281
            ],
            [
              31.212158203125004,
              -26.53889425378168
            ],
            [
              31.140747070312504,
              -26.524156287781715
            ],
            [
              31.135253906250004,
              -26.445521860541735
            ],
            [
              31.206665039062504,
              -26.39634805895723
            ],
            [
              31.283569335937504,
              -26.302860126421354
            ],
            [
              31.305541992187504,
              -26.16002259534681
            ],
            [
              31.278076171875004,
              -26.115658066825578
            ],
            [
              31.316528320312504,
              -26.071276691509752
            ],
            [
              31.289062500000004,
              -25.987399311720612
            ],
            [
              31.250610351562504,
              -25.928155677921946
            ],
            [
              31.360473632812504,
              -25.799692314646222
            ],
            [
              31.420898437500004,
              -25.720568624174998
            ],
            [
              31.316528320312504,
              -25.74035448915178
            ],
            [
              31.151733398437504,
              -25.908401175969
            ],
            [
              30.964965820312504,
              -26.263474199906696
            ],
            [
              30.855102539062504,
              -26.38159183093554
            ],
            [
              30.789184570312504,
              -26.519243211888657
            ],
            [
              30.800170898437504,
              -26.833255055963075
            ],
            [
              30.866088867187504,
              -26.79405090963893
            ],
            [
              30.948486328125004,
              -26.892035836463453
            ],
            [
              30.953979492187504,
              -26.98993585319454
            ],
            [
              31.146240234375004,
              -27.20013237087929
            ],
            [
              31.256103515625004,
              -27.244076999533856
            ]
          ]
        ]
      },
      "properties": {
        "id": "pB4I",
        "status": "validé",
        "pieces": [
          {
            "kind": "polygon",
            "ring": [
              [
                31.256103515625004,
                -27.244076999533856
              ],
              [
                31.322021484375004,
                -26.98993585319454
              ],
              [
                31.448364257812504,
                -26.970362652848703
              ],
              [
                31.486816406250004,
                -26.847953114293215
              ],
              [
                31.343994140625004,
                -26.828355279238675
              ],
              [
                31.195678710937504,
                -26.80385321720931
              ],
              [
                31.234130859375004,
                -26.66163694757281
              ],
              [
                31.212158203125004,
                -26.53889425378168
              ],
              [
                31.140747070312504,
                -26.524156287781715
              ],
              [
                31.135253906250004,
                -26.445521860541735
              ],
              [
                31.206665039062504,
                -26.39634805895723
              ],
              [
                31.283569335937504,
                -26.302860126421354
              ],
              [
                31.305541992187504,
                -26.16002259534681
              ],
              [
                31.278076171875004,
                -26.115658066825578
              ],
              [
                31.316528320312504,
                -26.071276691509752
              ],
              [
                31.289062500000004,
                -25.987399311720612
              ],
              [
                31.250610351562504,
                -25.928155677921946
              ],
              [
                31.360473632812504,
                -25.799692314646222
              ],
              [
                31.420898437500004,
                -25.720568624174998
              ],
              [
                31.316528320312504,
                -25.74035448915178
              ],
              [
                31.151733398437504,
                -25.908401175969
              ],
              [
                30.964965820312504,
                -26.263474199906696
              ],
              [
                30.855102539062504,
                -26.38159183093554
              ],
              [
                30.789184570312504,
                -26.519243211888657
              ],
              [
                30.800170898437504,
                -26.833255055963075
              ],
              [
                30.866088867187504,
                -26.79405090963893
              ],
              [
                30.948486328125004,
                -26.892035836463453
              ],
              [
                30.953979492187504,
                -26.98993585319454
              ],
              [
                31.146240234375004,
                -27.20013237087929
              ]
            ]
          }
        ]
      }
    },
    {
      "type": "Feature",
      "geometry": {
        "type": "Polygon",
        "coordinates": [
          [
            [
              31.261596679687504,
              -26.852610736189288
            ],
            [
              31.245117187500004,
              -26.92606936170878
            ],
            [
              31.311035156250004,
              -26.97012159707994
            ],
            [
              31.453857421875004,
              -27.02393981933105
            ],
            [
              31.585693359375004,
              -26.960333699651276
            ],
            [
              31.602172851562504,
              -26.847711797003967
            ],
            [
              31.624145507812504,
              -26.759494659579687
            ],
            [
              31.673583984375004,
              -26.700645145300356
            ],
            [
              31.635131835937504,
              -26.607404558315803
            ],
            [
              31.519775390625004,
              -26.59267540184785
            ],
            [
              31.420898437500004,
              -26.587765261710217
            ],
            [
              31.311035156250004,
              -26.715360377316404
            ],
            [
              31.261596679687504,
              -26.852610736189288
            ]
          ]
        ]
      },
      "properties": {
        "id": "pnyI",
        "status": "validé",
        "pieces": [
          {
            "kind": "polygon",
            "ring": [
              [
                31.261596679687504,
                -26.852610736189288
              ],
              [
                31.245117187500004,
                -26.92606936170878
              ],
              [
                31.311035156250004,
                -26.97012159707994
              ],
              [
                31.453857421875004,
                -27.02393981933105
              ],
              [
                31.585693359375004,
                -26.960333699651276
              ],
              [
                31.602172851562504,
                -26.847711797003967
              ],
              [
                31.624145507812504,
                -26.759494659579687
              ],
              [
                31.673583984375004,
                -26.700645145300356
              ],
              [
                31.635131835937504,
                -26.607404558315803
              ],
              [
                31.519775390625004,
                -26.59267540184785
              ],
              [
                31.420898437500004,
                -26.587765261710217
              ],
              [
                31.311035156250004,
                -26.715360377316404
              ]
            ]
          }
        ]
      }
    },
    {
      "type": "Feature",
      "geometry": {
        "type": "Polygon",
        "coordinates": [
          [
            [
              31.949243,
              -25.958104
            ],
            [
              31.975288,
              -25.980429
            ],
            [
              32.00402,
              -25.994381
            ],
            [
              32.070579,
              -26.009781
            ],
            [
              32.057454,
              -26.0412
            ],
            [
              32.062725,
              -26.077167
            ],
            [
              32.074559,
              -26.114167
            ],
            [
              32.081432,
              -26.14879
            ],
            [
              32.077814,
              -26.175455
            ],
            [
              32.044741,
              -26.25452
            ],
            [
              32.039884,
              -26.283666
            ],
            [
              32.052338,
              -26.386812
            ],
            [
              32.059831,
              -26.414821
            ],
            [
              32.107063,
              -26.500293
            ],
            [
              32.117398,
              -26.582252
            ],
            [
              32.113884,
              -26.840014
            ],
            [
              32.097761,
              -26.833503
            ],
            [
              32.073163,
              -26.811386
            ],
            [
              32.057144,
              -26.808595
            ],
            [
              31.990068,
              -26.808285
            ],
            [
              31.992238,
              -26.838257
            ],
            [
              31.975288,
              -26.926624
            ],
            [
              31.959682,
              -27.00879
            ],
            [
              31.942112,
              -27.10067
            ],
            [
              31.944204,
              -27.162338
            ],
            [
              31.944851,
              -27.181389
            ],
            [
              31.947383,
              -27.255493
            ],
            [
              31.952964,
              -27.270169
            ],
            [
              31.959785,
              -27.281021
            ],
            [
              31.964849,
              -27.291666
            ],
            [
              31.967743,
              -27.303035
            ],
            [
              31.96826,
              -27.316264
            ],
            [
              31.878602,
              -27.315231
            ],
            [
              31.782535,
              -27.313991
            ],
            [
              31.636911,
              -27.312234
            ],
            [
              31.52653,
              -27.31089
            ],
            [
              31.459454,
              -27.298694
            ],
            [
              31.35667,
              -27.267068
            ],
            [
              31.280137,
              -27.243504
            ],
            [
              31.244707,
              -27.232586
            ],
            [
              31.157043,
              -27.205573
            ],
            [
              31.141954,
              -27.196478
            ],
            [
              31.126503,
              -27.182629
            ],
            [
              31.078754,
              -27.11824
            ],
            [
              30.976073,
              -27.035041
            ],
            [
              30.953645,
              -27.000315
            ],
            [
              30.949408,
              -26.975407
            ],
            [
              30.959743,
              -26.936133
            ],
            [
              30.960983,
              -26.911224
            ],
            [
              30.955092,
              -26.891381
            ],
            [
              30.944447,
              -26.876601
            ],
            [
              30.915818,
              -26.849419
            ],
            [
              30.902589,
              -26.831333
            ],
            [
              30.885294,
              -26.785641
            ],
            [
              30.880213,
              -26.772215
            ],
            [
              30.868741,
              -26.784927
            ],
            [
              30.853393,
              -26.796606
            ],
            [
              30.836443,
              -26.805081
            ],
            [
              30.819803,
              -26.807975
            ],
            [
              30.80244,
              -26.808905
            ],
            [
              30.79567,
              -26.785547
            ],
            [
              30.785697,
              -26.716921
            ],
            [
              30.784146,
              -26.578842
            ],
            [
              30.782906,
              -26.472388
            ],
            [
              30.804559,
              -26.397457
            ],
            [
              30.897318,
              -26.291727
            ],
            [
              30.969871,
              -26.209148
            ],
            [
              31.037774,
              -26.100111
            ],
            [
              31.091621,
              -25.983633
            ],
            [
              31.106866,
              -25.930923
            ],
            [
              31.119836,
              -25.910045
            ],
            [
              31.20841,
              -25.838628
            ],
            [
              31.309282,
              -25.757393
            ],
            [
              31.337394,
              -25.744681
            ],
            [
              31.372017,
              -25.736412
            ],
            [
              31.401473,
              -25.735999
            ],
            [
              31.426898,
              -25.743647
            ],
            [
              31.532835,
              -25.805556
            ],
            [
              31.638771,
              -25.867464
            ],
            [
              31.7306,
              -25.921207
            ],
            [
              31.746966,
              -25.93079
            ],
            [
              31.834573,
              -25.982082
            ],
            [
              31.863357,
              -25.989937
            ],
            [
              31.891882,
              -25.983839
            ],
            [
              31.949243,
              -25.958104
            ]
          ]
        ]
      },
      "properties": {
        "id": "sSv1",
        "status": "validé",
        "pieces": [
          {
            "kind": "country"
          }
        ]
      }
    },
    {
      "type": "Feature",
      "geometry": {
        "type": "Polygon",
        "coordinates": [
          [
            [
              31.98600769042969,
              -26.277858935279646
            ],
            [
              31.93862915039063,
              -26.277858935279646
            ],
            [
              31.93862915039063,
              -26.21691505466526
            ],
            [
              31.96678161621094,
              -26.21691505466526
            ],
            [
              31.96678161621094,
              -26.16456401602182
            ],
            [
              32.02857971191407,
              -26.16456401602182
            ],
            [
              32.02857971191407,
              -26.269858026920804
            ],
            [
              31.98600769042969,
              -26.269858026920804
            ],
            [
              31.98600769042969,
              -26.277858935279646
            ]
          ]
        ]
      },
      "properties": {
        "id": "wTEf",
        "status": "validé",
        "pieces": [
          {
            "kind": "rect",
            "bounds": [
              31.96678161621094,
              -26.269858026920804,
              32.02857971191407,
              -26.16456401602182
            ]
          },
          {
            "kind": "rect",
            "bounds": [
              31.93862915039063,
              -26.277858935279646,
              31.98600769042969,
              -26.21691505466526
            ]
          }
        ]
      }
    }
  ]
}