{"type": "FeatureCollection", "features": [{"type": "Feature", "geometry": null, "properties": {"id": "0BuS", "status": "validé", "pieces": [{"kind": "admin1", "code": "ZAF-1210"}]}}, {"type": "Feature", "geometry": null, "properties": {"id": "2WI6", "status": "validé", "pieces": [{"kind": "country"}]}}, {"type": "Feature", "geometry": {"type": "MultiPolygon", "coordinates": [[[[32.10205, -27.45805], [32.40967, -27.9927], [32.4646, -28.62116], [30.15747, -31.35073], [29.77295, -31.24751], [29.61914, -30.89949], [29.81689, -30.55966], [30.08057, -30.01997], [30.1355, -29.59116], [30.24536, -29.19888], [30.56396, -29.01657], [30.95947, -28.83395], [31.08032, -28.37115], [31.31104, -27.94514], [31.55273, -27.56613], [31.87134, -27.34105], [32.10205, -27.45805]]], [[[31.85486, -26.00231], [31.44836, -25.72562], [30.88257, -25.72562], [30.99792, -25.54741], [31.27258, -25.36893], [31.86035, -25.27959], [32.02515, -25.28952], [31.97571, -25.52759], [32.00867, -25.6613], [31.92078, -25.7998], [31.97571, -25.95789], [31.85486, -26.00231]]]]}, "properties": {"id": "58eY", "status": "validé", "pieces": [{"kind": "polygon", "ring": [[31.97571, -25.95789], [31.85486, -26.00231], [31.44836, -25.72562], [30.88257, -25.72562], [30.99792, -25.54741], [31.27258, -25.36893], [31.86035, -25.27959], [32.02515, -25.28952], [31.97571, -25.52759], [32.00867, -25.6613], [31.92078, -25.7998]]}, {"kind": "polygon", "ring": [[31.87134, -27.34105], [32.10205, -27.45805], [32.40967, -27.9927], [32.4646, -28.62116], [30.15747, -31.35073], [29.77295, -31.24751], [29.61914, -30.89949], [29.81689, -30.55966], [30.08057, -30.01997], [30.1355, -29.59116], [30.24536, -29.19888], [30.56396, -29.01657], [30.95947, -28.83395], [31.08032, -28.37115], [31.31104, -27.94514], [31.55273, -27.56613]]}]}}, {"type": "Feature", "geometry": {"type": "Polygon", "coordinates": [[[28.37494, -26.42336], [28.37494, -25.99971], [27.84485, -25.99971], [27.84485, -26.42336], [28.37494, -26.42336]]]}, "properties": {"id": "7cr3", "status": "validé", "pieces": [{"kind": "rect", "bounds": [27.84485, -26.42336, 28.37494, -25.99971]}]}}, {"type": "Feature", "geometry": null, "properties": {"id": "Btnv", "status": "validé", "pieces": [{"kind": "country"}]}}, {"type": "Feature", "geometry": null, "properties": {"id": "D9sE", "status": "validé", "pieces": [{"kind": "admin1", "code": "ZAF-1209"}]}}, {"type": "Feature", "geometry": {"type": "Polygon", "coordinates": [[[31.24512, -22.39069], [30.93201, -22.65444], [30.95947, -23.25107], [31.15723, -24.00565], [31.27258, -24.7658], [31.19019, -25.1839], [31.33301, -25.54114], [32.00867, -25.4321], [31.99768, -24.5712], [31.94275, -24.20112], [31.84937, -23.9354], [31.57471, -23.48797], [31.55823, -23.19556], [31.24512, -22.39069]]]}, "properties": {"id": "EHXL", "status": "validé", "pieces": [{"kind": "polygon", "ring": [[31.24512, -22.39069], [30.93201, -22.65444], [30.95947, -23.25107], [31.15723, -24.00565], [31.27258, -24.7658], [31.19019, -25.1839], [31.33301, -25.54114], [32.00867, -25.4321], [31.99768, -24.5712], [31.94275, -24.20112], [31.84937, -23.9354], [31.57471, -23.48797], [31.55823, -23.19556]]}]}}, {"type": "Feature", "geometry": {"type": "Polygon", "coordinates": [[[32.36572, -28.65108], [32.21191, -28.32291], [31.77246, -28.32291], [30.54199, -29.68669], [29.729, -30.95691], [28.76221, -31.89399], [27.57568, -32.82163], [26.521, -33.22676], [26.58691, -33.68487], [27.29004, -33.86744], [29.02588, -32.56285], [31.86035, -29.59124], [32.36572, -28.65108]]]}, "properties": {"id": "EW6K", "status": "validé", "pieces": [{"kind": "polygon", "ring": [[32.36572, -28.65108], [32.21191, -28.32291], [31.77246, -28.32291], [30.54199, -29.68669], [29.729, -30.95691], [28.76221, -31.89399], [27.57568, -32.82163], [26.521, -33.22676], [26.58691, -33.68487], [27.29004, -33.86744], [29.02588, -32.56285], [31.86035, -29.59124]]}]}}, {"type": "Feature", "geometry": null, "properties": {"id": "Fho0", "status": "validé", "pieces": [{"kind": "admin1", "code": "ZAF-1210"}, {"kind": "admin1", "code": "ZAF-1201"}, {"kind": "admin1", "code": "ZAF-1206"}, {"kind": "admin1", "code": "ZAF-1209"}, {"kind": "admin1", "code": "ZAF-1208"}]}}, {"type": "Feature", "geometry": {"type": "Polygon", "coordinates": [[[22.59476, -34.07088], [22.59476, -33.90584], [22.37366, -33.90584], [22.37366, -34.07088], [22.59476, -34.07088]]]}, "properties": {"id": "G6kZ", "status": "validé", "pieces": [{"kind": "rect", "bounds": [22.37366, -34.07088, 22.59476, -33.90584]}]}}, {"type": "Feature", "geometry": null, "properties": {"id": "GgUS", "status": "validé", "pieces": [{"kind": "admin1", "code": "ZAF-1210"}]}}, {"type": "Feature", "geometry": null, "properties": {"id": "Hx3k", "status": "validé", "pieces": [{"kind": "country"}]}}, {"type": "Feature", "geometry": null, "properties": {"id": "IPzM", "status": "rejeté", "pieces": []}}, {"type": "Feature", "geometry": {"type": "Polygon", "coordinates": [[[28.28018, -26.36697], [28.28018, -26.05908], [27.87506, -26.05908], [27.87506, -26.36697], [28.28018, -26.36697]]]}, "properties": {"id": "ISiU", "status": "validé", "pieces": [{"kind": "rect", "bounds": [27.87506, -26.36697, 28.28018, -26.05908]}]}}, {"type": "Feature", "geometry": null, "properties": {"id": "KDMw", "status": "validé", "pieces": [{"kind": "admin1", "code": "ZAF-1210"}, {"kind": "admin1", "code": "ZAF-1201"}, {"kind": "admin1", "code": "ZAF-1209"}, {"kind": "admin1", "code": "ZAF-1208"}]}}, {"type": "Feature", "geometry": null, "properties": {"id": "LxHT", "status": "rejeté", "pieces": []}}, {"type": "Feature", "geometry": {"type": "Polygon", "coordinates": [[[20.62958, -26.43093], [20.54993, -26.43585], [20.51147, -26.55379], [20.52246, -26.72557], [20.56641, -26.95829], [20.71198, -26.93381], [20.71472, -26.87505], [20.66528, -26.59062], [20.62958, -26.43093]]]}, "properties": {"id": "OMTa", "status": "validé", "pieces": [{"kind": "polygon", "ring": [[20.62958, -26.43093], [20.54993, -26.43585], [20.51147, -26.55379], [20.52246, -26.72557], [20.56641, -26.95829], [20.71198, -26.93381], [20.71472, -26.87505], [20.66528, -26.59062]]}]}}, {"type": "Feature", "geometry": null, "properties": {"id": "OmMx", "status": "validé", "pieces": [{"kind": "country"}]}}, {"type": "Feature", "geometry": {"type": "Polygon", "coordinates": [[[17.46826, -28.78362], [17.46826, -29.20626], [18.21533, -29.72257], [19.11621, -29.79884], [19.86328, -29.56987], [20.72021, -29.47431], [21.55518, -29.856], [22.60986, -30.08432], [24.08203, -29.9512], [24.8291, -28.66806], [24.01611, -28.30127], [22.85156, -28.32061], [22.28027, -28.32061], [20.72021, -27.87498], [20.12695, -27.9138], [19.9292, -28.39792], [19.31396, -28.86059], [19.13818, -29.01437], [17.90771, -28.72586], [17.46826, -28.78362]]]}, "properties": {"id": "Oy3D", "status": "validé", "pieces": [{"kind": "polygon", "ring": [[17.46826, -28.78362], [17.46826, -29.20626], [18.21533, -29.72257], [19.11621, -29.79884], [19.86328, -29.56987], [20.72021, -29.47431], [21.55518, -29.856], [22.60986, -30.08432], [24.08203, -29.9512], [24.8291, -28.66806], [24.01611, -28.30127], [22.85156, -28.32061], [22.28027, -28.32061], [20.72021, -27.87498], [20.12695, -27.9138], [19.9292, -28.39792], [19.31396, -28.86059], [19.13818, -29.01437], [17.90771, -28.72586]]}]}}, {"type": "Feature", "geometry": null, "properties": {"id": "Prjw", "status": "validé", "pieces": [{"kind": "admin1", "code": "ZAF-1926"}]}}, {"type": "Feature", "geometry": null, "properties": {"id": "Q1UD", "status": "validé", "pieces": [{"kind": "admin1", "code": "ZAF-1188"}]}}, {"type": "Feature", "geometry": null, "properties": {"id": "RWlO", "status": "validé", "pieces": [{"kind": "admin1", "code": "ZAF-1216"}]}}, {"type": "Feature", "geometry": null, "properties": {"id": "ShVC", "status": "validé", "pieces": [{"kind": "country"}]}}, {"type": "Feature", "geometry": {"type": "Polygon", "coordinates": [[[19.09424, -31.63303], [18.50098, -31.67042], [18.61084, -33.46575], [18.50098, -33.94082], [18.76465, -34.06827], [19.27002, -34.23186], [19.81934, -34.377], [20.47852, -34.30446], [21.64307, -34.15919], [22.10449, -33.95904], [22.80762, -33.83142], [23.57666, -33.94082], [24.54346, -34.01367], [24.87305, -33.94082], [24.69727, -33.59391], [24.01611, -33.44742], [22.2583, -33.6122], [21.42334, -33.68534], [20.23682, -33.53901], [19.42383, -33.28233], [19.2041, -32.74824], [19.09424, -31.63303]]]}, "properties": {"id": "UBPX", "status": "validé", "pieces": [{"kind": "polygon", "ring": [[19.09424, -31.63303], [18.50098, -31.67042], [18.61084, -33.46575], [18.50098, -33.94082], [18.76465, -34.06827], [19.27002, -34.23186], [19.81934, -34.377], [20.47852, -34.30446], [21.64307, -34.15919], [22.10449, -33.95904], [22.80762, -33.83142], [23.57666, -33.94082], [24.54346, -34.01367], [24.87305, -33.94082], [24.69727, -33.59391], [24.01611, -33.44742], [22.2583, -33.6122], [21.42334, -33.68534], [20.23682, -33.53901], [19.42383, -33.28233], [19.2041, -32.74824]]}]}}, {"type": "Feature", "geometry": null, "properties": {"id": "Ud2I", "status": "validé", "pieces": [{"kind": "country"}]}}, {"type": "Feature", "geometry": null, "properties": {"id": "UxL1", "status": "validé", "pieces": [{"kind": "admin1", "code": "ZAF-1189"}]}}, {"type": "Feature", "geometry": {"type": "Polygon", "coordinates": [[[31.10023, -29.9988], [31.10023, -29.7685], [30.85785, -29.7685], [30.85785, -29.9988], [31.10023, -29.9988]]]}, "properties": {"id": "VsjT", "status": "validé", "pieces": [{"kind": "rect", "bounds": [30.85785, -29.9988, 31.10023, -29.7685]}]}}, {"type": "Feature", "geometry": {"type": "Polygon", "coordinates": [[[31.9812, -25.44202], [31.34949, -25.54611], [31.19568, -25.169], [31.31104, -24.82562], [31.12976, -23.99558], [31.06934, -23.53829], [30.90454, -23.0996], [30.88257, -22.64934], [31.05835, -22.38051], [31.31104, -22.41097], [31.58569, -23.20058], [31.71753, -23.78472], [31.88782, -23.96046], [31.99768, -24.38126], [32.04163, -25.24348], [31.9812, -25.44202]]]}, "properties": {"id": "Z6GT", "status": "validé", "pieces": [{"kind": "polygon", "ring": [[31.9812, -25.44202], [31.34949, -25.54611], [31.19568, -25.169], [31.31104, -24.82562], [31.12976, -23.99558], [31.06934, -23.53829], [30.90454, -23.0996], [30.88257, -22.64934], [31.05835, -22.38051], [31.31104, -22.41097], [31.58569, -23.20058], [31.71753, -23.78472], [31.88782, -23.96046], [31.99768, -24.38126], [32.04163, -25.24348]]}]}}, {"type": "Feature", "geometry": null, "properties": {"id": "bF5N", "status": "rejeté", "pieces": []}}, {"type": "Feature", "geometry": null, "properties": {"id": "eJUt", "status": "validé", "pieces": [{"kind": "admin1", "code": "ZAF-1926"}, {"kind": "admin1", "code": "ZAF-1189"}, {"kind": "admin1", "code": "ZAF-1188"}]}}, {"type": "Feature", "geometry": {"type": "Polygon", "coordinates": [[[29.02588, -25.76881], [28.81714, -26.09472], [28.89404, -26.51803], [28.97095, -26.82225], [29.67407, -26.81245], [29.76196, -26.60644], [29.64111, -26.42956], [29.50928, -26.2918], [29.4873, -26.06513], [29.46533, -25.67977], [29.28955, -25.56094], [29.02588, -25.76881]]]}, "properties": {"id": "iJbI", "status": "validé", "pieces": [{"kind": "polygon", "ring": [[29.02588, -25.76881], [28.81714, -26.09472], [28.89404, -26.51803], [28.97095, -26.82225], [29.67407, -26.81245], [29.76196, -26.60644], [29.64111, -26.42956], [29.50928, -26.2918], [29.4873, -26.06513], [29.46533, -25.67977], [29.28955, -25.56094]]}]}}, {"type": "Feature", "geometry": null, "properties": {"id": "iZzK", "status": "rejeté", "pieces": []}}, {"type": "Feature", "geometry": null, "properties": {"id": "jfTY", "status": "validé", "pieces": [{"kind": "country"}]}}, {"type": "Feature", "geometry": {"type": "Polygon", "coordinates": [[[29.15771, -29.88489], [29.27856, -30.17013], [29.56421, -30.47347], [29.90479, -30.44508], [30.30029, -30.60589], [30.54199, -30.66259], [32.65137, -28.37892], [32.64038, -27.96264], [32.21191, -28.19518], [31.91528, -28.13709], [31.59668, -27.89472], [31.40991, -27.28153], [31.14624, -27.18389], [30.98145, -26.99441], [30.97046, -26.9161], [30.89905, -26.80344], [30.81665, -26.82794], [30.80017, -26.46968], [31.12976, -25.96724], [31.30554, -25.75477], [31.48682, -25.69974], [31.37695, -25.06475], [31.24512, -24.63626], [31.02539, -24.39646], [30.79468, -24.46645], [30.6189, -24.82578], [30.17944, -24.88557], [30.11353, -25.0747], [29.79492, -25.78877], [30.10254, -27.0965], [30.20142, -27.89528], [30.35522, -28.29248], [29.94873, -29.02485], [29.47632, -29.22631], [29.35547, -29.48474], [29.26758, -29.65667], [29.15771, -29.69483], [29.15771, -29.88489]]]}, "properties": {"id": "mWX6", "status": "validé", "pieces": [{"kind": "polygon", "ring": [[29.15771, -29.88489], [29.27856, -30.17013], [29.56421, -30.47347], [29.90479, -30.44508], [30.30029, -30.60589], [30.54199, -30.66259], [32.65137, -28.37892], [32.64038, -27.96264], [32.21191, -28.19518], [31.91528, -28.13709], [31.59668, -27.89472], [31.40991, -27.28153], [31.14624, -27.18389], [30.98145, -26.99441], [30.97046, -26.9161], [30.89905, -26.80344], [30.81665, -26.82794], [30.80017, -26.46968], [31.12976, -25.96724], [31.30554, -25.75477], [31.48682, -25.69974], [31.37695, -25.06475], [31.24512, -24.63626], [31.02539, -24.39646], [30.79468, -24.46645], [30.6189, -24.82578], [30.17944, -24.88557], [30.11353, -25.0747], [29.79492, -25.78877], [30.10254, -27.0965], [30.20142, -27.89528], [30.35522, -28.29248], [29.94873, -29.02485], [29.47632, -29.22631], [29.35547, -29.48474], [29.26758, -29.65667], [29.15771, -29.69483]]}]}}, {"type": "Feature", "geometry": {"type": "Polygon", "coordinates": [[[30.71022, -24.40657], [30.71022, -24.3199], [30.60825, -24.3199], [30.60825, -24.40657], [30.71022, -24.40657]]]}, "properties": {"id": "man-04c6", "status": "validé", "pieces": [{"kind": "rect", "bounds": [30.60825, -24.40657, 30.71022, -24.3199]}]}}, {"type": "Feature", "geometry": {"type": "Polygon", "coordinates": [[[30.19215, -23.85763], [30.19215, -23.79793], [30.12383, -23.79793], [30.12383, -23.85763], [30.19215, -23.85763]]]}, "properties": {"id": "man-08e3", "status": "validé", "pieces": [{"kind": "rect", "bounds": [30.12383, -23.85763, 30.19215, -23.79793]}]}}, {"type": "Feature", "geometry": {"type": "Polygon", "coordinates": [[[16.52086, -28.56856], [16.56155, -28.56011], [16.58232, -28.55543], [16.58472, -28.5494], [16.60652, -28.54865], [16.61442, -28.53537], [16.65184, -28.49991], [16.66883, -28.50082], [16.68068, -28.48696], [16.69733, -28.51172], [16.73046, -28.50462], [16.75398, -28.50809], [16.8199, -28.49632], [16.86848, -28.47023], [16.91139, -28.46298], [16.95705, -28.45392], [16.98315, -28.45], [16.98315, -28.44305], [16.94092, -28.44667], [16.88633, -28.46056], [16.85234, -28.46932], [16.81286, -28.48985], [16.74969, -28.50223], [16.72668, -28.50162], [16.70231, -28.50525], [16.68652, -28.48079], [16.67141, -28.4823], [16.66592, -28.49377], [16.64909, -28.49559], [16.61648, -28.52485], [16.59828, -28.54084], [16.59382, -28.54386], [16.54472, -28.55834], [16.51726, -28.56497], [16.52086, -28.56856]]]}, "properties": {"id": "man-1467", "status": "validé", "pieces": [{"kind": "polygon", "ring": [[16.52086, -28.56856], [16.56155, -28.56011], [16.58232, -28.55543], [16.58472, -28.5494], [16.60652, -28.54865], [16.61442, -28.53537], [16.65184, -28.49991], [16.66883, -28.50082], [16.68068, -28.48696], [16.69733, -28.51172], [16.73046, -28.50462], [16.75398, -28.50809], [16.8199, -28.49632], [16.86848, -28.47023], [16.91139, -28.46298], [16.95705, -28.45392], [16.98315, -28.45], [16.98315, -28.44305], [16.94092, -28.44667], [16.88633, -28.46056], [16.85234, -28.46932], [16.81286, -28.48985], [16.74969, -28.50223], [16.72668, -28.50162], [16.70231, -28.50525], [16.68652, -28.48079], [16.67141, -28.4823], [16.66592, -28.49377], [16.64909, -28.49559], [16.61648, -28.52485], [16.59828, -28.54084], [16.59382, -28.54386], [16.54472, -28.55834], [16.51726, -28.56497]]}]}}, {"type": "Feature", "geometry": null, "properties": {"id": "man-1524", "status": "validé", "pieces": [{"kind": "country"}]}}, {"type": "Feature", "geometry": {"type": "Polygon", "coordinates": [[[23.1027, -34.04148], [23.10339, -34.03793], [23.10734, -34.03636], [23.10923, -34.03024], [23.10476, -34.02398], [23.10236, -34.01658], [23.10957, -34.01088], [23.11455, -33.99465], [23.13189, -33.99437], [23.14356, -33.98782], [23.13412, -33.98084], [23.13549, -33.97714], [23.15403, -33.9619], [23.14562, -33.95492], [23.14665, -33.94865], [23.15849, -33.94224], [23.14339, -33.92714], [23.1348, -33.91887], [23.1348, -33.91346], [23.14699, -33.91032], [23.15025, -33.89336], [23.15489, -33.88167], [23.14751, -33.87625], [23.14785, -33.86855], [23.15283, -33.86171], [23.16948, -33.86413], [23.17789, -33.84088], [23.17326, -33.83389], [23.1712, -33.81078], [23.17566, -33.79876], [23.15094, -33.7842], [23.13412, -33.76507], [23.15163, -33.75222], [23.1633, -33.75222], [23.16193, -33.72995], [23.15334, -33.70437], [23.14201, -33.67951], [23.12553, -33.66808], [23.13, -33.66236], [23.14064, -33.66579], [23.15128, -33.67665], [23.16364, -33.6978], [23.17188, -33.71866], [23.1712, -33.73008], [23.17669, -33.75036], [23.15884, -33.76521], [23.17669, -33.78206], [23.18836, -33.79804], [23.19042, -33.81773], [23.19969, -33.84655], [23.19283, -33.8591], [23.1712, -33.8745], [23.15849, -33.87507], [23.17635, -33.8899], [23.1609, -33.89617], [23.15884, -33.91413], [23.1506, -33.91584], [23.16914, -33.93009], [23.16055, -33.96713], [23.1427, -33.99845], [23.12313, -34.00273], [23.11455, -34.01696], [23.1142, -34.03774], [23.1027, -34.04148]]]}, "properties": {"id": "man-171d", "status": "validé", "pieces": [{"kind": "polygon", "ring": [[23.1027, -34.04148], [23.10339, -34.03793], [23.10734, -34.03636], [23.10923, -34.03024], [23.10476, -34.02398], [23.10236, -34.01658], [23.10957, -34.01088], [23.11455, -33.99465], [23.13189, -33.99437], [23.14356, -33.98782], [23.13412, -33.98084], [23.13549, -33.97714], [23.15403, -33.9619], [23.14562, -33.95492], [23.14665, -33.94865], [23.15849, -33.94224], [23.14339, -33.92714], [23.1348, -33.91887], [23.1348, -33.91346], [23.14699, -33.91032], [23.15025, -33.89336], [23.15489, -33.88167], [23.14751, -33.87625], [23.14785, -33.86855], [23.15283, -33.86171], [23.16948, -33.86413], [23.17789, -33.84088], [23.17326, -33.83389], [23.1712, -33.81078], [23.17566, -33.79876], [23.15094, -33.7842], [23.13412, -33.76507], [23.15163, -33.75222], [23.1633, -33.75222], [23.16193, -33.72995], [23.15334, -33.70437], [23.14201, -33.67951], [23.12553, -33.66808], [23.13, -33.66236], [23.14064, -33.66579], [23.15128, -33.67665], [23.16364, -33.6978], [23.17188, -33.71866], [23.1712, -33.73008], [23.17669, -33.75036], [23.15884, -33.76521], [23.17669, -33.78206], [23.18836, -33.79804], [23.19042, -33.81773], [23.19969, -33.84655], [23.19283, -33.8591], [23.1712, -33.8745], [23.15849, -33.87507], [23.17635, -33.8899], [23.1609, -33.89617], [23.15884, -33.91413], [23.1506, -33.91584], [23.16914, -33.93009], [23.16055, -33.96713], [23.1427, -33.99845], [23.12313, -34.00273], [23.11455, -34.01696], [23.1142, -34.03774]]}]}}, {"type": "Feature", "geometry": null, "properties": {"id": "man-1b14", "status": "validé", "pieces": [{"kind": "admin1", "code": "ZAF-1210"}, {"kind": "admin1", "code": "ZAF-1208"}, {"kind": "admin1", "code": "ZAF-1201"}, {"kind": "admin1", "code": "ZAF-1188"}]}}, {"type": "Feature", "geometry": null, "properties": {"id": "man-1b17", "status": "validé", "pieces": [{"kind": "admin1", "code": "ZAF-1209"}, {"kind": "admin1", "code": "ZAF-1208"}]}}, {"type": "Feature", "geometry": {"type": "Polygon", "coordinates": [[[18.12744, -29.47906], [19.08325, -31.79568], [18.27666, -31.94361], [18.27833, -31.91375], [18.27687, -31.89267], [18.26564, -31.87233], [18.2531, -31.85833], [18.24171, -31.8414], [18.23569, -31.82806], [18.23487, -31.81911], [18.23585, -31.81113], [18.23487, -31.80047], [18.21372, -31.73064], [18.19679, -31.69736], [18.17286, -31.66326], [18.12623, -31.61224], [18.11883, -31.59808], [18.11671, -31.59059], [18.07106, -31.53346], [18.02329, -31.49041], [18.0158, -31.47487], [18.00945, -31.45664], [17.99415, -31.44134], [17.96119, -31.41619], [17.92221, -31.36395], [17.89373, -31.34482], [17.8838, -31.32008], [17.87184, -31.27288], [17.85939, -31.26035], [17.81861, -31.23211], [17.80974, -31.22161], [17.80437, -31.20859], [17.75025, -31.13193], [17.74529, -31.12884], [17.73504, -31.10426], [17.73121, -31.09783], [17.71827, -31.08066], [17.69711, -31.03582], [17.68678, -31.01898], [17.6172, -30.93401], [17.5617, -30.83807], [17.55649, -30.82383], [17.54819, -30.78721], [17.53598, -30.75213], [17.47722, -30.68239], [17.45037, -30.63909], [17.45411, -30.60125], [17.42954, -30.57675], [17.37355, -30.48724], [17.36459, -30.46404], [17.3462, -30.44451], [17.28199, -30.34775], [17.27752, -30.33758], [17.27443, -30.3117], [17.26588, -30.27996], [17.26173, -30.27166], [17.25945, -30.24505], [17.20688, -30.1653], [17.19337, -30.13201], [17.18963, -30.09303], [17.16635, -30.01287], [17.10369, -29.88494], [17.09718, -29.85084], [17.09498, -29.84588], [17.09034, -29.84075], [17.0857, -29.83375], [17.08351, -29.82334], [17.08277, -29.81276], [17.05633, -29.7304], [17.06251, -29.7304], [17.05763, -29.71746], [17.05779, -29.69061], [17.05633, -29.67645], [17.03159, -29.61883], [17.03207, -29.60817], [17.01881, -29.59873], [17.01197, -29.57708], [17.00782, -29.53924], [16.97828, -29.46787], [16.97088, -29.45672], [16.93393, -29.35768], [16.9297, -29.35125], [16.91033, -29.33278], [16.90602, -29.32293], [16.90317, -29.31829], [16.88494, -29.29901], [16.86378, -29.2387], [16.85808, -29.22959], [16.84767, -29.2199], [16.84327, -29.21136], [16.84425, -29.18841], [16.84059, -29.17889], [16.83123, -29.16383], [16.82293, -29.14072], [16.81918, -29.11728], [16.82407, -29.10101], [16.80877, -29.0783], [16.74497, -29.02874], [16.73569, -29.01621], [16.72047, -28.97763], [16.71274, -28.96396], [16.66774, -28.90862], [16.60035, -28.85752], [16.58953, -28.83587], [16.57944, -28.80039], [16.5739, -28.76507], [16.577, -28.74424], [16.57293, -28.73756], [16.5643, -28.72031], [16.56275, -28.71282], [16.55893, -28.70762], [16.55055, -28.70582], [16.54119, -28.70526], [16.53484, -28.70322], [16.51352, -28.6609], [16.49708, -28.64935], [16.47185, -28.62542], [16.46998, -28.62005], [16.48032, -28.61354], [16.48666, -28.59881], [16.48894, -28.58294], [16.48707, -28.57293], [16.50538, -28.56539], [16.53153, -28.54968], [16.55912, -28.53707], [16.59736, -28.52622], [16.67312, -28.45976], [16.68346, -28.45625], [16.69234, -28.4611], [16.69679, -28.47247], [16.69968, -28.48519], [16.70382, -28.49449], [16.72046, -28.49604], [16.7404, -28.48095], [16.75839, -28.45966], [16.76934, -28.4426], [16.77213, -28.42576], [16.77337, -28.40292], [16.77854, -28.38297], [16.79322, -28.37429], [16.80386, -28.36612], [16.79684, -28.34783], [16.77554, -28.3191], [16.76841, -28.3037], [16.76438, -28.28323], [16.76872, -28.26535], [16.7865, -28.2576], [16.79518, -28.26122], [16.8051, -28.26773], [16.81523, -28.27083], [16.82464, -28.26453], [16.8266, -28.25192], [16.82081, -28.24003], [16.81327, -28.2299], [16.81027, -28.22288], [16.8143, -28.21347], [16.81978, -28.20975], [16.84107, -28.20985], [16.85637, -28.20665], [16.85595, -28.19941], [16.83838, -28.17947], [16.8357, -28.1742], [16.83766, -28.1682], [16.84376, -28.16386], [16.84779, -28.16541], [16.85203, -28.16831], [16.86867, -28.16789], [16.87383, -28.17151], [16.87817, -28.17203], [16.88551, -28.162], [16.89295, -28.08263], [16.89647, -28.07994], [16.91352, -28.06268], [16.91962, -28.05834], [16.92747, -28.0602], [16.9375, -28.07105], [16.94752, -28.0727], [16.95951, -28.06857], [16.97377, -28.05503], [16.98535, -28.05224], [17.01202, -28.05834], [17.0454, -28.03632], [17.05666, -28.03116], [17.0764, -28.02681], [17.08653, -28.02702], [17.0978, -28.03116], [17.11175, -28.04604], [17.12322, -28.0665], [17.13635, -28.08469], [17.15578, -28.09255], [17.18089, -28.09947], [17.18999, -28.11684], [17.18978, -28.13937], [17.18709, -28.162], [17.19195, -28.20882], [17.21314, -28.23207], [17.24518, -28.23745], [17.30864, -28.22412], [17.31731, -28.2237], [17.36442, -28.27429], [17.36703, -28.28354], [17.36807, -28.29378], [17.37199, -28.30607], [17.37892, -28.31631], [17.39483, -28.33512], [17.4, -28.34638], [17.40207, -28.36778], [17.39969, -28.39527], [17.39132, -28.41883], [17.3754, -28.42896], [17.35856, -28.43278], [17.34119, -28.44281], [17.32817, -28.45614], [17.32424, -28.47051], [17.33241, -28.4886], [17.35949, -28.51981], [17.36528, -28.54255], [17.37303, -28.55939], [17.40961, -28.57138], [17.42057, -28.5934], [17.41427, -28.63267], [17.40176, -28.67422], [17.40362, -28.70429], [17.44093, -28.70956], [17.48516, -28.70016], [17.52661, -28.69582], [17.54697, -28.69137], [17.56599, -28.68352], [17.58294, -28.68021], [17.59803, -28.68962], [17.6034, -28.71081], [17.60257, -28.7354], [17.60712, -28.75566], [17.62872, -28.76413], [17.66097, -28.7723], [17.67378, -28.77158], [17.6834, -28.76754], [17.70324, -28.75556], [17.71409, -28.75111], [17.74634, -28.74863], [17.75848, -28.75101], [18.12744, -29.47906]]]}, "properties": {"id": "man-2607", "status": "validé", "pieces": [{"kind": "polygon", "ring": [[18.11646, -31.973], [19.08325, -31.79568], [18.12744, -29.47906], [17.69897, -28.6336], [16.99585, -27.87847], [16.18286, -28.23733], [16.61133, -31.28986]]}, {"kind": "clip"}]}}, {"type": "Feature", "geometry": {"type": "Polygon", "coordinates": [[[28.00964, -30.65692], [28.12225, -30.75851], [27.9657, -30.92129], [27.69379, -31.07203], [27.44659, -31.09792], [27.34222, -31.01318], [27.49878, -30.83168], [28.00964, -30.65692]]]}, "properties": {"id": "man-2c22", "status": "validé", "pieces": [{"kind": "polygon", "ring": [[27.49878, -30.83168], [27.34222, -31.01318], [27.44659, -31.09792], [27.69379, -31.07203], [27.9657, -30.92129], [28.12225, -30.75851], [28.00964, -30.65692]]}, {"kind": "clip"}]}}, {"type": "Feature", "geometry": {"type": "Polygon", "coordinates": [[[26.10352, -30.54469], [24.96094, -29.19134], [24.19189, -29.17214], [22.28027, -29.7845], [20.43457, -30.50682], [18.54492, -31.0545], [18.69873, -32.15902], [19.09424, -33.10312], [20.45654, -33.30544], [22.03857, -33.34218], [23.35693, -33.011], [24.38965, -31.80475], [26.10352, -30.54469]]]}, "properties": {"id": "man-2c25", "status": "validé", "pieces": [{"kind": "polygon", "ring": [[26.10352, -30.54469], [24.96094, -29.19134], [24.19189, -29.17214], [22.28027, -29.7845], [20.43457, -30.50682], [18.54492, -31.0545], [18.69873, -32.15902], [19.09424, -33.10312], [20.45654, -33.30544], [22.03857, -33.34218], [23.35693, -33.011], [24.38965, -31.80475]]}]}}, {"type": "Feature", "geometry": null, "properties": {"id": "man-2e3d", "status": "validé", "pieces": [{"kind": "admin1", "code": "ZAF-1206"}, {"kind": "admin1", "code": "ZAF-1201"}, {"kind": "admin1", "code": "ZAF-1188"}]}}, {"type": "Feature", "geometry": {"type": "Polygon", "coordinates": [[[17.26295, -30.19923], [17.22038, -30.1535], [17.18536, -30.06204], [17.1373, -29.91686], [17.10091, -29.75896], [17.07138, -29.69931], [17.07001, -29.68319], [17.07687, -29.6814], [17.08305, -29.7011], [17.10297, -29.71661], [17.12906, -29.79056], [17.16476, -29.92229], [17.19017, -30.01869], [17.23137, -30.10015], [17.24098, -30.15124], [17.27463, -30.18975], [17.26295, -30.19923]]]}, "properties": {"id": "man-2f11", "status": "validé", "pieces": [{"kind": "polygon", "ring": [[17.26295, -30.19923], [17.22038, -30.1535], [17.18536, -30.06204], [17.1373, -29.91686], [17.10091, -29.75896], [17.07138, -29.69931], [17.07001, -29.68319], [17.07687, -29.6814], [17.08305, -29.7011], [17.10297, -29.71661], [17.12906, -29.79056], [17.16476, -29.92229], [17.19017, -30.01869], [17.23137, -30.10015], [17.24098, -30.15124], [17.27463, -30.18975]]}]}}, {"type": "Feature", "geometry": null, "properties": {"id": "man-2f5d", "status": "validé", "pieces": [{"kind": "admin1", "code": "ZAF-1188"}, {"kind": "admin1", "code": "ZAF-1189"}]}}, {"type": "Feature", "geometry": {"type": "Polygon", "coordinates": [[[27.26807, -29.28902], [26.21338, -29.23149], [25.15869, -28.07412], [24.85107, -26.92375], [25.53223, -26.39334], [27.33398, -26.29484], [28.65234, -26.33425], [28.95996, -25.06662], [30.10254, -25.36493], [29.88281, -27.43218], [29.26758, -28.51929], [28.83741, -28.76267], [28.82794, -28.75953], [28.82716, -28.75928], [28.79595, -28.75432], [28.78768, -28.74873], [28.75864, -28.70047], [28.74386, -28.68951], [28.69952, -28.68848], [28.68898, -28.67442], [28.68174, -28.63339], [28.67564, -28.61376], [28.66655, -28.59722], [28.65322, -28.58306], [28.6343, -28.57076], [28.61942, -28.57241], [28.56247, -28.60652], [28.54263, -28.61076], [28.40341, -28.61892], [28.38295, -28.62647], [28.36352, -28.64363], [28.33644, -28.68466], [28.31722, -28.70006], [28.29706, -28.70688], [28.27391, -28.70956], [28.25086, -28.70739], [28.23071, -28.69954], [28.21812, -28.70065], [28.16405, -28.70543], [28.15495, -28.70233], [28.14503, -28.71473], [28.1317, -28.72931], [28.1041, -28.76506], [28.1009, -28.77085], [28.05656, -28.8125], [28.01873, -28.85684], [28.0145, -28.8648], [28.01481, -28.87255], [28.01357, -28.87844], [28.00468, -28.88072], [27.9775, -28.88072], [27.96623, -28.87565], [27.95693, -28.86511], [27.94504, -28.8555], [27.92623, -28.85343], [27.91166, -28.86077], [27.9036, -28.874], [27.89729, -28.88981], [27.88799, -28.9049], [27.86133, -28.91544], [27.74743, -28.90862], [27.75477, -28.92547], [27.74407, -28.93322], [27.72831, -28.93797], [27.72015, -28.94593], [27.72004, -28.95978], [27.71901, -28.96784], [27.71668, -28.97322], [27.71446, -28.97642], [27.71338, -28.97952], [27.71333, -28.98686], [27.71167, -28.99099], [27.70764, -28.99068], [27.70289, -28.98934], [27.69906, -28.99058], [27.67974, -29.01507], [27.66749, -29.02665], [27.65504, -29.03151], [27.63917, -29.03533], [27.64377, -29.04453], [27.65628, -29.0558], [27.66496, -29.06572], [27.6586, -29.06675], [27.64935, -29.07089], [27.64439, -29.07254], [27.63752, -29.06572], [27.63075, -29.07254], [27.63448, -29.09104], [27.63561, -29.09662], [27.61297, -29.13383], [27.55571, -29.19543], [27.54848, -29.19894], [27.53825, -29.20235], [27.52817, -29.20762], [27.5215, -29.21651], [27.52099, -29.22612], [27.52724, -29.24938], [27.52889, -29.26095], [27.51892, -29.26839], [27.51069, -29.27075], [27.46988, -29.28245], [27.45329, -29.29165], [27.45029, -29.29971], [27.45016, -29.30124], [27.26807, -29.28902]]]}, "properties": {"id": "man-317a", "status": "validé", "pieces": [{"kind": "polygon", "ring": [[27.33398, -26.29484], [25.53223, -26.39334], [24.85107, -26.92375], [25.15869, -28.07412], [26.21338, -29.23149], [27.26807, -29.28902], [27.83936, -29.32736], [29.26758, -28.51929], [29.88281, -27.43218], [30.10254, -25.36493], [28.95996, -25.06662], [28.65234, -26.33425]]}, {"kind": "clip"}]}}, {"type": "Feature", "geometry": {"type": "MultiPolygon", "coordinates": [[[[32.32178, -27.49148], [31.82739, -27.44272], [31.87685, -27.31521], [31.8786, -27.31523], [31.96826, -27.31626], [31.96774, -27.30304], [31.96485, -27.29167], [31.95979, -27.28102], [31.95296, -27.27017], [31.94738, -27.25549], [31.94485, -27.18139], [31.9442, -27.16234], [31.9433, -27.13578], [31.99219, -26.94414], [32.36572, -27.25724], [32.32178, -27.49148]]], [[[29.43237, -23.05031], [29.83887, -22.93902], [30.24536, -23.09076], [30.65186, -23.48449], [31.10229, -24.21829], [30.72876, -24.65857], [30.22339, -25.04751], [29.77295, -25.25644], [29.04785, -25.2465], [28.8501, -24.918], [29.03687, -23.50465], [29.43237, -23.05031]]]]}, "properties": {"id": "man-334c", "status": "validé", "pieces": [{"kind": "polygon", "ring": [[28.8501, -24.918], [29.03687, -23.50465], [29.43237, -23.05031], [29.83887, -22.93902], [30.24536, -23.09076], [30.65186, -23.48449], [31.10229, -24.21829], [30.72876, -24.65857], [30.22339, -25.04751], [29.77295, -25.25644], [29.04785, -25.2465]]}, {"kind": "polygon", "ring": [[31.99219, -26.94414], [32.36572, -27.25724], [32.32178, -27.49148], [31.82739, -27.44272], [31.93726, -27.15949]]}, {"kind": "clip"}]}}, {"type": "Feature", "geometry": {"type": "Polygon", "coordinates": [[[29.53468, -23.96063], [29.53468, -23.82937], [29.38293, -23.82937], [29.38293, -23.96063], [29.53468, -23.96063]]]}, "properties": {"id": "man-3f54", "status": "validé", "pieces": [{"kind": "rect", "bounds": [29.38293, -23.96063, 29.53468, -23.82937]}]}}, {"type": "Feature", "geometry": {"type": "Polygon", "coordinates": [[[27.37038, -25.74434], [27.37038, -25.54741], [27.1067, -25.54741], [27.1067, -25.74434], [27.37038, -25.74434]]]}, "properties": {"id": "man-43f7", "status": "validé", "pieces": [{"kind": "rect", "bounds": [27.1067, -25.74434, 27.37038, -25.54741]}]}}, {"type": "Feature", "geometry": {"type": "Polygon", "coordinates": [[[16.50181, -28.56855], [16.50455, -28.57368], [16.49975, -28.58363], [16.49494, -28.6165], [16.51245, -28.64427], [16.53854, -28.6714], [16.60515, -28.76357], [16.64909, -28.84483], [16.72668, -28.9098], [16.77063, -28.94226], [16.83105, -29.10804], [16.86333, -29.2436], [16.87431, -29.24599], [16.87706, -29.21182], [16.87981, -29.19743], [16.78711, -28.92844], [16.69441, -28.85687], [16.60515, -28.72563], [16.5097, -28.61835], [16.5152, -28.56828], [16.50181, -28.56855]]]}, "properties": {"id": "man-48df", "status": "validé", "pieces": [{"kind": "polygon", "ring": [[16.50181, -28.56855], [16.50455, -28.57368], [16.49975, -28.58363], [16.49494, -28.6165], [16.51245, -28.64427], [16.53854, -28.6714], [16.60515, -28.76357], [16.64909, -28.84483], [16.72668, -28.9098], [16.77063, -28.94226], [16.83105, -29.10804], [16.86333, -29.2436], [16.87431, -29.24599], [16.87706, -29.21182], [16.87981, -29.19743], [16.78711, -28.92844], [16.69441, -28.85687], [16.60515, -28.72563], [16.5097, -28.61835], [16.5152, -28.56828]]}]}}, {"type": "Feature", "geometry": {"type": "Polygon", "coordinates": [[[27.44797, -24.63025], [27.44797, -24.55529], [27.3539, -24.55529], [27.3539, -24.63025], [27.44797, -24.63025]]]}, "properties": {"id": "man-4ed4", "status": "validé", "pieces": [{"kind": "rect", "bounds": [27.3539, -24.63025, 27.44797, -24.55529]}]}}, {"type": "Feature", "geometry": {"type": "Polygon", "coordinates": [[[31.19019, -24.75197], [31.19019, -24.56343], [30.84824, -24.56343], [30.84824, -24.75197], [31.19019, -24.75197]]]}, "properties": {"id": "man-5598", "status": "validé", "pieces": [{"kind": "rect", "bounds": [30.84824, -24.75197, 31.19019, -24.56343]}]}}, {"type": "Feature", "geometry": {"type": "MultiPolygon", "coordinates": [[[[25.68604, -33.34394], [26.32324, -33.28883], [26.36719, -33.69214], [26.36719, -33.75769], [26.34986, -33.75555], [26.32342, -33.75644], [26.30421, -33.76377], [26.28663, -33.76637], [26.26319, -33.75799], [26.2256, -33.73944], [26.09254, -33.71706], [25.95525, -33.71087], [25.86744, -33.72186], [25.78541, -33.74359], [25.71111, -33.77418], [25.67905, -33.79518], [25.65309, -33.82269], [25.63404, -33.85516], [25.61752, -33.91139], [25.61492, -33.93499], [25.6194, -33.9459], [25.63893, -33.95379], [25.6434, -33.96258], [25.6482, -33.96868], [25.67701, -33.98651], [25.69565, -34.01181], [25.70436, -34.02069], [25.70289, -34.0285], [25.70102, -34.03167], [25.69752, -34.03493], [25.66603, -34.02654], [25.6443, -34.03249], [25.6242, -34.04306], [25.59815, -34.04852], [25.5669, -34.0455], [25.51393, -34.03151], [25.4852, -34.02752], [25.43539, -34.03289], [25.41049, -34.03297], [25.38356, -34.01963], [25.34799, -34.01442], [25.31381, -33.99334], [25.27752, -33.98113], [25.19264, -33.96217], [25.10109, -33.96055], [25.01149, -33.97096], [24.95289, -33.98512], [24.92905, -33.99586], [24.91334, -34.01133], [24.92742, -34.05234], [24.91635, -34.07236], [24.90036, -34.0885], [24.69727, -33.92958], [24.96094, -33.52738], [25.68604, -33.34394]]], [[[18.67676, -31.75049], [19.00635, -31.93722], [19.09424, -33.0312], [19.6875, -33.61895], [20.43457, -33.83833], [19.9292, -34.40246], [19.32992, -34.44739], [19.3239, -34.43865], [19.30437, -34.4179], [19.29038, -34.40911], [19.27768, -34.40651], [19.20777, -34.41855], [19.1465, -34.41497], [19.13307, -34.41172], [19.11931, -34.40057], [19.10109, -34.37233], [19.08522, -34.36338], [19.08522, -34.35654], [19.11101, -34.35263], [19.12289, -34.33799], [19.12957, -34.31707], [19.1399, -34.29437], [19.12257, -34.30267], [19.09897, -34.33555], [19.08839, -34.34271], [19.01197, -34.33856], [18.99903, -34.33929], [18.97022, -34.34824], [18.87289, -34.36191], [18.8519, -34.37347], [18.84791, -34.38161], [18.83823, -34.38388], [18.827, -34.38177], [18.81764, -34.37689], [18.80828, -34.36468], [18.80942, -34.35491], [18.81764, -34.34271], [18.81088, -34.30975], [18.81031, -34.30185], [18.81373, -34.29078], [18.81837, -34.28607], [18.82423, -34.2824], [18.83139, -34.27386], [18.83969, -34.25433], [18.83823, -34.23968], [18.8239, -34.20566], [18.82252, -34.18499], [18.83139, -34.17588], [18.84506, -34.16766], [18.85816, -34.15032], [18.81617, -34.0971], [18.80006, -34.08953], [18.74073, -34.07741], [18.64723, -34.07], [18.55502, -34.07383], [18.54029, -34.07903], [18.53175, -34.08392], [18.49562, -34.09637], [18.47836, -34.10687], [18.47006, -34.11403], [18.46079, -34.12428], [18.44606, -34.13714], [18.44166, -34.14422], [18.44028, -34.15781], [18.44272, -34.16815], [18.44777, -34.1736], [18.45436, -34.17791], [18.46079, -34.1845], [18.47446, -34.22617], [18.47592, -34.23593], [18.47657, -34.24505], [18.46762, -34.31129], [18.47169, -34.33172], [18.48878, -34.34271], [18.47006, -34.34743], [18.44516, -34.33652], [18.4214, -34.31846], [18.40626, -34.30185], [18.38217, -34.26214], [18.37892, -34.25026], [18.38006, -34.24391], [18.38461, -34.23016], [18.38575, -34.22234], [18.3838, -34.21868], [18.37957, -34.2164], [18.37477, -34.21453], [18.37208, -34.2125], [18.36248, -34.18621], [18.35434, -34.17539], [18.32545, -34.16717], [18.31625, -34.15749], [18.31381, -34.14463], [18.3169, -34.13055], [18.32423, -34.12265], [18.33351, -34.11989], [18.34132, -34.11468], [18.34474, -34.09979], [18.34522, -34.08611], [18.34718, -34.07545], [18.35141, -34.06561], [18.35841, -34.05478], [18.34376, -34.05657], [18.3379, -34.05828], [18.33041, -34.06219], [18.31617, -34.04355], [18.31479, -34.02907], [18.32309, -34.01588], [18.3379, -34.00075], [18.35182, -33.98219], [18.36256, -33.94647], [18.37208, -33.92506], [18.40455, -33.90325], [18.44304, -33.90407], [18.47535, -33.89984], [18.48878, -33.86297], [18.48439, -33.84393], [18.4651, -33.81797], [18.46079, -33.80495], [18.45834, -33.78525], [18.43181, -33.69671], [18.40561, -33.65293], [18.40008, -33.6334], [18.39096, -33.62949], [18.34474, -33.58245], [18.3283, -33.57342], [18.32032, -33.56748], [18.3169, -33.55853], [18.3169, -33.51727], [18.3143, -33.49652], [18.30738, -33.47926], [18.28272, -33.44524], [18.25416, -33.41937], [18.19478, -33.38446], [18.36914, -32.5878], [18.39111, -31.95587], [18.67676, -31.75049]]], [[[25.26855, -28.22923], [24.67529, -28.32603], [24.45557, -27.86062], [24.80713, -27.54923], [25.29053, -27.31511], [25.62012, -27.66611], [25.26855, -28.22923]]], [[[28.67432, -25.32526], [28.65234, -24.90729], [28.93799, -24.70775], [29.4873, -24.82751], [29.4873, -25.36499], [29.06982, -25.46426], [28.67432, -25.32526]]], [[[30.49805, -22.77622], [30.78369, -22.83701], [31.02539, -23.7858], [31.26709, -24.70775], [31.39893, -25.56345], [31.36361, -25.73842], [31.33739, -25.74468], [31.30928, -25.75739], [31.20841, -25.83863], [31.14158, -25.89251], [30.58594, -25.54362], [30.03662, -23.76568], [30.03662, -22.99898], [30.49805, -22.77622]]]]}, "properties": {"id": "man-573b", "status": "validé", "pieces": [{"kind": "polygon", "ring": [[18.12744, -33.69214], [18.36914, -32.5878], [18.39111, -31.95587], [18.67676, -31.75049], [19.00635, -31.93722], [19.09424, -33.0312], [19.6875, -33.61895], [20.43457, -33.83833], [19.9292, -34.40246], [17.99561, -34.54743]]}, {"kind": "clip"}, {"kind": "polygon", "ring": [[25.09277, -34.23907], [24.69727, -33.92958], [24.96094, -33.52738], [25.68604, -33.34394], [26.32324, -33.28883], [26.36719, -33.69214], [26.36719, -34.05715]]}, {"kind": "polygon", "ring": [[24.80713, -27.54923], [24.45557, -27.86062], [24.67529, -28.32603], [25.26855, -28.22923], [25.62012, -27.66611], [25.29053, -27.31511]]}, {"kind": "polygon", "ring": [[31.31104, -25.99892], [30.58594, -25.54362], [30.03662, -23.76568], [30.03662, -22.99898], [30.49805, -22.77622], [30.78369, -22.83701], [31.02539, -23.7858], [31.26709, -24.70775], [31.39893, -25.56345]]}, {"kind": "polygon", "ring": [[28.93799, -24.70775], [28.65234, -24.90729], [28.67432, -25.32526], [29.06982, -25.46426], [29.4873, -25.36499], [29.4873, -24.82751]]}]}}, {"type": "Feature", "geometry": {"type": "MultiPolygon", "coordinates": [[[[25.18616, -33.3814], [25.54871, -33.22983], [25.94971, -33.23903], [26.1969, -33.49604], [26.19946, -33.73504], [26.09254, -33.71706], [25.95525, -33.71087], [25.86744, -33.72186], [25.78541, -33.74359], [25.71111, -33.77418], [25.67905, -33.79518], [25.65309, -33.82269], [25.63404, -33.85516], [25.61752, -33.91139], [25.61492, -33.93499], [25.6194, -33.9459], [25.63893, -33.95379], [25.6434, -33.96258], [25.6482, -33.96868], [25.67701, -33.98651], [25.69565, -34.01181], [25.70436, -34.02069], [25.70289, -34.0285], [25.70102, -34.03167], [25.69752, -34.03493], [25.66603, -34.02654], [25.6443, -34.03249], [25.6242, -34.04306], [25.59815, -34.04852], [25.5669, -34.0455], [25.51393, -34.03151], [25.4852, -34.02752], [25.43539, -34.03289], [25.41049, -34.03297], [25.38356, -34.01963], [25.34799, -34.01442], [25.31381, -33.99334], [25.27752, -33.98113], [25.23041, -33.97061], [25.04333, -33.78428], [25.18616, -33.3814]]], [[[27.78992, -32.67221], [28.10852, -32.69071], [28.14758, -32.79488], [28.13014, -32.80885], [28.11085, -32.83652], [28.10328, -32.86614], [28.094, -32.88746], [28.07228, -32.9083], [27.9699, -32.98056], [27.93963, -32.98984], [27.93068, -32.99765], [27.91765, -33.01385], [27.90398, -33.02069], [27.90235, -33.02435], [27.90211, -33.02947], [27.90113, -33.03493], [27.89715, -33.03997], [27.84929, -33.05853], [27.82984, -33.07724], [27.8187, -33.08164], [27.79933, -33.08424], [27.74985, -33.09979], [27.73268, -33.10882], [27.70516, -33.13338], [27.54272, -33.07836], [27.55371, -32.8155], [27.78992, -32.67221]]], [[[18.23181, -33.08998], [18.06736, -33.12686], [18.04908, -33.11142], [18.04086, -33.10166], [18.03745, -33.09173], [18.04054, -33.04852], [18.03745, -33.03379], [18.0232, -33.01434], [17.99952, -33.00449], [17.97055, -33.00237], [17.94068, -33.00644], [17.94972, -33.02223], [17.95493, -33.02752], [17.94272, -33.02996], [17.9323, -33.03436], [17.91277, -33.04746], [17.90187, -33.03688], [17.89584, -33.02646], [17.8934, -33.01718], [17.89283, -33.01019], [17.88901, -33.00156], [17.88209, -32.99261], [17.87859, -32.98154], [17.88551, -32.96608], [17.88071, -32.95819], [17.8685, -32.9293], [17.86248, -32.90716], [17.86166, -32.89902], [17.86508, -32.89056], [17.87525, -32.87982], [17.88103, -32.86761], [17.8755, -32.85589], [17.85239, -32.82968], [17.84685, -32.82708], [17.84303, -32.82334], [17.84392, -32.81463], [17.84783, -32.81341], [17.85515, -32.81471], [17.86183, -32.8152], [17.865, -32.81121], [17.86818, -32.8082], [17.88356, -32.79664], [17.88917, -32.79412], [17.89731, -32.79274], [17.8991, -32.78924], [17.89943, -32.78395], [17.90284, -32.77703], [17.90358, -32.76922], [17.90268, -32.73838], [17.90593, -32.72584], [17.91969, -32.71657], [17.94337, -32.70827], [17.96746, -32.70355], [17.98227, -32.70477], [17.97486, -32.71217], [17.98658, -32.72698], [18.03745, -32.76678], [18.08058, -32.78135], [18.11883, -32.77305], [18.15211, -32.75124], [18.17087, -32.73516], [18.26202, -32.82485], [18.23181, -33.08998]]], [[[17.96729, -33.11688], [17.96664, -33.11582], [17.95493, -33.10198], [17.98048, -33.09124], [17.99529, -33.08815], [18.00587, -33.09173], [18.01368, -33.1032], [18.01922, -33.11403], [18.02605, -33.12347], [18.03745, -33.12998], [18.03599, -33.13352], [17.96729, -33.11688]]]]}, "properties": {"id": "man-5afd", "status": "validé", "pieces": [{"kind": "polygon", "ring": [[25.34546, -34.0852], [25.04333, -33.78428], [25.18616, -33.3814], [25.54871, -33.22983], [25.94971, -33.23903], [26.1969, -33.49604], [26.20239, -34.00779], [26.0321, -34.19891]]}, {"kind": "clip"}, {"kind": "polygon", "ring": [[17.7951, -32.72088], [17.78961, -33.07387], [18.0368, -33.13371], [18.23181, -33.08998], [18.26202, -32.82485], [18.06702, -32.63299]]}, {"kind": "polygon", "ring": [[27.8009, -33.16581], [27.54272, -33.07836], [27.55371, -32.8155], [27.78992, -32.67221], [28.10852, -32.69071], [28.23486, -33.02769]]}]}}, {"type": "Feature", "geometry": {"type": "Polygon", "coordinates": [[[32.07493, -27.38553], [32.06291, -27.38614], [32.04678, -27.3715], [32.01038, -27.38248], [31.98772, -27.37821], [31.97983, -27.34313], [31.97639, -27.30208], [31.97811, -27.24971], [31.97502, -27.19382], [31.97365, -27.13821], [31.9788, -27.12934], [32.02343, -27.13118], [32.02343, -27.13729], [32.00764, -27.13943], [32.0042, -27.13668], [31.97914, -27.13668], [31.98051, -27.15838], [31.98429, -27.19138], [31.98223, -27.2262], [31.99184, -27.243], [31.99047, -27.25826], [31.98704, -27.27292], [31.98532, -27.30253], [31.99322, -27.32084], [31.9939, -27.34555], [31.99047, -27.36172], [32.00214, -27.37362], [32.02309, -27.3666], [32.05158, -27.36233], [32.06326, -27.37667], [32.07527, -27.37819], [32.07493, -27.38553]]]}, "properties": {"id": "man-5cf0", "status": "validé", "pieces": [{"kind": "polygon", "ring": [[32.07493, -27.38553], [32.06291, -27.38614], [32.04678, -27.3715], [32.01038, -27.38248], [31.98772, -27.37821], [31.97983, -27.34313], [31.97639, -27.30208], [31.97811, -27.24971], [31.97502, -27.19382], [31.97365, -27.13821], [31.9788, -27.12934], [32.02343, -27.13118], [32.02343, -27.13729], [32.00764, -27.13943], [32.0042, -27.13668], [31.97914, -27.13668], [31.98051, -27.15838], [31.98429, -27.19138], [31.98223, -27.2262], [31.99184, -27.243], [31.99047, -27.25826], [31.98704, -27.27292], [31.98532, -27.30253], [31.99322, -27.32084], [31.9939, -27.34555], [31.99047, -27.36172], [32.00214, -27.37362], [32.02309, -27.3666], [32.05158, -27.36233], [32.06326, -27.37667], [32.07527, -27.37819]]}]}}, {"type": "Feature", "geometry": {"type": "MultiPolygon", "coordinates": [[[[37.82106, -46.84417], [37.86842, -46.88209], [37.89576, -46.88991], [37.88494, -46.91644], [37.86378, -46.94085], [37.83644, -46.95867], [37.80649, -46.96575], [37.79811, -46.96453], [37.7811, -46.9594], [37.67018, -46.95599], [37.65504, -46.95827], [37.61883, -46.95436], [37.60206, -46.94866], [37.58741, -46.93841], [37.58253, -46.93076], [37.57667, -46.91676], [37.57537, -46.9035], [37.5936, -46.89202], [37.61541, -46.86875], [37.62485, -46.86338], [37.63111, -46.85858], [37.65235, -46.83611], [37.66245, -46.82855], [37.69483, -46.82203], [37.72853, -46.82529], [37.82106, -46.84417]]], [[[37.97779, -46.61565], [37.97641, -46.64471], [37.93865, -46.65439], [37.89112, -46.64967], [37.86109, -46.63616], [37.86492, -46.61419], [37.9004, -46.59971], [37.94557, -46.59832], [37.97779, -46.61565]]], [[[21.91432, -34.30682], [21.89454, -34.33603], [21.88868, -34.33961], [21.8296, -34.36859], [21.78875, -34.38128], [21.7461, -34.38836], [21.70265, -34.39056], [21.59718, -34.37265], [21.55974, -34.35345], [21.53761, -34.34889], [21.51588, -34.35223], [21.47413, -34.3668], [21.43897, -34.37233], [21.4319, -34.37786], [21.4275, -34.38453], [21.42213, -34.39056], [21.41554, -34.39495], [21.34897, -34.4192], [21.30592, -34.42457], [21.26246, -34.42156], [21.0984, -34.37078], [21.05836, -34.36338], [20.96127, -34.35605], [20.91342, -34.36045], [20.87355, -34.37689], [20.88087, -34.37689], [20.82374, -34.39031], [20.80519, -34.39805], [20.8322, -34.40179], [20.85613, -34.41692], [20.86818, -34.43792], [20.85987, -34.45875], [20.84108, -34.46502], [20.66432, -34.43841], [20.52443, -34.45428], [20.48268, -34.47047], [20.44801, -34.49334], [20.39324, -34.55478], [20.37452, -34.56976], [20.35548, -34.5761], [20.34116, -34.57871], [20.33432, -34.58522], [20.32887, -34.59401], [20.31861, -34.60345], [20.31007, -34.60719], [20.2776, -34.61777], [20.26149, -34.62705], [20.24334, -34.64105], [20.22853, -34.65781], [20.22242, -34.67506], [20.21168, -34.67205], [20.18727, -34.67742], [20.14666, -34.69215], [20.0726, -34.73691], [20.04444, -34.76832], [20.05787, -34.79518], [20.05787, -34.80145], [20.04176, -34.80511], [20.01564, -34.81894], [19.99928, -34.82195], [19.98357, -34.82008], [19.96795, -34.8152], [19.95346, -34.80869], [19.89047, -34.76971], [19.87599, -34.75742], [19.85841, -34.74969], [19.69809, -34.75368], [19.6836, -34.75661], [19.667, -34.77044], [19.65317, -34.7741], [19.64243, -34.77207], [19.63575, -34.76588], [19.63111, -34.75888], [19.62647, -34.75368], [19.57602, -34.72796], [19.49968, -34.66424], [19.4485, -34.64007], [19.43295, -34.62998], [19.41733, -34.61403], [19.39869, -34.60182], [19.37477, -34.5993], [19.35076, -34.60491], [19.33172, -34.61777], [19.32301, -34.61248], [19.31422, -34.61093], [19.30551, -34.61273], [19.29689, -34.61777], [19.30063, -34.60662], [19.36012, -34.53867], [19.36508, -34.52777], [19.3602, -34.50042], [19.34441, -34.46844], [19.3239, -34.43865], [19.30437, -34.4179], [19.29038, -34.40911], [19.27768, -34.40651], [19.20777, -34.41855], [19.1465, -34.41497], [19.13307, -34.41172], [19.11931, -34.40057], [19.10109, -34.37233], [19.08522, -34.36338], [19.08522, -34.35654], [19.11101, -34.35263], [19.12289, -34.33799], [19.12957, -34.31707], [19.1399, -34.29437], [19.12257, -34.30267], [19.09897, -34.33555], [19.08839, -34.34271], [19.01197, -34.33856], [18.99903, -34.33929], [18.97022, -34.34824], [18.87289, -34.36191], [18.8519, -34.37347], [18.84791, -34.38161], [18.83823, -34.38388], [18.827, -34.38177], [18.81764, -34.37689], [18.80828, -34.36468], [18.80942, -34.35491], [18.81764, -34.34271], [18.81088, -34.30975], [18.81031, -34.30185], [18.81373, -34.29078], [18.81837, -34.28607], [18.82423, -34.2824], [18.83139, -34.27386], [18.83969, -34.25433], [18.83823, -34.23968], [18.8239, -34.20566], [18.82252, -34.18499], [18.83139, -34.17588], [18.84506, -34.16766], [18.85816, -34.15032], [18.81617, -34.0971], [18.80006, -34.08953], [18.74073, -34.07741], [18.64723, -34.07], [18.55502, -34.07383], [18.54029, -34.07903], [18.53175, -34.08392], [18.49562, -34.09637], [18.47836, -34.10687], [18.47006, -34.11403], [18.46079, -34.12428], [18.44606, -34.13714], [18.44166, -34.14422], [18.44028, -34.15781], [18.44272, -34.16815], [18.44777, -34.1736], [18.45436, -34.17791], [18.46079, -34.1845], [18.47446, -34.22617], [18.47592, -34.23593], [18.47657, -34.24505], [18.46762, -34.31129], [18.47169, -34.33172], [18.48878, -34.34271], [18.47006, -34.34743], [18.44516, -34.33652], [18.4214, -34.31846], [18.40626, -34.30185], [18.38217, -34.26214], [18.37892, -34.25026], [18.38006, -34.24391], [18.38461, -34.23016], [18.38575, -34.22234], [18.3838, -34.21868], [18.37957, -34.2164], [18.37477, -34.21453], [18.37208, -34.2125], [18.36248, -34.18621], [18.35434, -34.17539], [18.32545, -34.16717], [18.31625, -34.15749], [18.31381, -34.14463], [18.3169, -34.13055], [18.32423, -34.12265], [18.33351, -34.11989], [18.34132, -34.11468], [18.34474, -34.09979], [18.34522, -34.08611], [18.34718, -34.07545], [18.35141, -34.06561], [18.35841, -34.05478], [18.34376, -34.05657], [18.3379, -34.05828], [18.33041, -34.06219], [18.31617, -34.04355], [18.31479, -34.02907], [18.32309, -34.01588], [18.3379, -34.00075], [18.35182, -33.98219], [18.36256, -33.94647], [18.37208, -33.92506], [18.40455, -33.90325], [18.44304, -33.90407], [18.47535, -33.89984], [18.48878, -33.86297], [18.48439, -33.84393], [18.4651, -33.81797], [18.46079, -33.80495], [18.45834, -33.78525], [18.43181, -33.69671], [18.40561, -33.65293], [18.40008, -33.6334], [18.39096, -33.62949], [18.34474, -33.58245], [18.3283, -33.57342], [18.32032, -33.56748], [18.3169, -33.55853], [18.3169, -33.51727], [18.3143, -33.49652], [18.30738, -33.47926], [18.28272, -33.44524], [18.25416, -33.41937], [18.14617, -33.35589], [18.15602, -33.33904], [18.15016, -33.31927], [18.12501, -33.28004], [18.11199, -33.25351], [18.08774, -33.22584], [18.08473, -33.21527], [18.07521, -33.20224], [18.02931, -33.16497], [18.01238, -33.15732], [17.99171, -33.15032], [17.97779, -33.13421], [17.96664, -33.11582], [17.95493, -33.10198], [17.98048, -33.09124], [17.99529, -33.08815], [18.00587, -33.09173], [18.01368, -33.1032], [18.01922, -33.11403], [18.02605, -33.12347], [18.03745, -33.12998], [18.03297, -33.14088], [18.04021, -33.1491], [18.06764, -33.16758], [18.08611, -33.18939], [18.09913, -33.20094], [18.11199, -33.20501], [18.12745, -33.19736], [18.12338, -33.18613], [18.10182, -33.16758], [18.09653, -33.15911], [18.09449, -33.14227], [18.09156, -33.13551], [18.08717, -33.13307], [18.07594, -33.13201], [18.07106, -33.12998], [18.04908, -33.11142], [18.04086, -33.10166], [18.03745, -33.09173], [18.04054, -33.04852], [18.03745, -33.03379], [18.0232, -33.01434], [17.99952, -33.00449], [17.97055, -33.00237], [17.94068, -33.00644], [17.94972, -33.02223], [17.95493, -33.02752], [17.94272, -33.02996], [17.9323, -33.03436], [17.91277, -33.04746], [17.90187, -33.03688], [17.89584, -33.02646], [17.8934, -33.01718], [17.89283, -33.01019], [17.88901, -33.00156], [17.88209, -32.99261], [17.87859, -32.98154], [17.88551, -32.96608], [17.88071, -32.95819], [17.8685, -32.9293], [17.86248, -32.90716], [17.86166, -32.89902], [17.86508, -32.89056], [17.87525, -32.87982], [17.88103, -32.86761], [17.8755, -32.85589], [17.85239, -32.82968], [17.84685, -32.82708], [17.84303, -32.82334], [17.84392, -32.81463], [17.84783, -32.81341], [17.85515, -32.81471], [17.86183, -32.8152], [17.865, -32.81121], [17.86818, -32.8082], [17.88356, -32.79664], [17.88917, -32.79412], [17.89731, -32.79274], [17.8991, -32.78924], [17.89943, -32.78395], [17.90284, -32.77703], [17.90358, -32.76922], [17.90268, -32.73838], [17.90593, -32.72584], [17.91969, -32.71657], [17.94337, -32.70827], [17.96746, -32.70355], [17.98227, -32.70477], [17.97486, -32.71217], [17.98658, -32.72698], [18.03745, -32.76678], [18.08058, -32.78135], [18.11883, -32.77305], [18.15211, -32.75124], [18.27312, -32.64756], [18.2964, -32.60858], [18.3108, -32.57285], [18.33416, -32.49131], [18.3379, -32.45159], [18.33318, -32.38201], [18.3274, -32.36614], [18.31544, -32.34368], [18.32106, -32.32733], [18.34474, -32.30071], [18.34938, -32.26035], [18.31072, -32.12949], [18.29949, -32.02264], [18.28175, -31.97918], [18.27589, -31.95745], [18.27833, -31.91375], [18.27687, -31.89267], [18.26564, -31.87233], [18.2531, -31.85833], [18.24171, -31.8414], [18.23569, -31.82806], [18.23487, -31.81911], [18.23585, -31.81113], [18.23487, -31.80047], [18.21372, -31.73064], [18.19679, -31.69736], [18.17286, -31.66326], [18.12623, -31.61224], [18.11883, -31.59808], [18.11671, -31.59059], [18.07106, -31.53346], [18.02329, -31.49041], [18.0158, -31.47487], [18.00945, -31.45664], [17.99415, -31.44134], [17.96119, -31.41619], [17.92221, -31.36395], [17.89373, -31.34482], [17.8838, -31.32008], [17.87184, -31.27288], [17.85939, -31.26035], [17.81861, -31.23211], [17.80974, -31.22161], [17.80437, -31.20859], [17.75025, -31.13193], [17.74529, -31.12884], [17.73504, -31.10426], [17.73121, -31.09783], [17.71827, -31.08066], [17.69711, -31.03582], [17.68678, -31.01898], [17.6172, -30.93401], [17.5617, -30.83807], [17.55649, -30.82383], [17.54819, -30.78721], [17.53598, -30.75213], [17.47722, -30.68239], [17.45037, -30.63909], [17.45411, -30.60125], [17.42954, -30.57675], [17.37355, -30.48724], [17.36459, -30.46404], [17.3462, -30.44451], [17.28199, -30.34775], [17.27752, -30.33758], [17.27443, -30.3117], [17.26588, -30.27996], [17.26173, -30.27166], [17.25945, -30.24505], [17.20688, -30.1653], [17.19337, -30.13201], [17.18963, -30.09303], [17.16635, -30.01287], [17.10369, -29.88494], [17.09718, -29.85084], [17.09498, -29.84588], [17.09034, -29.84075], [17.0857, -29.83375], [17.08351, -29.82334], [17.08277, -29.81276], [17.05633, -29.7304], [17.06251, -29.7304], [17.05763, -29.71746], [17.05779, -29.69061], [17.05633, -29.67645], [17.03159, -29.61883], [17.03207, -29.60817], [17.01881, -29.59873], [17.01197, -29.57708], [17.00782, -29.53924], [16.97828, -29.46787], [16.97088, -29.45672], [16.93393, -29.35768], [16.9297, -29.35125], [16.91033, -29.33278], [16.90602, -29.32293], [16.90317, -29.31829], [16.88494, -29.29901], [16.86378, -29.2387], [16.85808, -29.22959], [16.84767, -29.2199], [16.84327, -29.21136], [16.84425, -29.18841], [16.84059, -29.17889], [16.83123, -29.16383], [16.82293, -29.14072], [16.81918, -29.11728], [16.82407, -29.10101], [16.80877, -29.0783], [16.74497, -29.02874], [16.73569, -29.01621], [16.72047, -28.97763], [16.71274, -28.96396], [16.66774, -28.90862], [16.60035, -28.85752], [16.58953, -28.83587], [16.57944, -28.80039], [16.5739, -28.76507], [16.577, -28.74424], [16.57293, -28.73756], [16.5643, -28.72031], [16.56275, -28.71282], [16.55893, -28.70762], [16.55055, -28.70582], [16.54119, -28.70526], [16.53484, -28.70322], [16.51352, -28.6609], [16.49708, -28.64935], [16.47185, -28.62542], [16.46998, -28.62005], [16.48032, -28.61354], [16.48666, -28.59881], [16.48894, -28.58294], [16.48707, -28.57293], [16.50538, -28.56539], [16.53153, -28.54968], [16.55912, -28.53707], [16.59736, -28.52622], [16.67312, -28.45976], [16.68346, -28.45625], [16.69234, -28.4611], [16.69679, -28.47247], [16.69968, -28.48519], [16.70382, -28.49449], [16.72046, -28.49604], [16.7404, -28.48095], [16.75839, -28.45966], [16.76934, -28.4426], [16.77213, -28.42576], [16.77337, -28.40292], [16.77854, -28.38297], [16.79322, -28.37429], [16.80386, -28.36612], [16.79684, -28.34783], [16.77554, -28.3191], [16.76841, -28.3037], [16.76438, -28.28323], [16.76872, -28.26535], [16.7865, -28.2576], [16.79518, -28.26122], [16.8051, -28.26773], [16.81523, -28.27083], [16.82464, -28.26453], [16.8266, -28.25192], [16.82081, -28.24003], [16.81327, -28.2299], [16.81027, -28.22288], [16.8143, -28.21347], [16.81978, -28.20975], [16.84107, -28.20985], [16.85637, -28.20665], [16.85595, -28.19941], [16.83838, -28.17947], [16.8357, -28.1742], [16.83766, -28.1682], [16.84376, -28.16386], [16.84779, -28.16541], [16.85203, -28.16831], [16.86867, -28.16789], [16.87383, -28.17151], [16.87817, -28.17203], [16.88551, -28.162], [16.89295, -28.08263], [16.89647, -28.07994], [16.91352, -28.06268], [16.91962, -28.05834], [16.92747, -28.0602], [16.9375, -28.07105], [16.94752, -28.0727], [16.95951, -28.06857], [16.97377, -28.05503], [16.98535, -28.05224], [17.01202, -28.05834], [17.0454, -28.03632], [17.05666, -28.03116], [17.0764, -28.02681], [17.08653, -28.02702], [17.0978, -28.03116], [17.11175, -28.04604], [17.12322, -28.0665], [17.13635, -28.08469], [17.15578, -28.09255], [17.18089, -28.09947], [17.18999, -28.11684], [17.18978, -28.13937], [17.18709, -28.162], [17.19195, -28.20882], [17.21314, -28.23207], [17.24518, -28.23745], [17.30864, -28.22412], [17.33448, -28.22288], [17.34574, -28.22763], [17.34977, -28.23869], [17.35122, -28.2514], [17.35504, -28.26101], [17.36414, -28.27331], [17.36703, -28.28354], [17.36807, -28.29378], [17.37199, -28.30607], [17.37892, -28.31631], [17.39483, -28.33512], [17.4, -28.34638], [17.40207, -28.36778], [17.39969, -28.39527], [17.39132, -28.41883], [17.3754, -28.42896], [17.35856, -28.43278], [17.34119, -28.44281], [17.32817, -28.45614], [17.32424, -28.47051], [17.33241, -28.4886], [17.35949, -28.51981], [17.36528, -28.54255], [17.37303, -28.55939], [17.40961, -28.57138], [17.42057, -28.5934], [17.41427, -28.63267], [17.40176, -28.67422], [17.40362, -28.70429], [17.44093, -28.70956], [17.48516, -28.70016], [17.52661, -28.69582], [17.54697, -28.69137], [17.56599, -28.68352], [17.58294, -28.68021], [17.59803, -28.68962], [17.6034, -28.71081], [17.60257, -28.7354], [17.60712, -28.75566], [17.62872, -28.76413], [17.66097, -28.7723], [17.67378, -28.77158], [17.6834, -28.76754], [17.70324, -28.75556], [17.71409, -28.75111], [17.74634, -28.74863], [17.91325, -28.78129], [17.94953, -28.79473], [17.98333, -28.81374], [18.0441, -28.85839], [18.08244, -28.87596], [18.16647, -28.9019], [18.18507, -28.90221], [18.22073, -28.89126], [18.30868, -28.87999], [18.33101, -28.88144], [18.37307, -28.89519], [18.39756, -28.89891], [18.41699, -28.89167], [18.42475, -28.88723], [18.4357, -28.88423], [18.45523, -28.88144], [18.46071, -28.87989], [18.46939, -28.87493], [18.47498, -28.874], [18.47942, -28.87627], [18.49161, -28.8863], [18.49616, -28.88826], [18.51766, -28.88227], [18.55394, -28.8647], [18.74566, -28.83989], [18.95453, -28.86666], [18.97117, -28.88051], [18.99639, -28.91555], [19.00693, -28.92629], [19.01396, -28.92847], [19.049, -28.93239], [19.06006, -28.9357], [19.06471, -28.93983], [19.08166, -28.95937], [19.12021, -28.95751], [19.16155, -28.94542], [19.2185, -28.91885], [19.22666, -28.91152], [19.23762, -28.8956], [19.24371, -28.89188], [19.27658, -28.8895], [19.28836, -28.88309], [19.28888, -28.871], [19.25157, -28.81426], [19.24495, -28.79245], [19.24857, -28.77158], [19.26593, -28.74264], [19.2773, -28.72941], [19.29002, -28.71969], [19.30448, -28.71866], [19.32836, -28.73582], [19.33901, -28.73747], [19.35347, -28.73189], [19.43461, -28.71349], [19.45507, -28.70522], [19.47243, -28.69272], [19.48287, -28.67825], [19.51171, -28.59805], [19.51781, -28.58937], [19.52742, -28.58595], [19.53372, -28.58244], [19.5422, -28.56404], [19.54757, -28.55588], [19.55646, -28.54616], [19.56235, -28.5381], [19.56876, -28.53118], [19.5792, -28.52518], [19.58798, -28.5227], [19.68834, -28.51598], [19.7056, -28.50803], [19.72534, -28.49418], [19.74808, -28.48715], [19.79634, -28.48415], [19.82559, -28.47671], [19.87034, -28.44085], [19.8967, -28.42772], [19.90786, -28.42648], [19.94021, -28.4302], [19.95054, -28.42927], [19.98165, -28.42235], [19.9832, -28.39268], [19.9832, -28.3532], [19.9832, -28.29719], [19.9832, -28.24107], [19.9832, -28.18505], [19.9831, -28.12903], [19.983, -28.07291], [19.983, -28.01679], [19.983, -27.96077], [19.983, -27.90465], [19.983, -27.84853], [19.983, -27.79262], [19.983, -27.7365], [19.983, -27.68038], [19.98289, -27.62436], [19.98289, -27.56824], [19.98289, -27.51212], [19.98289, -27.4561], [19.98289, -27.40019], [19.98289, -27.34407], [19.98289, -27.28795], [19.98279, -27.23193], [19.98269, -27.17581], [19.98269, -27.11969], [19.98269, -27.06367], [19.98269, -27.00765], [19.98269, -26.95153], [19.98269, -26.89551], [19.98258, -26.83939], [19.98258, -26.78338], [19.98258, -26.72726], [19.98258, -26.67124], [19.98258, -26.61512], [19.98248, -26.5591], [19.98238, -26.50308], [19.98238, -26.44696], [19.98238, -26.39095], [19.98238, -26.33483], [19.98238, -26.27881], [19.98238, -26.22269], [19.98227, -26.16667], [19.98227, -26.11055], [19.98227, -26.05453], [19.98227, -25.99852], [19.98227, -25.9424], [19.98217, -25.88627], [19.98207, -25.83026], [19.98207, -25.77414], [19.98207, -25.71812], [19.98207, -25.6621], [19.98207, -25.61899], [19.98207, -25.60608], [19.98207, -25.54996], [19.98207, -25.49384], [19.98207, -25.43783], [19.98196, -25.38171], [19.98196, -25.32569], [19.98196, -25.26967], [19.98196, -25.21355], [19.98196, -25.15743], [19.98196, -25.10141], [19.98196, -25.04539], [19.98186, -24.98927], [19.98176, -24.93326], [19.98176, -24.87714], [19.98176, -24.82102], [19.98176, -24.765], [19.98145, -24.75249], [19.98641, -24.76882], [19.99292, -24.77585], [20.01049, -24.78805], [20.0293, -24.81523], [20.08108, -24.85264], [20.10785, -24.88034], [20.11891, -24.88737], [20.12841, -24.88975], [20.14908, -24.89099], [20.15932, -24.89367], [20.23569, -24.93605], [20.36489, -25.0332], [20.37553, -25.04612], [20.40685, -25.10782], [20.43392, -25.14678], [20.44478, -25.16839], [20.44323, -25.18306], [20.43444, -25.1998], [20.44385, -25.21334], [20.46245, -25.22368], [20.48167, -25.2305], [20.48353, -25.25665], [20.4855, -25.26316], [20.4918, -25.26905], [20.50989, -25.27753], [20.5164, -25.28362], [20.51857, -25.29303], [20.51485, -25.29913], [20.51041, -25.30471], [20.51051, -25.31225], [20.51464, -25.31928], [20.52508, -25.3322], [20.52922, -25.34005], [20.53583, -25.37116], [20.54224, -25.38222], [20.55878, -25.39204], [20.58802, -25.40403], [20.59361, -25.41323], [20.59691, -25.43286], [20.612, -25.431], [20.61138, -25.43938], [20.6059, -25.45178], [20.60663, -25.46201], [20.61655, -25.46615], [20.62564, -25.46273], [20.63443, -25.45767], [20.64353, -25.45736], [20.65655, -25.4678], [20.62689, -25.48475], [20.62037, -25.50056], [20.61851, -25.52847], [20.66337, -25.56474], [20.67143, -25.5912], [20.66523, -25.60102], [20.64332, -25.61322], [20.63794, -25.62035], [20.64104, -25.6312], [20.65138, -25.63461], [20.66306, -25.63626], [20.67081, -25.64226], [20.67143, -25.65332], [20.66275, -25.67492], [20.66285, -25.68525], [20.67102, -25.69549], [20.69655, -25.70706], [20.70688, -25.71481], [20.7167, -25.73259], [20.73778, -25.79894], [20.72714, -25.81817], [20.72652, -25.82736], [20.74006, -25.82313], [20.74998, -25.81847], [20.75577, -25.81899], [20.76693, -25.83067], [20.76713, -25.83439], [20.79411, -25.89392], [20.80279, -25.98053], [20.80052, -26.05247], [20.80393, -26.07128], [20.84145, -26.13132], [20.83793, -26.14683], [20.79473, -26.20191], [20.77623, -26.24057], [20.75329, -26.27622], [20.69551, -26.34196], [20.66595, -26.39177], [20.6521, -26.40779], [20.62254, -26.42753], [20.6182, -26.43973], [20.60528, -26.49327], [20.60229, -26.5222], [20.60528, -26.54773], [20.61149, -26.55993], [20.62771, -26.58081], [20.63236, -26.59528], [20.63071, -26.61832], [20.6089, -26.68612], [20.60921, -26.7162], [20.61469, -26.7532], [20.62482, -26.78937], [20.63867, -26.81697], [20.64487, -26.82451], [20.65055, -26.82968], [20.66564, -26.83908], [20.67546, -26.85004], [20.68569, -26.88177], [20.69076, -26.89179], [20.69355, -26.889], [20.71494, -26.87505], [20.77943, -26.84808], [20.82605, -26.81883], [20.85188, -26.80653], [20.9077, -26.80002], [20.95017, -26.81604], [20.99038, -26.83857], [21.12246, -26.86534], [21.15347, -26.86451], [21.24059, -26.84198], [21.25486, -26.84177], [21.28287, -26.84498], [21.29692, -26.84446], [21.38084, -26.824], [21.42663, -26.82265], [21.44947, -26.82637], [21.49867, -26.84642], [21.58393, -26.84839], [21.64336, -26.86275], [21.66455, -26.86306], [21.68718, -26.85521], [21.74382, -26.82048], [21.76232, -26.80446], [21.77338, -26.78679], [21.77751, -26.76849], [21.77648, -26.74917], [21.76749, -26.70431], [21.76873, -26.68871], [21.78061, -26.67816], [21.80728, -26.66959], [21.8388, -26.66452], [21.93585, -26.6639], [21.999, -26.65026], [22.0577, -26.6176], [22.10814, -26.57192], [22.14617, -26.51921], [22.17832, -26.43993], [22.19743, -26.40407], [22.23774, -26.36676], [22.24828, -26.34692], [22.25728, -26.34092], [22.30316, -26.33358], [22.31877, -26.32883], [22.34285, -26.31736], [22.39505, -26.27188], [22.42884, -26.22651], [22.45086, -26.21008], [22.48259, -26.20481], [22.52796, -26.2137], [22.54511, -26.20739], [22.56382, -26.18114], [22.58025, -26.14652], [22.59152, -26.13318], [22.61116, -26.12057], [22.62086, -26.11153], [22.62325, -26.10931], [22.665, -26.05143], [22.66583, -26.03986], [22.66211, -26.02983], [22.66159, -26.02094], [22.67224, -26.01288], [22.70066, -26.00327], [22.71048, -25.99686], [22.71937, -25.98425], [22.72423, -25.96751], [22.72722, -25.94394], [22.72681, -25.92162], [22.72164, -25.90901], [22.70883, -25.89103], [22.71947, -25.87429], [22.73952, -25.85847], [22.75471, -25.84338], [22.76546, -25.82654], [22.76412, -25.82034], [22.75792, -25.80597], [22.75089, -25.79605], [22.745, -25.79408], [22.74117, -25.79088], [22.74045, -25.77703], [22.74645, -25.75533], [22.75978, -25.73486], [22.80443, -25.68722], [22.81021, -25.6774], [22.8128, -25.66706], [22.81497, -25.6528], [22.81342, -25.64195], [22.80959, -25.63327], [22.81084, -25.62531], [22.82437, -25.6158], [22.83337, -25.60608], [22.82871, -25.59554], [22.81921, -25.5849], [22.81342, -25.57508], [22.81404, -25.5666], [22.81683, -25.55844], [22.82468, -25.54304], [22.84463, -25.48113], [22.85135, -25.47131], [22.87677, -25.46201], [22.88763, -25.45023], [22.90365, -25.41137], [22.91191, -25.39907], [22.92049, -25.39049], [22.93093, -25.38429], [22.94478, -25.37871], [22.95615, -25.37209], [22.96028, -25.36434], [22.96256, -25.35576], [22.96803, -25.34688], [23.007, -25.3108], [23.03067, -25.29944], [23.05454, -25.30254], [23.06115, -25.3107], [23.0655, -25.32083], [23.0717, -25.326], [23.08389, -25.31969], [23.0934, -25.31246], [23.16854, -25.28001], [23.21608, -25.26719], [23.26569, -25.26399], [23.32036, -25.27339], [23.36594, -25.28931], [23.38145, -25.29262], [23.39922, -25.29137], [23.43199, -25.28032], [23.4449, -25.27815], [23.45927, -25.28218], [23.46816, -25.29024], [23.48345, -25.31153], [23.49658, -25.32424], [23.50661, -25.33096], [23.53586, -25.34326], [23.56107, -25.35731], [23.6667, -25.43266], [23.67424, -25.44258], [23.68675, -25.45436], [23.74266, -25.46997], [23.75207, -25.47762], [23.7623, -25.49849], [23.76902, -25.50738], [23.77832, -25.51255], [23.79858, -25.51854], [23.80747, -25.52361], [23.8454, -25.56908], [23.89066, -25.59885], [23.90575, -25.61849], [23.92477, -25.62924], [23.97645, -25.61756], [23.98802, -25.61952], [23.99826, -25.62531], [24.00869, -25.63316], [24.00962, -25.64133], [24.00425, -25.64991], [24.0057, -25.65466], [24.02709, -25.65177], [24.13096, -25.62624], [24.18346, -25.62593], [24.2277, -25.64898], [24.29674, -25.72349], [24.33891, -25.75181], [24.38924, -25.75946], [24.41673, -25.75305], [24.43678, -25.7453], [24.45673, -25.74303], [24.50085, -25.75785], [24.57672, -25.78334], [24.62964, -25.8161], [24.66499, -25.82333], [24.73795, -25.81589], [24.77071, -25.82261], [24.79862, -25.82922], [24.8289, -25.82602], [24.88854, -25.81165], [24.90838, -25.80411], [24.96791, -25.76287], [25.01328, -25.74303], [25.05173, -25.73786], [25.09028, -25.74365], [25.13596, -25.75657], [25.17782, -25.76328], [25.38649, -25.74354], [25.45842, -25.71119], [25.58725, -25.61952], [25.60885, -25.55927], [25.65284, -25.46332], [25.66353, -25.44], [25.69546, -25.30998], [25.7829, -25.13139], [25.80492, -25.06483], [25.8352, -25.01635], [25.83706, -24.97915], [25.8662, -24.91817], [25.87675, -24.88603], [25.87726, -24.84572], [25.86693, -24.77265], [25.86837, -24.74815], [25.87406, -24.7434], [25.88171, -24.74216], [25.91468, -24.73182], [25.96604, -24.73358], [25.98113, -24.72634], [26.01358, -24.70454], [26.16591, -24.66085], [26.27879, -24.62847], [26.32571, -24.62237], [26.34452, -24.62403], [26.36354, -24.62806], [26.38162, -24.6295], [26.404, -24.63276], [26.404, -24.71456], [26.41036, -24.74149], [26.43862, -24.78593], [26.44488, -24.80882], [26.45542, -24.81234], [26.62636, -24.82737], [26.65039, -24.83321], [26.68192, -24.85089], [26.70781, -24.8622], [26.72739, -24.86654], [26.75282, -24.86944], [26.76801, -24.86618], [26.82899, -24.83528], [26.94433, -24.78955], [26.98665, -24.76159], [26.99735, -24.73668], [27.00748, -24.728], [27.02298, -24.72397], [27.03554, -24.73063], [27.04298, -24.74924], [27.05543, -24.84975], [27.07962, -24.88758], [27.11471, -24.90732], [27.14742, -24.93832], [27.16189, -24.96876], [27.16979, -24.98137], [27.18251, -24.99093], [27.28943, -25.00669], [27.36653, -25.05904], [27.44259, -25.06209], [27.48786, -25.05573], [27.49809, -25.06369], [27.5045, -25.08963], [27.50652, -25.09459], [27.50962, -25.09873], [27.51396, -25.10172], [27.51969, -25.10343], [27.52621, -25.1042], [27.53442, -25.10152], [27.54574, -25.09278], [27.58129, -25.04043], [27.58687, -25.02028], [27.58765, -25.00659], [27.58687, -25.00008], [27.58687, -24.99899], [27.58719, -24.99682], [27.5909, -24.98979], [27.60083, -24.98395], [27.62243, -24.97589], [27.64382, -24.97517], [27.66759, -24.97077], [27.70837, -25.00736], [27.72061, -24.99878], [27.72526, -24.99615], [27.74004, -24.98969], [27.7571, -24.98685], [27.90623, -25.00328], [27.91678, -25.00318], [27.92251, -25.00132], [27.9236, -25.00049], [27.92391, -24.99987], [27.92499, -24.99806], [27.92995, -24.99429], [27.94344, -24.98747], [27.96582, -24.98509], [28.01377, -24.99708], [28.06323, -25.00018], [28.09816, -25.00938], [28.17733, -25.04131], [28.20709, -25.05837], [28.22198, -25.07759], [28.21841, -25.10498], [28.21159, -25.12446], [28.19888, -25.13361], [28.17733, -25.13449], [28.16317, -25.13035], [28.14519, -25.11966], [28.12441, -25.10978], [28.10979, -25.10808], [28.08731, -25.11568], [28.08049, -25.12958], [28.08405, -25.14911], [28.10638, -25.16301], [28.11863, -25.17712], [28.12751, -25.20017], [28.13992, -25.21004], [28.16069, -25.21309], [28.19423, -25.20823], [28.21547, -25.21717], [28.23087, -25.2258], [28.2937, -25.31711], [28.28531, -25.34024], [28.23523, -25.35338], [28.20615, -25.32418], [28.17353, -25.32897], [28.17222, -25.36506], [28.15122, -25.37528], [28.10437, -25.37236], [28.05106, -25.40009], [28.00421, -25.36068], [27.96867, -25.3636], [27.94928, -25.41031], [27.96705, -25.43511], [27.99129, -25.42636], [28.03329, -25.47158], [28.00744, -25.4847], [28.00098, -25.51824], [28.05429, -25.53573], [28.04621, -25.5576], [27.98321, -25.5474], [27.96382, -25.59257], [27.97351, -25.5984], [27.98159, -25.62899], [27.95574, -25.64938], [27.95652, -25.70959], [27.96117, -25.72127], [27.96396, -25.73414], [27.96287, -25.74148], [27.95388, -25.74778], [27.94747, -25.75021], [27.94654, -25.75181], [27.94422, -25.75677], [27.94623, -25.76835], [27.94737, -25.78664], [27.94282, -25.80685], [27.92422, -25.83036], [27.89135, -25.84064], [27.87564, -25.85299], [27.80536, -25.86602], [27.72764, -25.87842], [27.70992, -25.86416], [27.67266, -25.86581], [27.65157, -25.84881], [27.64072, -25.80365], [27.60842, -25.81537], [27.52559, -25.84374], [27.45934, -25.88529], [27.44524, -26.0071], [27.40952, -26.09903], [27.39459, -26.12287], [27.36406, -26.12657], [27.34013, -26.15028], [27.2905, -26.14599], [27.32444, -26.28655], [27.22018, -26.35989], [27.19127, -26.38192], [27.22064, -26.43337], [27.22391, -26.46202], [27.22978, -26.5035], [27.2102, -26.5146], [27.15732, -26.52512], [27.16972, -26.55023], [27.17821, -26.55549], [27.18539, -26.57476], [27.23063, -26.57129], [27.2434, -26.64002], [27.33481, -26.61573], [27.33975, -26.5848], [27.35458, -26.58038], [27.38422, -26.58701], [27.38175, -26.61131], [27.41387, -26.64444], [27.44599, -26.62677], [27.49787, -26.64223], [27.55033, -26.64421], [27.5686, -26.65005], [27.57513, -26.69672], [27.60516, -26.69789], [27.58253, -26.73764], [27.56951, -26.74343], [27.57587, -26.7641], [27.55267, -26.76508], [27.54093, -26.76782], [27.53303, -26.76958], [27.51944, -26.78069], [27.51442, -26.80162], [27.51386, -26.82198], [27.51075, -26.83242], [27.48027, -26.87397], [27.46947, -26.87991], [27.40756, -26.89443], [27.39407, -26.89552], [27.38125, -26.89154], [27.34937, -26.86394], [27.33614, -26.85841], [27.30751, -26.86239], [27.28338, -26.88099], [27.24152, -26.92554], [27.20245, -26.95195], [27.1807, -26.96047], [27.17119, -26.95184], [27.17388, -26.94254], [27.17806, -26.93246], [27.17801, -26.9244], [27.16778, -26.92115], [27.15915, -26.92223], [27.14215, -26.92688], [27.04391, -26.9288], [26.99962, -26.92316], [26.96634, -26.90745], [26.94588, -26.87567], [26.93265, -26.86487], [26.91792, -26.87397], [26.91415, -26.88994], [26.91792, -26.95525], [26.89343, -26.94037], [26.86253, -26.91505], [26.85757, -26.91298], [26.83638, -26.9244], [26.82403, -26.93453], [26.81752, -26.94337], [26.80832, -26.93913], [26.7938, -26.92797], [26.78837, -26.93066], [26.77757, -26.93965], [26.75494, -26.94564], [26.73747, -26.95551], [26.70843, -26.97918], [26.70424, -26.98476], [26.70109, -26.99189], [26.69897, -26.99949], [26.69819, -27.00678], [26.69458, -27.01695], [26.68672, -27.01701], [26.67949, -27.01277], [26.67773, -27.00988], [26.66967, -27.00739], [26.65856, -27.00228], [26.64492, -26.99933], [26.62931, -27.00367], [26.61525, -27.01391], [26.58787, -27.04145], [26.58151, -27.05147], [26.58042, -27.06853], [26.58368, -27.08264], [26.58244, -27.09478], [26.56787, -27.1061], [26.54394, -27.09809], [26.53185, -27.0985], [26.5058, -27.12718], [26.48968, -27.1386], [26.43129, -27.1539], [26.41113, -27.17684], [26.4331, -27.2048], [26.46777, -27.23224], [26.48591, -27.25379], [26.48524, -27.31084], [26.4826, -27.3128], [26.47749, -27.31099], [26.46917, -27.31559], [26.45599, -27.33404], [26.45015, -27.3529], [26.45728, -27.36763], [26.48281, -27.37363], [26.49289, -27.37471], [26.50286, -27.37786], [26.5103, -27.38324], [26.51325, -27.39068], [26.50844, -27.39378], [26.40943, -27.39285], [26.39036, -27.38727], [26.36219, -27.3868], [26.34953, -27.38965], [26.33884, -27.39781], [26.32959, -27.41683], [26.3283, -27.41858], [26.32478, -27.42132], [26.31662, -27.41703], [26.30747, -27.41083], [26.30096, -27.40773], [26.27372, -27.41254], [26.24959, -27.42597], [26.23243, -27.44654], [26.22587, -27.47259], [26.22711, -27.48287], [26.22856, -27.48923], [26.22685, -27.49486], [26.21843, -27.50333], [26.21342, -27.50525], [26.19714, -27.50866], [26.19109, -27.51077], [26.10159, -27.58633], [26.08852, -27.60204], [26.08169, -27.61077], [26.07937, -27.6131], [26.0555, -27.65252], [26.05348, -27.65764], [26.0527, -27.66317], [26.05394, -27.66829], [26.0558, -27.67325], [26.06697, -27.69107], [26.06898, -27.69583], [26.0696, -27.70141], [26.06836, -27.70647], [26.06542, -27.71071], [26.06123, -27.71376], [26.05596, -27.71624], [26.04945, -27.71815], [26.04196, -27.71903], [26.03234, -27.71893], [26.0249, -27.71645], [26.01917, -27.71205], [26.01405, -27.70317], [26.01204, -27.69557], [26.01002, -27.68193], [26.00537, -27.66549], [26.00103, -27.64276], [25.99979, -27.63924], [25.99436, -27.63609], [25.98428, -27.63289], [25.91581, -27.62023], [25.90357, -27.61955], [25.88109, -27.62136], [25.87442, -27.62095], [25.866, -27.61769], [25.8567, -27.61201], [25.84228, -27.59831], [25.8305, -27.58385], [25.82057, -27.57888], [25.79866, -27.58069], [25.69407, -27.63439], [25.66709, -27.65299], [25.66275, -27.6596], [25.65469, -27.6689], [25.64736, -27.67237], [25.64038, -27.67325], [25.63433, -27.67128], [25.62255, -27.66844], [25.60302, -27.65795], [25.59185, -27.6548], [25.58095, -27.6548], [25.57397, -27.65888], [25.56281, -27.67237], [25.55739, -27.67526], [25.55139, -27.67743], [25.53408, -27.68673], [25.52292, -27.6889], [25.51796, -27.68777], [25.50866, -27.68265], [25.50245, -27.68146], [25.49646, -27.68358], [25.49134, -27.68813], [25.4854, -27.69511], [25.42142, -27.7104], [25.40623, -27.71965], [25.33378, -27.77768], [25.32681, -27.78146], [25.31404, -27.78513], [25.30143, -27.78626], [25.29043, -27.78575], [25.28014, -27.78745], [25.2697, -27.79505], [25.25306, -27.81623], [25.24888, -27.81928], [25.24061, -27.8229], [25.24066, -27.83127], [25.24578, -27.84657], [25.2389, -27.85928], [25.225, -27.87763], [25.20857, -27.89406], [25.19426, -27.90119], [25.1893, -27.90445], [25.17875, -27.91902], [25.17379, -27.92227], [25.15007, -27.92227], [25.13932, -27.92424], [25.12909, -27.9291], [25.12408, -27.93535], [25.09783, -27.97793], [25.09855, -27.98532], [25.10165, -27.99106], [25.10181, -27.99741], [25.08129, -28.03012], [25.06682, -28.04744], [25.05339, -28.05823], [25.04476, -28.05823], [25.03334, -28.05576], [25.02352, -28.05529], [25.01499, -28.0679], [25.01349, -28.06821], [25.01334, -28.08283], [25.01303, -28.09973], [25.00993, -28.11508], [24.98125, -28.18836], [24.97019, -28.2081], [24.95034, -28.23605], [24.92347, -28.25931], [24.89975, -28.27285], [24.8951, -28.28602], [24.89898, -28.2976], [24.90688, -28.30928], [24.91603, -28.31744], [24.91727, -28.32923], [24.91386, -28.34845], [24.89184, -28.42018], [24.88099, -28.44167], [24.86373, -28.46596], [24.84513, -28.5194], [24.8411, -28.58265], [24.84839, -28.61055], [24.86048, -28.6273], [24.87216, -28.63283], [24.87712, -28.63882], [24.87433, -28.64988], [24.76183, -28.86537], [24.65506, -29.06934], [24.41704, -29.50988], [24.34852, -29.63618], [24.34082, -29.64904], [24.3479, -29.66036], [24.35539, -29.697], [24.36475, -29.71328], [24.40908, -29.76449], [24.4281, -29.77906], [24.442, -29.78505], [24.47461, -29.78562], [24.47776, -29.78986], [24.48329, -29.80867], [24.48825, -29.81291], [24.51037, -29.81162], [24.52158, -29.81239], [24.52949, -29.81632], [24.57543, -29.86598], [24.60463, -29.88195], [24.64623, -29.88799], [24.65754, -29.89564], [24.66302, -29.91352], [24.66612, -29.93419], [24.67041, -29.95011], [24.6792, -29.96081], [24.69165, -29.96877], [24.7072, -29.97419], [24.72503, -29.9774], [24.73992, -29.98013], [24.75346, -29.98168], [24.78446, -29.98825], [24.8073, -30.02168], [24.90688, -30.20121], [24.91433, -30.20699], [24.92068, -30.21061], [24.92569, -30.21247], [24.93453, -30.21433], [24.94538, -30.21464], [24.96197, -30.23986], [24.96492, -30.24694], [24.9674, -30.25087], [24.97825, -30.25795], [24.98207, -30.26322], [24.98605, -30.26601], [25.02931, -30.28306], [25.03354, -30.289], [25.03551, -30.31117], [25.03866, -30.32244], [25.04346, -30.33024], [25.13126, -30.39964], [25.1849, -30.45566], [25.21787, -30.47767], [25.25792, -30.4969], [25.27358, -30.51059], [25.27993, -30.5292], [25.29032, -30.5431], [25.31456, -30.54651], [25.36184, -30.54532], [25.39683, -30.56356], [25.43161, -30.59219], [25.46747, -30.61312], [25.48302, -30.7558], [25.50106, -30.77492], [25.52199, -30.80189], [25.51563, -30.82417], [25.49283, -30.84878], [27.46388, -33.27975], [27.45851, -33.29892], [27.43458, -33.32073], [27.38022, -33.35735], [27.35581, -33.36956], [27.35174, -33.36956], [27.3475, -33.36712], [27.34425, -33.36444], [27.3423, -33.36338], [27.33888, -33.36639], [27.33481, -33.37705], [27.22828, -33.4389], [27.21876, -33.44866], [27.14308, -33.47942], [27.12745, -33.48984], [27.1198, -33.49676], [27.11638, -33.50359], [27.11443, -33.51116], [27.1089, -33.51914], [27.10092, -33.52532], [27.09181, -33.52777], [27.0713, -33.53086], [26.98463, -33.57024], [26.96534, -33.57431], [26.94125, -33.57562], [26.91912, -33.58148], [26.86305, -33.62273], [26.84278, -33.62737], [26.79461, -33.63226], [26.76124, -33.64902], [26.66538, -33.68369], [26.65333, -33.68483], [26.64552, -33.68914], [26.63893, -33.70778], [26.63258, -33.71217], [26.61085, -33.71494], [26.51515, -33.7553], [26.47609, -33.76425], [26.43483, -33.76605], [26.34986, -33.75555], [26.32342, -33.75644], [26.30421, -33.76377], [26.28663, -33.76637], [26.26319, -33.75799], [26.2256, -33.73944], [26.09254, -33.71706], [25.95525, -33.71087], [25.86744, -33.72186], [25.78541, -33.74359], [25.71111, -33.77418], [25.67905, -33.79518], [25.65309, -33.82269], [25.63404, -33.85516], [25.61752, -33.91139], [25.61492, -33.93499], [25.6194, -33.9459], [25.63893, -33.95379], [25.6434, -33.96258], [25.6482, -33.96868], [25.67701, -33.98651], [25.69565, -34.01181], [25.70436, -34.02069], [25.70289, -34.0285], [25.70102, -34.03167], [25.69752, -34.03493], [25.66603, -34.02654], [25.6443, -34.03249], [25.6242, -34.04306], [25.59815, -34.04852], [25.5669, -34.0455], [25.51393, -34.03151], [25.4852, -34.02752], [25.43539, -34.03289], [25.41049, -34.03297], [25.38356, -34.01963], [25.34799, -34.01442], [25.31381, -33.99334], [25.27752, -33.98113], [25.19264, -33.96217], [25.10109, -33.96055], [25.01149, -33.97096], [24.95289, -33.98512], [24.92905, -33.99586], [24.91334, -34.01133], [24.92742, -34.05234], [24.91635, -34.07236], [24.89926, -34.08961], [24.88868, -34.09637], [24.84108, -34.1325], [24.83416, -34.14764], [24.83823, -34.15976], [24.84767, -34.16627], [24.85711, -34.17116], [24.86134, -34.17832], [24.85792, -34.18694], [24.84083, -34.19801], [24.83416, -34.20566], [24.82732, -34.20566], [24.81471, -34.19069], [24.79371, -34.18475], [24.72535, -34.18328], [24.67026, -34.17083], [24.64723, -34.16823], [24.584, -34.17832], [24.56495, -34.17694], [24.47853, -34.15781], [24.43523, -34.13893], [24.40016, -34.11256], [24.38087, -34.10638], [24.25913, -34.09417], [24.24171, -34.08611], [24.22788, -34.07789], [24.1631, -34.05478], [23.98422, -34.04111], [23.96266, -34.03688], [23.91961, -34.02353], [23.813, -34.01442], [23.63551, -33.97967], [23.58855, -33.98121], [23.42758, -34.01238], [23.4061, -34.02044], [23.38689, -34.03118], [23.37086, -34.04485], [23.36118, -34.06666], [23.36793, -34.0866], [23.38559, -34.10027], [23.40838, -34.1032], [23.40838, -34.11004], [23.06284, -34.0827], [23.05747, -34.07627], [23.05152, -34.04762], [23.049, -34.04111], [23.01889, -34.03916], [23.00652, -34.03509], [22.99806, -34.02752], [23.00164, -34.04258], [23.00904, -34.04852], [23.01873, -34.05169], [23.02882, -34.05853], [23.03875, -34.07244], [23.03891, -34.07977], [23.03224, -34.08611], [23.02622, -34.08099], [23.01222, -34.07741], [22.98455, -34.07529], [22.97169, -34.07773], [22.96209, -34.08131], [22.95151, -34.08392], [22.93605, -34.0827], [22.85621, -34.06178], [22.82423, -34.04518], [22.81137, -34.04176], [22.80014, -34.03558], [22.792, -34.02069], [22.78981, -34.01133], [22.79054, -34.00433], [22.79721, -34.00058], [22.81251, -34.00075], [22.79672, -33.98952], [22.77459, -33.98358], [22.73048, -33.97967], [22.73992, -33.99472], [22.75318, -34.00953], [22.76889, -34.02142], [22.78517, -34.02752], [22.76677, -34.03289], [22.74252, -34.0289], [22.62989, -33.99578], [22.60987, -33.99334], [22.58367, -33.99407], [22.56397, -33.99725], [22.5477, -34.00359], [22.49586, -34.03924], [22.45541, -34.05706], [22.41049, -34.06561], [22.31707, -34.0569], [22.27516, -34.05771], [22.18922, -34.07529], [22.1692, -34.08319], [22.15284, -34.09368], [22.12355, -34.12054], [22.11101, -34.14153], [22.11541, -34.15781], [22.12989, -34.16969], [22.14772, -34.17832], [22.13404, -34.18808], [22.11411, -34.19394], [21.98406, -34.21014], [21.94695, -34.22373], [21.92172, -34.24668], [21.91871, -34.26295], [21.91966, -34.26897], [21.91966, -34.26897], [21.92384, -34.29567], [21.92199, -34.29783], [21.92199, -34.29783], [21.91432, -34.30682]]]]}, "properties": {"id": "man-5df8", "status": "validé", "pieces": [{"kind": "admin1", "code": "ZAF-1189"}, {"kind": "admin1", "code": "ZAF-1188"}, {"kind": "admin1", "code": "ZAF-1201"}, {"kind": "polygon", "ring": [[25.35645, -30.68056], [28.125, -34.09513], [22.0166, -35.46721], [21.57715, -30.03566]]}, {"kind": "clip"}]}}, {"type": "Feature", "geometry": {"type": "Polygon", "coordinates": [[[26.44409, -24.66189], [27.33398, -25.09065], [27.29553, -25.40875], [26.99341, -25.51791], [26.82312, -25.62681], [26.64459, -26.06944], [26.26556, -26.26919], [25.75195, -26.08918], [25.4581, -25.71134], [25.45842, -25.71119], [25.58725, -25.61952], [25.60885, -25.55927], [25.65284, -25.46332], [25.66353, -25.44], [25.69546, -25.30998], [25.7829, -25.13139], [25.80492, -25.06483], [25.8352, -25.01635], [25.83706, -24.97915], [25.8662, -24.91817], [25.87675, -24.88603], [25.87726, -24.84572], [25.86693, -24.77265], [25.86837, -24.74815], [25.87406, -24.7434], [25.88171, -24.74216], [25.91468, -24.73182], [25.96604, -24.73358], [25.98113, -24.72634], [26.01358, -24.70454], [26.16591, -24.66085], [26.22445, -24.64405], [26.44409, -24.66189]]]}, "properties": {"id": "man-6100", "status": "validé", "pieces": [{"kind": "polygon", "ring": [[25.42511, -25.66891], [25.75195, -26.08918], [26.26556, -26.26919], [26.64459, -26.06944], [26.82312, -25.62681], [26.99341, -25.51791], [27.29553, -25.40875], [27.33398, -25.09065], [26.44409, -24.66189], [25.82886, -24.61194]]}, {"kind": "clip"}]}}, {"type": "Feature", "geometry": {"type": "Polygon", "coordinates": [[[28.96271, -28.6739], [28.96271, -28.46637], [28.7471, -28.46637], [28.7471, -28.6739], [28.96271, -28.6739]]]}, "properties": {"id": "man-6109", "status": "validé", "pieces": [{"kind": "rect", "bounds": [28.7471, -28.6739, 28.96271, -28.46637]}]}}, {"type": "Feature", "geometry": {"type": "Polygon", "coordinates": [[[29.16389, -27.44978], [29.18415, -27.43454], [29.24458, -27.42661], [29.27479, -27.43332], [29.30672, -27.41655], [29.35204, -27.41929], [29.38705, -27.43393], [29.4001, -27.401], [29.4183, -27.38728], [29.43924, -27.38484], [29.46636, -27.36074], [29.48112, -27.35921], [29.48112, -27.3522], [29.46362, -27.35403], [29.43924, -27.37355], [29.4104, -27.38026], [29.38843, -27.39398], [29.38328, -27.42326], [29.33418, -27.40649], [29.30637, -27.40832], [29.27101, -27.42508], [29.23531, -27.42021], [29.19582, -27.42637], [29.16733, -27.43155], [29.15634, -27.44649], [29.16389, -27.44978]]]}, "properties": {"id": "man-637e", "status": "validé", "pieces": [{"kind": "polygon", "ring": [[29.16389, -27.44978], [29.18415, -27.43454], [29.24458, -27.42661], [29.27479, -27.43332], [29.30672, -27.41655], [29.35204, -27.41929], [29.38705, -27.43393], [29.4001, -27.401], [29.4183, -27.38728], [29.43924, -27.38484], [29.46636, -27.36074], [29.48112, -27.35921], [29.48112, -27.3522], [29.46362, -27.35403], [29.43924, -27.37355], [29.4104, -27.38026], [29.38843, -27.39398], [29.38328, -27.42326], [29.33418, -27.40649], [29.30637, -27.40832], [29.27101, -27.42508], [29.23531, -27.42021], [29.19582, -27.42637], [29.16733, -27.43155], [29.15634, -27.44649]]}]}}, {"type": "Feature", "geometry": {"type": "Polygon", "coordinates": [[[30.4541, -25.34565], [30.16846, -24.96761], [29.95972, -23.74609], [29.9707, -22.98939], [30.14648, -22.44192], [30.46509, -22.43177], [30.68481, -22.67537], [30.92651, -23.63538], [31.21216, -24.3383], [31.23413, -25.32578], [31.27207, -25.78736], [31.20841, -25.83863], [31.11984, -25.91005], [31.10687, -25.93092], [31.09162, -25.98363], [31.03777, -26.10011], [31.00987, -26.14493], [30.4541, -25.34565]]]}, "properties": {"id": "man-663c", "status": "validé", "pieces": [{"kind": "polygon", "ring": [[31.02539, -26.16725], [30.4541, -25.34565], [30.16846, -24.96761], [29.95972, -23.74609], [29.9707, -22.98939], [30.14648, -22.44192], [30.46509, -22.43177], [30.68481, -22.67537], [30.92651, -23.63538], [31.21216, -24.3383], [31.23413, -25.32578], [31.30005, -26.12779]]}, {"kind": "clip"}]}}, {"type": "Feature", "geometry": {"type": "Polygon", "coordinates": [[[27.95388, -25.74778], [27.94747, -25.75021], [27.94654, -25.75181], [27.94422, -25.75677], [27.94623, -25.76835], [27.94737, -25.78664], [27.94282, -25.80685], [27.92422, -25.83036], [27.89135, -25.84064], [27.87564, -25.85299], [27.80536, -25.86602], [27.72764, -25.87842], [27.70992, -25.86416], [27.67266, -25.86581], [27.65157, -25.84881], [27.64072, -25.80365], [27.60842, -25.81537], [27.52559, -25.84374], [27.45934, -25.88529], [27.44524, -26.0071], [27.40952, -26.09903], [27.39459, -26.12287], [27.36406, -26.12657], [27.34013, -26.15028], [27.2905, -26.14599], [27.32444, -26.28655], [27.22018, -26.35989], [27.19127, -26.38192], [27.22064, -26.43337], [27.22391, -26.46202], [27.22978, -26.5035], [27.2102, -26.5146], [27.15732, -26.52512], [27.16972, -26.55023], [27.17821, -26.55549], [27.18539, -26.57476], [27.23063, -26.57129], [27.2434, -26.64002], [27.33481, -26.61573], [27.33975, -26.5848], [27.35458, -26.58038], [27.38422, -26.58701], [27.38175, -26.61131], [27.41387, -26.64444], [27.44599, -26.62677], [27.49787, -26.64223], [27.55033, -26.64421], [27.5686, -26.65005], [27.57513, -26.69672], [27.60516, -26.69789], [27.58253, -26.73764], [27.56951, -26.74343], [27.57587, -26.7641], [27.55267, -26.76508], [27.54093, -26.76782], [27.53303, -26.76958], [27.51944, -26.78069], [27.51442, -26.80162], [27.51386, -26.82198], [27.51075, -26.83242], [27.48027, -26.87397], [27.46947, -26.87991], [27.40756, -26.89443], [27.39407, -26.89552], [27.38125, -26.89154], [27.34937, -26.86394], [27.33614, -26.85841], [27.30751, -26.86239], [27.28338, -26.88099], [27.24152, -26.92554], [27.20245, -26.95195], [27.1807, -26.96047], [27.17119, -26.95184], [27.17388, -26.94254], [27.17806, -26.93246], [27.17801, -26.9244], [27.16778, -26.92115], [27.15915, -26.92223], [27.14215, -26.92688], [27.04391, -26.9288], [26.99962, -26.92316], [26.96634, -26.90745], [26.94588, -26.87567], [26.93265, -26.86487], [26.91792, -26.87397], [26.91415, -26.88994], [26.91792, -26.95525], [26.89343, -26.94037], [26.86253, -26.91505], [26.85757, -26.91298], [26.83638, -26.9244], [26.82403, -26.93453], [26.81752, -26.94337], [26.80832, -26.93913], [26.7938, -26.92797], [26.78837, -26.93066], [26.77757, -26.93965], [26.75494, -26.94564], [26.73747, -26.95551], [26.70843, -26.97918], [26.70424, -26.98476], [26.70109, -26.99189], [26.69897, -26.99949], [26.69819, -27.00678], [26.69458, -27.01695], [26.68672, -27.01701], [26.67949, -27.01277], [26.67773, -27.00988], [26.66967, -27.00739], [26.65856, -27.00228], [26.64492, -26.99933], [26.62931, -27.00367], [26.61525, -27.01391], [26.58787, -27.04145], [26.58151, -27.05147], [26.58042, -27.06853], [26.58368, -27.08264], [26.58244, -27.09478], [26.56787, -27.1061], [26.54394, -27.09809], [26.53185, -27.0985], [26.5058, -27.12718], [26.48968, -27.1386], [26.43129, -27.1539], [26.41113, -27.17684], [26.4331, -27.2048], [26.46777, -27.23224], [26.48591, -27.25379], [26.48524, -27.31084], [26.4826, -27.3128], [26.47749, -27.31099], [26.46917, -27.31559], [26.45599, -27.33404], [26.45015, -27.3529], [26.45728, -27.36763], [26.48281, -27.37363], [26.49289, -27.37471], [26.50286, -27.37786], [26.5103, -27.38324], [26.51325, -27.39068], [26.50844, -27.39378], [26.40943, -27.39285], [26.39036, -27.38727], [26.36219, -27.3868], [26.34953, -27.38965], [26.33884, -27.39781], [26.32959, -27.41683], [26.3283, -27.41858], [26.32478, -27.42132], [26.31662, -27.41703], [26.30747, -27.41083], [26.30096, -27.40773], [26.27372, -27.41254], [26.24959, -27.42597], [26.23243, -27.44654], [26.22587, -27.47259], [26.22711, -27.48287], [26.22856, -27.48923], [26.22685, -27.49486], [26.21843, -27.50333], [26.21342, -27.50525], [26.19714, -27.50866], [26.19109, -27.51077], [26.10159, -27.58633], [26.08852, -27.60204], [26.08169, -27.61077], [26.07937, -27.6131], [26.0555, -27.65252], [26.05348, -27.65764], [26.0527, -27.66317], [26.05394, -27.66829], [26.0558, -27.67325], [26.06697, -27.69107], [26.06898, -27.69583], [26.0696, -27.70141], [26.06836, -27.70647], [26.06542, -27.71071], [26.06123, -27.71376], [26.05596, -27.71624], [26.04945, -27.71815], [26.04196, -27.71903], [26.03234, -27.71893], [26.0249, -27.71645], [26.01917, -27.71205], [26.01405, -27.70317], [26.01204, -27.69557], [26.01002, -27.68193], [26.00537, -27.66549], [26.00103, -27.64276], [25.99979, -27.63924], [25.99436, -27.63609], [25.98428, -27.63289], [25.91581, -27.62023], [25.90357, -27.61955], [25.88109, -27.62136], [25.87442, -27.62095], [25.866, -27.61769], [25.8567, -27.61201], [25.84228, -27.59831], [25.8305, -27.58385], [25.82057, -27.57888], [25.79866, -27.58069], [25.69407, -27.63439], [25.66709, -27.65299], [25.66275, -27.6596], [25.65469, -27.6689], [25.64736, -27.67237], [25.64038, -27.67325], [25.63433, -27.67128], [25.62255, -27.66844], [25.60302, -27.65795], [25.59185, -27.6548], [25.58095, -27.6548], [25.57397, -27.65888], [25.56281, -27.67237], [25.55739, -27.67526], [25.55139, -27.67743], [25.53408, -27.68673], [25.52292, -27.6889], [25.51796, -27.68777], [25.50866, -27.68265], [25.50245, -27.68146], [25.49646, -27.68358], [25.49134, -27.68813], [25.4854, -27.69511], [25.42142, -27.7104], [25.40623, -27.71965], [25.33378, -27.77768], [25.32681, -27.78146], [25.31404, -27.78513], [25.30143, -27.78626], [25.29043, -27.78575], [25.28014, -27.78745], [25.2697, -27.79505], [25.25306, -27.81623], [25.24888, -27.81928], [25.24061, -27.8229], [25.24066, -27.83127], [25.24578, -27.84657], [25.2389, -27.85928], [25.225, -27.87763], [25.20857, -27.89406], [25.19426, -27.90119], [25.1893, -27.90445], [25.17875, -27.91902], [25.17379, -27.92227], [25.15007, -27.92227], [25.13932, -27.92424], [25.12909, -27.9291], [25.12408, -27.93535], [25.09783, -27.97793], [25.09855, -27.98532], [25.10165, -27.99106], [25.10181, -27.99741], [25.08129, -28.03012], [25.06682, -28.04744], [25.05339, -28.05823], [25.04476, -28.05823], [25.03334, -28.05576], [25.02352, -28.05529], [25.01499, -28.0679], [25.01349, -28.06821], [25.00512, -28.07007], [24.9937, -28.07074], [24.98512, -28.0725], [24.96275, -28.09074], [24.94895, -28.09818], [24.94016, -28.09896], [24.93236, -28.09663], [24.82451, -27.90905], [24.84203, -27.906], [25.02667, -27.70771], [25.01365, -27.69479], [25.00311, -27.69045], [24.99148, -27.6872], [24.97205, -27.68549], [24.8149, -27.6872], [24.78927, -27.68069], [24.78028, -27.66766], [24.78608, -27.63974], [24.79577, -27.61112], [24.76184, -27.61255], [24.74246, -27.63545], [24.69419, -27.64366], [24.68827, -27.65058], [24.68126, -27.65371], [24.67134, -27.67175], [24.66948, -27.68017], [24.67088, -27.69107], [24.6763, -27.71035], [24.67925, -27.71474], [24.6839, -27.71748], [24.69413, -27.72218], [24.69775, -27.72601], [24.69992, -27.73087], [24.68099, -27.75075], [24.6757, -27.78822], [24.69274, -27.80125], [24.69305, -27.81732], [24.69134, -27.82642], [24.68499, -27.84026], [24.67956, -27.84827], [24.67289, -27.85385], [24.66204, -27.8568], [24.65413, -27.8599], [24.64793, -27.86559], [24.63811, -27.88569], [24.62122, -27.90429], [24.61765, -27.92972], [24.61889, -27.93612], [24.62122, -27.96155], [24.6206, -27.96832], [24.61842, -27.97995], [24.61129, -28.0001], [24.57125, -28.03167], [24.56318, -28.0402], [24.55776, -28.0525], [24.55512, -28.06056], [24.54597, -28.07493], [24.51972, -28.09958], [24.43844, -28.03757], [24.43782, -28.02294], [24.44355, -28.00811], [24.44929, -27.99762], [24.44712, -27.97721], [24.41994, -27.94517], [24.40505, -27.93556], [24.38025, -27.93044], [24.36893, -27.91917], [24.36257, -27.89887], [24.37343, -27.87628], [24.38428, -27.85783], [24.4158, -27.82936], [24.42448, -27.81334], [24.4452, -27.78277], [24.41277, -27.75986], [24.44035, -27.7027], [24.40753, -27.68436], [24.1124, -27.74274], [24.0914, -27.69554], [24.11563, -27.62829], [24.04337, -27.58524], [24.03732, -27.52716], [24.03221, -27.50897], [24.03298, -27.49341], [24.03624, -27.47471], [24.08494, -27.35888], [24.0134, -27.33621], [23.99061, -27.31239], [23.8943, -27.25767], [23.96216, -27.09959], [24.01062, -27.06507], [24.02355, -27.01614], [23.98801, -26.91247], [23.92662, -26.86636], [23.87169, -26.86348], [23.84584, -26.88654], [23.49365, -26.73658], [23.58089, -26.61532], [23.45811, -26.52863], [23.27071, -26.47948], [23.28363, -26.34347], [23.22224, -26.26816], [23.30302, -26.1435], [23.22224, -26.1203], [23.22871, -26.05936], [23.35149, -26.07968], [23.3741, -26.01581], [23.09946, -25.98677], [23.05746, -26.09999], [22.99284, -26.09418], [22.98638, -26.1609], [22.91529, -26.1551], [22.85067, -26.39847], [22.81513, -26.44766], [22.70204, -26.41004], [22.70516, -26.12971], [22.6248, -26.11153], [22.62086, -26.11153], [22.62325, -26.10931], [22.665, -26.05143], [22.66583, -26.03986], [22.66211, -26.02983], [22.66159, -26.02094], [22.67224, -26.01288], [22.70066, -26.00327], [22.71048, -25.99686], [22.71937, -25.98425], [22.72423, -25.96751], [22.72722, -25.94394], [22.72681, -25.92162], [22.72164, -25.90901], [22.70883, -25.89103], [22.71947, -25.87429], [22.73952, -25.85847], [22.75471, -25.84338], [22.76546, -25.82654], [22.76412, -25.82034], [22.75792, -25.80597], [22.75089, -25.79605], [22.745, -25.79408], [22.74117, -25.79088], [22.74045, -25.77703], [22.74645, -25.75533], [22.75978, -25.73486], [22.80443, -25.68722], [22.81021, -25.6774], [22.8128, -25.66706], [22.81497, -25.6528], [22.81342, -25.64195], [22.80959, -25.63327], [22.81084, -25.62531], [22.82437, -25.6158], [22.83337, -25.60608], [22.82871, -25.59554], [22.81921, -25.5849], [22.81342, -25.57508], [22.81404, -25.5666], [22.81683, -25.55844], [22.82468, -25.54304], [22.84463, -25.48113], [22.85135, -25.47131], [22.87677, -25.46201], [22.88763, -25.45023], [22.90365, -25.41137], [22.91191, -25.39907], [22.92049, -25.39049], [22.93093, -25.38429], [22.94478, -25.37871], [22.95615, -25.37209], [22.96028, -25.36434], [22.96256, -25.35576], [22.96803, -25.34688], [23.007, -25.3108], [23.03067, -25.29944], [23.05454, -25.30254], [23.06115, -25.3107], [23.0655, -25.32083], [23.0717, -25.326], [23.08389, -25.31969], [23.0934, -25.31246], [23.16854, -25.28001], [23.21608, -25.26719], [23.26569, -25.26399], [23.32036, -25.27339], [23.36594, -25.28931], [23.38145, -25.29262], [23.39922, -25.29137], [23.43199, -25.28032], [23.4449, -25.27815], [23.45927, -25.28218], [23.46816, -25.29024], [23.48345, -25.31153], [23.49658, -25.32424], [23.50661, -25.33096], [23.53586, -25.34326], [23.56107, -25.35731], [23.6667, -25.43266], [23.67424, -25.44258], [23.68675, -25.45436], [23.74266, -25.46997], [23.75207, -25.47762], [23.7623, -25.49849], [23.76902, -25.50738], [23.77832, -25.51255], [23.79858, -25.51854], [23.80747, -25.52361], [23.8454, -25.56908], [23.89066, -25.59885], [23.90575, -25.61849], [23.92477, -25.62924], [23.97645, -25.61756], [23.98802, -25.61952], [23.99826, -25.62531], [24.00869, -25.63316], [24.00962, -25.64133], [24.00425, -25.64991], [24.0057, -25.65466], [24.02709, -25.65177], [24.13096, -25.62624], [24.18346, -25.62593], [24.2277, -25.64898], [24.29674, -25.72349], [24.33891, -25.75181], [24.38924, -25.75946], [24.41673, -25.75305], [24.43678, -25.7453], [24.45673, -25.74303], [24.50085, -25.75785], [24.57672, -25.78334], [24.62964, -25.8161], [24.66499, -25.82333], [24.73795, -25.81589], [24.77071, -25.82261], [24.79862, -25.82922], [24.8289, -25.82602], [24.88854, -25.81165], [24.90838, -25.80411], [24.96791, -25.76287], [25.01328, -25.74303], [25.05173, -25.73786], [25.09028, -25.74365], [25.13596, -25.75657], [25.17782, -25.76328], [25.38649, -25.74354], [25.45842, -25.71119], [25.58725, -25.61952], [25.60885, -25.55927], [25.65284, -25.46332], [25.66353, -25.44], [25.69546, -25.30998], [25.7829, -25.13139], [25.80492, -25.06483], [25.8352, -25.01635], [25.83706, -24.97915], [25.8662, -24.91817], [25.87675, -24.88603], [25.87726, -24.84572], [25.86693, -24.77265], [25.86837, -24.74815], [25.87406, -24.7434], [25.88171, -24.74216], [25.91468, -24.73182], [25.96604, -24.73358], [25.98113, -24.72634], [26.01358, -24.70454], [26.16591, -24.66085], [26.27879, -24.62847], [26.32571, -24.62237], [26.34452, -24.62403], [26.36354, -24.62806], [26.38162, -24.6295], [26.404, -24.63276], [26.40436, -24.63281], [26.46947, -24.57142], [26.47681, -24.55995], [26.50606, -24.48884], [26.53118, -24.45866], [26.55836, -24.4382], [26.62347, -24.39944], [26.68409, -24.34146], [26.69292, -24.32658], [26.71401, -24.31593], [26.80227, -24.28968], [26.82325, -24.27883], [26.83917, -24.2656], [26.84971, -24.24813], [26.86893, -24.16039], [26.8709, -24.11584], [26.94118, -23.85022], [26.945, -23.82325], [26.93813, -23.80289], [26.9666, -23.75519], [26.96454, -23.74714], [26.96205, -23.73741], [26.96717, -23.71871], [26.98655, -23.68698], [27.00417, -23.64584], [27.01383, -23.6385], [27.02427, -23.64253], [27.02985, -23.65473], [27.0376, -23.66569], [27.05476, -23.66641], [27.07006, -23.65607], [27.06944, -23.64171], [27.06313, -23.62424], [27.06153, -23.6044], [27.0684, -23.60729], [27.07522, -23.61122], [27.07833, -23.60202], [27.08411, -23.59603], [27.10251, -23.58383], [27.09579, -23.58383], [27.10375, -23.57174], [27.11336, -23.5643], [27.12442, -23.56316], [27.13672, -23.57019], [27.14117, -23.5583], [27.13569, -23.55189], [27.12742, -23.54528], [27.12308, -23.53298], [27.12742, -23.52502], [27.13765, -23.52337], [27.14912, -23.5275], [27.15718, -23.5367], [27.16153, -23.52988], [27.16897, -23.52161], [27.17145, -23.51562], [27.17868, -23.52358], [27.18664, -23.5273], [27.19563, -23.52709], [27.20566, -23.52306], [27.1915, -23.50384], [27.2025, -23.49205], [27.23971, -23.48141], [27.27811, -23.46363], [27.29557, -23.45175], [27.31201, -23.43707], [27.33557, -23.40245], [27.34999, -23.39149], [27.3612, -23.4225], [27.37133, -23.41702], [27.38084, -23.40534], [27.38373, -23.39955], [27.39583, -23.39408], [27.4105, -23.38932], [27.41846, -23.39128], [27.41112, -23.40575], [27.42518, -23.41268], [27.435, -23.40658], [27.44316, -23.39511], [27.45267, -23.38529], [27.46569, -23.38043], [27.50724, -23.37909], [27.52884, -23.37309], [27.54889, -23.36079], [27.56367, -23.34281], [27.56936, -23.32038], [27.56775, -23.31377], [27.56491, -23.30581], [27.56331, -23.2992], [27.56589, -23.29651], [27.56961, -23.29486], [27.57308, -23.29051], [27.57525, -23.28483], [27.57607, -23.27915], [27.58041, -23.26385], [27.59922, -23.24463], [27.60801, -23.21672], [27.61917, -23.21703], [27.63343, -23.22344], [27.64713, -23.22757], [27.65876, -23.22344], [27.69844, -23.19347], [27.72573, -23.22168], [27.73916, -23.22757], [27.75363, -23.22075], [27.75942, -23.21145], [27.7742, -23.173], [27.77575, -23.17249], [27.7833, -23.1669], [27.78459, -23.16556], [27.78929, -23.1638], [27.78738, -23.15977], [27.78304, -23.15543], [27.78102, -23.15254], [27.77906, -23.14768], [27.77461, -23.14076], [27.77172, -23.13301], [27.7742, -23.12515], [27.78495, -23.12701], [27.80645, -23.12835], [27.82226, -23.12298], [27.81575, -23.10469], [27.85378, -23.09559], [27.89554, -23.07947], [27.93006, -23.05704], [27.94608, -23.02903], [27.93791, -22.98666], [27.9375, -22.96382], [27.94918, -22.95389], [27.9684, -22.951], [27.98938, -22.94377], [28.0083, -22.93477], [28.02183, -22.92661], [28.03744, -22.91142], [28.04974, -22.89137], [28.05398, -22.86915], [28.0454, -22.84775], [28.04716, -22.8369], [28.06576, -22.82884], [28.08881, -22.82264], [28.10369, -22.81675], [28.10772, -22.81065], [28.1132, -22.79535], [28.11744, -22.78946], [28.1256, -22.78553], [28.13563, -22.78336], [28.14586, -22.77974], [28.15495, -22.77199], [28.1625, -22.75897], [28.1627, -22.75101], [28.15971, -22.74326], [28.15774, -22.73107], [28.15971, -22.71815], [28.16467, -22.70864], [28.19619, -22.67164], [28.20549, -22.66595], [28.21634, -22.66316], [28.24068, -22.66089], [28.25055, -22.65562], [28.28683, -22.61583], [28.30182, -22.60384], [28.33856, -22.58461], [28.37685, -22.575], [28.45938, -22.56963], [28.52248, -22.58482], [28.5385, -22.58027], [28.55984, -22.56301], [28.57756, -22.56002], [28.5972, -22.5627], [28.62386, -22.56281], [28.65901, -22.55196], [28.73135, -22.51392], [28.77476, -22.50142], [28.79677, -22.49821], [28.81683, -22.49294], [28.83119, -22.4823], [28.83677, -22.46318], [28.84659, -22.44995], [28.86938, -22.44891], [28.91253, -22.45367], [28.93041, -22.44085], [28.95346, -22.40075], [28.96338, -22.39217], [28.96793, -22.38039], [28.96023, -22.31021], [28.98374, -22.282], [29.00276, -22.26339], [29.01805, -22.25502], [29.01785, -22.25037], [29.03872, -22.22391], [29.04782, -22.2203], [29.16884, -22.21399], [29.18662, -22.20769], [29.2028, -22.19446], [29.22207, -22.18216], [29.24822, -22.17927], [29.30289, -22.19022], [29.33152, -22.1928], [29.35007, -22.18671], [29.35695, -22.19094], [29.36325, -22.19229], [29.37803, -22.19291], [29.39953, -22.18216], [29.43612, -22.16314], [29.45689, -22.1588], [29.50691, -22.17007], [29.53182, -22.17244], [29.54252, -22.16252], [29.55104, -22.14599], [29.57016, -22.14195], [29.60396, -22.14505], [29.64106, -22.12924], [29.66142, -22.12645], [29.67961, -22.13834], [29.69145, -22.1341], [29.75889, -22.1309], [29.77925, -22.13637], [29.83733, -22.17244], [29.87149, -22.17927], [29.89604, -22.19136], [29.9321, -22.19436], [29.94668, -22.19828], [29.97396, -22.21399], [29.98378, -22.21771], [30.00528, -22.22226], [30.01551, -22.22701], [30.03453, -22.24613], [30.03587, -22.25058], [30.03815, -22.25378], [30.06791, -22.25709], [30.08259, -22.26288], [30.11111, -22.28231], [30.13509, -22.29357], [30.15266, -22.29481], [30.197, -22.28913], [30.2217, -22.29089], [30.24041, -22.29616], [30.25529, -22.30474], [30.26935, -22.31641], [30.30076, -22.33698], [30.33498, -22.34473], [30.37208, -22.34349], [30.4127, -22.33688], [30.43171, -22.33119], [30.46923, -22.31507], [30.48845, -22.31021], [30.50737, -22.30959], [30.57217, -22.31662], [30.60111, -22.31641], [30.61031, -22.31869], [30.62555, -22.32861], [30.63242, -22.33068], [30.64741, -22.32644], [30.67428, -22.30856], [30.69392, -22.30277], [30.80528, -22.2945], [30.83789, -22.28231], [30.86709, -22.28965], [30.92719, -22.29574], [31.03612, -22.31962], [31.07033, -22.33367], [31.08764, -22.33688], [31.09705, -22.33492], [31.10454, -22.33336], [31.13772, -22.31848], [31.1526, -22.31641], [31.16335, -22.32262], [31.18366, -22.34556], [31.19068, -22.35062], [31.19787, -22.35259], [31.21347, -22.36189], [31.22154, -22.36489], [31.2296, -22.36396], [31.24572, -22.35755], [31.25564, -22.35796], [31.26562, -22.36551], [31.28892, -22.39734], [31.2791, -22.41532], [31.32334, -22.54286], [31.37491, -22.69158], [31.38779, -22.72874], [30.43213, -22.96369], [30.08057, -23.54936], [29.77295, -24.67293], [29.24561, -25.37008], [28.49854, -25.72706], [27.96302, -25.74047], [27.96287, -25.74148], [27.95388, -25.74778]]]}, "properties": {"id": "man-670b", "status": "validé", "pieces": [{"kind": "admin1", "code": "ZAF-1201"}, {"kind": "polygon", "ring": [[27.70752, -25.74686], [28.49854, -25.72706], [29.24561, -25.37008], [29.77295, -24.67293], [30.08057, -23.54936], [30.43213, -22.96369], [31.4209, -22.7206], [31.09131, -21.33499], [26.16943, -21.84598], [24.69727, -24.95226]]}, {"kind": "clip"}]}}, {"type": "Feature", "geometry": {"type": "Polygon", "coordinates": [[[30.89355, -27.54955], [30.34424, -28.32634], [30.19043, -29.13591], [30.04761, -30.24345], [29.3335, -31.46999], [27.76245, -32.85625], [26.90552, -33.38096], [26.58691, -32.56958], [26.78467, -31.62921], [27.11426, -30.86811], [26.71875, -30.28142], [26.57593, -29.4905], [27.19116, -28.886], [28.31177, -27.97748], [29.03687, -27.41304], [30.82764, -26.87512], [30.95685, -26.94711], [30.94941, -26.97541], [30.95365, -27.00032], [30.97607, -27.03504], [31.07875, -27.11824], [31.1265, -27.18263], [31.14195, -27.19648], [31.15704, -27.20557], [31.18512, -27.21422], [30.89355, -27.54955]], [[28.92586, -28.85953], [28.88566, -28.79721], [28.87284, -28.78356], [28.85901, -28.77299], [28.85879, -28.77282], [28.8437, -28.76476], [28.82794, -28.75953], [28.82716, -28.75928], [28.79595, -28.75432], [28.78768, -28.74873], [28.75864, -28.70047], [28.74386, -28.68951], [28.69952, -28.68848], [28.68898, -28.67442], [28.68174, -28.63339], [28.67564, -28.61376], [28.66655, -28.59722], [28.65322, -28.58306], [28.6343, -28.57076], [28.61942, -28.57241], [28.56247, -28.60652], [28.54263, -28.61076], [28.40341, -28.61892], [28.38295, -28.62647], [28.36352, -28.64363], [28.33644, -28.68466], [28.31722, -28.70006], [28.29706, -28.70688], [28.27391, -28.70956], [28.25086, -28.70739], [28.23071, -28.69954], [28.21812, -28.70065], [28.16405, -28.70543], [28.15495, -28.70233], [28.14503, -28.71473], [28.1317, -28.72931], [28.1041, -28.76506], [28.1009, -28.77085], [28.05656, -28.8125], [28.01873, -28.85684], [28.0145, -28.8648], [28.01481, -28.87255], [28.01357, -28.87844], [28.00468, -28.88072], [27.9775, -28.88072], [27.96623, -28.87565], [27.95693, -28.86511], [27.94504, -28.8555], [27.92623, -28.85343], [27.91166, -28.86077], [27.9036, -28.874], [27.89729, -28.88981], [27.88799, -28.9049], [27.86133, -28.91544], [27.74743, -28.90862], [27.75477, -28.92547], [27.74407, -28.93322], [27.72831, -28.93797], [27.72015, -28.94593], [27.72004, -28.95978], [27.71901, -28.96784], [27.71668, -28.97322], [27.71446, -28.97642], [27.71338, -28.97952], [27.71333, -28.98686], [27.71167, -28.99099], [27.70764, -28.99068], [27.70289, -28.98934], [27.69906, -28.99058], [27.67974, -29.01507], [27.66749, -29.02665], [27.65504, -29.03151], [27.63917, -29.03533], [27.64377, -29.04453], [27.65628, -29.0558], [27.66496, -29.06572], [27.6586, -29.06675], [27.64935, -29.07089], [27.64439, -29.07254], [27.63752, -29.06572], [27.63075, -29.07254], [27.63448, -29.09104], [27.63561, -29.09662], [27.61297, -29.13383], [27.55571, -29.19543], [27.54848, -29.19894], [27.53825, -29.20235], [27.52817, -29.20762], [27.5215, -29.21651], [27.52099, -29.22612], [27.52724, -29.24938], [27.52889, -29.26095], [27.51892, -29.26839], [27.51069, -29.27075], [27.46988, -29.28245], [27.45329, -29.29165], [27.45029, -29.29971], [27.44833, -29.32296], [27.44585, -29.33196], [27.43613, -29.34353], [27.42683, -29.34798], [27.41763, -29.35066], [27.40864, -29.35707], [27.40627, -29.36399], [27.4103, -29.36978], [27.41619, -29.37598], [27.41908, -29.38384], [27.41763, -29.39655], [27.41371, -29.40254], [27.40709, -29.40689], [27.36554, -29.44668], [27.35449, -29.46228], [27.35025, -29.48027], [27.34487, -29.4845], [27.32141, -29.48357], [27.31604, -29.48719], [27.31407, -29.49866], [27.30911, -29.50921], [27.3025, -29.51809], [27.30031, -29.52012], [27.29568, -29.5244], [27.26312, -29.54114], [27.24183, -29.549], [27.21372, -29.55406], [27.19584, -29.56264], [27.18571, -29.56595], [27.15636, -29.56863], [27.12814, -29.57856], [27.12277, -29.58176], [27.09042, -29.61163], [27.08587, -29.61442], [27.07771, -29.61132], [27.07512, -29.60512], [27.07202, -29.59995], [27.0622, -29.60016], [27.05683, -29.60439], [27.04918, -29.62052], [27.04236, -29.62806], [27.03295, -29.61618], [27.02241, -29.61618], [27.01487, -29.62558], [27.01445, -29.6417], [27.00215, -29.66651], [27.01022, -29.66992], [27.02453, -29.68005], [27.03766, -29.68646], [27.05099, -29.69679], [27.08013, -29.73513], [27.08866, -29.75002], [27.08866, -29.75012], [27.08876, -29.75012], [27.17135, -29.9215], [27.19883, -29.97853], [27.21796, -29.99806], [27.26591, -30.03331], [27.28017, -30.05346], [27.29371, -30.1009], [27.30043, -30.11496], [27.31278, -30.1316], [27.32203, -30.1348], [27.33443, -30.13222], [27.35665, -30.13222], [27.37195, -30.13594], [27.38136, -30.14266], [27.38053, -30.15258], [27.36554, -30.16581], [27.34369, -30.21294], [27.34555, -30.24156], [27.36782, -30.29541], [27.36616, -30.31102], [27.37702, -30.31215], [27.37771, -30.31232], [27.39764, -30.31722], [27.40781, -30.31856], [27.41484, -30.31753], [27.43603, -30.30988], [27.4521, -30.31009], [27.45939, -30.3166], [27.46673, -30.34109], [27.47747, -30.35629], [27.49318, -30.36765], [27.52967, -30.38223], [27.53336, -30.39343], [27.53659, -30.40321], [27.56274, -30.42553], [27.58682, -30.45499], [27.59013, -30.46388], [27.59065, -30.47287], [27.5923, -30.48186], [27.5986, -30.49033], [27.65953, -30.53054], [27.71353, -30.58376], [27.74361, -30.6003], [27.77844, -30.60971], [27.8204, -30.61456], [27.83043, -30.61312], [27.84954, -30.60495], [27.85823, -30.60371], [27.8698, -30.60712], [27.87828, -30.61291], [27.88613, -30.61973], [27.89564, -30.62624], [27.91559, -30.63492], [27.93657, -30.64082], [28.0547, -30.6497], [28.07878, -30.6588], [28.07899, -30.63927], [28.07651, -30.62325], [28.07584, -30.60702], [28.08157, -30.58687], [28.08803, -30.57756], [28.09635, -30.5724], [28.10488, -30.56837], [28.11284, -30.56247], [28.12085, -30.55338], [28.12426, -30.54728], [28.14121, -30.50077], [28.14245, -30.49261], [28.13924, -30.48269], [28.12756, -30.46512], [28.12539, -30.45726], [28.13325, -30.44538], [28.21821, -30.3874], [28.23143, -30.37385], [28.23846, -30.35225], [28.23578, -30.32941], [28.2241, -30.32052], [28.20942, -30.31463], [28.19846, -30.3011], [28.20063, -30.28249], [28.21603, -30.2674], [28.23701, -30.25634], [28.25531, -30.24994], [28.28471, -30.24621], [28.29438, -30.24249], [28.3013, -30.2365], [28.3137, -30.22079], [28.323, -30.21469], [28.33866, -30.20105], [28.3556, -30.17324], [28.36409, -30.1593], [28.38388, -30.1442], [28.40796, -30.1409], [28.45623, -30.147], [28.48093, -30.13935], [28.52434, -30.11671], [28.54056, -30.1133], [28.55731, -30.11496], [28.60588, -30.13129], [28.63968, -30.13149], [28.72949, -30.10183], [28.79564, -30.08943], [28.86003, -30.06638], [28.9763, -29.99993], [29.01579, -29.97859], [29.09412, -29.93626], [29.10632, -29.93151], [29.13277, -29.92468], [29.14425, -29.91972], [29.15065, -29.91115], [29.14828, -29.90133], [29.13732, -29.8821], [29.13515, -29.86805], [29.13577, -29.85916], [29.13298, -29.85203], [29.12037, -29.84345], [29.1058, -29.82557], [29.10632, -29.80159], [29.11231, -29.77513], [29.1136, -29.75285], [29.11376, -29.75012], [29.13241, -29.72025], [29.14507, -29.69193], [29.1613, -29.66692], [29.19034, -29.64687], [29.26734, -29.6261], [29.2786, -29.61359], [29.2784, -29.59706], [29.27995, -29.58145], [29.29628, -29.57163], [29.28202, -29.55613], [29.27514, -29.53225], [29.2752, -29.52829], [29.2755, -29.50662], [29.28274, -29.48564], [29.30382, -29.46683], [29.33204, -29.45598], [29.3618, -29.44792], [29.38816, -29.43779], [29.39953, -29.43035], [29.4079, -29.42146], [29.41255, -29.4103], [29.41188, -29.39583], [29.41374, -29.38012], [29.43224, -29.35697], [29.43591, -29.34239], [29.43281, -29.33661], [29.41947, -29.32503], [29.41503, -29.31893], [29.414, -29.3117], [29.41493, -29.2964], [29.414, -29.2903], [29.40387, -29.2687], [29.37596, -29.23553], [29.36501, -29.20028], [29.35746, -29.18333], [29.34372, -29.1698], [29.32806, -29.15936], [29.31685, -29.14737], [29.31178, -29.0898], [29.2814, -29.07864], [29.2414, -29.07771], [29.20843, -29.06892], [29.12595, -28.99244], [29.09154, -28.97859], [29.06901, -28.97332], [29.05578, -28.96536], [29.04999, -28.95265], [29.04968, -28.93301], [29.04053, -28.92299], [29.01898, -28.914], [28.99542, -28.90831], [28.98085, -28.90903], [28.92586, -28.85953]]]}, "properties": {"id": "man-682c", "status": "validé", "pieces": [{"kind": "polygon", "ring": [[30.82764, -26.87512], [29.03687, -27.41304], [28.31177, -27.97748], [27.19116, -28.886], [26.57593, -29.4905], [26.71875, -30.28142], [27.11426, -30.86811], [26.78467, -31.62921], [26.58691, -32.56958], [26.90552, -33.38096], [27.76245, -32.85625], [29.3335, -31.46999], [30.04761, -30.24345], [30.19043, -29.13591], [30.34424, -28.32634], [30.89355, -27.54955], [31.26709, -27.11995]]}, {"kind": "clip"}]}}, {"type": "Feature", "geometry": {"type": "Polygon", "coordinates": [[[27.91901, -27.23284], [27.82837, -27.45494], [27.88879, -27.86867], [28.36121, -27.89052], [28.52325, -27.87352], [28.61389, -27.51588], [28.58368, -27.25971], [27.91901, -27.23284]]]}, "properties": {"id": "man-68c8", "status": "validé", "pieces": [{"kind": "polygon", "ring": [[27.91901, -27.23284], [27.82837, -27.45494], [27.88879, -27.86867], [28.36121, -27.89052], [28.52325, -27.87352], [28.61389, -27.51588], [28.58368, -27.25971]]}]}}, {"type": "Feature", "geometry": null, "properties": {"id": "man-6d9e", "status": "rejeté", "pieces": []}}, {"type": "Feature", "geometry": {"type": "Polygon", "coordinates": [[[30.40535, -23.86893], [30.50285, -23.88275], [30.54749, -23.90473], [30.55092, -23.9242], [30.61203, -23.95559], [30.61684, -23.94645], [30.68928, -23.91317], [30.73425, -23.91288], [30.7679, -23.93109], [30.80429, -23.92544], [30.82764, -23.92983], [30.86128, -23.92544], [30.90523, -23.93109], [30.98282, -23.91916], [31.06247, -23.92732], [31.09749, -23.93234], [31.12839, -23.94804], [31.17405, -23.94832], [31.21765, -23.93549], [31.2149, -23.92167], [31.17096, -23.94114], [31.13045, -23.94114], [31.0968, -23.92356], [30.98969, -23.90786], [30.90248, -23.92104], [30.84892, -23.91477], [30.82695, -23.92104], [30.80292, -23.91539], [30.77545, -23.92356], [30.74181, -23.90413], [30.68069, -23.9035], [30.61684, -23.93992], [30.60036, -23.93929], [30.56053, -23.91857], [30.55504, -23.90099], [30.51247, -23.87461], [30.40604, -23.85638], [30.40535, -23.86893]]]}, "properties": {"id": "man-749e", "status": "validé", "pieces": [{"kind": "polygon", "ring": [[30.40535, -23.86893], [30.50285, -23.88275], [30.54749, -23.90473], [30.55092, -23.9242], [30.61203, -23.95559], [30.61684, -23.94645], [30.68928, -23.91317], [30.73425, -23.91288], [30.7679, -23.93109], [30.80429, -23.92544], [30.82764, -23.92983], [30.86128, -23.92544], [30.90523, -23.93109], [30.98282, -23.91916], [31.06247, -23.92732], [31.09749, -23.93234], [31.12839, -23.94804], [31.17405, -23.94832], [31.21765, -23.93549], [31.2149, -23.92167], [31.17096, -23.94114], [31.13045, -23.94114], [31.0968, -23.92356], [30.98969, -23.90786], [30.90248, -23.92104], [30.84892, -23.91477], [30.82695, -23.92104], [30.80292, -23.91539], [30.77545, -23.92356], [30.74181, -23.90413], [30.68069, -23.9035], [30.61684, -23.93992], [30.60036, -23.93929], [30.56053, -23.91857], [30.55504, -23.90099], [30.51247, -23.87461], [30.40604, -23.85638]]}]}}, {"type": "Feature", "geometry": {"type": "Polygon", "coordinates": [[[23.01035, -34.05167], [23.01868, -34.05167], [23.01873, -34.05169], [23.02882, -34.05853], [23.03875, -34.07244], [23.03891, -34.07977], [23.0342, -34.08425], [23.03005, -34.08425], [23.02622, -34.08099], [23.01222, -34.07741], [23.01035, -34.07726], [23.01035, -34.05167]]]}, "properties": {"id": "man-75ec", "status": "validé", "pieces": [{"kind": "rect", "bounds": [23.01035, -34.08425, 23.04365, -34.05167]}, {"kind": "clip"}]}}, {"type": "Feature", "geometry": {"type": "Polygon", "coordinates": [[[20.91797, -33.21381], [21.20636, -33.14482], [21.5744, -33.11721], [21.68427, -33.04353], [21.75842, -32.94213], [21.98639, -32.86369], [22.00287, -32.78518], [22.14844, -32.66498], [22.5824, -32.38233], [22.98615, -32.08483], [23.09052, -31.8914], [23.27179, -31.89839], [23.43933, -31.76066], [23.62335, -31.52673], [23.93372, -31.44472], [24.24133, -31.25935], [24.44458, -31.10528], [24.73572, -30.9593], [25.07629, -30.76589], [25.26855, -30.65723], [25.49377, -30.579], [25.64758, -30.47249], [25.73273, -30.35164], [25.80688, -30.09772], [26.0376, -29.68799], [26.13647, -29.48728], [26.20239, -29.23343], [26.14197, -29.22384], [26.06781, -29.45152], [25.97168, -29.63559], [25.88654, -29.81455], [25.76294, -30.03364], [25.69702, -30.17864], [25.69977, -30.29259], [25.59814, -30.42537], [25.51575, -30.48259], [25.16968, -30.63875], [24.48303, -31.0304], [24.11499, -31.27025], [23.83484, -31.42513], [23.49426, -31.54229], [23.35693, -31.78085], [23.02734, -31.8789], [22.94495, -32.01879], [22.76917, -32.21892], [22.39014, -32.41398], [22.08252, -32.64565], [21.89026, -32.80284], [21.65955, -32.93669], [21.55518, -33.06113], [20.90149, -33.1578], [20.91797, -33.21381]]]}, "properties": {"id": "man-7716", "status": "validé", "pieces": [{"kind": "polygon", "ring": [[20.91797, -33.21381], [21.20636, -33.14482], [21.5744, -33.11721], [21.68427, -33.04353], [21.75842, -32.94213], [21.98639, -32.86369], [22.00287, -32.78518], [22.14844, -32.66498], [22.5824, -32.38233], [22.98615, -32.08483], [23.09052, -31.8914], [23.27179, -31.89839], [23.43933, -31.76066], [23.62335, -31.52673], [23.93372, -31.44472], [24.24133, -31.25935], [24.44458, -31.10528], [24.73572, -30.9593], [25.07629, -30.76589], [25.26855, -30.65723], [25.49377, -30.579], [25.64758, -30.47249], [25.73273, -30.35164], [25.80688, -30.09772], [26.0376, -29.68799], [26.13647, -29.48728], [26.20239, -29.23343], [26.14197, -29.22384], [26.06781, -29.45152], [25.97168, -29.63559], [25.88654, -29.81455], [25.76294, -30.03364], [25.69702, -30.17864], [25.69977, -30.29259], [25.59814, -30.42537], [25.51575, -30.48259], [25.16968, -30.63875], [24.48303, -31.0304], [24.11499, -31.27025], [23.83484, -31.42513], [23.49426, -31.54229], [23.35693, -31.78085], [23.02734, -31.8789], [22.94495, -32.01879], [22.76917, -32.21892], [22.39014, -32.41398], [22.08252, -32.64565], [21.89026, -32.80284], [21.65955, -32.93669], [21.55518, -33.06113], [20.90149, -33.1578]]}]}}, {"type": "Feature", "geometry": null, "properties": {"id": "man-7753", "status": "validé", "pieces": [{"kind": "admin1", "code": "ZAF-1926"}, {"kind": "admin1", "code": "ZAF-1216"}]}}, {"type": "Feature", "geometry": {"type": "Polygon", "coordinates": [[[25.29053, -33.73526], [24.37866, -33.37805], [24.16992, -33.13909], [24.42261, -32.81639], [24.70825, -32.79791], [25.03784, -33.01015], [25.29053, -33.37805], [25.3894, -33.59804], [25.67041, -33.80433], [25.65309, -33.82269], [25.64421, -33.83782], [25.29053, -33.73526]]]}, "properties": {"id": "man-7842", "status": "validé", "pieces": [{"kind": "polygon", "ring": [[25.76294, -33.87225], [25.29053, -33.73526], [24.37866, -33.37805], [24.16992, -33.13909], [24.42261, -32.81639], [24.70825, -32.79791], [25.03784, -33.01015], [25.29053, -33.37805], [25.3894, -33.59804]]}, {"kind": "clip"}]}}, {"type": "Feature", "geometry": null, "properties": {"id": "man-7b8a", "status": "validé", "pieces": [{"kind": "admin1", "code": "ZAF-1206"}, {"kind": "admin1", "code": "ZAF-1926"}]}}, {"type": "Feature", "geometry": {"type": "Polygon", "coordinates": [[[18.78147, -32.91941], [18.78147, -32.88538], [18.74233, -32.88538], [18.74233, -32.91941], [18.78147, -32.91941]]]}, "properties": {"id": "man-843b", "status": "validé", "pieces": [{"kind": "rect", "bounds": [18.74233, -32.91941, 18.78147, -32.88538]}]}}, {"type": "Feature", "geometry": {"type": "Polygon", "coordinates": [[[28.46901, -24.73379], [28.46901, -24.6667], [28.36086, -24.6667], [28.36086, -24.73379], [28.46901, -24.73379]]]}, "properties": {"id": "man-9372", "status": "validé", "pieces": [{"kind": "rect", "bounds": [28.36086, -24.73379, 28.46901, -24.6667]}]}}, {"type": "Feature", "geometry": {"type": "Polygon", "coordinates": [[[18.99536, -33.01827], [18.99536, -32.63962], [18.67401, -32.63962], [18.67401, -33.01827], [18.99536, -33.01827]]]}, "properties": {"id": "man-9534", "status": "validé", "pieces": [{"kind": "rect", "bounds": [18.67401, -33.01827, 18.99536, -32.63962]}]}}, {"type": "Feature", "geometry": {"type": "Polygon", "coordinates": [[[23.10425, -27.26569], [23.04932, -28.30609], [21.32446, -28.87548], [20.59937, -28.0833], [20.29175, -26.55022], [20.67335, -26.3793], [20.66595, -26.39177], [20.6521, -26.40779], [20.62254, -26.42753], [20.6182, -26.43973], [20.60528, -26.49327], [20.60229, -26.5222], [20.60528, -26.54773], [20.61149, -26.55993], [20.62771, -26.58081], [20.63236, -26.59528], [20.63071, -26.61832], [20.6089, -26.68612], [20.60921, -26.7162], [20.61469, -26.7532], [20.62482, -26.78937], [20.63867, -26.81697], [20.64487, -26.82451], [20.65055, -26.82968], [20.66564, -26.83908], [20.67546, -26.85004], [20.68569, -26.88177], [20.69076, -26.89179], [20.69355, -26.889], [20.71494, -26.87505], [20.77943, -26.84808], [20.82605, -26.81883], [20.85188, -26.80653], [20.9077, -26.80002], [20.95017, -26.81604], [20.99038, -26.83857], [21.12246, -26.86534], [21.15347, -26.86451], [21.24059, -26.84198], [21.25486, -26.84177], [21.28287, -26.84498], [21.29692, -26.84446], [21.38084, -26.824], [21.42663, -26.82265], [21.44947, -26.82637], [21.49867, -26.84642], [21.58393, -26.84839], [21.64336, -26.86275], [21.66455, -26.86306], [21.68718, -26.85521], [21.74382, -26.82048], [21.76232, -26.80446], [21.77338, -26.78679], [21.77751, -26.76849], [21.77648, -26.74917], [21.76749, -26.70431], [21.76873, -26.68871], [21.78061, -26.67816], [21.80728, -26.66959], [21.8388, -26.66452], [21.93585, -26.6639], [21.999, -26.65026], [22.0577, -26.6176], [22.10814, -26.57192], [22.14617, -26.51921], [22.17832, -26.43993], [22.19743, -26.40407], [22.23774, -26.36676], [22.24828, -26.34692], [22.25177, -26.34459], [23.10425, -27.26569]]]}, "properties": {"id": "man-9d41", "status": "validé", "pieces": [{"kind": "polygon", "ring": [[20.79712, -26.32387], [20.29175, -26.55022], [20.59937, -28.0833], [21.32446, -28.87548], [23.04932, -28.30609], [23.10425, -27.26569], [22.21436, -26.30416]]}, {"kind": "clip"}]}}, {"type": "Feature", "geometry": null, "properties": {"id": "man-9eb3", "status": "validé", "pieces": [{"kind": "admin1", "code": "ZAF-1201"}, {"kind": "admin1", "code": "ZAF-1206"}, {"kind": "admin1", "code": "ZAF-1188"}]}}, {"type": "Feature", "geometry": {"type": "MultiPolygon", "coordinates": [[[[27.5647, -28.5376], [27.78442, -28.47966], [28.08105, -28.52795], [28.14313, -28.71681], [28.1317, -28.72931], [28.1041, -28.76506], [28.1009, -28.77085], [28.05656, -28.8125], [28.01873, -28.85684], [28.0145, -28.8648], [28.01481, -28.87255], [28.01357, -28.87844], [28.00468, -28.88072], [27.9775, -28.88072], [27.96623, -28.87565], [27.95693, -28.86511], [27.94504, -28.8555], [27.92623, -28.85343], [27.91166, -28.86077], [27.9036, -28.874], [27.89729, -28.88981], [27.88799, -28.9049], [27.86133, -28.91544], [27.74743, -28.90862], [27.75477, -28.92547], [27.74407, -28.93322], [27.72831, -28.93797], [27.72015, -28.94593], [27.72004, -28.95978], [27.71901, -28.96784], [27.71668, -28.97322], [27.71446, -28.97642], [27.71338, -28.97952], [27.71333, -28.98686], [27.71167, -28.99099], [27.70764, -28.99068], [27.70289, -28.98934], [27.69906, -28.99058], [27.67974, -29.01507], [27.66749, -29.02665], [27.65504, -29.03151], [27.63917, -29.03533], [27.64377, -29.04453], [27.65628, -29.0558], [27.66496, -29.06572], [27.6586, -29.06675], [27.64935, -29.07089], [27.64439, -29.07254], [27.63752, -29.06572], [27.63075, -29.07254], [27.63448, -29.09104], [27.63561, -29.09662], [27.6257, -29.1129], [27.42188, -28.73054], [27.5647, -28.5376]]], [[[28.19092, -27.87899], [28.28979, -27.03048], [28.21289, -26.83451], [28.95996, -26.32338], [29.59717, -26.32338], [29.49829, -26.66766], [29.31152, -27.07943], [29.42139, -27.7137], [29.38843, -28.39267], [29.14673, -28.62447], [28.69629, -28.35399], [28.19092, -27.87899]]]]}, "properties": {"id": "man-aa93", "status": "validé", "pieces": [{"kind": "polygon", "ring": [[27.65259, -29.16334], [27.42188, -28.73054], [27.5647, -28.5376], [27.78442, -28.47966], [28.08105, -28.52795], [28.26782, -29.09613]]}, {"kind": "clip"}, {"kind": "polygon", "ring": [[29.14673, -28.62447], [28.69629, -28.35399], [28.19092, -27.87899], [28.28979, -27.03048], [28.21289, -26.83451], [28.95996, -26.32338], [29.59717, -26.32338], [29.49829, -26.66766], [29.31152, -27.07943], [29.42139, -27.7137], [29.38843, -28.39267]]}]}}, {"type": "Feature", "geometry": {"type": "Polygon", "coordinates": [[[31.06916, -25.99783], [31.07758, -26.00169], [31.07792, -26.01157], [31.07328, -26.02036], [31.06247, -26.03163], [31.05509, -26.03209], [31.05131, -26.04659], [31.03003, -26.05261], [31.00719, -26.0702], [30.99758, -26.08238], [30.98737, -26.08817], [30.9684, -26.09411], [30.95192, -26.10244], [30.93578, -26.09349], [30.93407, -26.08578], [30.94334, -26.08578], [30.95089, -26.09349], [30.97321, -26.08578], [30.98179, -26.08547], [31.0041, -26.0611], [31.0429, -26.04135], [31.04462, -26.04135], [31.04977, -26.02654], [31.07311, -26.01389], [31.06522, -26.00278], [31.06916, -25.99783]]]}, "properties": {"id": "man-ac23", "status": "validé", "pieces": [{"kind": "polygon", "ring": [[31.06916, -25.99783], [31.07758, -26.00169], [31.07792, -26.01157], [31.07328, -26.02036], [31.06247, -26.03163], [31.05509, -26.03209], [31.05131, -26.04659], [31.03003, -26.05261], [31.00719, -26.0702], [30.99758, -26.08238], [30.98737, -26.08817], [30.9684, -26.09411], [30.95192, -26.10244], [30.93578, -26.09349], [30.93407, -26.08578], [30.94334, -26.08578], [30.95089, -26.09349], [30.97321, -26.08578], [30.98179, -26.08547], [31.0041, -26.0611], [31.0429, -26.04135], [31.04462, -26.04135], [31.04977, -26.02654], [31.07311, -26.01389], [31.06522, -26.00278]]}]}}, {"type": "Feature", "geometry": {"type": "Polygon", "coordinates": [[[32.24487, -28.04385], [32.2229, -27.78162], [32.46318, -26.85752], [32.4689, -26.85738], [32.59809, -26.85397], [32.73845, -26.85025], [32.79666, -26.84869], [32.88885, -26.85986], [32.88054, -26.88689], [32.86525, -27.01735], [32.84693, -27.08099], [32.84457, -27.10272], [32.83937, -27.12363], [32.80372, -27.16823], [32.80104, -27.17685], [32.79689, -27.20574], [32.79469, -27.21429], [32.78541, -27.22967], [32.78102, -27.25596], [32.67652, -27.52069], [32.60719, -27.81374], [32.60572, -27.83611], [32.60377, -27.84637], [32.59441, -27.87005], [32.59148, -27.88079], [32.59132, -27.893], [32.59693, -27.9118], [32.59832, -27.92246], [32.55055, -28.17156], [32.54396, -28.19012], [32.45997, -28.30674], [32.45428, -28.32269], [32.45037, -28.34564], [32.43922, -28.36663], [32.42205, -28.38193], [32.39967, -28.38787], [32.40333, -28.39756], [32.40699, -28.40032], [32.41212, -28.3987], [32.42018, -28.39471], [32.42823, -28.42938], [32.41725, -28.46648], [32.40073, -28.5027], [32.3921, -28.53533], [32.3794, -28.55283], [32.29314, -28.63096], [32.28004, -28.64007], [32.25445, -28.65108], [32.24487, -28.04385]]]}, "properties": {"id": "man-b334", "status": "validé", "pieces": [{"kind": "polygon", "ring": [[32.47559, -26.80981], [32.2229, -27.78162], [32.24487, -28.04385], [32.25586, -28.7406], [32.80518, -28.72133], [32.92603, -26.86436]]}, {"kind": "clip"}]}}, {"type": "Feature", "geometry": {"type": "Polygon", "coordinates": [[[20.98595, -34.1187], [20.98595, -34.07547], [20.93582, -34.07547], [20.93582, -34.1187], [20.98595, -34.1187]]]}, "properties": {"id": "man-b687", "status": "validé", "pieces": [{"kind": "rect", "bounds": [20.93582, -34.1187, 20.98595, -34.07547]}]}}, {"type": "Feature", "geometry": {"type": "Polygon", "coordinates": [[[29.71252, -24.28719], [29.76746, -24.28719], [29.81415, -24.27342], [29.98993, -24.30973], [30.0531, -24.39234], [30.06409, -24.43988], [30.13962, -24.52865], [30.14648, -24.60112], [30.17944, -24.6336], [30.31403, -24.6723], [30.34424, -24.73471], [30.34012, -24.78337], [30.36896, -24.78835], [30.36209, -24.69228], [30.31677, -24.65482], [30.21515, -24.61736], [30.1767, -24.60362], [30.1712, -24.5249], [30.09155, -24.42862], [30.08743, -24.37857], [30.02975, -24.32093], [30.00778, -24.29338], [29.87595, -24.24955], [29.75647, -24.2483], [29.70978, -24.26583], [29.71252, -24.28719]]]}, "properties": {"id": "man-b97c", "status": "validé", "pieces": [{"kind": "polygon", "ring": [[29.71252, -24.28719], [29.76746, -24.28719], [29.81415, -24.27342], [29.98993, -24.30973], [30.0531, -24.39234], [30.06409, -24.43988], [30.13962, -24.52865], [30.14648, -24.60112], [30.17944, -24.6336], [30.31403, -24.6723], [30.34424, -24.73471], [30.34012, -24.78337], [30.36896, -24.78835], [30.36209, -24.69228], [30.31677, -24.65482], [30.21515, -24.61736], [30.1767, -24.60362], [30.1712, -24.5249], [30.09155, -24.42862], [30.08743, -24.37857], [30.02975, -24.32093], [30.00778, -24.29338], [29.87595, -24.24955], [29.75647, -24.2483], [29.70978, -24.26583]]}]}}, {"type": "Feature", "geometry": null, "properties": {"id": "man-bb68", "status": "validé", "pieces": [{"kind": "admin1", "code": "ZAF-1206"}]}}, {"type": "Feature", "geometry": null, "properties": {"id": "man-bf47", "status": "validé", "pieces": [{"kind": "admin1", "code": "ZAF-1209"}]}}, {"type": "Feature", "geometry": {"type": "Polygon", "coordinates": [[[18.78662, -29.46979], [18.3252, -29.46979], [17.72095, -29.41236], [17.05078, -29.00944], [16.65527, -28.4891], [16.652, -28.47829], [16.67312, -28.45976], [16.68346, -28.45625], [16.69234, -28.4611], [16.69679, -28.47247], [16.69968, -28.48519], [16.70382, -28.49449], [16.72046, -28.49604], [16.7404, -28.48095], [16.75839, -28.45966], [16.76934, -28.4426], [16.77213, -28.42576], [16.77337, -28.40292], [16.77854, -28.38297], [16.79322, -28.37429], [16.80386, -28.36612], [16.79684, -28.34783], [16.77554, -28.3191], [16.76841, -28.3037], [16.76438, -28.28323], [16.76872, -28.26535], [16.7865, -28.2576], [16.79518, -28.26122], [16.8051, -28.26773], [16.81523, -28.27083], [16.82464, -28.26453], [16.8266, -28.25192], [16.82081, -28.24003], [16.81327, -28.2299], [16.81027, -28.22288], [16.8143, -28.21347], [16.81978, -28.20975], [16.84107, -28.20985], [16.85637, -28.20665], [16.85595, -28.19941], [16.83838, -28.17947], [16.8357, -28.1742], [16.83766, -28.1682], [16.84376, -28.16386], [16.84779, -28.16541], [16.85203, -28.16831], [16.86867, -28.16789], [16.87383, -28.17151], [16.87817, -28.17203], [16.88551, -28.162], [16.89295, -28.08263], [16.89647, -28.07994], [16.91352, -28.06268], [16.91962, -28.05834], [16.92747, -28.0602], [16.9375, -28.07105], [16.94752, -28.0727], [16.95951, -28.06857], [16.97377, -28.05503], [16.98535, -28.05224], [17.01202, -28.05834], [17.0454, -28.03632], [17.05666, -28.03116], [17.0764, -28.02681], [17.08653, -28.02702], [17.0978, -28.03116], [17.11175, -28.04604], [17.12322, -28.0665], [17.13635, -28.08469], [17.15578, -28.09255], [17.18089, -28.09947], [17.18999, -28.11684], [17.18978, -28.13937], [17.18709, -28.162], [17.19195, -28.20882], [17.21314, -28.23207], [17.24518, -28.23745], [17.30864, -28.22412], [17.33448, -28.22288], [17.34574, -28.22763], [17.34977, -28.23869], [17.35122, -28.2514], [17.35504, -28.26101], [17.36414, -28.27331], [17.36703, -28.28354], [17.36807, -28.29378], [17.37199, -28.30607], [17.37892, -28.31631], [17.39483, -28.33512], [17.4, -28.34638], [17.40207, -28.36778], [17.39969, -28.39527], [17.39132, -28.41883], [17.3754, -28.42896], [17.35856, -28.43278], [17.34119, -28.44281], [17.32817, -28.45614], [17.32424, -28.47051], [17.33241, -28.4886], [17.35949, -28.51981], [17.36528, -28.54255], [17.37303, -28.55939], [17.40961, -28.57138], [17.42057, -28.5934], [17.41427, -28.63267], [17.40176, -28.67422], [17.40362, -28.70429], [17.44093, -28.70956], [17.48516, -28.70016], [17.52661, -28.69582], [17.54697, -28.69137], [17.56599, -28.68352], [17.58294, -28.68021], [17.59803, -28.68962], [17.6034, -28.71081], [17.60257, -28.7354], [17.60712, -28.75566], [17.62872, -28.76413], [17.66097, -28.7723], [17.67378, -28.77158], [17.6834, -28.76754], [17.70324, -28.75556], [17.71409, -28.75111], [17.74634, -28.74863], [17.91325, -28.78129], [17.94953, -28.79473], [17.98333, -28.81374], [18.0441, -28.85839], [18.08244, -28.87596], [18.16647, -28.9019], [18.18507, -28.90221], [18.22073, -28.89126], [18.30868, -28.87999], [18.33101, -28.88144], [18.37307, -28.89519], [18.39756, -28.89891], [18.41699, -28.89167], [18.42475, -28.88723], [18.4357, -28.88423], [18.45523, -28.88144], [18.46071, -28.87989], [18.46939, -28.87493], [18.47498, -28.874], [18.47942, -28.87627], [18.49161, -28.8863], [18.49616, -28.88826], [18.51766, -28.88227], [18.55394, -28.8647], [18.74566, -28.83989], [18.95453, -28.86666], [18.97117, -28.88051], [18.9793, -28.89181], [18.78662, -29.46979]]]}, "properties": {"id": "man-c70a", "status": "validé", "pieces": [{"kind": "polygon", "ring": [[16.65527, -28.4891], [17.05078, -29.00944], [17.72095, -29.41236], [18.3252, -29.46979], [18.78662, -29.46979], [19.09424, -28.54704], [17.77588, -27.41144], [16.44653, -27.80102]]}, {"kind": "clip"}]}}, {"type": "Feature", "geometry": {"type": "Polygon", "coordinates": [[[30.7782, -30.04791], [30.7782, -29.74301], [31.0823, -29.74301], [31.05551, -29.78981], [31.04526, -29.82952], [31.05584, -29.86826], [31.0158, -29.8681], [31.00611, -29.87615], [31.00123, -29.90244], [31.01637, -29.8952], [31.05047, -29.88519], [31.06332, -29.87444], [31.06332, -29.88193], [31.06153, -29.88893], [31.05828, -29.89593], [31.04957, -29.90862], [31.02377, -29.9358], [30.91993, -30.01849], [30.89263, -30.04791], [30.7782, -30.04791]]]}, "properties": {"id": "man-c914", "status": "validé", "pieces": [{"kind": "rect", "bounds": [30.7782, -30.04791, 31.15585, -29.74301]}, {"kind": "clip"}]}}, {"type": "Feature", "geometry": {"type": "Polygon", "coordinates": [[[18.35815, -31.56612], [18.35815, -31.54461], [18.3312, -31.54461], [18.3312, -31.56612], [18.35815, -31.56612]]]}, "properties": {"id": "man-ced2", "status": "validé", "pieces": [{"kind": "rect", "bounds": [18.3312, -31.56612, 18.35815, -31.54461]}]}}, {"type": "Feature", "geometry": {"type": "Polygon", "coordinates": [[[25.04951, -31.52416], [25.04951, -31.46675], [24.97845, -31.46675], [24.97845, -31.52416], [25.04951, -31.52416]]]}, "properties": {"id": "man-cf13", "status": "validé", "pieces": [{"kind": "rect", "bounds": [24.97845, -31.52416, 25.04951, -31.46675]}]}}, {"type": "Feature", "geometry": {"type": "Polygon", "coordinates": [[[26.7263, -26.92399], [26.7263, -26.82963], [26.60408, -26.82963], [26.60408, -26.92399], [26.7263, -26.92399]]]}, "properties": {"id": "man-d038", "status": "validé", "pieces": [{"kind": "rect", "bounds": [26.60408, -26.92399, 26.7263, -26.82963]}]}}, {"type": "Feature", "geometry": {"type": "Polygon", "coordinates": [[[19.02832, -33.7524], [19.02832, -33.65925], [18.93974, -33.65925], [18.93974, -33.7524], [19.02832, -33.7524]]]}, "properties": {"id": "man-d11d", "status": "validé", "pieces": [{"kind": "rect", "bounds": [18.93974, -33.7524, 19.02832, -33.65925]}]}}, {"type": "Feature", "geometry": null, "properties": {"id": "man-d7c9", "status": "validé", "pieces": [{"kind": "admin1", "code": "ZAF-1201"}, {"kind": "admin1", "code": "ZAF-1216"}, {"kind": "admin1", "code": "ZAF-1206"}, {"kind": "admin1", "code": "ZAF-1209"}]}}, {"type": "Feature", "geometry": null, "properties": {"id": "man-db77", "status": "rejeté", "pieces": []}}, {"type": "Feature", "geometry": {"type": "Polygon", "coordinates": [[[28.74023, -23.46811], [28.56445, -24.0189], [27.61963, -25.78177], [26.85059, -25.84114], [25.67415, -25.39674], [25.69546, -25.30998], [25.7829, -25.13139], [25.80492, -25.06483], [25.8352, -25.01635], [25.83706, -24.97915], [25.8662, -24.91817], [25.87675, -24.88603], [25.87726, -24.84572], [25.86693, -24.77265], [25.86837, -24.74815], [25.87406, -24.7434], [25.88171, -24.74216], [25.91468, -24.73182], [25.96604, -24.73358], [25.98113, -24.72634], [26.01358, -24.70454], [26.16591, -24.66085], [26.27879, -24.62847], [26.32571, -24.62237], [26.34452, -24.62403], [26.36354, -24.62806], [26.38162, -24.6295], [26.404, -24.63276], [26.40436, -24.63281], [26.46947, -24.57142], [26.47681, -24.55995], [26.50606, -24.48884], [26.53118, -24.45866], [26.55836, -24.4382], [26.62347, -24.39944], [26.68409, -24.34146], [26.69292, -24.32658], [26.71401, -24.31593], [26.80227, -24.28968], [26.82325, -24.27883], [26.83917, -24.2656], [26.84971, -24.24813], [26.86893, -24.16039], [26.8709, -24.11584], [26.94118, -23.85022], [26.945, -23.82325], [26.93813, -23.80289], [26.9666, -23.75519], [26.96454, -23.74714], [26.96205, -23.73741], [26.96717, -23.71871], [26.98655, -23.68698], [27.00417, -23.64584], [27.01383, -23.6385], [27.02427, -23.64253], [27.02985, -23.65473], [27.0376, -23.66569], [27.05476, -23.66641], [27.07006, -23.65607], [27.06944, -23.64171], [27.06313, -23.62424], [27.06153, -23.6044], [27.0684, -23.60729], [27.07522, -23.61122], [27.07833, -23.60202], [27.08411, -23.59603], [27.10251, -23.58383], [27.09579, -23.58383], [27.10375, -23.57174], [27.11336, -23.5643], [27.12442, -23.56316], [27.13672, -23.57019], [27.14117, -23.5583], [27.13569, -23.55189], [27.12742, -23.54528], [27.12308, -23.53298], [27.12742, -23.52502], [27.13765, -23.52337], [27.14912, -23.5275], [27.15718, -23.5367], [27.16153, -23.52988], [27.16897, -23.52161], [27.17145, -23.51562], [27.17868, -23.52358], [27.18664, -23.5273], [27.19563, -23.52709], [27.20566, -23.52306], [27.1915, -23.50384], [27.2025, -23.49205], [27.23971, -23.48141], [27.27811, -23.46363], [27.29557, -23.45175], [27.31201, -23.43707], [27.33557, -23.40245], [27.34999, -23.39149], [27.3612, -23.4225], [27.37133, -23.41702], [27.38084, -23.40534], [27.38373, -23.39955], [27.39583, -23.39408], [27.4105, -23.38932], [27.41846, -23.39128], [27.41112, -23.40575], [27.42518, -23.41268], [27.435, -23.40658], [27.44316, -23.39511], [27.45267, -23.38529], [27.46569, -23.38043], [27.50724, -23.37909], [27.52884, -23.37309], [27.54889, -23.36079], [27.56367, -23.34281], [27.56936, -23.32038], [27.56775, -23.31377], [27.56491, -23.30581], [27.56331, -23.2992], [27.56589, -23.29651], [27.56961, -23.29486], [27.57308, -23.29051], [27.57525, -23.28483], [27.57607, -23.27915], [27.58041, -23.26385], [27.59922, -23.24463], [27.60801, -23.21672], [27.61917, -23.21703], [27.63343, -23.22344], [27.64713, -23.22757], [27.65876, -23.22344], [27.69844, -23.19347], [27.72573, -23.22168], [27.73916, -23.22757], [27.75363, -23.22075], [27.75942, -23.21145], [27.7742, -23.173], [27.77575, -23.17249], [27.7833, -23.1669], [27.78459, -23.16556], [27.78929, -23.1638], [27.78738, -23.15977], [27.78304, -23.15543], [27.78102, -23.15254], [27.77906, -23.14768], [27.77461, -23.14076], [27.77172, -23.13301], [27.7742, -23.12515], [27.78495, -23.12701], [27.80645, -23.12835], [27.82226, -23.12298], [27.81575, -23.10469], [27.85378, -23.09559], [27.89554, -23.07947], [27.93006, -23.05704], [27.94608, -23.02903], [27.93791, -22.98666], [27.9375, -22.96382], [27.94918, -22.95389], [27.9684, -22.951], [27.98938, -22.94377], [28.0083, -22.93477], [28.01217, -22.93244], [28.74023, -23.46811]]]}, "properties": {"id": "man-dfa1", "status": "validé", "pieces": [{"kind": "polygon", "ring": [[25.43335, -25.30578], [26.85059, -25.84114], [27.61963, -25.78177], [28.56445, -24.0189], [28.74023, -23.46811], [27.94373, -22.88208], [26.30127, -23.62429]]}, {"kind": "clip"}]}}, {"type": "Feature", "geometry": null, "properties": {"id": "man-e315", "status": "validé", "pieces": [{"kind": "admin1", "code": "ZAF-1210"}, {"kind": "admin1", "code": "ZAF-1208"}, {"kind": "admin1", "code": "ZAF-1209"}, {"kind": "admin1", "code": "ZAF-1201"}, {"kind": "admin1", "code": "ZAF-1188"}]}}, {"type": "Feature", "geometry": null, "properties": {"id": "man-e68f", "status": "rejeté", "pieces": []}}, {"type": "Feature", "geometry": {"type": "Polygon", "coordinates": [[[28.23246, -28.6352], [28.23246, -28.59811], [28.1765, -28.59811], [28.1765, -28.6352], [28.23246, -28.6352]]]}, "properties": {"id": "man-f10d", "status": "validé", "pieces": [{"kind": "rect", "bounds": [28.1765, -28.6352, 28.23246, -28.59811]}]}}, {"type": "Feature", "geometry": null, "properties": {"id": "man-f174", "status": "validé", "pieces": [{"kind": "admin1", "code": "ZAF-1201"}, {"kind": "admin1", "code": "ZAF-1206"}, {"kind": "admin1", "code": "ZAF-1209"}, {"kind": "admin1", "code": "ZAF-1208"}, {"kind": "admin1", "code": "ZAF-1926"}]}}, {"type": "Feature", "geometry": {"type": "Polygon", "coordinates": [[[19.42039, -29.1495], [19.42039, -29.1105], [19.37233, -29.1105], [19.37233, -29.1495], [19.42039, -29.1495]]]}, "properties": {"id": "man-f364", "status": "validé", "pieces": [{"kind": "rect", "bounds": [19.37233, -29.1495, 19.42039, -29.1105]}]}}, {"type": "Feature", "geometry": {"type": "Polygon", "coordinates": [[[31.97502, -28.86763], [31.97502, -28.70026], [32.15424, -28.70026], [32.15424, -28.74608], [32.08375, -28.79949], [32.05633, -28.77947], [32.01686, -28.78493], [31.99399, -28.80625], [32.01612, -28.83359], [32.0241, -28.82496], [32.03736, -28.81471], [32.0534, -28.80706], [32.07008, -28.8056], [32.05104, -28.83782], [32.01205, -28.86647], [32.00959, -28.86763], [31.97502, -28.86763]]]}, "properties": {"id": "man-f92b", "status": "validé", "pieces": [{"kind": "rect", "bounds": [31.97502, -28.86763, 32.15424, -28.70026]}, {"kind": "clip"}]}}, {"type": "Feature", "geometry": {"type": "Polygon", "coordinates": [[[25.4718, -33.8368], [25.64481, -33.8368], [25.63404, -33.85516], [25.61752, -33.91139], [25.61492, -33.93499], [25.6194, -33.9459], [25.63893, -33.95379], [25.6434, -33.96258], [25.6482, -33.96868], [25.67701, -33.98651], [25.69565, -34.01181], [25.70436, -34.02069], [25.70289, -34.0285], [25.70102, -34.03167], [25.69752, -34.03493], [25.66603, -34.02654], [25.6443, -34.03249], [25.6242, -34.04306], [25.59815, -34.04852], [25.5669, -34.0455], [25.51393, -34.03151], [25.4852, -34.02752], [25.4718, -34.02897], [25.4718, -33.8368]]]}, "properties": {"id": "man-fdf7", "status": "validé", "pieces": [{"kind": "rect", "bounds": [25.4718, -34.06074, 25.73067, -33.8368]}, {"kind": "clip"}]}}, {"type": "Feature", "geometry": {"type": "MultiPolygon", "coordinates": [[[[25.48828, -30.73468], [25.81787, -30.96114], [26.30127, -31.3374], [26.7627, -31.67474], [27.37793, -31.76823], [27.90527, -31.69345], [28.16895, -31.82428], [28.16895, -32.14125], [27.68555, -32.23426], [26.9165, -32.27144], [26.21338, -32.04813], [25.72998, -31.63732], [25.33447, -31.20588], [25.48828, -30.73468]]], [[[23.03833, -27.6555], [23.2251, -28.35418], [23.26904, -28.81743], [23.14819, -28.98101], [22.96143, -29.00985], [22.66479, -28.64395], [22.58789, -27.98599], [22.58789, -27.72362], [22.79663, -27.69443], [23.03833, -27.6555]]]]}, "properties": {"id": "man-ff77", "status": "validé", "pieces": [{"kind": "polygon", "ring": [[22.79663, -27.69443], [22.58789, -27.72362], [22.58789, -27.98599], [22.66479, -28.64395], [22.96143, -29.00985], [23.14819, -28.98101], [23.26904, -28.81743], [23.2251, -28.35418], [23.03833, -27.6555]]}, {"kind": "polygon", "ring": [[25.33447, -31.20588], [25.72998, -31.63732], [26.21338, -32.04813], [26.9165, -32.27144], [27.68555, -32.23426], [28.16895, -32.14125], [28.16895, -31.82428], [27.90527, -31.69345], [27.37793, -31.76823], [26.7627, -31.67474], [26.30127, -31.3374], [25.81787, -30.96114], [25.48828, -30.73468]]}]}}, {"type": "Feature", "geometry": {"type": "Polygon", "coordinates": [[[31.76147, -25.07757], [31.51978, -23.98773], [30.95947, -24.04797], [31.28906, -23.60559], [31.23413, -23.02016], [30.93713, -22.29792], [31.03612, -22.31962], [31.07033, -22.33367], [31.08764, -22.33688], [31.09705, -22.33492], [31.10454, -22.33336], [31.13772, -22.31848], [31.1526, -22.31641], [31.16335, -22.32262], [31.18366, -22.34556], [31.19068, -22.35062], [31.19787, -22.35259], [31.21347, -22.36189], [31.22154, -22.36489], [31.2296, -22.36396], [31.24572, -22.35755], [31.25564, -22.35796], [31.26562, -22.36551], [31.28892, -22.39734], [31.2791, -22.41532], [31.32334, -22.54286], [31.37491, -22.69158], [31.42638, -22.8401], [31.46762, -22.95896], [31.53635, -23.15698], [31.54245, -23.18727], [31.52147, -23.41557], [31.52762, -23.45681], [31.54627, -23.49236], [31.64229, -23.58786], [31.66203, -23.62403], [31.70063, -23.74909], [31.74119, -23.83679], [31.7552, -23.85777], [31.77406, -23.8741], [31.83866, -23.91782], [31.85044, -23.93063], [31.85581, -23.94655], [31.85649, -23.96296], [31.86305, -24.12142], [31.86945, -24.1638], [31.92631, -24.27674], [31.96133, -24.34632], [31.98655, -24.42311], [31.99193, -24.50042], [31.98376, -24.56914], [31.98459, -24.70847], [31.98562, -24.87693], [31.98629, -24.9963], [31.98722, -25.15536], [31.98872, -25.37261], [31.97167, -25.4215], [31.96764, -25.44682], [31.9664, -25.47968], [31.97012, -25.5109], [31.98056, -25.53157], [31.9864, -25.55244], [31.99565, -25.61518], [31.99575, -25.63688], [31.99162, -25.65022], [31.9848, -25.65631], [31.97508, -25.66169], [31.96227, -25.67285], [31.95441, -25.68494], [31.91193, -25.7853], [31.90583, -25.813], [31.90997, -25.84297], [31.94924, -25.9581], [31.89188, -25.98384], [31.86336, -25.98994], [31.83457, -25.98208], [31.74697, -25.93079], [31.7306, -25.92121], [31.70974, -25.909], [31.76147, -25.07757]]]}, "properties": {"id": "man-ff78", "status": "validé", "pieces": [{"kind": "polygon", "ring": [[31.70654, -25.96032], [31.76147, -25.07757], [31.51978, -23.98773], [30.95947, -24.04797], [31.28906, -23.60559], [31.23413, -23.02016], [30.90454, -22.21867], [32.08008, -22.41186], [32.36572, -26.14793]]}, {"kind": "clip"}]}}, {"type": "Feature", "geometry": null, "properties": {"id": "nLmo", "status": "validé", "pieces": [{"kind": "country"}]}}, {"type": "Feature", "geometry": {"type": "MultiPolygon", "coordinates": [[[[18.10547, -31.27598], [19.2041, -31.80012], [19.42383, -32.0983], [19.73145, -31.94933], [20.12695, -31.93069], [20.19287, -32.1727], [19.88525, -32.39552], [19.48975, -32.58078], [19.70947, -32.89485], [20.08301, -33.09748], [20.85205, -33.17105], [21.09375, -33.15266], [22.34619, -33.18943], [23.26904, -33.24456], [24.08203, -33.39139], [25.11475, -33.90333], [25.22461, -34.03084], [24.91699, -34.41222], [18.78662, -35.33121], [16.61133, -33.97622], [17.90771, -31.76278], [17.86377, -31.53842], [18.10547, -31.27598]]], [[[19.98413, -28.04213], [20.34668, -28.0712], [20.92896, -28.10027], [21.67603, -27.99365], [21.82983, -28.29384], [22.2583, -28.71846], [22.24731, -29.01659], [21.98364, -29.00699], [21.68701, -28.8051], [21.43433, -28.53531], [21.28052, -28.60282], [20.896, -28.57389], [20.4126, -28.37117], [20.06104, -28.2358], [19.98413, -28.04213]]]]}, "properties": {"id": "nSzl", "status": "validé", "pieces": [{"kind": "polygon", "ring": [[17.86377, -31.53842], [18.10547, -31.27598], [19.2041, -31.80012], [19.42383, -32.0983], [19.73145, -31.94933], [20.12695, -31.93069], [20.19287, -32.1727], [19.88525, -32.39552], [19.48975, -32.58078], [19.70947, -32.89485], [20.08301, -33.09748], [20.85205, -33.17105], [21.09375, -33.15266], [22.34619, -33.18943], [23.26904, -33.24456], [24.08203, -33.39139], [25.11475, -33.90333], [25.22461, -34.03084], [24.91699, -34.41222], [18.78662, -35.33121], [16.61133, -33.97622], [17.90771, -31.76278]]}, {"kind": "polygon", "ring": [[20.06104, -28.2358], [20.4126, -28.37117], [20.896, -28.57389], [21.28052, -28.60282], [21.43433, -28.53531], [21.68701, -28.8051], [21.98364, -29.00699], [22.24731, -29.01659], [22.2583, -28.71846], [21.82983, -28.29384], [21.67603, -27.99365], [20.92896, -28.10027], [20.34668, -28.0712], [19.98413, -28.04213]]}]}}, {"type": "Feature", "geometry": {"type": "Polygon", "coordinates": [[[32.1405, -26.87262], [32.09106, -27.32721], [32.3822, -28.04196], [32.57446, -28.1001], [32.96997, -26.86283], [32.22839, -26.83343], [32.1405, -26.87262]]]}, "properties": {"id": "p5p1", "status": "validé", "pieces": [{"kind": "polygon", "ring": [[32.1405, -26.87262], [32.09106, -27.32721], [32.3822, -28.04196], [32.57446, -28.1001], [32.96997, -26.86283], [32.22839, -26.83343]]}]}}, {"type": "Feature", "geometry": null, "properties": {"id": "pE0c", "status": "rejeté", "pieces": []}}, {"type": "Feature", "geometry": null, "properties": {"id": "pn0o", "status": "rejeté", "pieces": []}}, {"type": "Feature", "geometry": null, "properties": {"id": "riHx", "status": "validé", "pieces": [{"kind": "country"}]}}, {"type": "Feature", "geometry": {"type": "Polygon", "coordinates": [[[18.57101, -34.12064], [18.57101, -33.89077], [18.36639, -33.89077], [18.36639, -34.12064], [18.57101, -34.12064]]]}, "properties": {"id": "t7mv", "status": "validé", "pieces": [{"kind": "rect", "bounds": [18.36639, -34.12064, 18.57101, -33.89077]}]}}, {"type": "Feature", "geometry": {"type": "MultiPolygon", "coordinates": [[[[26.36245, -27.3752], [26.38226, -27.35076], [26.41963, -27.34357], [26.79309, -27.40429], [27.1538, -27.02671], [27.55893, -26.74536], [27.59209, -26.74425], [27.77299, -26.81184], [27.86559, -26.8295], [28.00116, -26.87816], [28.40825, -26.64883], [28.4837, -26.58825], [28.52172, -26.58308], [28.5527, -26.60356], [28.55946, -26.63338], [28.51411, -26.91867], [28.55621, -27.43902], [28.59719, -27.71818], [28.57022, -27.96364], [28.55145, -27.99455], [28.51873, -28.00434], [28.05142, -27.99231], [27.65167, -27.95094], [27.35698, -27.97285], [27.02525, -27.97673], [26.8713, -27.92653], [26.67218, -27.81901], [26.36632, -27.40939], [26.36245, -27.3752]]], [[[27.2732, -26.48953], [27.28697, -26.51268], [27.28411, -26.53881], [27.25223, -26.56478], [27.20173, -26.57456], [27.17308, -26.56944], [27.15032, -26.54687], [27.15032, -26.51226], [27.17308, -26.48968], [27.24745, -26.47716], [27.2732, -26.48953]]], [[[25.91355, -24.91859], [26.06959, -24.85673], [26.42011, -24.78492], [26.74676, -24.80385], [27.24994, -24.96042], [27.44064, -25.09097], [27.45969, -25.12145], [27.45432, -25.14754], [27.43788, -25.16411], [26.94057, -25.40563], [27.17294, -25.87205], [27.3033, -25.88727], [27.32511, -25.91598], [27.31782, -25.95012], [27.29053, -25.96843], [26.92015, -26.06994], [26.77055, -26.33267], [26.7, -26.48687], [26.28344, -26.95947], [26.07341, -27.15332], [26.04721, -27.16609], [26.00876, -27.1589], [25.98778, -27.12906], [25.94451, -26.89105], [25.94087, -26.58515], [25.93323, -26.49729], [25.82038, -25.95282], [25.60028, -25.59696], [25.60244, -25.5761], [25.74625, -25.19599], [25.89756, -24.93488], [25.91355, -24.91859]]], [[[29.04654, -25.30775], [29.12095, -25.32404], [29.13942, -25.33854], [29.14807, -25.35916], [29.13741, -25.39252], [29.0228, -25.48764], [28.9126, -25.5444], [28.90649, -25.58744], [29.09318, -25.70887], [29.10608, -25.73163], [29.10118, -25.76095], [29.04554, -25.81968], [28.8278, -25.90523], [28.79974, -25.90135], [28.77613, -25.88067], [28.67686, -25.64553], [28.7345, -25.45683], [28.78209, -25.389], [28.81748, -25.37213], [28.89313, -25.37916], [29.04654, -25.30775]]], [[[28.19728, -24.84485], [28.17903, -24.8241], [28.14382, -24.64846], [28.15005, -24.62294], [28.17095, -24.60478], [28.33969, -24.60171], [28.36642, -24.61199], [28.38074, -24.62967], [28.38341, -24.65569], [28.36597, -24.68165], [28.34397, -24.691], [28.28856, -24.69618], [28.274, -24.82081], [28.25757, -24.84276], [28.22533, -24.85286], [28.19728, -24.84485]]]]}, "properties": {"id": "tag-02d346", "status": "validé", "pieces": [{"kind": "polygon", "ring": [[26.67218, -27.81901], [26.36632, -27.40939], [26.36245, -27.3752], [26.38226, -27.35076], [26.41963, -27.34357], [26.79309, -27.40429], [27.1538, -27.02671], [27.55893, -26.74536], [27.59209, -26.74425], [27.77299, -26.81184], [27.86559, -26.8295], [28.00116, -26.87816], [28.40825, -26.64883], [28.4837, -26.58825], [28.52172, -26.58308], [28.5527, -26.60356], [28.55946, -26.63338], [28.51411, -26.91867], [28.55621, -27.43902], [28.59719, -27.71818], [28.57022, -27.96364], [28.55145, -27.99455], [28.51873, -28.00434], [28.05142, -27.99231], [27.65167, -27.95094], [27.35698, -27.97285], [27.02525, -27.97673], [26.8713, -27.92653]]}, {"kind": "polygon", "ring": [[27.17308, -26.48968], [27.24745, -26.47716], [27.2732, -26.48953], [27.28697, -26.51268], [27.28411, -26.53881], [27.25223, -26.56478], [27.20173, -26.57456], [27.17308, -26.56944], [27.15032, -26.54687], [27.15032, -26.51226]]}, {"kind": "polygon", "ring": [[25.74625, -25.19599], [25.89756, -24.93488], [25.91355, -24.91859], [26.06959, -24.85673], [26.42011, -24.78492], [26.74676, -24.80385], [27.24994, -24.96042], [27.44064, -25.09097], [27.45969, -25.12145], [27.45432, -25.14754], [27.43788, -25.16411], [26.94057, -25.40563], [27.17294, -25.87205], [27.3033, -25.88727], [27.32511, -25.91598], [27.31782, -25.95012], [27.29053, -25.96843], [26.92015, -26.06994], [26.77055, -26.33267], [26.7, -26.48687], [26.28344, -26.95947], [26.07341, -27.15332], [26.04721, -27.16609], [26.00876, -27.1589], [25.98778, -27.12906], [25.94451, -26.89105], [25.94087, -26.58515], [25.93323, -26.49729], [25.82038, -25.95282], [25.60028, -25.59696], [25.60244, -25.5761]]}, {"kind": "polygon", "ring": [[28.78209, -25.389], [28.81748, -25.37213], [28.89313, -25.37916], [29.04654, -25.30775], [29.12095, -25.32404], [29.13942, -25.33854], [29.14807, -25.35916], [29.13741, -25.39252], [29.0228, -25.48764], [28.9126, -25.5444], [28.90649, -25.58744], [29.09318, -25.70887], [29.10608, -25.73163], [29.10118, -25.76095], [29.04554, -25.81968], [28.8278, -25.90523], [28.79974, -25.90135], [28.77613, -25.88067], [28.67686, -25.64553], [28.7345, -25.45683]]}, {"kind": "polygon", "ring": [[28.274, -24.82081], [28.25757, -24.84276], [28.22533, -24.85286], [28.19728, -24.84485], [28.17903, -24.8241], [28.14382, -24.64846], [28.15005, -24.62294], [28.17095, -24.60478], [28.33969, -24.60171], [28.36642, -24.61199], [28.38074, -24.62967], [28.38341, -24.65569], [28.36597, -24.68165], [28.34397, -24.691], [28.28856, -24.69618]]}]}}, {"type": "Feature", "geometry": {"type": "Polygon", "coordinates": [[[28.72949, -30.10183], [28.79564, -30.08943], [28.86003, -30.06638], [28.9763, -29.99993], [29.01579, -29.97859], [29.02255, -29.98959], [29.07361, -30.04519], [29.11562, -30.07811], [29.12042, -30.08622], [29.12275, -30.09465], [29.12229, -30.10209], [29.12089, -30.11113], [29.11779, -30.11682], [29.11391, -30.12111], [29.11762, -30.15071], [29.10161, -30.17378], [29.11095, -30.19453], [29.12029, -30.21644], [29.12963, -30.24526], [29.15764, -30.2683], [29.17498, -30.28559], [29.22701, -30.29826], [29.24436, -30.30286], [29.23635, -30.27635], [29.2577, -30.27176], [29.29772, -30.31784], [29.29505, -30.35008], [29.29639, -30.37425], [29.27637, -30.3777], [29.28038, -30.39496], [29.23502, -30.40647], [29.22168, -30.41913], [29.20033, -30.43638], [29.19633, -30.46168], [29.17498, -30.51227], [29.15097, -30.51342], [29.14563, -30.5341], [29.16298, -30.55478], [29.11762, -30.5812], [29.1403, -30.60991], [29.18699, -30.63746], [29.22034, -30.61795], [29.26073, -30.62867], [29.29592, -30.64702], [29.32015, -30.65529], [29.32651, -30.65622], [29.33333, -30.65637], [29.33938, -30.65529], [29.34418, -30.65286], [29.34821, -30.64945], [29.35504, -30.64108], [29.35958, -30.63834], [29.36547, -30.63673], [29.41033, -30.63725], [29.41762, -30.63673], [29.42366, -30.63524], [29.42909, -30.63306], [29.44769, -30.62201], [29.45265, -30.61958], [29.45808, -30.61777], [29.46418, -30.61741], [29.47053, -30.61823], [29.47611, -30.6202], [29.54639, -30.66324], [29.57869, -30.67332], [29.60241, -30.68826], [29.61156, -30.69167], [29.62008, -30.69311], [29.62721, -30.69275], [29.6606, -30.68531], [29.66804, -30.68676], [29.67672, -30.68965], [29.68773, -30.69523], [29.70235, -30.69818], [29.72576, -30.70794], [29.74002, -30.71161], [29.75465, -30.71957], [29.75852, -30.7188], [29.76116, -30.7157], [29.76674, -30.7113], [29.77496, -30.70851], [29.79387, -30.70882], [29.8009, -30.7129], [29.80586, -30.71849], [29.80834, -30.72407], [29.82245, -30.7344], [29.85785, -30.75373], [29.88126, -30.77073], [29.90017, -30.78019], [29.91087, -30.78303], [29.91929, -30.78303], [29.92472, -30.78024], [29.93092, -30.77833], [29.93851, -30.77693], [29.9427, -30.77957], [29.94456, -30.78396], [29.9441, -30.79001], [29.94534, -30.79585], [29.94859, -30.80329], [29.95867, -30.80794], [29.96347, -30.81347], [29.96709, -30.81951], [29.96967, -30.82551], [29.97422, -30.83176], [29.98027, -30.83455], [29.98647, -30.83543], [29.99236, -30.8345], [29.99686, -30.83264], [30.00151, -30.83202], [30.00647, -30.83502], [30.01345, -30.84179], [30.0198, -30.84535], [30.02652, -30.84783], [30.05086, -30.84861], [30.05675, -30.85088], [30.06078, -30.8545], [30.06357, -30.859], [30.06543, -30.86411], [30.06667, -30.86964], [30.06714, -30.87579], [30.06884, -30.88158], [30.07334, -30.88855], [30.08533, -30.89041], [30.10936, -30.90535], [30.12021, -30.9178], [30.12455, -30.9271], [30.12579, -30.93444], [30.12548, -30.94111], [30.12439, -30.94824], [30.1247, -30.95589], [30.12672, -30.96772], [30.13297, -30.97594], [30.13452, -30.98369], [30.13463, -31.00348], [30.137, -31.01046], [30.14103, -31.01557], [30.14569, -31.01816], [30.15747, -31.02265], [30.16367, -31.02622], [30.16646, -31.02901], [30.16847, -31.03351], [30.16987, -31.0394], [30.17158, -31.055], [30.17281, -31.05903], [30.17623, -31.06353], [30.17964, -31.06591], [30.1925, -31.07299], [30.19597, -31.0779], [30.12338, -31.16155], [30.09506, -31.17864], [30.06275, -31.2387], [30.00994, -31.29225], [29.86411, -31.41155], [29.8462, -31.41961], [29.78452, -31.43475], [29.76173, -31.44394], [29.74204, -31.45745], [29.73373, -31.47487], [29.67237, -31.53973], [29.6504, -31.54778], [29.64137, -31.55332], [29.63461, -31.57244], [29.6277, -31.58026], [29.61988, -31.58603], [29.61443, -31.58815], [29.59205, -31.59303], [29.57407, -31.6054], [29.542, -31.63592], [29.52605, -31.64398], [29.48666, -31.65643], [29.46079, -31.6723], [29.45216, -31.67401], [29.44272, -31.67474], [29.43214, -31.6775], [29.42726, -31.67799], [29.41619, -31.67653], [29.41163, -31.6775], [29.40553, -31.68418], [29.40691, -31.68939], [29.41065, -31.69378], [29.41163, -31.69801], [29.39186, -31.73553], [29.36248, -31.74977], [29.35694, -31.75579], [29.35288, -31.78037], [29.34205, -31.79355], [29.30926, -31.81406], [29.2767, -31.84466], [29.26124, -31.86354], [29.25457, -31.87957], [29.25196, -31.88909], [29.23414, -31.9166], [29.2234, -31.92197], [29.22047, -31.92401], [29.21876, -31.92791], [29.21551, -31.94012], [29.21363, -31.94378], [29.14763, -31.96982], [29.13795, -31.98203], [29.1338, -31.99847], [29.12379, -32.01702], [29.09636, -32.05364], [28.97332, -32.16668], [28.87037, -32.28704], [28.81715, -32.31512], [28.80836, -32.32488], [28.67408, -32.4306], [28.65122, -32.45908], [28.64275, -32.46551], [28.62623, -32.47234], [28.6172, -32.4782], [28.58033, -32.51116], [28.56267, -32.532], [28.55502, -32.55047], [28.54859, -32.56243], [28.43751, -32.636], [28.41196, -32.64764], [28.3794, -32.67099], [28.36329, -32.67815], [28.36012, -32.69394], [28.33693, -32.7094], [28.28761, -32.73211], [28.24057, -32.76092], [28.21079, -32.77467], [28.15553, -32.78851], [28.13014, -32.80885], [28.11085, -32.83652], [28.10328, -32.86614], [28.094, -32.88746], [28.07228, -32.9083], [27.9699, -32.98056], [27.93963, -32.98984], [27.93068, -32.99765], [27.91765, -33.01385], [27.90398, -33.02069], [27.90235, -33.02435], [27.90211, -33.02947], [27.90113, -33.03493], [27.89715, -33.03997], [27.84929, -33.05853], [27.82984, -33.07724], [27.8187, -33.08164], [27.79933, -33.08424], [27.74985, -33.09979], [27.73268, -33.10882], [27.64324, -33.18865], [27.60987, -33.21185], [27.53924, -33.23455], [27.52784, -33.24293], [27.52329, -33.2444], [27.50001, -33.27337], [27.49236, -33.27703], [27.48471, -33.27898], [27.47633, -33.27809], [27.46567, -33.27337], [27.45851, -33.29892], [27.43458, -33.32073], [27.38022, -33.35735], [27.35581, -33.36956], [27.35174, -33.36956], [27.3475, -33.36712], [27.34425, -33.36444], [27.3423, -33.36338], [27.33888, -33.36639], [27.33481, -33.37705], [27.22828, -33.4389], [27.21876, -33.44866], [27.14308, -33.47942], [27.12745, -33.48984], [27.1198, -33.49676], [27.11638, -33.50359], [27.11443, -33.51116], [27.1089, -33.51914], [27.10092, -33.52532], [27.09181, -33.52777], [27.0713, -33.53086], [26.98463, -33.57024], [26.96534, -33.57431], [26.94125, -33.57562], [26.91912, -33.58148], [26.86305, -33.62273], [26.84278, -33.62737], [26.79461, -33.63226], [26.76124, -33.64902], [26.66538, -33.68369], [26.65333, -33.68483], [26.64552, -33.68914], [26.63893, -33.70778], [26.63258, -33.71217], [26.61085, -33.71494], [26.51515, -33.7553], [26.47609, -33.76425], [26.43483, -33.76605], [26.34986, -33.75555], [26.32342, -33.75644], [26.30421, -33.76377], [26.28663, -33.76637], [26.26319, -33.75799], [26.2256, -33.73944], [26.09254, -33.71706], [25.95525, -33.71087], [25.86744, -33.72186], [25.78541, -33.74359], [25.71111, -33.77418], [25.67905, -33.79518], [25.65309, -33.82269], [25.63404, -33.85516], [25.61752, -33.91139], [25.61492, -33.93499], [25.6194, -33.9459], [25.63893, -33.95379], [25.6434, -33.96258], [25.6482, -33.96868], [25.67701, -33.98651], [25.69565, -34.01181], [25.70436, -34.02069], [25.70289, -34.0285], [25.70102, -34.03167], [25.69752, -34.03493], [25.66603, -34.02654], [25.6443, -34.03249], [25.6242, -34.04306], [25.59815, -34.04852], [25.5669, -34.0455], [25.51393, -34.03151], [25.4852, -34.02752], [25.43539, -34.03289], [25.41049, -34.03297], [25.38356, -34.01963], [25.34799, -34.01442], [25.31381, -33.99334], [25.27752, -33.98113], [25.19264, -33.96217], [25.10109, -33.96055], [25.01149, -33.97096], [24.95289, -33.98512], [24.92905, -33.99586], [24.91334, -34.01133], [24.92742, -34.05234], [24.91635, -34.07236], [24.89926, -34.08961], [24.88868, -34.09637], [24.84108, -34.1325], [24.83416, -34.14764], [24.83823, -34.15976], [24.84767, -34.16627], [24.85711, -34.17116], [24.86134, -34.17832], [24.85792, -34.18694], [24.84083, -34.19801], [24.83416, -34.20566], [24.82732, -34.20566], [24.81471, -34.19069], [24.79371, -34.18475], [24.72535, -34.18328], [24.67026, -34.17083], [24.64723, -34.16823], [24.584, -34.17832], [24.56495, -34.17694], [24.47853, -34.15781], [24.43523, -34.13893], [24.40016, -34.11256], [24.38087, -34.10638], [24.25913, -34.09417], [24.24171, -34.08611], [24.22788, -34.07789], [24.1631, -34.05478], [23.98422, -34.04111], [23.96266, -34.03688], [23.91961, -34.02353], [23.813, -34.01442], [23.63551, -33.97967], [23.63993, -33.98046], [23.639, -33.94888], [23.63993, -33.93493], [23.68675, -33.87204], [23.5634, -33.82171], [23.54418, -33.79633], [23.50692, -33.78378], [23.48227, -33.78021], [23.4571, -33.78802], [23.36651, -33.78073], [23.40387, -33.74724], [23.41586, -33.73241], [23.43726, -33.712], [23.61818, -33.64404], [23.63249, -33.61981], [23.58283, -33.56405], [23.5634, -33.49599], [23.51172, -33.46064], [23.43741, -33.43264], [23.26161, -33.39889], [23.02948, -33.39], [22.9053, -33.40494], [22.74955, -33.40158], [22.73663, -33.36303], [22.74521, -33.32789], [22.91574, -33.0956], [22.93124, -33.05555], [22.9162, -33.01406], [22.94752, -32.97447], [22.95326, -32.94373], [23.00075, -32.88921], [23.0225, -32.87805], [23.05924, -32.86755], [23.07418, -32.84585], [23.07325, -32.81061], [23.06798, -32.78642], [23.06901, -32.78027], [23.07201, -32.78162], [23.07619, -32.7857], [23.08022, -32.78895], [23.0841, -32.79268], [23.08736, -32.79665], [23.09464, -32.81117], [23.10224, -32.82161], [23.1148, -32.8335], [23.1243, -32.83262], [23.14446, -32.8272], [23.19505, -32.80802], [23.26192, -32.80322], [23.32693, -32.80771], [23.37039, -32.76823], [23.32894, -32.73459], [23.31189, -32.70116], [23.2782, -32.66752], [23.28223, -32.62028], [23.27618, -32.58638], [23.26207, -32.5421], [23.23706, -32.5053], [23.23737, -32.46226], [23.24254, -32.42453], [23.28796, -32.39182], [23.32538, -32.35456], [23.39845, -32.36087], [23.44702, -32.3402], [23.60159, -32.32475], [23.63606, -32.30692], [23.67373, -32.23932], [23.72168, -32.20853], [23.75708, -32.19592], [23.84473, -32.22206], [23.88539, -32.22801], [24.0288, -32.17457], [24.05081, -32.14346], [24.09008, -32.12481], [24.10032, -32.09938], [24.09815, -32.08409], [24.09799, -32.06073], [24.1107, -32.04807], [24.11473, -32.029], [24.11365, -32.01675], [24.12233, -32.00311], [24.14083, -31.99572], [24.15618, -31.98301], [24.1816, -31.95164], [24.17401, -31.92668], [24.1523, -31.90089], [24.1259, -31.88829], [24.12818, -31.87021], [24.104, -31.87424], [22.82959, -31.25669], [22.89551, -30.38908], [24.52148, -29.8762], [25.7959, -29.49458], [26.78467, -29.49458], [27.11426, -29.6474], [27.42617, -30.31344], [27.43603, -30.30988], [27.4521, -30.31009], [27.45939, -30.3166], [27.46673, -30.34109], [27.47747, -30.35629], [27.49318, -30.36765], [27.52967, -30.38223], [27.53336, -30.39343], [27.53659, -30.40321], [27.56274, -30.42553], [27.58682, -30.45499], [27.59013, -30.46388], [27.59065, -30.47287], [27.5923, -30.48186], [27.5986, -30.49033], [27.65953, -30.53054], [27.71353, -30.58376], [27.74361, -30.6003], [27.77844, -30.60971], [27.8204, -30.61456], [27.83043, -30.61312], [27.84954, -30.60495], [27.85823, -30.60371], [27.8698, -30.60712], [27.87828, -30.61291], [27.88613, -30.61973], [27.89564, -30.62624], [27.91559, -30.63492], [27.93657, -30.64082], [28.0547, -30.6497], [28.07878, -30.6588], [28.07899, -30.63927], [28.07651, -30.62325], [28.07584, -30.60702], [28.08157, -30.58687], [28.08803, -30.57756], [28.09635, -30.5724], [28.10488, -30.56837], [28.11284, -30.56247], [28.12085, -30.55338], [28.12426, -30.54728], [28.14121, -30.50077], [28.14245, -30.49261], [28.13924, -30.48269], [28.12756, -30.46512], [28.12539, -30.45726], [28.13325, -30.44538], [28.21821, -30.3874], [28.23143, -30.37385], [28.23846, -30.35225], [28.23578, -30.32941], [28.2241, -30.32052], [28.20942, -30.31463], [28.19846, -30.3011], [28.20063, -30.28249], [28.21603, -30.2674], [28.23701, -30.25634], [28.25531, -30.24994], [28.28471, -30.24621], [28.29438, -30.24249], [28.3013, -30.2365], [28.3137, -30.22079], [28.323, -30.21469], [28.33866, -30.20105], [28.3556, -30.17324], [28.36409, -30.1593], [28.38388, -30.1442], [28.40796, -30.1409], [28.45623, -30.147], [28.48093, -30.13935], [28.52434, -30.11671], [28.54056, -30.1133], [28.55731, -30.11496], [28.60588, -30.13129], [28.63968, -30.13149], [28.72949, -30.10183]]]}, "properties": {"id": "u08Z", "status": "validé", "pieces": [{"kind": "admin1", "code": "ZAF-1926"}, {"kind": "polygon", "ring": [[24.104, -31.87424], [22.82959, -31.25669], [22.89551, -30.38908], [24.52148, -29.8762], [25.7959, -29.49458], [26.78467, -29.49458], [27.11426, -29.6474], [27.44385, -30.35118], [27.24609, -31.35052]]}]}}, {"type": "Feature", "geometry": null, "properties": {"id": "ulWW", "status": "validé", "pieces": [{"kind": "country"}]}}, {"type": "Feature", "geometry": {"type": "MultiPolygon", "coordinates": [[[[19.27002, -34.20556], [19.58862, -34.03282], [20.25879, -34.04192], [20.88501, -34.05102], [21.48926, -34.05102], [21.76392, -33.9873], [22.34619, -33.90531], [22.63184, -33.93265], [22.65381, -34.07831], [22.4231, -34.22372], [21.67603, -34.51379], [19.91821, -34.947], [19.09424, -34.54998], [19.19312, -34.41419], [19.27002, -34.20556]]], [[[17.677, -33.17305], [17.4353, -32.36043], [18.21533, -32.10963], [18.36914, -32.10963], [18.79761, -32.27691], [19.06128, -32.45315], [19.09424, -32.83228], [19.02832, -33.18224], [18.83057, -33.57656], [18.48999, -33.74109], [17.677, -33.17305]]]]}, "properties": {"id": "wMNA", "status": "validé", "pieces": [{"kind": "polygon", "ring": [[19.19312, -34.41419], [19.27002, -34.20556], [19.58862, -34.03282], [20.25879, -34.04192], [20.88501, -34.05102], [21.48926, -34.05102], [21.76392, -33.9873], [22.34619, -33.90531], [22.63184, -33.93265], [22.65381, -34.07831], [22.4231, -34.22372], [21.67603, -34.51379], [19.91821, -34.947], [19.09424, -34.54998]]}, {"kind": "polygon", "ring": [[18.48999, -33.74109], [18.83057, -33.57656], [19.02832, -33.18224], [19.09424, -32.83228], [19.06128, -32.45315], [18.79761, -32.27691], [18.36914, -32.10963], [18.21533, -32.10963], [17.4353, -32.36043], [17.677, -33.17305]]}]}}, {"type": "Feature", "geometry": null, "properties": {"id": "x5Nk", "status": "validé", "pieces": [{"kind": "country"}]}}]}